ISO-10303-21;
HEADER;
FILE_DESCRIPTION((''),'2;1');
FILE_NAME('PICO-RESTOUCH-LCD-3_5','2022-09-14T15:41:46',('xiaojisheng'),(''),
'CREO PARAMETRIC BY PTC INC, 2021063','CREO PARAMETRIC BY PTC INC, 2021063','');
FILE_SCHEMA(('CONFIG_CONTROL_DESIGN','SHAPE_APPEARANCE_LAYERS_GROUPS'));
ENDSEC;
DATA;
#39=DIRECTION('',(1.E0,0.E0,0.E0));
#40=VECTOR('',#39,3.764138522E1);
#41=CARTESIAN_POINT('',(-3.8641401E1,5.720000244E1,-4.1148E-1));
#42=LINE('',#41,#40);
#43=DRAUGHTING_PRE_DEFINED_CURVE_FONT('continuous');
#44=CURVE_STYLE('',#43,POSITIVE_LENGTH_MEASURE(2.E-2),#9);
#45=PRESENTATION_STYLE_ASSIGNMENT((#44));
#46=STYLED_ITEM('',(#45),#42);
#47=DIRECTION('',(7.071067811865E-1,7.071067811865E-1,0.E0));
#48=VECTOR('',#47,1.392112119683E0);
#49=CARTESIAN_POINT('',(-3.962577292E1,5.621563052E1,-4.1148E-1));
#50=LINE('',#49,#48);
#51=CURVE_STYLE('',#43,POSITIVE_LENGTH_MEASURE(2.E-2),#9);
#52=PRESENTATION_STYLE_ASSIGNMENT((#51));
#53=STYLED_ITEM('',(#52),#50);
#54=DIRECTION('',(9.999999999984E-1,-1.812940112743E-6,0.E0));
#55=VECTOR('',#54,7.005195540012E0);
#56=CARTESIAN_POINT('',(-4.663096846E1,5.621564322E1,-4.1148E-1));
#57=LINE('',#56,#55);
#58=CURVE_STYLE('',#43,POSITIVE_LENGTH_MEASURE(2.E-2),#9);
#59=PRESENTATION_STYLE_ASSIGNMENT((#58));
#60=STYLED_ITEM('',(#59),#57);
#61=DIRECTION('',(7.071067811865E-1,-7.071067811866E-1,0.E0));
#62=VECTOR('',#61,1.392094159171E0);
#63=CARTESIAN_POINT('',(-4.761532768E1,5.720000244E1,-4.1148E-1));
#64=LINE('',#63,#62);
#65=CURVE_STYLE('',#43,POSITIVE_LENGTH_MEASURE(2.E-2),#9);
#66=PRESENTATION_STYLE_ASSIGNMENT((#65));
#67=STYLED_ITEM('',(#66),#64);
#68=DIRECTION('',(1.E0,0.E0,0.E0));
#69=VECTOR('',#68,1.344532744E1);
#70=CARTESIAN_POINT('',(-6.106065512E1,5.720000244E1,-4.1148E-1));
#71=LINE('',#70,#69);
#72=CURVE_STYLE('',#43,POSITIVE_LENGTH_MEASURE(2.E-2),#9);
#73=PRESENTATION_STYLE_ASSIGNMENT((#72));
#74=STYLED_ITEM('',(#73),#71);
#75=DIRECTION('',(7.071067811865E-1,7.071067811865E-1,0.E0));
#76=VECTOR('',#75,1.392112119683E0);
#77=CARTESIAN_POINT('',(-6.204502704E1,5.621563052E1,-4.1148E-1));
#78=LINE('',#77,#76);
#79=CURVE_STYLE('',#43,POSITIVE_LENGTH_MEASURE(2.E-2),#9);
#80=PRESENTATION_STYLE_ASSIGNMENT((#79));
#81=STYLED_ITEM('',(#80),#78);
#82=DIRECTION('',(1.E0,0.E0,0.E0));
#83=VECTOR('',#82,1.392199908E1);
#84=CARTESIAN_POINT('',(-7.596702612E1,5.621563052E1,-4.1148E-1));
#85=LINE('',#84,#83);
#86=CURVE_STYLE('',#43,POSITIVE_LENGTH_MEASURE(2.E-2),#9);
#87=PRESENTATION_STYLE_ASSIGNMENT((#86));
#88=STYLED_ITEM('',(#87),#85);
#89=DIRECTION('',(7.071067811866E-1,-7.071067811865E-1,0.E0));
#90=VECTOR('',#89,1.392112119683E0);
#91=CARTESIAN_POINT('',(-7.695139804E1,5.720000244E1,-4.1148E-1));
#92=LINE('',#91,#90);
#93=CURVE_STYLE('',#43,POSITIVE_LENGTH_MEASURE(2.E-2),#9);
#94=PRESENTATION_STYLE_ASSIGNMENT((#93));
#95=STYLED_ITEM('',(#94),#92);
#96=DIRECTION('',(1.E0,-1.324220533381E-14,0.E0));
#97=VECTOR('',#96,8.048614840001E0);
#98=CARTESIAN_POINT('',(-8.500001288E1,5.720000244E1,-4.1148E-1));
#99=LINE('',#98,#97);
#100=CURVE_STYLE('',#43,POSITIVE_LENGTH_MEASURE(2.E-2),#9);
#101=PRESENTATION_STYLE_ASSIGNMENT((#100));
#102=STYLED_ITEM('',(#101),#99);
#103=CARTESIAN_POINT('',(-8.500001594245E1,5.620000496246E1,-4.1148E-1));
#104=DIRECTION('',(0.E0,0.E0,-1.E0));
#105=DIRECTION('',(-9.999999999953E-1,-3.062665912927E-6,0.E0));
#106=AXIS2_PLACEMENT_3D('',#103,#104,#105);
#108=CURVE_STYLE('',#43,POSITIVE_LENGTH_MEASURE(2.E-2),#9);
#109=PRESENTATION_STYLE_ASSIGNMENT((#108));
#110=STYLED_ITEM('',(#109),#107);
#111=DIRECTION('',(0.E0,1.E0,0.E0));
#112=VECTOR('',#111,5.520001405983E1);
#113=CARTESIAN_POINT('',(-8.600001342E1,9.999878400909E-1,-4.1148E-1));
#114=LINE('',#113,#112);
#115=CURVE_STYLE('',#43,POSITIVE_LENGTH_MEASURE(2.E-2),#9);
#116=PRESENTATION_STYLE_ASSIGNMENT((#115));
#117=STYLED_ITEM('',(#116),#114);
#118=CARTESIAN_POINT('',(-8.500003762224E1,9.999757975200E-1,-4.1148E-1));
#119=DIRECTION('',(0.E0,0.E0,-1.E0));
#120=DIRECTION('',(2.474284227042E-5,-9.999999996939E-1,0.E0));
#121=AXIS2_PLACEMENT_3D('',#118,#119,#120);
#123=CURVE_STYLE('',#43,POSITIVE_LENGTH_MEASURE(2.E-2),#9);
#124=PRESENTATION_STYLE_ASSIGNMENT((#123));
#125=STYLED_ITEM('',(#124),#122);
#126=DIRECTION('',(-1.E0,1.511904555962E-7,0.E0));
#127=VECTOR('',#126,8.400001234E1);
#128=CARTESIAN_POINT('',(-1.000000539995E0,-1.270000010358E-5,-4.1148E-1));
#129=LINE('',#128,#127);
#130=CURVE_STYLE('',#43,POSITIVE_LENGTH_MEASURE(2.E-2),#9);
#131=PRESENTATION_STYLE_ASSIGNMENT((#130));
#132=STYLED_ITEM('',(#131),#129);
#133=CARTESIAN_POINT('',(-9.999974775440E-1,9.999847775440E-1,-4.1148E-1));
#134=DIRECTION('',(0.E0,0.E0,-1.E0));
#135=DIRECTION('',(9.999999999953E-1,3.062452663859E-6,0.E0));
#136=AXIS2_PLACEMENT_3D('',#133,#134,#135);
#138=CURVE_STYLE('',#43,POSITIVE_LENGTH_MEASURE(2.E-2),#9);
#139=PRESENTATION_STYLE_ASSIGNMENT((#138));
#140=STYLED_ITEM('',(#139),#137);
#141=DIRECTION('',(0.E0,-1.E0,0.E0));
#142=VECTOR('',#141,5.519999882001E1);
#143=CARTESIAN_POINT('',(8.319271197858E-14,5.619998666E1,-4.1148E-1));
#144=LINE('',#143,#142);
#145=CURVE_STYLE('',#43,POSITIVE_LENGTH_MEASURE(2.E-2),#9);
#146=PRESENTATION_STYLE_ASSIGNMENT((#145));
#147=STYLED_ITEM('',(#146),#144);
#148=CARTESIAN_POINT('',(-1.000023493772E0,5.619997894623E1,-4.1148E-1));
#149=DIRECTION('',(0.E0,0.E0,-1.E0));
#150=DIRECTION('',(7.713599621628E-6,9.999999999703E-1,0.E0));
#151=AXIS2_PLACEMENT_3D('',#148,#149,#150);
#153=CURVE_STYLE('',#43,POSITIVE_LENGTH_MEASURE(2.E-2),#9);
#154=PRESENTATION_STYLE_ASSIGNMENT((#153));
#155=STYLED_ITEM('',(#154),#152);
#156=DIRECTION('',(-1.E0,0.E0,0.E0));
#157=VECTOR('',#156,3.6068E0);
#158=CARTESIAN_POINT('',(-5.582480072E1,4.061370084E1,-4.1148E-1));
#159=LINE('',#158,#157);
#160=CURVE_STYLE('',#43,POSITIVE_LENGTH_MEASURE(2.E-2),#9);
#161=PRESENTATION_STYLE_ASSIGNMENT((#160));
#162=STYLED_ITEM('',(#161),#159);
#163=DIRECTION('',(0.E0,1.E0,0.E0));
#164=VECTOR('',#163,2.41554E1);
#165=CARTESIAN_POINT('',(-5.582480072E1,1.645830084E1,-4.1148E-1));
#166=LINE('',#165,#164);
#167=CURVE_STYLE('',#43,POSITIVE_LENGTH_MEASURE(2.E-2),#9);
#168=PRESENTATION_STYLE_ASSIGNMENT((#167));
#169=STYLED_ITEM('',(#168),#166);
#170=DIRECTION('',(1.E0,0.E0,0.E0));
#171=VECTOR('',#170,3.6068E0);
#172=CARTESIAN_POINT('',(-5.943160072E1,1.645830084E1,-4.1148E-1));
#173=LINE('',#172,#171);
#174=CURVE_STYLE('',#43,POSITIVE_LENGTH_MEASURE(2.E-2),#9);
#175=PRESENTATION_STYLE_ASSIGNMENT((#174));
#176=STYLED_ITEM('',(#175),#173);
#177=DIRECTION('',(0.E0,-1.E0,0.E0));
#178=VECTOR('',#177,2.41554E1);
#179=CARTESIAN_POINT('',(-5.943160072E1,4.061370084E1,-4.1148E-1));
#180=LINE('',#179,#178);
#181=CURVE_STYLE('',#43,POSITIVE_LENGTH_MEASURE(2.E-2),#9);
#182=PRESENTATION_STYLE_ASSIGNMENT((#181));
#183=STYLED_ITEM('',(#182),#180);
#184=DIRECTION('',(0.E0,-1.E0,0.E0));
#185=VECTOR('',#184,1.38176E1);
#186=CARTESIAN_POINT('',(-6.186100208718E1,5.472960398053E1,-4.1148E-1));
#187=LINE('',#186,#185);
#188=CURVE_STYLE('',#43,POSITIVE_LENGTH_MEASURE(2.E-2),#9);
#189=PRESENTATION_STYLE_ASSIGNMENT((#188));
#190=STYLED_ITEM('',(#189),#187);
#191=DIRECTION('',(-1.E0,0.E0,0.E0));
#192=VECTOR('',#191,1.44526E1);
#193=CARTESIAN_POINT('',(-6.186100208718E1,4.091200398053E1,-4.1148E-1));
#194=LINE('',#193,#192);
#195=CURVE_STYLE('',#43,POSITIVE_LENGTH_MEASURE(2.E-2),#9);
#196=PRESENTATION_STYLE_ASSIGNMENT((#195));
#197=STYLED_ITEM('',(#196),#194);
#198=DIRECTION('',(0.E0,1.E0,0.E0));
#199=VECTOR('',#198,1.27762E1);
#200=CARTESIAN_POINT('',(-7.631360208718E1,4.091200398053E1,-4.1148E-1));
#201=LINE('',#200,#199);
#202=CURVE_STYLE('',#43,POSITIVE_LENGTH_MEASURE(2.E-2),#9);
#203=PRESENTATION_STYLE_ASSIGNMENT((#202));
#204=STYLED_ITEM('',(#203),#201);
#205=DIRECTION('',(1.E0,0.E0,0.E0));
#206=VECTOR('',#205,7.239E0);
#207=CARTESIAN_POINT('',(-7.631360208718E1,5.368820398053E1,-4.1148E-1));
#208=LINE('',#207,#206);
#209=CURVE_STYLE('',#43,POSITIVE_LENGTH_MEASURE(2.E-2),#9);
#210=PRESENTATION_STYLE_ASSIGNMENT((#209));
#211=STYLED_ITEM('',(#210),#208);
#212=DIRECTION('',(7.071067811865E-1,7.071067811865E-1,0.E0));
#213=VECTOR('',#212,1.472762003855E0);
#214=CARTESIAN_POINT('',(-6.907460208718E1,5.368820398053E1,-4.1148E-1));
#215=LINE('',#214,#213);
#216=CURVE_STYLE('',#43,POSITIVE_LENGTH_MEASURE(2.E-2),#9);
#217=PRESENTATION_STYLE_ASSIGNMENT((#216));
#218=STYLED_ITEM('',(#217),#215);
#219=DIRECTION('',(1.E0,0.E0,0.E0));
#220=VECTOR('',#219,6.1722E0);
#221=CARTESIAN_POINT('',(-6.803320208718E1,5.472960398053E1,-4.1148E-1));
#222=LINE('',#221,#220);
#223=CURVE_STYLE('',#43,POSITIVE_LENGTH_MEASURE(2.E-2),#9);
#224=PRESENTATION_STYLE_ASSIGNMENT((#223));
#225=STYLED_ITEM('',(#224),#222);
#226=DIRECTION('',(0.E0,-1.E0,0.E0));
#227=VECTOR('',#226,5.13E1);
#228=CARTESIAN_POINT('',(-9.2E0,5.710000244E1,-4.1148E-1));
#229=LINE('',#228,#227);
#230=CURVE_STYLE('',#43,POSITIVE_LENGTH_MEASURE(2.E-2),#9);
#231=PRESENTATION_STYLE_ASSIGNMENT((#230));
#232=STYLED_ITEM('',(#231),#229);
#233=DIRECTION('',(-1.E0,0.E0,0.E0));
#234=VECTOR('',#233,2.5E0);
#235=CARTESIAN_POINT('',(-9.2E0,5.80000244E0,-4.1148E-1));
#236=LINE('',#235,#234);
#237=CURVE_STYLE('',#43,POSITIVE_LENGTH_MEASURE(2.E-2),#9);
#238=PRESENTATION_STYLE_ASSIGNMENT((#237));
#239=STYLED_ITEM('',(#238),#236);
#240=DIRECTION('',(0.E0,1.E0,0.E0));
#241=VECTOR('',#240,5.13E1);
#242=CARTESIAN_POINT('',(-1.17E1,5.80000244E0,-4.1148E-1));
#243=LINE('',#242,#241);
#244=CURVE_STYLE('',#43,POSITIVE_LENGTH_MEASURE(2.E-2),#9);
#245=PRESENTATION_STYLE_ASSIGNMENT((#244));
#246=STYLED_ITEM('',(#245),#243);
#247=DIRECTION('',(1.E0,0.E0,0.E0));
#248=VECTOR('',#247,2.5E0);
#249=CARTESIAN_POINT('',(-1.17E1,5.710000244E1,-4.1148E-1));
#250=LINE('',#249,#248);
#251=CURVE_STYLE('',#43,POSITIVE_LENGTH_MEASURE(2.E-2),#9);
#252=PRESENTATION_STYLE_ASSIGNMENT((#251));
#253=STYLED_ITEM('',(#252),#250);
#254=DIRECTION('',(0.E0,-1.E0,0.E0));
#255=VECTOR('',#254,5.13E1);
#256=CARTESIAN_POINT('',(-2.7E1,5.710000244E1,-4.1148E-1));
#257=LINE('',#256,#255);
#258=CURVE_STYLE('',#43,POSITIVE_LENGTH_MEASURE(2.E-2),#9);
#259=PRESENTATION_STYLE_ASSIGNMENT((#258));
#260=STYLED_ITEM('',(#259),#257);
#261=DIRECTION('',(-1.E0,0.E0,0.E0));
#262=VECTOR('',#261,2.5E0);
#263=CARTESIAN_POINT('',(-2.7E1,5.80000244E0,-4.1148E-1));
#264=LINE('',#263,#262);
#265=CURVE_STYLE('',#43,POSITIVE_LENGTH_MEASURE(2.E-2),#9);
#266=PRESENTATION_STYLE_ASSIGNMENT((#265));
#267=STYLED_ITEM('',(#266),#264);
#268=DIRECTION('',(0.E0,1.E0,0.E0));
#269=VECTOR('',#268,5.13E1);
#270=CARTESIAN_POINT('',(-2.95E1,5.80000244E0,-4.1148E-1));
#271=LINE('',#270,#269);
#272=CURVE_STYLE('',#43,POSITIVE_LENGTH_MEASURE(2.E-2),#9);
#273=PRESENTATION_STYLE_ASSIGNMENT((#272));
#274=STYLED_ITEM('',(#273),#271);
#275=DIRECTION('',(1.E0,0.E0,0.E0));
#276=VECTOR('',#275,2.5E0);
#277=CARTESIAN_POINT('',(-2.95E1,5.710000244E1,-4.1148E-1));
#278=LINE('',#277,#276);
#279=CURVE_STYLE('',#43,POSITIVE_LENGTH_MEASURE(2.E-2),#9);
#280=PRESENTATION_STYLE_ASSIGNMENT((#279));
#281=STYLED_ITEM('',(#280),#278);
#282=DIRECTION('',(0.E0,-1.E0,0.E0));
#283=VECTOR('',#282,2.3E0);
#284=CARTESIAN_POINT('',(-3.962837069E1,5.611563687E1,-4.1148E-1));
#285=LINE('',#284,#283);
#286=CURVE_STYLE('',#43,POSITIVE_LENGTH_MEASURE(2.E-2),#9);
#287=PRESENTATION_STYLE_ASSIGNMENT((#286));
#288=STYLED_ITEM('',(#287),#285);
#289=DIRECTION('',(-1.E0,0.E0,0.E0));
#290=VECTOR('',#289,7.E0);
#291=CARTESIAN_POINT('',(-3.962837069E1,5.381563687E1,-4.1148E-1));
#292=LINE('',#291,#290);
#293=CURVE_STYLE('',#43,POSITIVE_LENGTH_MEASURE(2.E-2),#9);
#294=PRESENTATION_STYLE_ASSIGNMENT((#293));
#295=STYLED_ITEM('',(#294),#292);
#296=DIRECTION('',(0.E0,1.E0,0.E0));
#297=VECTOR('',#296,2.3E0);
#298=CARTESIAN_POINT('',(-4.662837069E1,5.381563687E1,-4.1148E-1));
#299=LINE('',#298,#297);
#300=CURVE_STYLE('',#43,POSITIVE_LENGTH_MEASURE(2.E-2),#9);
#301=PRESENTATION_STYLE_ASSIGNMENT((#300));
#302=STYLED_ITEM('',(#301),#299);
#303=DIRECTION('',(1.E0,0.E0,0.E0));
#304=VECTOR('',#303,7.E0);
#305=CARTESIAN_POINT('',(-4.662837069E1,5.611563687E1,-4.1148E-1));
#306=LINE('',#305,#304);
#307=CURVE_STYLE('',#43,POSITIVE_LENGTH_MEASURE(2.E-2),#9);
#308=PRESENTATION_STYLE_ASSIGNMENT((#307));
#309=STYLED_ITEM('',(#308),#306);
#310=CARTESIAN_POINT('',(-4.09960064E0,5.30956012E1,-4.1148E-1));
#311=DIRECTION('',(0.E0,0.E0,-1.E0));
#312=DIRECTION('',(-1.E0,0.E0,0.E0));
#313=AXIS2_PLACEMENT_3D('',#310,#311,#312);
#315=CURVE_STYLE('',#43,POSITIVE_LENGTH_MEASURE(2.E-2),#9);
#316=PRESENTATION_STYLE_ASSIGNMENT((#315));
#317=STYLED_ITEM('',(#316),#314);
#318=CARTESIAN_POINT('',(-4.09960064E0,5.30956012E1,-4.1148E-1));
#319=DIRECTION('',(0.E0,0.E0,-1.E0));
#320=DIRECTION('',(1.E0,0.E0,0.E0));
#321=AXIS2_PLACEMENT_3D('',#318,#319,#320);
#323=CURVE_STYLE('',#43,POSITIVE_LENGTH_MEASURE(2.E-2),#9);
#324=PRESENTATION_STYLE_ASSIGNMENT((#323));
#325=STYLED_ITEM('',(#324),#322);
#326=CARTESIAN_POINT('',(-8.189960252E1,5.30956012E1,-4.1148E-1));
#327=DIRECTION('',(0.E0,0.E0,-1.E0));
#328=DIRECTION('',(-1.E0,0.E0,0.E0));
#329=AXIS2_PLACEMENT_3D('',#326,#327,#328);
#331=CURVE_STYLE('',#43,POSITIVE_LENGTH_MEASURE(2.E-2),#9);
#332=PRESENTATION_STYLE_ASSIGNMENT((#331));
#333=STYLED_ITEM('',(#332),#330);
#334=CARTESIAN_POINT('',(-8.189960252E1,5.30956012E1,-4.1148E-1));
#335=DIRECTION('',(0.E0,0.E0,-1.E0));
#336=DIRECTION('',(1.E0,0.E0,0.E0));
#337=AXIS2_PLACEMENT_3D('',#334,#335,#336);
#339=CURVE_STYLE('',#43,POSITIVE_LENGTH_MEASURE(2.E-2),#9);
#340=PRESENTATION_STYLE_ASSIGNMENT((#339));
#341=STYLED_ITEM('',(#340),#338);
#342=CARTESIAN_POINT('',(-8.189960252E1,4.09859988E0,-4.1148E-1));
#343=DIRECTION('',(0.E0,0.E0,-1.E0));
#344=DIRECTION('',(-1.E0,0.E0,0.E0));
#345=AXIS2_PLACEMENT_3D('',#342,#343,#344);
#347=CURVE_STYLE('',#43,POSITIVE_LENGTH_MEASURE(2.E-2),#9);
#348=PRESENTATION_STYLE_ASSIGNMENT((#347));
#349=STYLED_ITEM('',(#348),#346);
#350=CARTESIAN_POINT('',(-8.189960252E1,4.09859988E0,-4.1148E-1));
#351=DIRECTION('',(0.E0,0.E0,-1.E0));
#352=DIRECTION('',(1.E0,0.E0,0.E0));
#353=AXIS2_PLACEMENT_3D('',#350,#351,#352);
#355=CURVE_STYLE('',#43,POSITIVE_LENGTH_MEASURE(2.E-2),#9);
#356=PRESENTATION_STYLE_ASSIGNMENT((#355));
#357=STYLED_ITEM('',(#356),#354);
#358=CARTESIAN_POINT('',(-4.09960064E0,4.09859988E0,-4.1148E-1));
#359=DIRECTION('',(0.E0,0.E0,-1.E0));
#360=DIRECTION('',(-1.E0,0.E0,0.E0));
#361=AXIS2_PLACEMENT_3D('',#358,#359,#360);
#363=CURVE_STYLE('',#43,POSITIVE_LENGTH_MEASURE(2.E-2),#9);
#364=PRESENTATION_STYLE_ASSIGNMENT((#363));
#365=STYLED_ITEM('',(#364),#362);
#366=CARTESIAN_POINT('',(-4.09960064E0,4.09859988E0,-4.1148E-1));
#367=DIRECTION('',(0.E0,0.E0,-1.E0));
#368=DIRECTION('',(1.E0,0.E0,0.E0));
#369=AXIS2_PLACEMENT_3D('',#366,#367,#368);
#371=CURVE_STYLE('',#43,POSITIVE_LENGTH_MEASURE(2.E-2),#9);
#372=PRESENTATION_STYLE_ASSIGNMENT((#371));
#373=STYLED_ITEM('',(#372),#370);
#374=DIRECTION('',(0.E0,-1.E0,0.E0));
#375=VECTOR('',#374,2.2E1);
#376=CARTESIAN_POINT('',(-4.002480072E1,3.953600084E1,-4.1148E-1));
#377=LINE('',#376,#375);
#378=CURVE_STYLE('',#43,POSITIVE_LENGTH_MEASURE(2.E-2),#9);
#379=PRESENTATION_STYLE_ASSIGNMENT((#378));
#380=STYLED_ITEM('',(#379),#377);
#381=DIRECTION('',(-1.E0,0.E0,0.E0));
#382=VECTOR('',#381,8.E-1);
#383=CARTESIAN_POINT('',(-4.002480072E1,1.753600084E1,-4.1148E-1));
#384=LINE('',#383,#382);
#385=CURVE_STYLE('',#43,POSITIVE_LENGTH_MEASURE(2.E-2),#9);
#386=PRESENTATION_STYLE_ASSIGNMENT((#385));
#387=STYLED_ITEM('',(#386),#384);
#388=DIRECTION('',(0.E0,-1.E0,0.E0));
#389=VECTOR('',#388,7.5E-1);
#390=CARTESIAN_POINT('',(-4.082480072E1,1.753600084E1,-4.1148E-1));
#391=LINE('',#390,#389);
#392=CURVE_STYLE('',#43,POSITIVE_LENGTH_MEASURE(2.E-2),#9);
#393=PRESENTATION_STYLE_ASSIGNMENT((#392));
#394=STYLED_ITEM('',(#393),#391);
#395=DIRECTION('',(-1.E0,0.E0,0.E0));
#396=VECTOR('',#395,5.E0);
#397=CARTESIAN_POINT('',(-4.082480072E1,1.678600084E1,-4.1148E-1));
#398=LINE('',#397,#396);
#399=CURVE_STYLE('',#43,POSITIVE_LENGTH_MEASURE(2.E-2),#9);
#400=PRESENTATION_STYLE_ASSIGNMENT((#399));
#401=STYLED_ITEM('',(#400),#398);
#402=DIRECTION('',(0.E0,1.E0,0.E0));
#403=VECTOR('',#402,1.5E0);
#404=CARTESIAN_POINT('',(-4.582480072E1,1.678600084E1,-4.1148E-1));
#405=LINE('',#404,#403);
#406=CURVE_STYLE('',#43,POSITIVE_LENGTH_MEASURE(2.E-2),#9);
#407=PRESENTATION_STYLE_ASSIGNMENT((#406));
#408=STYLED_ITEM('',(#407),#405);
#409=DIRECTION('',(1.E0,0.E0,0.E0));
#410=VECTOR('',#409,5.E-1);
#411=CARTESIAN_POINT('',(-4.582480072E1,1.828600084E1,-4.1148E-1));
#412=LINE('',#411,#410);
#413=CURVE_STYLE('',#43,POSITIVE_LENGTH_MEASURE(2.E-2),#9);
#414=PRESENTATION_STYLE_ASSIGNMENT((#413));
#415=STYLED_ITEM('',(#414),#412);
#416=DIRECTION('',(0.E0,1.E0,0.E0));
#417=VECTOR('',#416,2.05E1);
#418=CARTESIAN_POINT('',(-4.532480072E1,1.828600084E1,-4.1148E-1));
#419=LINE('',#418,#417);
#420=CURVE_STYLE('',#43,POSITIVE_LENGTH_MEASURE(2.E-2),#9);
#421=PRESENTATION_STYLE_ASSIGNMENT((#420));
#422=STYLED_ITEM('',(#421),#419);
#423=DIRECTION('',(-1.E0,1.421085471520E-14,0.E0));
#424=VECTOR('',#423,5.E-1);
#425=CARTESIAN_POINT('',(-4.532480072E1,3.878600084E1,-4.1148E-1));
#426=LINE('',#425,#424);
#427=CURVE_STYLE('',#43,POSITIVE_LENGTH_MEASURE(2.E-2),#9);
#428=PRESENTATION_STYLE_ASSIGNMENT((#427));
#429=STYLED_ITEM('',(#428),#426);
#430=DIRECTION('',(0.E0,1.E0,0.E0));
#431=VECTOR('',#430,1.5E0);
#432=CARTESIAN_POINT('',(-4.582480072E1,3.878600084E1,-4.1148E-1));
#433=LINE('',#432,#431);
#434=CURVE_STYLE('',#43,POSITIVE_LENGTH_MEASURE(2.E-2),#9);
#435=PRESENTATION_STYLE_ASSIGNMENT((#434));
#436=STYLED_ITEM('',(#435),#433);
#437=DIRECTION('',(1.E0,0.E0,0.E0));
#438=VECTOR('',#437,5.E0);
#439=CARTESIAN_POINT('',(-4.582480072E1,4.028600084E1,-4.1148E-1));
#440=LINE('',#439,#438);
#441=CURVE_STYLE('',#43,POSITIVE_LENGTH_MEASURE(2.E-2),#9);
#442=PRESENTATION_STYLE_ASSIGNMENT((#441));
#443=STYLED_ITEM('',(#442),#440);
#444=DIRECTION('',(0.E0,-1.E0,0.E0));
#445=VECTOR('',#444,7.5E-1);
#446=CARTESIAN_POINT('',(-4.082480072E1,4.028600084E1,-4.1148E-1));
#447=LINE('',#446,#445);
#448=CURVE_STYLE('',#43,POSITIVE_LENGTH_MEASURE(2.E-2),#9);
#449=PRESENTATION_STYLE_ASSIGNMENT((#448));
#450=STYLED_ITEM('',(#449),#447);
#451=DIRECTION('',(1.E0,1.776356839400E-14,0.E0));
#452=VECTOR('',#451,8.E-1);
#453=CARTESIAN_POINT('',(-4.082480072E1,3.953600084E1,-4.1148E-1));
#454=LINE('',#453,#452);
#455=CURVE_STYLE('',#43,POSITIVE_LENGTH_MEASURE(2.E-2),#9);
#456=PRESENTATION_STYLE_ASSIGNMENT((#455));
#457=STYLED_ITEM('',(#456),#454);
#458=DIRECTION('',(0.E0,0.E0,1.E0));
#459=VECTOR('',#458,1.6E0);
#460=CARTESIAN_POINT('',(-3.8641401E1,5.720000244E1,-4.1148E-1));
#461=LINE('',#460,#459);
#462=CURVE_STYLE('',#43,POSITIVE_LENGTH_MEASURE(2.E-2),#9);
#463=PRESENTATION_STYLE_ASSIGNMENT((#462));
#464=STYLED_ITEM('',(#463),#461);
#465=DIRECTION('',(0.E0,0.E0,1.E0));
#466=VECTOR('',#465,1.6E0);
#467=CARTESIAN_POINT('',(-1.000015779997E0,5.720000244E1,-4.1148E-1));
#468=LINE('',#467,#466);
#469=CURVE_STYLE('',#43,POSITIVE_LENGTH_MEASURE(2.E-2),#9);
#470=PRESENTATION_STYLE_ASSIGNMENT((#469));
#471=STYLED_ITEM('',(#470),#468);
#472=DIRECTION('',(0.E0,0.E0,1.E0));
#473=VECTOR('',#472,1.6E0);
#474=CARTESIAN_POINT('',(8.319271197858E-14,5.619998666E1,-4.1148E-1));
#475=LINE('',#474,#473);
#476=CURVE_STYLE('',#43,POSITIVE_LENGTH_MEASURE(2.E-2),#9);
#477=PRESENTATION_STYLE_ASSIGNMENT((#476));
#478=STYLED_ITEM('',(#477),#475);
#479=DIRECTION('',(0.E0,0.E0,1.E0));
#480=VECTOR('',#479,1.6E0);
#481=CARTESIAN_POINT('',(1.035468007634E-13,9.999878399957E-1,-4.1148E-1));
#482=LINE('',#481,#480);
#483=CURVE_STYLE('',#43,POSITIVE_LENGTH_MEASURE(2.E-2),#9);
#484=PRESENTATION_STYLE_ASSIGNMENT((#483));
#485=STYLED_ITEM('',(#484),#482);
#486=DIRECTION('',(0.E0,0.E0,1.E0));
#487=VECTOR('',#486,1.6E0);
#488=CARTESIAN_POINT('',(-1.000000539995E0,-1.270000010358E-5,-4.1148E-1));
#489=LINE('',#488,#487);
#490=CURVE_STYLE('',#43,POSITIVE_LENGTH_MEASURE(2.E-2),#9);
#491=PRESENTATION_STYLE_ASSIGNMENT((#490));
#492=STYLED_ITEM('',(#491),#489);
#493=DIRECTION('',(0.E0,0.E0,1.E0));
#494=VECTOR('',#493,1.6E0);
#495=CARTESIAN_POINT('',(-8.500001288E1,3.219629488649E-14,-4.1148E-1));
#496=LINE('',#495,#494);
#497=CURVE_STYLE('',#43,POSITIVE_LENGTH_MEASURE(2.E-2),#9);
#498=PRESENTATION_STYLE_ASSIGNMENT((#497));
#499=STYLED_ITEM('',(#498),#496);
#500=DIRECTION('',(0.E0,0.E0,1.E0));
#501=VECTOR('',#500,1.6E0);
#502=CARTESIAN_POINT('',(-8.600001342E1,9.999878400909E-1,-4.1148E-1));
#503=LINE('',#502,#501);
#504=CURVE_STYLE('',#43,POSITIVE_LENGTH_MEASURE(2.E-2),#9);
#505=PRESENTATION_STYLE_ASSIGNMENT((#504));
#506=STYLED_ITEM('',(#505),#503);
#507=DIRECTION('',(0.E0,0.E0,1.E0));
#508=VECTOR('',#507,1.6E0);
#509=CARTESIAN_POINT('',(-8.600001342E1,5.620000189992E1,-4.1148E-1));
#510=LINE('',#509,#508);
#511=CURVE_STYLE('',#43,POSITIVE_LENGTH_MEASURE(2.E-2),#9);
#512=PRESENTATION_STYLE_ASSIGNMENT((#511));
#513=STYLED_ITEM('',(#512),#510);
#514=DIRECTION('',(0.E0,0.E0,1.E0));
#515=VECTOR('',#514,1.6E0);
#516=CARTESIAN_POINT('',(-8.500001288E1,5.720000244E1,-4.1148E-1));
#517=LINE('',#516,#515);
#518=CURVE_STYLE('',#43,POSITIVE_LENGTH_MEASURE(2.E-2),#9);
#519=PRESENTATION_STYLE_ASSIGNMENT((#518));
#520=STYLED_ITEM('',(#519),#517);
#521=DIRECTION('',(0.E0,0.E0,1.E0));
#522=VECTOR('',#521,1.6E0);
#523=CARTESIAN_POINT('',(-7.695139804E1,5.720000244E1,-4.1148E-1));
#524=LINE('',#523,#522);
#525=CURVE_STYLE('',#43,POSITIVE_LENGTH_MEASURE(2.E-2),#9);
#526=PRESENTATION_STYLE_ASSIGNMENT((#525));
#527=STYLED_ITEM('',(#526),#524);
#528=DIRECTION('',(0.E0,0.E0,1.E0));
#529=VECTOR('',#528,1.6E0);
#530=CARTESIAN_POINT('',(-7.596702612E1,5.621563052E1,-4.1148E-1));
#531=LINE('',#530,#529);
#532=CURVE_STYLE('',#43,POSITIVE_LENGTH_MEASURE(2.E-2),#9);
#533=PRESENTATION_STYLE_ASSIGNMENT((#532));
#534=STYLED_ITEM('',(#533),#531);
#535=DIRECTION('',(0.E0,0.E0,1.E0));
#536=VECTOR('',#535,1.6E0);
#537=CARTESIAN_POINT('',(-6.204502704E1,5.621563052E1,-4.1148E-1));
#538=LINE('',#537,#536);
#539=CURVE_STYLE('',#43,POSITIVE_LENGTH_MEASURE(2.E-2),#9);
#540=PRESENTATION_STYLE_ASSIGNMENT((#539));
#541=STYLED_ITEM('',(#540),#538);
#542=DIRECTION('',(0.E0,0.E0,1.E0));
#543=VECTOR('',#542,1.6E0);
#544=CARTESIAN_POINT('',(-6.106065512E1,5.720000244E1,-4.1148E-1));
#545=LINE('',#544,#543);
#546=CURVE_STYLE('',#43,POSITIVE_LENGTH_MEASURE(2.E-2),#9);
#547=PRESENTATION_STYLE_ASSIGNMENT((#546));
#548=STYLED_ITEM('',(#547),#545);
#549=DIRECTION('',(0.E0,0.E0,1.E0));
#550=VECTOR('',#549,1.6E0);
#551=CARTESIAN_POINT('',(-4.761532768E1,5.720000244E1,-4.1148E-1));
#552=LINE('',#551,#550);
#553=CURVE_STYLE('',#43,POSITIVE_LENGTH_MEASURE(2.E-2),#9);
#554=PRESENTATION_STYLE_ASSIGNMENT((#553));
#555=STYLED_ITEM('',(#554),#552);
#556=DIRECTION('',(0.E0,0.E0,1.E0));
#557=VECTOR('',#556,1.6E0);
#558=CARTESIAN_POINT('',(-4.663096846E1,5.621564322E1,-4.1148E-1));
#559=LINE('',#558,#557);
#560=CURVE_STYLE('',#43,POSITIVE_LENGTH_MEASURE(2.E-2),#9);
#561=PRESENTATION_STYLE_ASSIGNMENT((#560));
#562=STYLED_ITEM('',(#561),#559);
#563=DIRECTION('',(0.E0,0.E0,1.E0));
#564=VECTOR('',#563,1.6E0);
#565=CARTESIAN_POINT('',(-3.962577292E1,5.621563052E1,-4.1148E-1));
#566=LINE('',#565,#564);
#567=CURVE_STYLE('',#43,POSITIVE_LENGTH_MEASURE(2.E-2),#9);
#568=PRESENTATION_STYLE_ASSIGNMENT((#567));
#569=STYLED_ITEM('',(#568),#566);
#570=DIRECTION('',(1.E0,0.E0,0.E0));
#571=VECTOR('',#570,3.764138522E1);
#572=CARTESIAN_POINT('',(-3.8641401E1,5.720000244E1,1.18852E0));
#573=LINE('',#572,#571);
#574=CURVE_STYLE('',#43,POSITIVE_LENGTH_MEASURE(2.E-2),#9);
#575=PRESENTATION_STYLE_ASSIGNMENT((#574));
#576=STYLED_ITEM('',(#575),#573);
#577=CARTESIAN_POINT('',(-1.000023493772E0,5.619997894623E1,1.18852E0));
#578=DIRECTION('',(0.E0,0.E0,-1.E0));
#579=DIRECTION('',(7.713599621628E-6,9.999999999703E-1,0.E0));
#580=AXIS2_PLACEMENT_3D('',#577,#578,#579);
#582=CURVE_STYLE('',#43,POSITIVE_LENGTH_MEASURE(2.E-2),#9);
#583=PRESENTATION_STYLE_ASSIGNMENT((#582));
#584=STYLED_ITEM('',(#583),#581);
#585=DIRECTION('',(0.E0,-1.E0,0.E0));
#586=VECTOR('',#585,5.519999882001E1);
#587=CARTESIAN_POINT('',(8.319271197858E-14,5.619998666E1,1.18852E0));
#588=LINE('',#587,#586);
#589=CURVE_STYLE('',#43,POSITIVE_LENGTH_MEASURE(2.E-2),#9);
#590=PRESENTATION_STYLE_ASSIGNMENT((#589));
#591=STYLED_ITEM('',(#590),#588);
#592=CARTESIAN_POINT('',(-9.999974775440E-1,9.999847775440E-1,1.18852E0));
#593=DIRECTION('',(0.E0,0.E0,-1.E0));
#594=DIRECTION('',(9.999999999953E-1,3.062452663859E-6,0.E0));
#595=AXIS2_PLACEMENT_3D('',#592,#593,#594);
#597=CURVE_STYLE('',#43,POSITIVE_LENGTH_MEASURE(2.E-2),#9);
#598=PRESENTATION_STYLE_ASSIGNMENT((#597));
#599=STYLED_ITEM('',(#598),#596);
#600=DIRECTION('',(-1.E0,1.511904555962E-7,0.E0));
#601=VECTOR('',#600,8.400001234E1);
#602=CARTESIAN_POINT('',(-1.000000539995E0,-1.270000010358E-5,1.18852E0));
#603=LINE('',#602,#601);
#604=CURVE_STYLE('',#43,POSITIVE_LENGTH_MEASURE(2.E-2),#9);
#605=PRESENTATION_STYLE_ASSIGNMENT((#604));
#606=STYLED_ITEM('',(#605),#603);
#607=CARTESIAN_POINT('',(-8.500003762224E1,9.999757975200E-1,1.18852E0));
#608=DIRECTION('',(0.E0,0.E0,-1.E0));
#609=DIRECTION('',(2.474284227042E-5,-9.999999996939E-1,0.E0));
#610=AXIS2_PLACEMENT_3D('',#607,#608,#609);
#612=CURVE_STYLE('',#43,POSITIVE_LENGTH_MEASURE(2.E-2),#9);
#613=PRESENTATION_STYLE_ASSIGNMENT((#612));
#614=STYLED_ITEM('',(#613),#611);
#615=DIRECTION('',(0.E0,1.E0,0.E0));
#616=VECTOR('',#615,5.520001405983E1);
#617=CARTESIAN_POINT('',(-8.600001342E1,9.999878400909E-1,1.18852E0));
#618=LINE('',#617,#616);
#619=CURVE_STYLE('',#43,POSITIVE_LENGTH_MEASURE(2.E-2),#9);
#620=PRESENTATION_STYLE_ASSIGNMENT((#619));
#621=STYLED_ITEM('',(#620),#618);
#622=CARTESIAN_POINT('',(-8.500001594245E1,5.620000496246E1,1.18852E0));
#623=DIRECTION('',(0.E0,0.E0,-1.E0));
#624=DIRECTION('',(-9.999999999953E-1,-3.062665912927E-6,0.E0));
#625=AXIS2_PLACEMENT_3D('',#622,#623,#624);
#627=CURVE_STYLE('',#43,POSITIVE_LENGTH_MEASURE(2.E-2),#9);
#628=PRESENTATION_STYLE_ASSIGNMENT((#627));
#629=STYLED_ITEM('',(#628),#626);
#630=DIRECTION('',(1.E0,-1.324220533381E-14,0.E0));
#631=VECTOR('',#630,8.048614840001E0);
#632=CARTESIAN_POINT('',(-8.500001288E1,5.720000244E1,1.18852E0));
#633=LINE('',#632,#631);
#634=CURVE_STYLE('',#43,POSITIVE_LENGTH_MEASURE(2.E-2),#9);
#635=PRESENTATION_STYLE_ASSIGNMENT((#634));
#636=STYLED_ITEM('',(#635),#633);
#637=DIRECTION('',(7.071067811866E-1,-7.071067811865E-1,0.E0));
#638=VECTOR('',#637,1.392112119683E0);
#639=CARTESIAN_POINT('',(-7.695139804E1,5.720000244E1,1.18852E0));
#640=LINE('',#639,#638);
#641=CURVE_STYLE('',#43,POSITIVE_LENGTH_MEASURE(2.E-2),#9);
#642=PRESENTATION_STYLE_ASSIGNMENT((#641));
#643=STYLED_ITEM('',(#642),#640);
#644=DIRECTION('',(1.E0,0.E0,0.E0));
#645=VECTOR('',#644,1.392199908E1);
#646=CARTESIAN_POINT('',(-7.596702612E1,5.621563052E1,1.18852E0));
#647=LINE('',#646,#645);
#648=CURVE_STYLE('',#43,POSITIVE_LENGTH_MEASURE(2.E-2),#9);
#649=PRESENTATION_STYLE_ASSIGNMENT((#648));
#650=STYLED_ITEM('',(#649),#647);
#651=DIRECTION('',(7.071067811865E-1,7.071067811865E-1,0.E0));
#652=VECTOR('',#651,1.392112119683E0);
#653=CARTESIAN_POINT('',(-6.204502704E1,5.621563052E1,1.18852E0));
#654=LINE('',#653,#652);
#655=CURVE_STYLE('',#43,POSITIVE_LENGTH_MEASURE(2.E-2),#9);
#656=PRESENTATION_STYLE_ASSIGNMENT((#655));
#657=STYLED_ITEM('',(#656),#654);
#658=DIRECTION('',(1.E0,0.E0,0.E0));
#659=VECTOR('',#658,1.344532744E1);
#660=CARTESIAN_POINT('',(-6.106065512E1,5.720000244E1,1.18852E0));
#661=LINE('',#660,#659);
#662=CURVE_STYLE('',#43,POSITIVE_LENGTH_MEASURE(2.E-2),#9);
#663=PRESENTATION_STYLE_ASSIGNMENT((#662));
#664=STYLED_ITEM('',(#663),#661);
#665=DIRECTION('',(7.071067811865E-1,-7.071067811866E-1,0.E0));
#666=VECTOR('',#665,1.392094159171E0);
#667=CARTESIAN_POINT('',(-4.761532768E1,5.720000244E1,1.18852E0));
#668=LINE('',#667,#666);
#669=CURVE_STYLE('',#43,POSITIVE_LENGTH_MEASURE(2.E-2),#9);
#670=PRESENTATION_STYLE_ASSIGNMENT((#669));
#671=STYLED_ITEM('',(#670),#668);
#672=DIRECTION('',(9.999999999984E-1,-1.812940112743E-6,0.E0));
#673=VECTOR('',#672,7.005195540012E0);
#674=CARTESIAN_POINT('',(-4.663096846E1,5.621564322E1,1.18852E0));
#675=LINE('',#674,#673);
#676=CURVE_STYLE('',#43,POSITIVE_LENGTH_MEASURE(2.E-2),#9);
#677=PRESENTATION_STYLE_ASSIGNMENT((#676));
#678=STYLED_ITEM('',(#677),#675);
#679=DIRECTION('',(7.071067811865E-1,7.071067811865E-1,0.E0));
#680=VECTOR('',#679,1.392112119683E0);
#681=CARTESIAN_POINT('',(-3.962577292E1,5.621563052E1,1.18852E0));
#682=LINE('',#681,#680);
#683=CURVE_STYLE('',#43,POSITIVE_LENGTH_MEASURE(2.E-2),#9);
#684=PRESENTATION_STYLE_ASSIGNMENT((#683));
#685=STYLED_ITEM('',(#684),#682);
#686=DIRECTION('',(-1.543964854961E-14,1.E0,0.E0));
#687=VECTOR('',#686,9.204130955143E-1);
#688=CARTESIAN_POINT('',(-8.37E1,5.100000244E1,1.18852E0));
#689=LINE('',#688,#687);
#690=CURVE_STYLE('',#43,POSITIVE_LENGTH_MEASURE(2.E-2),#9);
#691=PRESENTATION_STYLE_ASSIGNMENT((#690));
#692=STYLED_ITEM('',(#691),#689);
#693=DIRECTION('',(1.E0,0.E0,0.E0));
#694=VECTOR('',#693,1.319816301540E0);
#695=CARTESIAN_POINT('',(-8.37E1,5.100000244E1,1.18852E0));
#696=LINE('',#695,#694);
#697=CURVE_STYLE('',#43,POSITIVE_LENGTH_MEASURE(2.E-2),#9);
#698=PRESENTATION_STYLE_ASSIGNMENT((#697));
#699=STYLED_ITEM('',(#698),#696);
#700=DIRECTION('',(1.E0,0.E0,0.E0));
#701=VECTOR('',#700,6.771902134154E1);
#702=CARTESIAN_POINT('',(-8.141902134154E1,5.100000244E1,1.18852E0));
#703=LINE('',#702,#701);
#704=CURVE_STYLE('',#43,POSITIVE_LENGTH_MEASURE(2.E-2),#9);
#705=PRESENTATION_STYLE_ASSIGNMENT((#704));
#706=STYLED_ITEM('',(#705),#703);
#707=DIRECTION('',(1.158918521445E-14,1.E0,0.E0));
#708=VECTOR('',#707,1.226216895514E0);
#709=CARTESIAN_POINT('',(-8.37E1,5.273785544486E0,1.18852E0));
#710=LINE('',#709,#708);
#711=CURVE_STYLE('',#43,POSITIVE_LENGTH_MEASURE(2.E-2),#9);
#712=PRESENTATION_STYLE_ASSIGNMENT((#711));
#713=STYLED_ITEM('',(#712),#710);
#714=DIRECTION('',(-1.538950995864E-14,1.E0,0.E0));
#715=VECTOR('',#714,9.234117755143E-1);
#716=CARTESIAN_POINT('',(-8.37E1,2.00000244E0,1.18852E0));
#717=LINE('',#716,#715);
#718=CURVE_STYLE('',#43,POSITIVE_LENGTH_MEASURE(2.E-2),#9);
#719=PRESENTATION_STYLE_ASSIGNMENT((#718));
#720=STYLED_ITEM('',(#719),#717);
#721=DIRECTION('',(-1.E0,0.E0,0.E0));
#722=VECTOR('',#721,1.333084718748E0);
#723=CARTESIAN_POINT('',(-8.236691528125E1,2.00000244E0,1.18852E0));
#724=LINE('',#723,#722);
#725=CURVE_STYLE('',#43,POSITIVE_LENGTH_MEASURE(2.E-2),#9);
#726=PRESENTATION_STYLE_ASSIGNMENT((#725));
#727=STYLED_ITEM('',(#726),#724);
#728=DIRECTION('',(-1.E0,0.E0,0.E0));
#729=VECTOR('',#728,7.686537635750E1);
#730=CARTESIAN_POINT('',(-4.566913401252E0,2.00000244E0,1.18852E0));
#731=LINE('',#730,#729);
#732=CURVE_STYLE('',#43,POSITIVE_LENGTH_MEASURE(2.E-2),#9);
#733=PRESENTATION_STYLE_ASSIGNMENT((#732));
#734=STYLED_ITEM('',(#733),#731);
#735=DIRECTION('',(-1.E0,0.E0,0.E0));
#736=VECTOR('',#735,1.932287878748E0);
#737=CARTESIAN_POINT('',(-1.7E0,2.00000244E0,1.18852E0));
#738=LINE('',#737,#736);
#739=CURVE_STYLE('',#43,POSITIVE_LENGTH_MEASURE(2.E-2),#9);
#740=PRESENTATION_STYLE_ASSIGNMENT((#739));
#741=STYLED_ITEM('',(#740),#738);
#742=DIRECTION('',(0.E0,-1.E0,0.E0));
#743=VECTOR('',#742,5.35E1);
#744=CARTESIAN_POINT('',(-1.7E0,5.550000244E1,1.18852E0));
#745=LINE('',#744,#743);
#746=CURVE_STYLE('',#43,POSITIVE_LENGTH_MEASURE(2.E-2),#9);
#747=PRESENTATION_STYLE_ASSIGNMENT((#746));
#748=STYLED_ITEM('',(#747),#745);
#749=DIRECTION('',(1.E0,0.E0,0.E0));
#750=VECTOR('',#749,8.2E1);
#751=CARTESIAN_POINT('',(-8.37E1,5.550000244E1,1.18852E0));
#752=LINE('',#751,#750);
#753=CURVE_STYLE('',#43,POSITIVE_LENGTH_MEASURE(2.E-2),#9);
#754=PRESENTATION_STYLE_ASSIGNMENT((#753));
#755=STYLED_ITEM('',(#754),#752);
#756=DIRECTION('',(1.156091331600E-14,1.E0,0.E0));
#757=VECTOR('',#756,1.229215575514E0);
#758=CARTESIAN_POINT('',(-8.37E1,5.427078686449E1,1.18852E0));
#759=LINE('',#758,#757);
#760=CURVE_STYLE('',#43,POSITIVE_LENGTH_MEASURE(2.E-2),#9);
#761=PRESENTATION_STYLE_ASSIGNMENT((#760));
#762=STYLED_ITEM('',(#761),#759);
#763=DIRECTION('',(-1.E0,0.E0,0.E0));
#764=VECTOR('',#763,3.6068E0);
#765=CARTESIAN_POINT('',(-5.582480072E1,4.061370084E1,1.18852E0));
#766=LINE('',#765,#764);
#767=CURVE_STYLE('',#43,POSITIVE_LENGTH_MEASURE(2.E-2),#9);
#768=PRESENTATION_STYLE_ASSIGNMENT((#767));
#769=STYLED_ITEM('',(#768),#766);
#770=DIRECTION('',(0.E0,0.E0,1.E0));
#771=VECTOR('',#770,1.6E0);
#772=CARTESIAN_POINT('',(-5.582480072E1,4.061370084E1,-4.1148E-1));
#773=LINE('',#772,#771);
#774=CURVE_STYLE('',#43,POSITIVE_LENGTH_MEASURE(2.E-2),#9);
#775=PRESENTATION_STYLE_ASSIGNMENT((#774));
#776=STYLED_ITEM('',(#775),#773);
#777=DIRECTION('',(0.E0,1.E0,0.E0));
#778=VECTOR('',#777,2.41554E1);
#779=CARTESIAN_POINT('',(-5.582480072E1,1.645830084E1,1.18852E0));
#780=LINE('',#779,#778);
#781=CURVE_STYLE('',#43,POSITIVE_LENGTH_MEASURE(2.E-2),#9);
#782=PRESENTATION_STYLE_ASSIGNMENT((#781));
#783=STYLED_ITEM('',(#782),#780);
#784=DIRECTION('',(0.E0,0.E0,1.E0));
#785=VECTOR('',#784,1.6E0);
#786=CARTESIAN_POINT('',(-5.582480072E1,1.645830084E1,-4.1148E-1));
#787=LINE('',#786,#785);
#788=CURVE_STYLE('',#43,POSITIVE_LENGTH_MEASURE(2.E-2),#9);
#789=PRESENTATION_STYLE_ASSIGNMENT((#788));
#790=STYLED_ITEM('',(#789),#787);
#791=DIRECTION('',(1.E0,0.E0,0.E0));
#792=VECTOR('',#791,3.6068E0);
#793=CARTESIAN_POINT('',(-5.943160072E1,1.645830084E1,1.18852E0));
#794=LINE('',#793,#792);
#795=CURVE_STYLE('',#43,POSITIVE_LENGTH_MEASURE(2.E-2),#9);
#796=PRESENTATION_STYLE_ASSIGNMENT((#795));
#797=STYLED_ITEM('',(#796),#794);
#798=DIRECTION('',(0.E0,0.E0,1.E0));
#799=VECTOR('',#798,1.6E0);
#800=CARTESIAN_POINT('',(-5.943160072E1,1.645830084E1,-4.1148E-1));
#801=LINE('',#800,#799);
#802=CURVE_STYLE('',#43,POSITIVE_LENGTH_MEASURE(2.E-2),#9);
#803=PRESENTATION_STYLE_ASSIGNMENT((#802));
#804=STYLED_ITEM('',(#803),#801);
#805=DIRECTION('',(0.E0,-1.E0,0.E0));
#806=VECTOR('',#805,2.41554E1);
#807=CARTESIAN_POINT('',(-5.943160072E1,4.061370084E1,1.18852E0));
#808=LINE('',#807,#806);
#809=CURVE_STYLE('',#43,POSITIVE_LENGTH_MEASURE(2.E-2),#9);
#810=PRESENTATION_STYLE_ASSIGNMENT((#809));
#811=STYLED_ITEM('',(#810),#808);
#812=DIRECTION('',(0.E0,0.E0,1.E0));
#813=VECTOR('',#812,1.6E0);
#814=CARTESIAN_POINT('',(-5.943160072E1,4.061370084E1,-4.1148E-1));
#815=LINE('',#814,#813);
#816=CURVE_STYLE('',#43,POSITIVE_LENGTH_MEASURE(2.E-2),#9);
#817=PRESENTATION_STYLE_ASSIGNMENT((#816));
#818=STYLED_ITEM('',(#817),#815);
#819=DIRECTION('',(0.E0,0.E0,1.E0));
#820=VECTOR('',#819,2.E0);
#821=CARTESIAN_POINT('',(-8.37E1,5.100000244E1,1.18852E0));
#822=LINE('',#821,#820);
#823=CURVE_STYLE('',#43,POSITIVE_LENGTH_MEASURE(2.E-2),#9);
#824=PRESENTATION_STYLE_ASSIGNMENT((#823));
#825=STYLED_ITEM('',(#824),#822);
#826=DIRECTION('',(0.E0,0.E0,1.E0));
#827=VECTOR('',#826,2.E0);
#828=CARTESIAN_POINT('',(-8.37E1,6.50000244E0,1.18852E0));
#829=LINE('',#828,#827);
#830=CURVE_STYLE('',#43,POSITIVE_LENGTH_MEASURE(2.E-2),#9);
#831=PRESENTATION_STYLE_ASSIGNMENT((#830));
#832=STYLED_ITEM('',(#831),#829);
#833=DIRECTION('',(0.E0,0.E0,1.E0));
#834=VECTOR('',#833,2.E0);
#835=CARTESIAN_POINT('',(-8.37E1,2.00000244E0,1.18852E0));
#836=LINE('',#835,#834);
#837=CURVE_STYLE('',#43,POSITIVE_LENGTH_MEASURE(2.E-2),#9);
#838=PRESENTATION_STYLE_ASSIGNMENT((#837));
#839=STYLED_ITEM('',(#838),#836);
#840=DIRECTION('',(1.E0,0.E0,0.E0));
#841=VECTOR('',#840,6.75E1);
#842=CARTESIAN_POINT('',(-8.12E1,5.100000244E1,3.18852E0));
#843=LINE('',#842,#841);
#844=CURVE_STYLE('',#43,POSITIVE_LENGTH_MEASURE(2.E-2),#9);
#845=PRESENTATION_STYLE_ASSIGNMENT((#844));
#846=STYLED_ITEM('',(#845),#843);
#847=DIRECTION('',(1.E0,0.E0,0.E0));
#848=VECTOR('',#847,2.8E0);
#849=CARTESIAN_POINT('',(-8.4E1,5.100000244E1,5.38852E0));
#850=LINE('',#849,#848);
#851=CURVE_STYLE('',#43,POSITIVE_LENGTH_MEASURE(2.E-2),#9);
#852=PRESENTATION_STYLE_ASSIGNMENT((#851));
#853=STYLED_ITEM('',(#852),#850);
#854=DIRECTION('',(0.E0,-1.E0,0.E0));
#855=VECTOR('',#854,4.45E1);
#856=CARTESIAN_POINT('',(-8.12E1,5.100000244E1,3.18852E0));
#857=LINE('',#856,#855);
#858=CURVE_STYLE('',#43,POSITIVE_LENGTH_MEASURE(2.E-2),#9);
#859=PRESENTATION_STYLE_ASSIGNMENT((#858));
#860=STYLED_ITEM('',(#859),#857);
#861=DIRECTION('',(0.E0,0.E0,-1.E0));
#862=VECTOR('',#861,2.2E0);
#863=CARTESIAN_POINT('',(-8.12E1,5.100000244E1,5.38852E0));
#864=LINE('',#863,#862);
#865=CURVE_STYLE('',#43,POSITIVE_LENGTH_MEASURE(2.E-2),#9);
#866=PRESENTATION_STYLE_ASSIGNMENT((#865));
#867=STYLED_ITEM('',(#866),#864);
#868=DIRECTION('',(0.E0,1.E0,0.E0));
#869=VECTOR('',#868,4.45E1);
#870=CARTESIAN_POINT('',(-8.12E1,6.50000244E0,5.38852E0));
#871=LINE('',#870,#869);
#872=CURVE_STYLE('',#43,POSITIVE_LENGTH_MEASURE(2.E-2),#9);
#873=PRESENTATION_STYLE_ASSIGNMENT((#872));
#874=STYLED_ITEM('',(#873),#871);
#875=DIRECTION('',(0.E0,0.E0,1.E0));
#876=VECTOR('',#875,2.2E0);
#877=CARTESIAN_POINT('',(-8.12E1,6.50000244E0,3.18852E0));
#878=LINE('',#877,#876);
#879=CURVE_STYLE('',#43,POSITIVE_LENGTH_MEASURE(2.E-2),#9);
#880=PRESENTATION_STYLE_ASSIGNMENT((#879));
#881=STYLED_ITEM('',(#880),#878);
#882=DIRECTION('',(0.E0,0.E0,1.E0));
#883=VECTOR('',#882,1.5E-1);
#884=CARTESIAN_POINT('',(-8.12E1,8.53600084E0,4.756223518087E0));
#885=LINE('',#884,#883);
#886=CURVE_STYLE('',#43,POSITIVE_LENGTH_MEASURE(2.E-2),#9);
#887=PRESENTATION_STYLE_ASSIGNMENT((#886));
#888=STYLED_ITEM('',(#887),#885);
#889=DIRECTION('',(0.E0,0.E0,1.E0));
#890=VECTOR('',#889,1.5E-1);
#891=CARTESIAN_POINT('',(-8.12E1,4.253600084E1,4.756223518087E0));
#892=LINE('',#891,#890);
#893=CURVE_STYLE('',#43,POSITIVE_LENGTH_MEASURE(2.E-2),#9);
#894=PRESENTATION_STYLE_ASSIGNMENT((#893));
#895=STYLED_ITEM('',(#894),#892);
#896=DIRECTION('',(1.E0,0.E0,0.E0));
#897=VECTOR('',#896,6.75E1);
#898=CARTESIAN_POINT('',(-8.12E1,6.50000244E0,3.18852E0));
#899=LINE('',#898,#897);
#900=CURVE_STYLE('',#43,POSITIVE_LENGTH_MEASURE(2.E-2),#9);
#901=PRESENTATION_STYLE_ASSIGNMENT((#900));
#902=STYLED_ITEM('',(#901),#899);
#903=DIRECTION('',(1.E0,0.E0,0.E0));
#904=VECTOR('',#903,7.E1);
#905=CARTESIAN_POINT('',(-8.37E1,6.50000244E0,1.18852E0));
#906=LINE('',#905,#904);
#907=CURVE_STYLE('',#43,POSITIVE_LENGTH_MEASURE(2.E-2),#9);
#908=PRESENTATION_STYLE_ASSIGNMENT((#907));
#909=STYLED_ITEM('',(#908),#906);
#910=DIRECTION('',(1.E0,0.E0,0.E0));
#911=VECTOR('',#910,5.E-1);
#912=CARTESIAN_POINT('',(-8.42E1,5.100000244E1,3.18852E0));
#913=LINE('',#912,#911);
#914=CURVE_STYLE('',#43,POSITIVE_LENGTH_MEASURE(2.E-2),#9);
#915=PRESENTATION_STYLE_ASSIGNMENT((#914));
#916=STYLED_ITEM('',(#915),#913);
#917=DIRECTION('',(0.E0,1.E0,0.E0));
#918=VECTOR('',#917,4.5E0);
#919=CARTESIAN_POINT('',(-8.37E1,5.100000244E1,3.18852E0));
#920=LINE('',#919,#918);
#921=CURVE_STYLE('',#43,POSITIVE_LENGTH_MEASURE(2.E-2),#9);
#922=PRESENTATION_STYLE_ASSIGNMENT((#921));
#923=STYLED_ITEM('',(#922),#920);
#924=DIRECTION('',(1.E0,0.E0,0.E0));
#925=VECTOR('',#924,8.2E1);
#926=CARTESIAN_POINT('',(-8.37E1,5.550000244E1,3.18852E0));
#927=LINE('',#926,#925);
#928=CURVE_STYLE('',#43,POSITIVE_LENGTH_MEASURE(2.E-2),#9);
#929=PRESENTATION_STYLE_ASSIGNMENT((#928));
#930=STYLED_ITEM('',(#929),#927);
#931=DIRECTION('',(0.E0,-1.E0,0.E0));
#932=VECTOR('',#931,5.35E1);
#933=CARTESIAN_POINT('',(-1.7E0,5.550000244E1,3.18852E0));
#934=LINE('',#933,#932);
#935=CURVE_STYLE('',#43,POSITIVE_LENGTH_MEASURE(2.E-2),#9);
#936=PRESENTATION_STYLE_ASSIGNMENT((#935));
#937=STYLED_ITEM('',(#936),#934);
#938=DIRECTION('',(-1.E0,0.E0,0.E0));
#939=VECTOR('',#938,8.2E1);
#940=CARTESIAN_POINT('',(-1.7E0,2.00000244E0,3.18852E0));
#941=LINE('',#940,#939);
#942=CURVE_STYLE('',#43,POSITIVE_LENGTH_MEASURE(2.E-2),#9);
#943=PRESENTATION_STYLE_ASSIGNMENT((#942));
#944=STYLED_ITEM('',(#943),#941);
#945=DIRECTION('',(0.E0,1.E0,0.E0));
#946=VECTOR('',#945,4.5E0);
#947=CARTESIAN_POINT('',(-8.37E1,2.00000244E0,3.18852E0));
#948=LINE('',#947,#946);
#949=CURVE_STYLE('',#43,POSITIVE_LENGTH_MEASURE(2.E-2),#9);
#950=PRESENTATION_STYLE_ASSIGNMENT((#949));
#951=STYLED_ITEM('',(#950),#948);
#952=DIRECTION('',(1.E0,0.E0,0.E0));
#953=VECTOR('',#952,5.E-1);
#954=CARTESIAN_POINT('',(-8.42E1,6.50000244E0,3.18852E0));
#955=LINE('',#954,#953);
#956=CURVE_STYLE('',#43,POSITIVE_LENGTH_MEASURE(2.E-2),#9);
#957=PRESENTATION_STYLE_ASSIGNMENT((#956));
#958=STYLED_ITEM('',(#957),#955);
#959=DIRECTION('',(0.E0,0.E0,1.E0));
#960=VECTOR('',#959,2.E0);
#961=CARTESIAN_POINT('',(-8.37E1,5.550000244E1,1.18852E0));
#962=LINE('',#961,#960);
#963=CURVE_STYLE('',#43,POSITIVE_LENGTH_MEASURE(2.E-2),#9);
#964=PRESENTATION_STYLE_ASSIGNMENT((#963));
#965=STYLED_ITEM('',(#964),#962);
#966=DIRECTION('',(0.E0,0.E0,1.E0));
#967=VECTOR('',#966,2.E0);
#968=CARTESIAN_POINT('',(-1.7E0,5.550000244E1,1.18852E0));
#969=LINE('',#968,#967);
#970=CURVE_STYLE('',#43,POSITIVE_LENGTH_MEASURE(2.E-2),#9);
#971=PRESENTATION_STYLE_ASSIGNMENT((#970));
#972=STYLED_ITEM('',(#971),#969);
#973=DIRECTION('',(0.E0,0.E0,1.E0));
#974=VECTOR('',#973,2.E0);
#975=CARTESIAN_POINT('',(-1.7E0,2.00000244E0,1.18852E0));
#976=LINE('',#975,#974);
#977=CURVE_STYLE('',#43,POSITIVE_LENGTH_MEASURE(2.E-2),#9);
#978=PRESENTATION_STYLE_ASSIGNMENT((#977));
#979=STYLED_ITEM('',(#978),#976);
#980=DIRECTION('',(-1.E0,0.E0,0.E0));
#981=VECTOR('',#980,9.346255225031E-1);
#982=CARTESIAN_POINT('',(-3.632287878748E0,2.00000244E0,1.18852E0));
#983=LINE('',#982,#981);
#984=CURVE_STYLE('',#43,POSITIVE_LENGTH_MEASURE(2.E-2),#9);
#985=PRESENTATION_STYLE_ASSIGNMENT((#984));
#986=STYLED_ITEM('',(#985),#983);
#987=DIRECTION('',(-1.E0,0.E0,0.E0));
#988=VECTOR('',#987,9.346255225030E-1);
#989=CARTESIAN_POINT('',(-8.143228975875E1,2.00000244E0,1.18852E0));
#990=LINE('',#989,#988);
#991=CURVE_STYLE('',#43,POSITIVE_LENGTH_MEASURE(2.E-2),#9);
#992=PRESENTATION_STYLE_ASSIGNMENT((#991));
#993=STYLED_ITEM('',(#992),#990);
#994=DIRECTION('',(0.E0,-1.E0,0.E0));
#995=VECTOR('',#994,2.350371328971E0);
#996=CARTESIAN_POINT('',(-8.37E1,5.273785544486E0,1.18852E0));
#997=LINE('',#996,#995);
#998=CURVE_STYLE('',#43,POSITIVE_LENGTH_MEASURE(2.E-2),#9);
#999=PRESENTATION_STYLE_ASSIGNMENT((#998));
#1000=STYLED_ITEM('',(#999),#997);
#1001=DIRECTION('',(1.E0,0.E0,0.E0));
#1002=VECTOR('',#1001,9.611623569191E-1);
#1003=CARTESIAN_POINT('',(-8.238018369846E1,5.100000244E1,1.18852E0));
#1004=LINE('',#1003,#1002);
#1005=CURVE_STYLE('',#43,POSITIVE_LENGTH_MEASURE(2.E-2),#9);
#1006=PRESENTATION_STYLE_ASSIGNMENT((#1005));
#1007=STYLED_ITEM('',(#1006),#1004);
#1008=DIRECTION('',(0.E0,-1.E0,0.E0));
#1009=VECTOR('',#1008,2.350371328971E0);
#1010=CARTESIAN_POINT('',(-8.37E1,5.427078686449E1,1.18852E0));
#1011=LINE('',#1010,#1009);
#1012=CURVE_STYLE('',#43,POSITIVE_LENGTH_MEASURE(2.E-2),#9);
#1013=PRESENTATION_STYLE_ASSIGNMENT((#1012));
#1014=STYLED_ITEM('',(#1013),#1011);
#1015=CARTESIAN_POINT('',(-4.09960064E0,5.30956012E1,1.18852E0));
#1016=DIRECTION('',(0.E0,0.E0,-1.E0));
#1017=DIRECTION('',(1.E0,0.E0,0.E0));
#1018=AXIS2_PLACEMENT_3D('',#1015,#1016,#1017);
#1020=CURVE_STYLE('',#43,POSITIVE_LENGTH_MEASURE(2.E-2),#9);
#1021=PRESENTATION_STYLE_ASSIGNMENT((#1020));
#1022=STYLED_ITEM('',(#1021),#1019);
#1023=DIRECTION('',(0.E0,0.E0,1.E0));
#1024=VECTOR('',#1023,1.6E0);
#1025=CARTESIAN_POINT('',(-6.24959888E0,5.30956012E1,-4.1148E-1));
#1026=LINE('',#1025,#1024);
#1027=CURVE_STYLE('',#43,POSITIVE_LENGTH_MEASURE(2.E-2),#9);
#1028=PRESENTATION_STYLE_ASSIGNMENT((#1027));
#1029=STYLED_ITEM('',(#1028),#1026);
#1030=CARTESIAN_POINT('',(-4.09960064E0,5.30956012E1,-4.1148E-1));
#1031=DIRECTION('',(0.E0,0.E0,-1.E0));
#1032=DIRECTION('',(1.E0,0.E0,0.E0));
#1033=AXIS2_PLACEMENT_3D('',#1030,#1031,#1032);
#1035=CURVE_STYLE('',#43,POSITIVE_LENGTH_MEASURE(2.E-2),#9);
#1036=PRESENTATION_STYLE_ASSIGNMENT((#1035));
#1037=STYLED_ITEM('',(#1036),#1034);
#1038=CARTESIAN_POINT('',(-4.09960064E0,5.30956012E1,1.18852E0));
#1039=DIRECTION('',(0.E0,0.E0,-1.E0));
#1040=DIRECTION('',(-1.E0,0.E0,0.E0));
#1041=AXIS2_PLACEMENT_3D('',#1038,#1039,#1040);
#1043=CURVE_STYLE('',#43,POSITIVE_LENGTH_MEASURE(2.E-2),#9);
#1044=PRESENTATION_STYLE_ASSIGNMENT((#1043));
#1045=STYLED_ITEM('',(#1044),#1042);
#1046=DIRECTION('',(0.E0,0.E0,1.E0));
#1047=VECTOR('',#1046,1.6E0);
#1048=CARTESIAN_POINT('',(-1.9496024E0,5.30956012E1,-4.1148E-1));
#1049=LINE('',#1048,#1047);
#1050=CURVE_STYLE('',#43,POSITIVE_LENGTH_MEASURE(2.E-2),#9);
#1051=PRESENTATION_STYLE_ASSIGNMENT((#1050));
#1052=STYLED_ITEM('',(#1051),#1049);
#1053=CARTESIAN_POINT('',(-4.09960064E0,5.30956012E1,-4.1148E-1));
#1054=DIRECTION('',(0.E0,0.E0,-1.E0));
#1055=DIRECTION('',(-1.E0,0.E0,0.E0));
#1056=AXIS2_PLACEMENT_3D('',#1053,#1054,#1055);
#1058=CURVE_STYLE('',#43,POSITIVE_LENGTH_MEASURE(2.E-2),#9);
#1059=PRESENTATION_STYLE_ASSIGNMENT((#1058));
#1060=STYLED_ITEM('',(#1059),#1057);
#1061=CARTESIAN_POINT('',(-4.09960064E0,5.30956012E1,-4.1148E-1));
#1062=DIRECTION('',(0.E0,0.E0,1.E0));
#1063=DIRECTION('',(-1.E0,0.E0,0.E0));
#1064=AXIS2_PLACEMENT_3D('',#1061,#1062,#1063);
#1066=CURVE_STYLE('',#43,POSITIVE_LENGTH_MEASURE(2.E-2),#9);
#1067=PRESENTATION_STYLE_ASSIGNMENT((#1066));
#1068=STYLED_ITEM('',(#1067),#1065);
#1069=CARTESIAN_POINT('',(-4.09960064E0,5.30956012E1,-4.1148E-1));
#1070=DIRECTION('',(0.E0,0.E0,1.E0));
#1071=DIRECTION('',(1.E0,0.E0,0.E0));
#1072=AXIS2_PLACEMENT_3D('',#1069,#1070,#1071);
#1074=CURVE_STYLE('',#43,POSITIVE_LENGTH_MEASURE(2.E-2),#9);
#1075=PRESENTATION_STYLE_ASSIGNMENT((#1074));
#1076=STYLED_ITEM('',(#1075),#1073);
#1077=CARTESIAN_POINT('',(-8.189960252E1,5.30956012E1,-4.1148E-1));
#1078=DIRECTION('',(0.E0,0.E0,1.E0));
#1079=DIRECTION('',(-1.E0,0.E0,0.E0));
#1080=AXIS2_PLACEMENT_3D('',#1077,#1078,#1079);
#1082=CURVE_STYLE('',#43,POSITIVE_LENGTH_MEASURE(2.E-2),#9);
#1083=PRESENTATION_STYLE_ASSIGNMENT((#1082));
#1084=STYLED_ITEM('',(#1083),#1081);
#1085=CARTESIAN_POINT('',(-8.189960252E1,5.30956012E1,-4.1148E-1));
#1086=DIRECTION('',(0.E0,0.E0,1.E0));
#1087=DIRECTION('',(1.E0,0.E0,0.E0));
#1088=AXIS2_PLACEMENT_3D('',#1085,#1086,#1087);
#1090=CURVE_STYLE('',#43,POSITIVE_LENGTH_MEASURE(2.E-2),#9);
#1091=PRESENTATION_STYLE_ASSIGNMENT((#1090));
#1092=STYLED_ITEM('',(#1091),#1089);
#1093=CARTESIAN_POINT('',(-8.189960252E1,4.09859988E0,-4.1148E-1));
#1094=DIRECTION('',(0.E0,0.E0,1.E0));
#1095=DIRECTION('',(-1.E0,0.E0,0.E0));
#1096=AXIS2_PLACEMENT_3D('',#1093,#1094,#1095);
#1098=CURVE_STYLE('',#43,POSITIVE_LENGTH_MEASURE(2.E-2),#9);
#1099=PRESENTATION_STYLE_ASSIGNMENT((#1098));
#1100=STYLED_ITEM('',(#1099),#1097);
#1101=CARTESIAN_POINT('',(-8.189960252E1,4.09859988E0,-4.1148E-1));
#1102=DIRECTION('',(0.E0,0.E0,1.E0));
#1103=DIRECTION('',(1.E0,0.E0,0.E0));
#1104=AXIS2_PLACEMENT_3D('',#1101,#1102,#1103);
#1106=CURVE_STYLE('',#43,POSITIVE_LENGTH_MEASURE(2.E-2),#9);
#1107=PRESENTATION_STYLE_ASSIGNMENT((#1106));
#1108=STYLED_ITEM('',(#1107),#1105);
#1109=CARTESIAN_POINT('',(-4.09960064E0,4.09859988E0,-4.1148E-1));
#1110=DIRECTION('',(0.E0,0.E0,1.E0));
#1111=DIRECTION('',(-1.E0,0.E0,0.E0));
#1112=AXIS2_PLACEMENT_3D('',#1109,#1110,#1111);
#1114=CURVE_STYLE('',#43,POSITIVE_LENGTH_MEASURE(2.E-2),#9);
#1115=PRESENTATION_STYLE_ASSIGNMENT((#1114));
#1116=STYLED_ITEM('',(#1115),#1113);
#1117=CARTESIAN_POINT('',(-4.09960064E0,4.09859988E0,-4.1148E-1));
#1118=DIRECTION('',(0.E0,0.E0,1.E0));
#1119=DIRECTION('',(1.E0,0.E0,0.E0));
#1120=AXIS2_PLACEMENT_3D('',#1117,#1118,#1119);
#1122=CURVE_STYLE('',#43,POSITIVE_LENGTH_MEASURE(2.E-2),#9);
#1123=PRESENTATION_STYLE_ASSIGNMENT((#1122));
#1124=STYLED_ITEM('',(#1123),#1121);
#1125=DIRECTION('',(0.E0,0.E0,-1.E0));
#1126=VECTOR('',#1125,4.E0);
#1127=CARTESIAN_POINT('',(-5.34960064E0,5.30956012E1,-4.1148E-1));
#1128=LINE('',#1127,#1126);
#1129=CURVE_STYLE('',#43,POSITIVE_LENGTH_MEASURE(2.E-2),#9);
#1130=PRESENTATION_STYLE_ASSIGNMENT((#1129));
#1131=STYLED_ITEM('',(#1130),#1128);
#1132=DIRECTION('',(0.E0,0.E0,-1.E0));
#1133=VECTOR('',#1132,4.E0);
#1134=CARTESIAN_POINT('',(-2.84960064E0,5.30956012E1,-4.1148E-1));
#1135=LINE('',#1134,#1133);
#1136=CURVE_STYLE('',#43,POSITIVE_LENGTH_MEASURE(2.E-2),#9);
#1137=PRESENTATION_STYLE_ASSIGNMENT((#1136));
#1138=STYLED_ITEM('',(#1137),#1135);
#1139=CARTESIAN_POINT('',(-4.09960064E0,5.30956012E1,-4.41148E0));
#1140=DIRECTION('',(0.E0,0.E0,1.E0));
#1141=DIRECTION('',(-1.E0,0.E0,0.E0));
#1142=AXIS2_PLACEMENT_3D('',#1139,#1140,#1141);
#1144=CURVE_STYLE('',#43,POSITIVE_LENGTH_MEASURE(2.E-2),#9);
#1145=PRESENTATION_STYLE_ASSIGNMENT((#1144));
#1146=STYLED_ITEM('',(#1145),#1143);
#1147=CARTESIAN_POINT('',(-4.09960064E0,5.30956012E1,-4.41148E0));
#1148=DIRECTION('',(0.E0,0.E0,1.E0));
#1149=DIRECTION('',(1.E0,0.E0,0.E0));
#1150=AXIS2_PLACEMENT_3D('',#1147,#1148,#1149);
#1152=CURVE_STYLE('',#43,POSITIVE_LENGTH_MEASURE(2.E-2),#9);
#1153=PRESENTATION_STYLE_ASSIGNMENT((#1152));
#1154=STYLED_ITEM('',(#1153),#1151);
#1155=CARTESIAN_POINT('',(-4.09960064E0,5.30956012E1,-4.41148E0));
#1156=DIRECTION('',(0.E0,0.E0,-1.E0));
#1157=DIRECTION('',(-1.E0,0.E0,0.E0));
#1158=AXIS2_PLACEMENT_3D('',#1155,#1156,#1157);
#1160=CURVE_STYLE('',#43,POSITIVE_LENGTH_MEASURE(2.E-2),#9);
#1161=PRESENTATION_STYLE_ASSIGNMENT((#1160));
#1162=STYLED_ITEM('',(#1161),#1159);
#1163=CARTESIAN_POINT('',(-4.09960064E0,5.30956012E1,-4.41148E0));
#1164=DIRECTION('',(0.E0,0.E0,-1.E0));
#1165=DIRECTION('',(1.E0,0.E0,0.E0));
#1166=AXIS2_PLACEMENT_3D('',#1163,#1164,#1165);
#1168=CURVE_STYLE('',#43,POSITIVE_LENGTH_MEASURE(2.E-2),#9);
#1169=PRESENTATION_STYLE_ASSIGNMENT((#1168));
#1170=STYLED_ITEM('',(#1169),#1167);
#1171=CARTESIAN_POINT('',(-8.189960252E1,5.30956012E1,-4.41148E0));
#1172=DIRECTION('',(0.E0,0.E0,1.E0));
#1173=DIRECTION('',(-1.E0,0.E0,0.E0));
#1174=AXIS2_PLACEMENT_3D('',#1171,#1172,#1173);
#1176=CURVE_STYLE('',#43,POSITIVE_LENGTH_MEASURE(2.E-2),#9);
#1177=PRESENTATION_STYLE_ASSIGNMENT((#1176));
#1178=STYLED_ITEM('',(#1177),#1175);
#1179=CARTESIAN_POINT('',(-8.189960252E1,5.30956012E1,-4.41148E0));
#1180=DIRECTION('',(0.E0,0.E0,1.E0));
#1181=DIRECTION('',(1.E0,0.E0,0.E0));
#1182=AXIS2_PLACEMENT_3D('',#1179,#1180,#1181);
#1184=CURVE_STYLE('',#43,POSITIVE_LENGTH_MEASURE(2.E-2),#9);
#1185=PRESENTATION_STYLE_ASSIGNMENT((#1184));
#1186=STYLED_ITEM('',(#1185),#1183);
#1187=CARTESIAN_POINT('',(-8.189960252E1,5.30956012E1,-4.41148E0));
#1188=DIRECTION('',(0.E0,0.E0,-1.E0));
#1189=DIRECTION('',(-1.E0,0.E0,0.E0));
#1190=AXIS2_PLACEMENT_3D('',#1187,#1188,#1189);
#1192=CURVE_STYLE('',#43,POSITIVE_LENGTH_MEASURE(2.E-2),#9);
#1193=PRESENTATION_STYLE_ASSIGNMENT((#1192));
#1194=STYLED_ITEM('',(#1193),#1191);
#1195=CARTESIAN_POINT('',(-8.189960252E1,5.30956012E1,-4.41148E0));
#1196=DIRECTION('',(0.E0,0.E0,-1.E0));
#1197=DIRECTION('',(1.E0,0.E0,0.E0));
#1198=AXIS2_PLACEMENT_3D('',#1195,#1196,#1197);
#1200=CURVE_STYLE('',#43,POSITIVE_LENGTH_MEASURE(2.E-2),#9);
#1201=PRESENTATION_STYLE_ASSIGNMENT((#1200));
#1202=STYLED_ITEM('',(#1201),#1199);
#1203=CARTESIAN_POINT('',(-8.189960252E1,4.09859988E0,-4.41148E0));
#1204=DIRECTION('',(0.E0,0.E0,1.E0));
#1205=DIRECTION('',(-1.E0,0.E0,0.E0));
#1206=AXIS2_PLACEMENT_3D('',#1203,#1204,#1205);
#1208=CURVE_STYLE('',#43,POSITIVE_LENGTH_MEASURE(2.E-2),#9);
#1209=PRESENTATION_STYLE_ASSIGNMENT((#1208));
#1210=STYLED_ITEM('',(#1209),#1207);
#1211=CARTESIAN_POINT('',(-8.189960252E1,4.09859988E0,-4.41148E0));
#1212=DIRECTION('',(0.E0,0.E0,1.E0));
#1213=DIRECTION('',(1.E0,0.E0,0.E0));
#1214=AXIS2_PLACEMENT_3D('',#1211,#1212,#1213);
#1216=CURVE_STYLE('',#43,POSITIVE_LENGTH_MEASURE(2.E-2),#9);
#1217=PRESENTATION_STYLE_ASSIGNMENT((#1216));
#1218=STYLED_ITEM('',(#1217),#1215);
#1219=CARTESIAN_POINT('',(-8.189960252E1,4.09859988E0,-4.41148E0));
#1220=DIRECTION('',(0.E0,0.E0,-1.E0));
#1221=DIRECTION('',(-1.E0,0.E0,0.E0));
#1222=AXIS2_PLACEMENT_3D('',#1219,#1220,#1221);
#1224=CURVE_STYLE('',#43,POSITIVE_LENGTH_MEASURE(2.E-2),#9);
#1225=PRESENTATION_STYLE_ASSIGNMENT((#1224));
#1226=STYLED_ITEM('',(#1225),#1223);
#1227=CARTESIAN_POINT('',(-8.189960252E1,4.09859988E0,-4.41148E0));
#1228=DIRECTION('',(0.E0,0.E0,-1.E0));
#1229=DIRECTION('',(1.E0,0.E0,0.E0));
#1230=AXIS2_PLACEMENT_3D('',#1227,#1228,#1229);
#1232=CURVE_STYLE('',#43,POSITIVE_LENGTH_MEASURE(2.E-2),#9);
#1233=PRESENTATION_STYLE_ASSIGNMENT((#1232));
#1234=STYLED_ITEM('',(#1233),#1231);
#1235=CARTESIAN_POINT('',(-4.09960064E0,4.09859988E0,-4.41148E0));
#1236=DIRECTION('',(0.E0,0.E0,1.E0));
#1237=DIRECTION('',(-1.E0,0.E0,0.E0));
#1238=AXIS2_PLACEMENT_3D('',#1235,#1236,#1237);
#1240=CURVE_STYLE('',#43,POSITIVE_LENGTH_MEASURE(2.E-2),#9);
#1241=PRESENTATION_STYLE_ASSIGNMENT((#1240));
#1242=STYLED_ITEM('',(#1241),#1239);
#1243=CARTESIAN_POINT('',(-4.09960064E0,4.09859988E0,-4.41148E0));
#1244=DIRECTION('',(0.E0,0.E0,1.E0));
#1245=DIRECTION('',(1.E0,0.E0,0.E0));
#1246=AXIS2_PLACEMENT_3D('',#1243,#1244,#1245);
#1248=CURVE_STYLE('',#43,POSITIVE_LENGTH_MEASURE(2.E-2),#9);
#1249=PRESENTATION_STYLE_ASSIGNMENT((#1248));
#1250=STYLED_ITEM('',(#1249),#1247);
#1251=CARTESIAN_POINT('',(-4.09960064E0,4.09859988E0,-4.41148E0));
#1252=DIRECTION('',(0.E0,0.E0,-1.E0));
#1253=DIRECTION('',(-1.E0,0.E0,0.E0));
#1254=AXIS2_PLACEMENT_3D('',#1251,#1252,#1253);
#1256=CURVE_STYLE('',#43,POSITIVE_LENGTH_MEASURE(2.E-2),#9);
#1257=PRESENTATION_STYLE_ASSIGNMENT((#1256));
#1258=STYLED_ITEM('',(#1257),#1255);
#1259=CARTESIAN_POINT('',(-4.09960064E0,4.09859988E0,-4.41148E0));
#1260=DIRECTION('',(0.E0,0.E0,-1.E0));
#1261=DIRECTION('',(1.E0,0.E0,0.E0));
#1262=AXIS2_PLACEMENT_3D('',#1259,#1260,#1261);
#1264=CURVE_STYLE('',#43,POSITIVE_LENGTH_MEASURE(2.E-2),#9);
#1265=PRESENTATION_STYLE_ASSIGNMENT((#1264));
#1266=STYLED_ITEM('',(#1265),#1263);
#1267=DIRECTION('',(0.E0,0.E0,-1.E0));
#1268=VECTOR('',#1267,4.E0);
#1269=CARTESIAN_POINT('',(-6.84960064E0,5.30956012E1,-4.1148E-1));
#1270=LINE('',#1269,#1268);
#1271=CURVE_STYLE('',#43,POSITIVE_LENGTH_MEASURE(2.E-2),#9);
#1272=PRESENTATION_STYLE_ASSIGNMENT((#1271));
#1273=STYLED_ITEM('',(#1272),#1270);
#1274=DIRECTION('',(0.E0,0.E0,-1.E0));
#1275=VECTOR('',#1274,4.E0);
#1276=CARTESIAN_POINT('',(-1.34960064E0,5.30956012E1,-4.1148E-1));
#1277=LINE('',#1276,#1275);
#1278=CURVE_STYLE('',#43,POSITIVE_LENGTH_MEASURE(2.E-2),#9);
#1279=PRESENTATION_STYLE_ASSIGNMENT((#1278));
#1280=STYLED_ITEM('',(#1279),#1277);
#1281=DIRECTION('',(0.E0,0.E0,-1.E0));
#1282=VECTOR('',#1281,4.E0);
#1283=CARTESIAN_POINT('',(-8.314960252E1,5.30956012E1,-4.1148E-1));
#1284=LINE('',#1283,#1282);
#1285=CURVE_STYLE('',#43,POSITIVE_LENGTH_MEASURE(2.E-2),#9);
#1286=PRESENTATION_STYLE_ASSIGNMENT((#1285));
#1287=STYLED_ITEM('',(#1286),#1284);
#1288=DIRECTION('',(0.E0,0.E0,-1.E0));
#1289=VECTOR('',#1288,4.E0);
#1290=CARTESIAN_POINT('',(-8.064960252E1,5.30956012E1,-4.1148E-1));
#1291=LINE('',#1290,#1289);
#1292=CURVE_STYLE('',#43,POSITIVE_LENGTH_MEASURE(2.E-2),#9);
#1293=PRESENTATION_STYLE_ASSIGNMENT((#1292));
#1294=STYLED_ITEM('',(#1293),#1291);
#1295=DIRECTION('',(0.E0,0.E0,-1.E0));
#1296=VECTOR('',#1295,4.E0);
#1297=CARTESIAN_POINT('',(-8.464960252E1,5.30956012E1,-4.1148E-1));
#1298=LINE('',#1297,#1296);
#1299=CURVE_STYLE('',#43,POSITIVE_LENGTH_MEASURE(2.E-2),#9);
#1300=PRESENTATION_STYLE_ASSIGNMENT((#1299));
#1301=STYLED_ITEM('',(#1300),#1298);
#1302=DIRECTION('',(0.E0,0.E0,-1.E0));
#1303=VECTOR('',#1302,4.E0);
#1304=CARTESIAN_POINT('',(-7.914960252E1,5.30956012E1,-4.1148E-1));
#1305=LINE('',#1304,#1303);
#1306=CURVE_STYLE('',#43,POSITIVE_LENGTH_MEASURE(2.E-2),#9);
#1307=PRESENTATION_STYLE_ASSIGNMENT((#1306));
#1308=STYLED_ITEM('',(#1307),#1305);
#1309=DIRECTION('',(0.E0,0.E0,-1.E0));
#1310=VECTOR('',#1309,4.E0);
#1311=CARTESIAN_POINT('',(-8.314960252E1,4.09859988E0,-4.1148E-1));
#1312=LINE('',#1311,#1310);
#1313=CURVE_STYLE('',#43,POSITIVE_LENGTH_MEASURE(2.E-2),#9);
#1314=PRESENTATION_STYLE_ASSIGNMENT((#1313));
#1315=STYLED_ITEM('',(#1314),#1312);
#1316=DIRECTION('',(0.E0,0.E0,-1.E0));
#1317=VECTOR('',#1316,4.E0);
#1318=CARTESIAN_POINT('',(-8.064960252E1,4.09859988E0,-4.1148E-1));
#1319=LINE('',#1318,#1317);
#1320=CURVE_STYLE('',#43,POSITIVE_LENGTH_MEASURE(2.E-2),#9);
#1321=PRESENTATION_STYLE_ASSIGNMENT((#1320));
#1322=STYLED_ITEM('',(#1321),#1319);
#1323=DIRECTION('',(0.E0,0.E0,-1.E0));
#1324=VECTOR('',#1323,4.E0);
#1325=CARTESIAN_POINT('',(-8.464960252E1,4.09859988E0,-4.1148E-1));
#1326=LINE('',#1325,#1324);
#1327=CURVE_STYLE('',#43,POSITIVE_LENGTH_MEASURE(2.E-2),#9);
#1328=PRESENTATION_STYLE_ASSIGNMENT((#1327));
#1329=STYLED_ITEM('',(#1328),#1326);
#1330=DIRECTION('',(0.E0,0.E0,-1.E0));
#1331=VECTOR('',#1330,4.E0);
#1332=CARTESIAN_POINT('',(-7.914960252E1,4.09859988E0,-4.1148E-1));
#1333=LINE('',#1332,#1331);
#1334=CURVE_STYLE('',#43,POSITIVE_LENGTH_MEASURE(2.E-2),#9);
#1335=PRESENTATION_STYLE_ASSIGNMENT((#1334));
#1336=STYLED_ITEM('',(#1335),#1333);
#1337=DIRECTION('',(0.E0,0.E0,-1.E0));
#1338=VECTOR('',#1337,4.E0);
#1339=CARTESIAN_POINT('',(-5.34960064E0,4.09859988E0,-4.1148E-1));
#1340=LINE('',#1339,#1338);
#1341=CURVE_STYLE('',#43,POSITIVE_LENGTH_MEASURE(2.E-2),#9);
#1342=PRESENTATION_STYLE_ASSIGNMENT((#1341));
#1343=STYLED_ITEM('',(#1342),#1340);
#1344=DIRECTION('',(0.E0,0.E0,-1.E0));
#1345=VECTOR('',#1344,4.E0);
#1346=CARTESIAN_POINT('',(-2.84960064E0,4.09859988E0,-4.1148E-1));
#1347=LINE('',#1346,#1345);
#1348=CURVE_STYLE('',#43,POSITIVE_LENGTH_MEASURE(2.E-2),#9);
#1349=PRESENTATION_STYLE_ASSIGNMENT((#1348));
#1350=STYLED_ITEM('',(#1349),#1347);
#1351=DIRECTION('',(0.E0,0.E0,-1.E0));
#1352=VECTOR('',#1351,4.E0);
#1353=CARTESIAN_POINT('',(-6.84960064E0,4.09859988E0,-4.1148E-1));
#1354=LINE('',#1353,#1352);
#1355=CURVE_STYLE('',#43,POSITIVE_LENGTH_MEASURE(2.E-2),#9);
#1356=PRESENTATION_STYLE_ASSIGNMENT((#1355));
#1357=STYLED_ITEM('',(#1356),#1354);
#1358=DIRECTION('',(0.E0,0.E0,-1.E0));
#1359=VECTOR('',#1358,4.E0);
#1360=CARTESIAN_POINT('',(-1.34960064E0,4.09859988E0,-4.1148E-1));
#1361=LINE('',#1360,#1359);
#1362=CURVE_STYLE('',#43,POSITIVE_LENGTH_MEASURE(2.E-2),#9);
#1363=PRESENTATION_STYLE_ASSIGNMENT((#1362));
#1364=STYLED_ITEM('',(#1363),#1361);
#1365=CARTESIAN_POINT('',(-8.189960252E1,5.30956012E1,1.18852E0));
#1366=DIRECTION('',(0.E0,0.E0,-1.E0));
#1367=DIRECTION('',(2.235263124957E-1,-9.746978955667E-1,0.E0));
#1368=AXIS2_PLACEMENT_3D('',#1365,#1366,#1367);
#1370=CURVE_STYLE('',#43,POSITIVE_LENGTH_MEASURE(2.E-2),#9);
#1371=PRESENTATION_STYLE_ASSIGNMENT((#1370));
#1372=STYLED_ITEM('',(#1371),#1369);
#1373=CARTESIAN_POINT('',(-8.189960252E1,5.30956012E1,1.18852E0));
#1374=DIRECTION('',(0.E0,0.E0,-1.E0));
#1375=DIRECTION('',(-2.235263124957E-1,-9.746978955667E-1,0.E0));
#1376=AXIS2_PLACEMENT_3D('',#1373,#1374,#1375);
#1378=CURVE_STYLE('',#43,POSITIVE_LENGTH_MEASURE(2.E-2),#9);
#1379=PRESENTATION_STYLE_ASSIGNMENT((#1378));
#1380=STYLED_ITEM('',(#1379),#1377);
#1381=CARTESIAN_POINT('',(-8.189960252E1,5.30956012E1,1.18852E0));
#1382=DIRECTION('',(0.E0,0.E0,-1.E0));
#1383=DIRECTION('',(-8.373948622395E-1,-5.465984309298E-1,0.E0));
#1384=AXIS2_PLACEMENT_3D('',#1381,#1382,#1383);
#1386=CURVE_STYLE('',#43,POSITIVE_LENGTH_MEASURE(2.E-2),#9);
#1387=PRESENTATION_STYLE_ASSIGNMENT((#1386));
#1388=STYLED_ITEM('',(#1387),#1385);
#1389=DIRECTION('',(0.E0,0.E0,1.E0));
#1390=VECTOR('',#1389,1.6E0);
#1391=CARTESIAN_POINT('',(-8.404960076E1,5.30956012E1,-4.1148E-1));
#1392=LINE('',#1391,#1390);
#1393=CURVE_STYLE('',#43,POSITIVE_LENGTH_MEASURE(2.E-2),#9);
#1394=PRESENTATION_STYLE_ASSIGNMENT((#1393));
#1395=STYLED_ITEM('',(#1394),#1392);
#1396=CARTESIAN_POINT('',(-8.189960252E1,5.30956012E1,-4.1148E-1));
#1397=DIRECTION('',(0.E0,0.E0,-1.E0));
#1398=DIRECTION('',(1.E0,0.E0,0.E0));
#1399=AXIS2_PLACEMENT_3D('',#1396,#1397,#1398);
#1401=CURVE_STYLE('',#43,POSITIVE_LENGTH_MEASURE(2.E-2),#9);
#1402=PRESENTATION_STYLE_ASSIGNMENT((#1401));
#1403=STYLED_ITEM('',(#1402),#1400);
#1404=CARTESIAN_POINT('',(-8.189960252E1,5.30956012E1,1.18852E0));
#1405=DIRECTION('',(0.E0,0.E0,-1.E0));
#1406=DIRECTION('',(1.E0,0.E0,0.E0));
#1407=AXIS2_PLACEMENT_3D('',#1404,#1405,#1406);
#1409=CURVE_STYLE('',#43,POSITIVE_LENGTH_MEASURE(2.E-2),#9);
#1410=PRESENTATION_STYLE_ASSIGNMENT((#1409));
#1411=STYLED_ITEM('',(#1410),#1408);
#1412=CARTESIAN_POINT('',(-8.189960252E1,5.30956012E1,1.18852E0));
#1413=DIRECTION('',(0.E0,0.E0,-1.E0));
#1414=DIRECTION('',(-1.E0,0.E0,0.E0));
#1415=AXIS2_PLACEMENT_3D('',#1412,#1413,#1414);
#1417=CURVE_STYLE('',#43,POSITIVE_LENGTH_MEASURE(2.E-2),#9);
#1418=PRESENTATION_STYLE_ASSIGNMENT((#1417));
#1419=STYLED_ITEM('',(#1418),#1416);
#1420=CARTESIAN_POINT('',(-8.189960252E1,5.30956012E1,1.18852E0));
#1421=DIRECTION('',(0.E0,0.E0,-1.E0));
#1422=DIRECTION('',(-8.373948622395E-1,5.465984309297E-1,0.E0));
#1423=AXIS2_PLACEMENT_3D('',#1420,#1421,#1422);
#1425=CURVE_STYLE('',#43,POSITIVE_LENGTH_MEASURE(2.E-2),#9);
#1426=PRESENTATION_STYLE_ASSIGNMENT((#1425));
#1427=STYLED_ITEM('',(#1426),#1424);
#1428=DIRECTION('',(0.E0,0.E0,1.E0));
#1429=VECTOR('',#1428,1.6E0);
#1430=CARTESIAN_POINT('',(-7.974960428E1,5.30956012E1,-4.1148E-1));
#1431=LINE('',#1430,#1429);
#1432=CURVE_STYLE('',#43,POSITIVE_LENGTH_MEASURE(2.E-2),#9);
#1433=PRESENTATION_STYLE_ASSIGNMENT((#1432));
#1434=STYLED_ITEM('',(#1433),#1431);
#1435=CARTESIAN_POINT('',(-8.189960252E1,5.30956012E1,-4.1148E-1));
#1436=DIRECTION('',(0.E0,0.E0,-1.E0));
#1437=DIRECTION('',(-1.E0,0.E0,0.E0));
#1438=AXIS2_PLACEMENT_3D('',#1435,#1436,#1437);
#1440=CURVE_STYLE('',#43,POSITIVE_LENGTH_MEASURE(2.E-2),#9);
#1441=PRESENTATION_STYLE_ASSIGNMENT((#1440));
#1442=STYLED_ITEM('',(#1441),#1439);
#1443=CARTESIAN_POINT('',(-8.189960252E1,4.09859988E0,1.18852E0));
#1444=DIRECTION('',(0.E0,0.E0,-1.E0));
#1445=DIRECTION('',(2.173549506029E-1,-9.760926315921E-1,0.E0));
#1446=AXIS2_PLACEMENT_3D('',#1443,#1444,#1445);
#1448=CURVE_STYLE('',#43,POSITIVE_LENGTH_MEASURE(2.E-2),#9);
#1449=PRESENTATION_STYLE_ASSIGNMENT((#1448));
#1450=STYLED_ITEM('',(#1449),#1447);
#1451=CARTESIAN_POINT('',(-8.189960252E1,4.09859988E0,1.18852E0));
#1452=DIRECTION('',(0.E0,0.E0,-1.E0));
#1453=DIRECTION('',(-2.173549506029E-1,-9.760926315921E-1,0.E0));
#1454=AXIS2_PLACEMENT_3D('',#1451,#1452,#1453);
#1456=CURVE_STYLE('',#43,POSITIVE_LENGTH_MEASURE(2.E-2),#9);
#1457=PRESENTATION_STYLE_ASSIGNMENT((#1456));
#1458=STYLED_ITEM('',(#1457),#1455);
#1459=CARTESIAN_POINT('',(-8.189960252E1,4.09859988E0,1.18852E0));
#1460=DIRECTION('',(0.E0,0.E0,-1.E0));
#1461=DIRECTION('',(-8.373948622395E-1,-5.465984309298E-1,0.E0));
#1462=AXIS2_PLACEMENT_3D('',#1459,#1460,#1461);
#1464=CURVE_STYLE('',#43,POSITIVE_LENGTH_MEASURE(2.E-2),#9);
#1465=PRESENTATION_STYLE_ASSIGNMENT((#1464));
#1466=STYLED_ITEM('',(#1465),#1463);
#1467=DIRECTION('',(0.E0,0.E0,1.E0));
#1468=VECTOR('',#1467,1.6E0);
#1469=CARTESIAN_POINT('',(-8.404960076E1,4.09859988E0,-4.1148E-1));
#1470=LINE('',#1469,#1468);
#1471=CURVE_STYLE('',#43,POSITIVE_LENGTH_MEASURE(2.E-2),#9);
#1472=PRESENTATION_STYLE_ASSIGNMENT((#1471));
#1473=STYLED_ITEM('',(#1472),#1470);
#1474=CARTESIAN_POINT('',(-8.189960252E1,4.09859988E0,-4.1148E-1));
#1475=DIRECTION('',(0.E0,0.E0,-1.E0));
#1476=DIRECTION('',(1.E0,0.E0,0.E0));
#1477=AXIS2_PLACEMENT_3D('',#1474,#1475,#1476);
#1479=CURVE_STYLE('',#43,POSITIVE_LENGTH_MEASURE(2.E-2),#9);
#1480=PRESENTATION_STYLE_ASSIGNMENT((#1479));
#1481=STYLED_ITEM('',(#1480),#1478);
#1482=CARTESIAN_POINT('',(-8.189960252E1,4.09859988E0,1.18852E0));
#1483=DIRECTION('',(0.E0,0.E0,-1.E0));
#1484=DIRECTION('',(1.E0,0.E0,0.E0));
#1485=AXIS2_PLACEMENT_3D('',#1482,#1483,#1484);
#1487=CURVE_STYLE('',#43,POSITIVE_LENGTH_MEASURE(2.E-2),#9);
#1488=PRESENTATION_STYLE_ASSIGNMENT((#1487));
#1489=STYLED_ITEM('',(#1488),#1486);
#1490=CARTESIAN_POINT('',(-8.189960252E1,4.09859988E0,1.18852E0));
#1491=DIRECTION('',(0.E0,0.E0,-1.E0));
#1492=DIRECTION('',(-1.E0,0.E0,0.E0));
#1493=AXIS2_PLACEMENT_3D('',#1490,#1491,#1492);
#1495=CURVE_STYLE('',#43,POSITIVE_LENGTH_MEASURE(2.E-2),#9);
#1496=PRESENTATION_STYLE_ASSIGNMENT((#1495));
#1497=STYLED_ITEM('',(#1496),#1494);
#1498=CARTESIAN_POINT('',(-8.189960252E1,4.09859988E0,1.18852E0));
#1499=DIRECTION('',(0.E0,0.E0,-1.E0));
#1500=DIRECTION('',(-8.373948622395E-1,5.465984309297E-1,0.E0));
#1501=AXIS2_PLACEMENT_3D('',#1498,#1499,#1500);
#1503=CURVE_STYLE('',#43,POSITIVE_LENGTH_MEASURE(2.E-2),#9);
#1504=PRESENTATION_STYLE_ASSIGNMENT((#1503));
#1505=STYLED_ITEM('',(#1504),#1502);
#1506=DIRECTION('',(0.E0,0.E0,1.E0));
#1507=VECTOR('',#1506,1.6E0);
#1508=CARTESIAN_POINT('',(-7.974960428E1,4.09859988E0,-4.1148E-1));
#1509=LINE('',#1508,#1507);
#1510=CURVE_STYLE('',#43,POSITIVE_LENGTH_MEASURE(2.E-2),#9);
#1511=PRESENTATION_STYLE_ASSIGNMENT((#1510));
#1512=STYLED_ITEM('',(#1511),#1509);
#1513=CARTESIAN_POINT('',(-8.189960252E1,4.09859988E0,-4.1148E-1));
#1514=DIRECTION('',(0.E0,0.E0,-1.E0));
#1515=DIRECTION('',(-1.E0,0.E0,0.E0));
#1516=AXIS2_PLACEMENT_3D('',#1513,#1514,#1515);
#1518=CURVE_STYLE('',#43,POSITIVE_LENGTH_MEASURE(2.E-2),#9);
#1519=PRESENTATION_STYLE_ASSIGNMENT((#1518));
#1520=STYLED_ITEM('',(#1519),#1517);
#1521=CARTESIAN_POINT('',(-4.09960064E0,4.09859988E0,1.18852E0));
#1522=DIRECTION('',(0.E0,0.E0,-1.E0));
#1523=DIRECTION('',(2.173549506029E-1,-9.760926315921E-1,0.E0));
#1524=AXIS2_PLACEMENT_3D('',#1521,#1522,#1523);
#1526=CURVE_STYLE('',#43,POSITIVE_LENGTH_MEASURE(2.E-2),#9);
#1527=PRESENTATION_STYLE_ASSIGNMENT((#1526));
#1528=STYLED_ITEM('',(#1527),#1525);
#1529=CARTESIAN_POINT('',(-4.09960064E0,4.09859988E0,1.18852E0));
#1530=DIRECTION('',(0.E0,0.E0,-1.E0));
#1531=DIRECTION('',(-2.173549506029E-1,-9.760926315921E-1,0.E0));
#1532=AXIS2_PLACEMENT_3D('',#1529,#1530,#1531);
#1534=CURVE_STYLE('',#43,POSITIVE_LENGTH_MEASURE(2.E-2),#9);
#1535=PRESENTATION_STYLE_ASSIGNMENT((#1534));
#1536=STYLED_ITEM('',(#1535),#1533);
#1537=DIRECTION('',(0.E0,0.E0,1.E0));
#1538=VECTOR('',#1537,1.6E0);
#1539=CARTESIAN_POINT('',(-6.24959888E0,4.09859988E0,-4.1148E-1));
#1540=LINE('',#1539,#1538);
#1541=CURVE_STYLE('',#43,POSITIVE_LENGTH_MEASURE(2.E-2),#9);
#1542=PRESENTATION_STYLE_ASSIGNMENT((#1541));
#1543=STYLED_ITEM('',(#1542),#1540);
#1544=CARTESIAN_POINT('',(-4.09960064E0,4.09859988E0,-4.1148E-1));
#1545=DIRECTION('',(0.E0,0.E0,-1.E0));
#1546=DIRECTION('',(1.E0,0.E0,0.E0));
#1547=AXIS2_PLACEMENT_3D('',#1544,#1545,#1546);
#1549=CURVE_STYLE('',#43,POSITIVE_LENGTH_MEASURE(2.E-2),#9);
#1550=PRESENTATION_STYLE_ASSIGNMENT((#1549));
#1551=STYLED_ITEM('',(#1550),#1548);
#1552=CARTESIAN_POINT('',(-4.09960064E0,4.09859988E0,1.18852E0));
#1553=DIRECTION('',(0.E0,0.E0,-1.E0));
#1554=DIRECTION('',(1.E0,0.E0,0.E0));
#1555=AXIS2_PLACEMENT_3D('',#1552,#1553,#1554);
#1557=CURVE_STYLE('',#43,POSITIVE_LENGTH_MEASURE(2.E-2),#9);
#1558=PRESENTATION_STYLE_ASSIGNMENT((#1557));
#1559=STYLED_ITEM('',(#1558),#1556);
#1560=CARTESIAN_POINT('',(-4.09960064E0,4.09859988E0,1.18852E0));
#1561=DIRECTION('',(0.E0,0.E0,-1.E0));
#1562=DIRECTION('',(-1.E0,0.E0,0.E0));
#1563=AXIS2_PLACEMENT_3D('',#1560,#1561,#1562);
#1565=CURVE_STYLE('',#43,POSITIVE_LENGTH_MEASURE(2.E-2),#9);
#1566=PRESENTATION_STYLE_ASSIGNMENT((#1565));
#1567=STYLED_ITEM('',(#1566),#1564);
#1568=DIRECTION('',(0.E0,0.E0,1.E0));
#1569=VECTOR('',#1568,1.6E0);
#1570=CARTESIAN_POINT('',(-1.9496024E0,4.09859988E0,-4.1148E-1));
#1571=LINE('',#1570,#1569);
#1572=CURVE_STYLE('',#43,POSITIVE_LENGTH_MEASURE(2.E-2),#9);
#1573=PRESENTATION_STYLE_ASSIGNMENT((#1572));
#1574=STYLED_ITEM('',(#1573),#1571);
#1575=CARTESIAN_POINT('',(-4.09960064E0,4.09859988E0,-4.1148E-1));
#1576=DIRECTION('',(0.E0,0.E0,-1.E0));
#1577=DIRECTION('',(-1.E0,0.E0,0.E0));
#1578=AXIS2_PLACEMENT_3D('',#1575,#1576,#1577);
#1580=CURVE_STYLE('',#43,POSITIVE_LENGTH_MEASURE(2.E-2),#9);
#1581=PRESENTATION_STYLE_ASSIGNMENT((#1580));
#1582=STYLED_ITEM('',(#1581),#1579);
#1583=DIRECTION('',(0.E0,0.E0,1.E0));
#1584=VECTOR('',#1583,2.2E0);
#1585=CARTESIAN_POINT('',(-8.42E1,5.100000244E1,3.18852E0));
#1586=LINE('',#1585,#1584);
#1587=CURVE_STYLE('',#43,POSITIVE_LENGTH_MEASURE(2.E-2),#9);
#1588=PRESENTATION_STYLE_ASSIGNMENT((#1587));
#1589=STYLED_ITEM('',(#1588),#1586);
#1590=DIRECTION('',(0.E0,-1.E0,0.E0));
#1591=VECTOR('',#1590,5.E0);
#1592=CARTESIAN_POINT('',(-8.42E1,5.600000244E1,3.18852E0));
#1593=LINE('',#1592,#1591);
#1594=CURVE_STYLE('',#43,POSITIVE_LENGTH_MEASURE(2.E-2),#9);
#1595=PRESENTATION_STYLE_ASSIGNMENT((#1594));
#1596=STYLED_ITEM('',(#1595),#1593);
#1597=DIRECTION('',(0.E0,0.E0,1.E0));
#1598=VECTOR('',#1597,2.2E0);
#1599=CARTESIAN_POINT('',(-8.42E1,5.600000244E1,3.18852E0));
#1600=LINE('',#1599,#1598);
#1601=CURVE_STYLE('',#43,POSITIVE_LENGTH_MEASURE(2.E-2),#9);
#1602=PRESENTATION_STYLE_ASSIGNMENT((#1601));
#1603=STYLED_ITEM('',(#1602),#1600);
#1604=DIRECTION('',(0.E0,0.E0,1.E0));
#1605=VECTOR('',#1604,2.2E0);
#1606=CARTESIAN_POINT('',(-8.42E1,6.50000244E0,3.18852E0));
#1607=LINE('',#1606,#1605);
#1608=CURVE_STYLE('',#43,POSITIVE_LENGTH_MEASURE(2.E-2),#9);
#1609=PRESENTATION_STYLE_ASSIGNMENT((#1608));
#1610=STYLED_ITEM('',(#1609),#1607);
#1611=DIRECTION('',(0.E0,-1.E0,0.E0));
#1612=VECTOR('',#1611,5.E0);
#1613=CARTESIAN_POINT('',(-8.42E1,6.50000244E0,3.18852E0));
#1614=LINE('',#1613,#1612);
#1615=CURVE_STYLE('',#43,POSITIVE_LENGTH_MEASURE(2.E-2),#9);
#1616=PRESENTATION_STYLE_ASSIGNMENT((#1615));
#1617=STYLED_ITEM('',(#1616),#1614);
#1618=DIRECTION('',(-1.E0,0.E0,0.E0));
#1619=VECTOR('',#1618,8.3E1);
#1620=CARTESIAN_POINT('',(-1.2E0,5.600000244E1,3.18852E0));
#1621=LINE('',#1620,#1619);
#1622=CURVE_STYLE('',#43,POSITIVE_LENGTH_MEASURE(2.E-2),#9);
#1623=PRESENTATION_STYLE_ASSIGNMENT((#1622));
#1624=STYLED_ITEM('',(#1623),#1621);
#1625=DIRECTION('',(0.E0,0.E0,1.E0));
#1626=VECTOR('',#1625,2.2E0);
#1627=CARTESIAN_POINT('',(-1.2E0,5.600000244E1,3.18852E0));
#1628=LINE('',#1627,#1626);
#1629=CURVE_STYLE('',#43,POSITIVE_LENGTH_MEASURE(2.E-2),#9);
#1630=PRESENTATION_STYLE_ASSIGNMENT((#1629));
#1631=STYLED_ITEM('',(#1630),#1628);
#1632=DIRECTION('',(0.E0,1.E0,0.E0));
#1633=VECTOR('',#1632,5.45E1);
#1634=CARTESIAN_POINT('',(-1.2E0,1.50000244E0,3.18852E0));
#1635=LINE('',#1634,#1633);
#1636=CURVE_STYLE('',#43,POSITIVE_LENGTH_MEASURE(2.E-2),#9);
#1637=PRESENTATION_STYLE_ASSIGNMENT((#1636));
#1638=STYLED_ITEM('',(#1637),#1635);
#1639=DIRECTION('',(0.E0,0.E0,1.E0));
#1640=VECTOR('',#1639,2.2E0);
#1641=CARTESIAN_POINT('',(-1.2E0,1.50000244E0,3.18852E0));
#1642=LINE('',#1641,#1640);
#1643=CURVE_STYLE('',#43,POSITIVE_LENGTH_MEASURE(2.E-2),#9);
#1644=PRESENTATION_STYLE_ASSIGNMENT((#1643));
#1645=STYLED_ITEM('',(#1644),#1642);
#1646=DIRECTION('',(1.E0,0.E0,0.E0));
#1647=VECTOR('',#1646,8.3E1);
#1648=CARTESIAN_POINT('',(-8.42E1,1.50000244E0,3.18852E0));
#1649=LINE('',#1648,#1647);
#1650=CURVE_STYLE('',#43,POSITIVE_LENGTH_MEASURE(2.E-2),#9);
#1651=PRESENTATION_STYLE_ASSIGNMENT((#1650));
#1652=STYLED_ITEM('',(#1651),#1649);
#1653=DIRECTION('',(0.E0,0.E0,1.E0));
#1654=VECTOR('',#1653,2.2E0);
#1655=CARTESIAN_POINT('',(-8.42E1,1.50000244E0,3.18852E0));
#1656=LINE('',#1655,#1654);
#1657=CURVE_STYLE('',#43,POSITIVE_LENGTH_MEASURE(2.E-2),#9);
#1658=PRESENTATION_STYLE_ASSIGNMENT((#1657));
#1659=STYLED_ITEM('',(#1658),#1656);
#1660=DIRECTION('',(1.E0,3.552713678801E-14,0.E0));
#1661=VECTOR('',#1660,2.E-1);
#1662=CARTESIAN_POINT('',(-8.42E1,5.100000244E1,5.38852E0));
#1663=LINE('',#1662,#1661);
#1664=CURVE_STYLE('',#43,POSITIVE_LENGTH_MEASURE(2.E-2),#9);
#1665=PRESENTATION_STYLE_ASSIGNMENT((#1664));
#1666=STYLED_ITEM('',(#1665),#1663);
#1667=DIRECTION('',(0.E0,-1.E0,0.E0));
#1668=VECTOR('',#1667,5.E0);
#1669=CARTESIAN_POINT('',(-8.42E1,5.600000244E1,5.38852E0));
#1670=LINE('',#1669,#1668);
#1671=CURVE_STYLE('',#43,POSITIVE_LENGTH_MEASURE(2.E-2),#9);
#1672=PRESENTATION_STYLE_ASSIGNMENT((#1671));
#1673=STYLED_ITEM('',(#1672),#1670);
#1674=DIRECTION('',(-1.E0,0.E0,0.E0));
#1675=VECTOR('',#1674,8.3E1);
#1676=CARTESIAN_POINT('',(-1.2E0,5.600000244E1,5.38852E0));
#1677=LINE('',#1676,#1675);
#1678=CURVE_STYLE('',#43,POSITIVE_LENGTH_MEASURE(2.E-2),#9);
#1679=PRESENTATION_STYLE_ASSIGNMENT((#1678));
#1680=STYLED_ITEM('',(#1679),#1677);
#1681=DIRECTION('',(0.E0,1.E0,0.E0));
#1682=VECTOR('',#1681,5.45E1);
#1683=CARTESIAN_POINT('',(-1.2E0,1.50000244E0,5.38852E0));
#1684=LINE('',#1683,#1682);
#1685=CURVE_STYLE('',#43,POSITIVE_LENGTH_MEASURE(2.E-2),#9);
#1686=PRESENTATION_STYLE_ASSIGNMENT((#1685));
#1687=STYLED_ITEM('',(#1686),#1684);
#1688=DIRECTION('',(1.E0,0.E0,0.E0));
#1689=VECTOR('',#1688,8.3E1);
#1690=CARTESIAN_POINT('',(-8.42E1,1.50000244E0,5.38852E0));
#1691=LINE('',#1690,#1689);
#1692=CURVE_STYLE('',#43,POSITIVE_LENGTH_MEASURE(2.E-2),#9);
#1693=PRESENTATION_STYLE_ASSIGNMENT((#1692));
#1694=STYLED_ITEM('',(#1693),#1691);
#1695=DIRECTION('',(0.E0,-1.E0,0.E0));
#1696=VECTOR('',#1695,5.E0);
#1697=CARTESIAN_POINT('',(-8.42E1,6.50000244E0,5.38852E0));
#1698=LINE('',#1697,#1696);
#1699=CURVE_STYLE('',#43,POSITIVE_LENGTH_MEASURE(2.E-2),#9);
#1700=PRESENTATION_STYLE_ASSIGNMENT((#1699));
#1701=STYLED_ITEM('',(#1700),#1698);
#1702=DIRECTION('',(1.E0,0.E0,0.E0));
#1703=VECTOR('',#1702,2.E-1);
#1704=CARTESIAN_POINT('',(-8.42E1,6.50000244E0,5.38852E0));
#1705=LINE('',#1704,#1703);
#1706=CURVE_STYLE('',#43,POSITIVE_LENGTH_MEASURE(2.E-2),#9);
#1707=PRESENTATION_STYLE_ASSIGNMENT((#1706));
#1708=STYLED_ITEM('',(#1707),#1705);
#1709=DIRECTION('',(0.E0,-1.E0,0.E0));
#1710=VECTOR('',#1709,4.8E0);
#1711=CARTESIAN_POINT('',(-8.4E1,6.50000244E0,5.38852E0));
#1712=LINE('',#1711,#1710);
#1713=CURVE_STYLE('',#43,POSITIVE_LENGTH_MEASURE(2.E-2),#9);
#1714=PRESENTATION_STYLE_ASSIGNMENT((#1713));
#1715=STYLED_ITEM('',(#1714),#1712);
#1716=DIRECTION('',(1.E0,0.E0,0.E0));
#1717=VECTOR('',#1716,8.26E1);
#1718=CARTESIAN_POINT('',(-8.4E1,1.70000244E0,5.38852E0));
#1719=LINE('',#1718,#1717);
#1720=CURVE_STYLE('',#43,POSITIVE_LENGTH_MEASURE(2.E-2),#9);
#1721=PRESENTATION_STYLE_ASSIGNMENT((#1720));
#1722=STYLED_ITEM('',(#1721),#1719);
#1723=DIRECTION('',(0.E0,1.E0,0.E0));
#1724=VECTOR('',#1723,5.41E1);
#1725=CARTESIAN_POINT('',(-1.4E0,1.70000244E0,5.38852E0));
#1726=LINE('',#1725,#1724);
#1727=CURVE_STYLE('',#43,POSITIVE_LENGTH_MEASURE(2.E-2),#9);
#1728=PRESENTATION_STYLE_ASSIGNMENT((#1727));
#1729=STYLED_ITEM('',(#1728),#1726);
#1730=DIRECTION('',(-1.E0,0.E0,0.E0));
#1731=VECTOR('',#1730,8.26E1);
#1732=CARTESIAN_POINT('',(-1.4E0,5.580000244E1,5.38852E0));
#1733=LINE('',#1732,#1731);
#1734=CURVE_STYLE('',#43,POSITIVE_LENGTH_MEASURE(2.E-2),#9);
#1735=PRESENTATION_STYLE_ASSIGNMENT((#1734));
#1736=STYLED_ITEM('',(#1735),#1733);
#1737=DIRECTION('',(0.E0,-1.E0,0.E0));
#1738=VECTOR('',#1737,4.8E0);
#1739=CARTESIAN_POINT('',(-8.4E1,5.580000244E1,5.38852E0));
#1740=LINE('',#1739,#1738);
#1741=CURVE_STYLE('',#43,POSITIVE_LENGTH_MEASURE(2.E-2),#9);
#1742=PRESENTATION_STYLE_ASSIGNMENT((#1741));
#1743=STYLED_ITEM('',(#1742),#1740);
#1744=DIRECTION('',(0.E0,1.E0,0.E0));
#1745=VECTOR('',#1744,4.45E1);
#1746=CARTESIAN_POINT('',(-8.4E1,6.50000244E0,5.38852E0));
#1747=LINE('',#1746,#1745);
#1748=CURVE_STYLE('',#43,POSITIVE_LENGTH_MEASURE(2.E-2),#9);
#1749=PRESENTATION_STYLE_ASSIGNMENT((#1748));
#1750=STYLED_ITEM('',(#1749),#1747);
#1751=DIRECTION('',(0.E0,0.E0,1.E0));
#1752=VECTOR('',#1751,1.E0);
#1753=CARTESIAN_POINT('',(-8.4E1,5.580000244E1,5.38852E0));
#1754=LINE('',#1753,#1752);
#1755=CURVE_STYLE('',#43,POSITIVE_LENGTH_MEASURE(2.E-2),#9);
#1756=PRESENTATION_STYLE_ASSIGNMENT((#1755));
#1757=STYLED_ITEM('',(#1756),#1754);
#1758=DIRECTION('',(1.E0,0.E0,0.E0));
#1759=VECTOR('',#1758,2.8E0);
#1760=CARTESIAN_POINT('',(-8.4E1,6.50000244E0,5.38852E0));
#1761=LINE('',#1760,#1759);
#1762=CURVE_STYLE('',#43,POSITIVE_LENGTH_MEASURE(2.E-2),#9);
#1763=PRESENTATION_STYLE_ASSIGNMENT((#1762));
#1764=STYLED_ITEM('',(#1763),#1761);
#1765=DIRECTION('',(0.E0,0.E0,1.E0));
#1766=VECTOR('',#1765,1.E0);
#1767=CARTESIAN_POINT('',(-1.4E0,5.580000244E1,5.38852E0));
#1768=LINE('',#1767,#1766);
#1769=CURVE_STYLE('',#43,POSITIVE_LENGTH_MEASURE(2.E-2),#9);
#1770=PRESENTATION_STYLE_ASSIGNMENT((#1769));
#1771=STYLED_ITEM('',(#1770),#1768);
#1772=DIRECTION('',(0.E0,0.E0,1.E0));
#1773=VECTOR('',#1772,1.E0);
#1774=CARTESIAN_POINT('',(-1.4E0,1.70000244E0,5.38852E0));
#1775=LINE('',#1774,#1773);
#1776=CURVE_STYLE('',#43,POSITIVE_LENGTH_MEASURE(2.E-2),#9);
#1777=PRESENTATION_STYLE_ASSIGNMENT((#1776));
#1778=STYLED_ITEM('',(#1777),#1775);
#1779=DIRECTION('',(0.E0,0.E0,1.E0));
#1780=VECTOR('',#1779,1.E0);
#1781=CARTESIAN_POINT('',(-8.4E1,1.70000244E0,5.38852E0));
#1782=LINE('',#1781,#1780);
#1783=CURVE_STYLE('',#43,POSITIVE_LENGTH_MEASURE(2.E-2),#9);
#1784=PRESENTATION_STYLE_ASSIGNMENT((#1783));
#1785=STYLED_ITEM('',(#1784),#1782);
#1786=DIRECTION('',(0.E0,1.E0,0.E0));
#1787=VECTOR('',#1786,5.41E1);
#1788=CARTESIAN_POINT('',(-1.4E0,1.70000244E0,6.38852E0));
#1789=LINE('',#1788,#1787);
#1790=CURVE_STYLE('',#43,POSITIVE_LENGTH_MEASURE(2.E-2),#9);
#1791=PRESENTATION_STYLE_ASSIGNMENT((#1790));
#1792=STYLED_ITEM('',(#1791),#1789);
#1793=DIRECTION('',(1.E0,0.E0,0.E0));
#1794=VECTOR('',#1793,8.26E1);
#1795=CARTESIAN_POINT('',(-8.4E1,1.70000244E0,6.38852E0));
#1796=LINE('',#1795,#1794);
#1797=CURVE_STYLE('',#43,POSITIVE_LENGTH_MEASURE(2.E-2),#9);
#1798=PRESENTATION_STYLE_ASSIGNMENT((#1797));
#1799=STYLED_ITEM('',(#1798),#1796);
#1800=DIRECTION('',(0.E0,-1.E0,0.E0));
#1801=VECTOR('',#1800,5.41E1);
#1802=CARTESIAN_POINT('',(-8.4E1,5.580000244E1,6.38852E0));
#1803=LINE('',#1802,#1801);
#1804=CURVE_STYLE('',#43,POSITIVE_LENGTH_MEASURE(2.E-2),#9);
#1805=PRESENTATION_STYLE_ASSIGNMENT((#1804));
#1806=STYLED_ITEM('',(#1805),#1803);
#1807=DIRECTION('',(-1.E0,0.E0,0.E0));
#1808=VECTOR('',#1807,8.26E1);
#1809=CARTESIAN_POINT('',(-1.4E0,5.580000244E1,6.38852E0));
#1810=LINE('',#1809,#1808);
#1811=CURVE_STYLE('',#43,POSITIVE_LENGTH_MEASURE(2.E-2),#9);
#1812=PRESENTATION_STYLE_ASSIGNMENT((#1811));
#1813=STYLED_ITEM('',(#1812),#1810);
#1814=DIRECTION('',(0.E0,-1.E0,0.E0));
#1815=VECTOR('',#1814,4.896E1);
#1816=CARTESIAN_POINT('',(-7.704E1,5.323000244E1,6.38852E0));
#1817=LINE('',#1816,#1815);
#1818=CURVE_STYLE('',#43,POSITIVE_LENGTH_MEASURE(2.E-2),#9);
#1819=PRESENTATION_STYLE_ASSIGNMENT((#1818));
#1820=STYLED_ITEM('',(#1819),#1817);
#1821=DIRECTION('',(1.E0,0.E0,0.E0));
#1822=VECTOR('',#1821,7.344E1);
#1823=CARTESIAN_POINT('',(-7.704E1,4.27000244E0,6.38852E0));
#1824=LINE('',#1823,#1822);
#1825=CURVE_STYLE('',#43,POSITIVE_LENGTH_MEASURE(2.E-2),#9);
#1826=PRESENTATION_STYLE_ASSIGNMENT((#1825));
#1827=STYLED_ITEM('',(#1826),#1824);
#1828=DIRECTION('',(0.E0,1.E0,0.E0));
#1829=VECTOR('',#1828,4.896E1);
#1830=CARTESIAN_POINT('',(-3.6E0,4.27000244E0,6.38852E0));
#1831=LINE('',#1830,#1829);
#1832=CURVE_STYLE('',#43,POSITIVE_LENGTH_MEASURE(2.E-2),#9);
#1833=PRESENTATION_STYLE_ASSIGNMENT((#1832));
#1834=STYLED_ITEM('',(#1833),#1831);
#1835=DIRECTION('',(-1.E0,0.E0,0.E0));
#1836=VECTOR('',#1835,7.344E1);
#1837=CARTESIAN_POINT('',(-3.6E0,5.323000244E1,6.38852E0));
#1838=LINE('',#1837,#1836);
#1839=CURVE_STYLE('',#43,POSITIVE_LENGTH_MEASURE(2.E-2),#9);
#1840=PRESENTATION_STYLE_ASSIGNMENT((#1839));
#1841=STYLED_ITEM('',(#1840),#1838);
#1842=DIRECTION('',(0.E0,0.E0,-1.E0));
#1843=VECTOR('',#1842,5.E-2);
#1844=CARTESIAN_POINT('',(-7.704E1,5.323000244E1,6.38852E0));
#1845=LINE('',#1844,#1843);
#1846=CURVE_STYLE('',#43,POSITIVE_LENGTH_MEASURE(2.E-2),#9);
#1847=PRESENTATION_STYLE_ASSIGNMENT((#1846));
#1848=STYLED_ITEM('',(#1847),#1845);
#1849=DIRECTION('',(4.440892098501E-14,0.E0,-1.E0));
#1850=VECTOR('',#1849,5.E-2);
#1851=CARTESIAN_POINT('',(-3.6E0,5.323000244E1,6.38852E0));
#1852=LINE('',#1851,#1850);
#1853=CURVE_STYLE('',#43,POSITIVE_LENGTH_MEASURE(2.E-2),#9);
#1854=PRESENTATION_STYLE_ASSIGNMENT((#1853));
#1855=STYLED_ITEM('',(#1854),#1852);
#1856=DIRECTION('',(0.E0,1.776356839400E-14,-1.E0));
#1857=VECTOR('',#1856,5.E-2);
#1858=CARTESIAN_POINT('',(-3.6E0,4.27000244E0,6.38852E0));
#1859=LINE('',#1858,#1857);
#1860=CURVE_STYLE('',#43,POSITIVE_LENGTH_MEASURE(2.E-2),#9);
#1861=PRESENTATION_STYLE_ASSIGNMENT((#1860));
#1862=STYLED_ITEM('',(#1861),#1859);
#1863=DIRECTION('',(0.E0,0.E0,-1.E0));
#1864=VECTOR('',#1863,5.E-2);
#1865=CARTESIAN_POINT('',(-7.704E1,4.27000244E0,6.38852E0));
#1866=LINE('',#1865,#1864);
#1867=CURVE_STYLE('',#43,POSITIVE_LENGTH_MEASURE(2.E-2),#9);
#1868=PRESENTATION_STYLE_ASSIGNMENT((#1867));
#1869=STYLED_ITEM('',(#1868),#1866);
#1870=DIRECTION('',(0.E0,-1.E0,0.E0));
#1871=VECTOR('',#1870,4.896E1);
#1872=CARTESIAN_POINT('',(-7.704E1,5.323000244E1,6.33852E0));
#1873=LINE('',#1872,#1871);
#1874=CURVE_STYLE('',#43,POSITIVE_LENGTH_MEASURE(2.E-2),#9);
#1875=PRESENTATION_STYLE_ASSIGNMENT((#1874));
#1876=STYLED_ITEM('',(#1875),#1873);
#1877=DIRECTION('',(-1.E0,0.E0,0.E0));
#1878=VECTOR('',#1877,7.344E1);
#1879=CARTESIAN_POINT('',(-3.6E0,5.323000244E1,6.33852E0));
#1880=LINE('',#1879,#1878);
#1881=CURVE_STYLE('',#43,POSITIVE_LENGTH_MEASURE(2.E-2),#9);
#1882=PRESENTATION_STYLE_ASSIGNMENT((#1881));
#1883=STYLED_ITEM('',(#1882),#1880);
#1884=DIRECTION('',(0.E0,1.E0,0.E0));
#1885=VECTOR('',#1884,4.896E1);
#1886=CARTESIAN_POINT('',(-3.6E0,4.27000244E0,6.33852E0));
#1887=LINE('',#1886,#1885);
#1888=CURVE_STYLE('',#43,POSITIVE_LENGTH_MEASURE(2.E-2),#9);
#1889=PRESENTATION_STYLE_ASSIGNMENT((#1888));
#1890=STYLED_ITEM('',(#1889),#1887);
#1891=DIRECTION('',(1.E0,0.E0,0.E0));
#1892=VECTOR('',#1891,7.344E1);
#1893=CARTESIAN_POINT('',(-7.704E1,4.27000244E0,6.33852E0));
#1894=LINE('',#1893,#1892);
#1895=CURVE_STYLE('',#43,POSITIVE_LENGTH_MEASURE(2.E-2),#9);
#1896=PRESENTATION_STYLE_ASSIGNMENT((#1895));
#1897=STYLED_ITEM('',(#1896),#1894);
#1898=DIRECTION('',(0.E0,0.E0,-1.E0));
#1899=VECTOR('',#1898,2.E0);
#1900=CARTESIAN_POINT('',(-1.37E1,5.100000244E1,3.18852E0));
#1901=LINE('',#1900,#1899);
#1902=CURVE_STYLE('',#43,POSITIVE_LENGTH_MEASURE(2.E-2),#9);
#1903=PRESENTATION_STYLE_ASSIGNMENT((#1902));
#1904=STYLED_ITEM('',(#1903),#1901);
#1905=DIRECTION('',(0.E0,1.E0,0.E0));
#1906=VECTOR('',#1905,4.45E1);
#1907=CARTESIAN_POINT('',(-1.37E1,6.50000244E0,3.18852E0));
#1908=LINE('',#1907,#1906);
#1909=CURVE_STYLE('',#43,POSITIVE_LENGTH_MEASURE(2.E-2),#9);
#1910=PRESENTATION_STYLE_ASSIGNMENT((#1909));
#1911=STYLED_ITEM('',(#1910),#1908);
#1912=DIRECTION('',(0.E0,0.E0,1.E0));
#1913=VECTOR('',#1912,2.E0);
#1914=CARTESIAN_POINT('',(-1.37E1,6.50000244E0,1.18852E0));
#1915=LINE('',#1914,#1913);
#1916=CURVE_STYLE('',#43,POSITIVE_LENGTH_MEASURE(2.E-2),#9);
#1917=PRESENTATION_STYLE_ASSIGNMENT((#1916));
#1918=STYLED_ITEM('',(#1917),#1915);
#1919=DIRECTION('',(0.E0,-1.E0,0.E0));
#1920=VECTOR('',#1919,4.45E1);
#1921=CARTESIAN_POINT('',(-1.37E1,5.100000244E1,1.18852E0));
#1922=LINE('',#1921,#1920);
#1923=CURVE_STYLE('',#43,POSITIVE_LENGTH_MEASURE(2.E-2),#9);
#1924=PRESENTATION_STYLE_ASSIGNMENT((#1923));
#1925=STYLED_ITEM('',(#1924),#1922);
#1926=DIRECTION('',(-1.E0,0.E0,0.E0));
#1927=VECTOR('',#1926,2.015453197477E0);
#1928=CARTESIAN_POINT('',(-8.12E1,8.53600084E0,4.756223518087E0));
#1929=LINE('',#1928,#1927);
#1930=CURVE_STYLE('',#43,POSITIVE_LENGTH_MEASURE(2.E-2),#9);
#1931=PRESENTATION_STYLE_ASSIGNMENT((#1930));
#1932=STYLED_ITEM('',(#1931),#1929);
#1933=CARTESIAN_POINT('',(-8.321545319748E1,8.53600084E0,4.756223518087E0));
#1934=CARTESIAN_POINT('',(-8.343712824487E1,8.53600084E0,4.756223518087E0));
#1935=CARTESIAN_POINT('',(-8.390277422347E1,8.53600084E0,4.633419130280E0));
#1936=CARTESIAN_POINT('',(-8.436024708406E1,8.53600084E0,4.224472888108E0));
#1937=CARTESIAN_POINT('',(-8.454749259691E1,8.53600084E0,3.560886033349E0));
#1938=CARTESIAN_POINT('',(-8.419970869873E1,8.53600084E0,2.732470417488E0));
#1939=CARTESIAN_POINT('',(-8.346593354597E1,8.53600084E0,2.645874966918E0));
#1940=CARTESIAN_POINT('',(-8.308772858752E1,8.53600084E0,2.634086122864E0));
#1941=CARTESIAN_POINT('',(-8.293939676169E1,8.53600084E0,2.634086122864E0));
#1943=CURVE_STYLE('',#43,POSITIVE_LENGTH_MEASURE(2.E-2),#9);
#1944=PRESENTATION_STYLE_ASSIGNMENT((#1943));
#1945=STYLED_ITEM('',(#1944),#1942);
#1946=DIRECTION('',(1.E0,0.E0,0.E0));
#1947=VECTOR('',#1946,2.285017363816E0);
#1948=CARTESIAN_POINT('',(-8.293939676169E1,8.53600084E0,2.634086122864E0));
#1949=LINE('',#1948,#1947);
#1950=CURVE_STYLE('',#43,POSITIVE_LENGTH_MEASURE(2.E-2),#9);
#1951=PRESENTATION_STYLE_ASSIGNMENT((#1950));
#1952=STYLED_ITEM('',(#1951),#1949);
#1953=DIRECTION('',(0.E0,0.E0,-1.E0));
#1954=VECTOR('',#1953,1.5E-1);
#1955=CARTESIAN_POINT('',(-8.065437939788E1,8.53600084E0,2.634086122864E0));
#1956=LINE('',#1955,#1954);
#1957=CURVE_STYLE('',#43,POSITIVE_LENGTH_MEASURE(2.E-2),#9);
#1958=PRESENTATION_STYLE_ASSIGNMENT((#1957));
#1959=STYLED_ITEM('',(#1958),#1956);
#1960=DIRECTION('',(-1.E0,0.E0,0.E0));
#1961=VECTOR('',#1960,2.285017363816E0);
#1962=CARTESIAN_POINT('',(-8.065437939788E1,8.53600084E0,2.484086122864E0));
#1963=LINE('',#1962,#1961);
#1964=CURVE_STYLE('',#43,POSITIVE_LENGTH_MEASURE(2.E-2),#9);
#1965=PRESENTATION_STYLE_ASSIGNMENT((#1964));
#1966=STYLED_ITEM('',(#1965),#1963);
#1967=CARTESIAN_POINT('',(-8.293939676169E1,8.53600084E0,2.484086122864E0));
#1968=CARTESIAN_POINT('',(-8.301518068752E1,8.53600084E0,2.484086122864E0));
#1969=CARTESIAN_POINT('',(-8.316988598648E1,8.53600084E0,2.486552333226E0));
#1970=CARTESIAN_POINT('',(-8.338628537847E1,8.53600084E0,2.497300633125E0));
#1971=CARTESIAN_POINT('',(-8.358903857689E1,8.53600084E0,2.513594874277E0));
#1972=CARTESIAN_POINT('',(-8.377435619855E1,8.53600084E0,2.541738439694E0));
#1973=CARTESIAN_POINT('',(-8.392785338884E1,8.53600084E0,2.584777087781E0));
#1974=CARTESIAN_POINT('',(-8.404680080861E1,8.53600084E0,2.636709727430E0));
#1975=CARTESIAN_POINT('',(-8.414469718157E1,8.53600084E0,2.692833942099E0));
#1976=CARTESIAN_POINT('',(-8.424425669278E1,8.53600084E0,2.771475924173E0));
#1977=CARTESIAN_POINT('',(-8.437002681590E1,8.53600084E0,2.907056961498E0));
#1978=CARTESIAN_POINT('',(-8.449100829637E1,8.53600084E0,3.106735558614E0));
#1979=CARTESIAN_POINT('',(-8.458053456142E1,8.53600084E0,3.374586023847E0));
#1980=CARTESIAN_POINT('',(-8.461822372956E1,8.53600084E0,3.687734684922E0));
#1981=CARTESIAN_POINT('',(-8.457452005650E1,8.53600084E0,4.026849274670E0));
#1982=CARTESIAN_POINT('',(-8.443705886311E1,8.53600084E0,4.318612039581E0));
#1983=CARTESIAN_POINT('',(-8.425497396143E1,8.53600084E0,4.521186605702E0));
#1984=CARTESIAN_POINT('',(-8.400849942402E1,8.53600084E0,4.704810845135E0));
#1985=CARTESIAN_POINT('',(-8.363575290256E1,8.53600084E0,4.859862454374E0));
#1986=CARTESIAN_POINT('',(-8.334499929988E1,8.53600084E0,4.906223518087E0));
#1987=CARTESIAN_POINT('',(-8.321545319748E1,8.53600084E0,4.906223518087E0));
#1989=CURVE_STYLE('',#43,POSITIVE_LENGTH_MEASURE(2.E-2),#9);
#1990=PRESENTATION_STYLE_ASSIGNMENT((#1989));
#1991=STYLED_ITEM('',(#1990),#1988);
#1992=DIRECTION('',(1.E0,0.E0,0.E0));
#1993=VECTOR('',#1992,2.015453197477E0);
#1994=CARTESIAN_POINT('',(-8.321545319748E1,8.53600084E0,4.906223518087E0));
#1995=LINE('',#1994,#1993);
#1996=CURVE_STYLE('',#43,POSITIVE_LENGTH_MEASURE(2.E-2),#9);
#1997=PRESENTATION_STYLE_ASSIGNMENT((#1996));
#1998=STYLED_ITEM('',(#1997),#1995);
#1999=DIRECTION('',(0.E0,1.E0,0.E0));
#2000=VECTOR('',#1999,3.4E1);
#2001=CARTESIAN_POINT('',(-8.12E1,8.53600084E0,4.756223518087E0));
#2002=LINE('',#2001,#2000);
#2003=CURVE_STYLE('',#43,POSITIVE_LENGTH_MEASURE(2.E-2),#9);
#2004=PRESENTATION_STYLE_ASSIGNMENT((#2003));
#2005=STYLED_ITEM('',(#2004),#2002);
#2006=DIRECTION('',(1.E0,0.E0,0.E0));
#2007=VECTOR('',#2006,2.015453197477E0);
#2008=CARTESIAN_POINT('',(-8.321545319748E1,4.253600084E1,4.906223518087E0));
#2009=LINE('',#2008,#2007);
#2010=CURVE_STYLE('',#43,POSITIVE_LENGTH_MEASURE(2.E-2),#9);
#2011=PRESENTATION_STYLE_ASSIGNMENT((#2010));
#2012=STYLED_ITEM('',(#2011),#2009);
#2013=CARTESIAN_POINT('',(-8.293939676169E1,4.253600084E1,2.484086122864E0));
#2014=CARTESIAN_POINT('',(-8.301518068752E1,4.253600084E1,2.484086122864E0));
#2015=CARTESIAN_POINT('',(-8.316988598648E1,4.253600084E1,2.486552333226E0));
#2016=CARTESIAN_POINT('',(-8.338628537847E1,4.253600084E1,2.497300633125E0));
#2017=CARTESIAN_POINT('',(-8.358903857689E1,4.253600084E1,2.513594874277E0));
#2018=CARTESIAN_POINT('',(-8.377435619855E1,4.253600084E1,2.541738439694E0));
#2019=CARTESIAN_POINT('',(-8.392785338884E1,4.253600084E1,2.584777087781E0));
#2020=CARTESIAN_POINT('',(-8.404680080861E1,4.253600084E1,2.636709727430E0));
#2021=CARTESIAN_POINT('',(-8.414469718157E1,4.253600084E1,2.692833942099E0));
#2022=CARTESIAN_POINT('',(-8.424425669278E1,4.253600084E1,2.771475924173E0));
#2023=CARTESIAN_POINT('',(-8.437002681590E1,4.253600084E1,2.907056961498E0));
#2024=CARTESIAN_POINT('',(-8.449100829637E1,4.253600084E1,3.106735558614E0));
#2025=CARTESIAN_POINT('',(-8.458053456142E1,4.253600084E1,3.374586023847E0));
#2026=CARTESIAN_POINT('',(-8.461822372956E1,4.253600084E1,3.687734684922E0));
#2027=CARTESIAN_POINT('',(-8.457452005650E1,4.253600084E1,4.026849274670E0));
#2028=CARTESIAN_POINT('',(-8.443705886311E1,4.253600084E1,4.318612039581E0));
#2029=CARTESIAN_POINT('',(-8.425497396143E1,4.253600084E1,4.521186605702E0));
#2030=CARTESIAN_POINT('',(-8.400849942402E1,4.253600084E1,4.704810845135E0));
#2031=CARTESIAN_POINT('',(-8.363575290256E1,4.253600084E1,4.859862454374E0));
#2032=CARTESIAN_POINT('',(-8.334499929988E1,4.253600084E1,4.906223518087E0));
#2033=CARTESIAN_POINT('',(-8.321545319748E1,4.253600084E1,4.906223518087E0));
#2035=CURVE_STYLE('',#43,POSITIVE_LENGTH_MEASURE(2.E-2),#9);
#2036=PRESENTATION_STYLE_ASSIGNMENT((#2035));
#2037=STYLED_ITEM('',(#2036),#2034);
#2038=DIRECTION('',(-1.E0,0.E0,0.E0));
#2039=VECTOR('',#2038,2.285017363816E0);
#2040=CARTESIAN_POINT('',(-8.065437939788E1,4.253600084E1,2.484086122864E0));
#2041=LINE('',#2040,#2039);
#2042=CURVE_STYLE('',#43,POSITIVE_LENGTH_MEASURE(2.E-2),#9);
#2043=PRESENTATION_STYLE_ASSIGNMENT((#2042));
#2044=STYLED_ITEM('',(#2043),#2041);
#2045=DIRECTION('',(0.E0,0.E0,-1.E0));
#2046=VECTOR('',#2045,1.5E-1);
#2047=CARTESIAN_POINT('',(-8.065437939788E1,4.253600084E1,2.634086122864E0));
#2048=LINE('',#2047,#2046);
#2049=CURVE_STYLE('',#43,POSITIVE_LENGTH_MEASURE(2.E-2),#9);
#2050=PRESENTATION_STYLE_ASSIGNMENT((#2049));
#2051=STYLED_ITEM('',(#2050),#2048);
#2052=DIRECTION('',(1.E0,0.E0,0.E0));
#2053=VECTOR('',#2052,2.285017363816E0);
#2054=CARTESIAN_POINT('',(-8.293939676169E1,4.253600084E1,2.634086122864E0));
#2055=LINE('',#2054,#2053);
#2056=CURVE_STYLE('',#43,POSITIVE_LENGTH_MEASURE(2.E-2),#9);
#2057=PRESENTATION_STYLE_ASSIGNMENT((#2056));
#2058=STYLED_ITEM('',(#2057),#2055);
#2059=CARTESIAN_POINT('',(-8.321545319748E1,4.253600084E1,4.756223518087E0));
#2060=CARTESIAN_POINT('',(-8.343712824487E1,4.253600084E1,4.756223518087E0));
#2061=CARTESIAN_POINT('',(-8.390277422347E1,4.253600084E1,4.633419130280E0));
#2062=CARTESIAN_POINT('',(-8.436024708406E1,4.253600084E1,4.224472888108E0));
#2063=CARTESIAN_POINT('',(-8.454749259691E1,4.253600084E1,3.560886033349E0));
#2064=CARTESIAN_POINT('',(-8.419970869873E1,4.253600084E1,2.732470417488E0));
#2065=CARTESIAN_POINT('',(-8.346593354597E1,4.253600084E1,2.645874966918E0));
#2066=CARTESIAN_POINT('',(-8.308772858752E1,4.253600084E1,2.634086122864E0));
#2067=CARTESIAN_POINT('',(-8.293939676169E1,4.253600084E1,2.634086122864E0));
#2069=CURVE_STYLE('',#43,POSITIVE_LENGTH_MEASURE(2.E-2),#9);
#2070=PRESENTATION_STYLE_ASSIGNMENT((#2069));
#2071=STYLED_ITEM('',(#2070),#2068);
#2072=DIRECTION('',(-1.E0,0.E0,0.E0));
#2073=VECTOR('',#2072,2.015453197477E0);
#2074=CARTESIAN_POINT('',(-8.12E1,4.253600084E1,4.756223518087E0));
#2075=LINE('',#2074,#2073);
#2076=CURVE_STYLE('',#43,POSITIVE_LENGTH_MEASURE(2.E-2),#9);
#2077=PRESENTATION_STYLE_ASSIGNMENT((#2076));
#2078=STYLED_ITEM('',(#2077),#2075);
#2079=DIRECTION('',(0.E0,1.E0,0.E0));
#2080=VECTOR('',#2079,3.75E0);
#2081=CARTESIAN_POINT('',(-8.321545319748E1,3.878600084E1,4.906223518087E0));
#2082=LINE('',#2081,#2080);
#2083=CURVE_STYLE('',#43,POSITIVE_LENGTH_MEASURE(2.E-2),#9);
#2084=PRESENTATION_STYLE_ASSIGNMENT((#2083));
#2085=STYLED_ITEM('',(#2084),#2082);
#2086=DIRECTION('',(0.E0,-1.E0,0.E0));
#2087=VECTOR('',#2086,3.4E1);
#2088=CARTESIAN_POINT('',(-8.12E1,4.253600084E1,4.906223518087E0));
#2089=LINE('',#2088,#2087);
#2090=CURVE_STYLE('',#43,POSITIVE_LENGTH_MEASURE(2.E-2),#9);
#2091=PRESENTATION_STYLE_ASSIGNMENT((#2090));
#2092=STYLED_ITEM('',(#2091),#2089);
#2093=DIRECTION('',(0.E0,1.E0,0.E0));
#2094=VECTOR('',#2093,9.75E0);
#2095=CARTESIAN_POINT('',(-8.321545319748E1,8.53600084E0,4.906223518087E0));
#2096=LINE('',#2095,#2094);
#2097=CURVE_STYLE('',#43,POSITIVE_LENGTH_MEASURE(2.E-2),#9);
#2098=PRESENTATION_STYLE_ASSIGNMENT((#2097));
#2099=STYLED_ITEM('',(#2098),#2096);
#2100=CARTESIAN_POINT('',(-8.321545319748E1,3.878600084E1,4.906223518087E0));
#2101=CARTESIAN_POINT('',(-8.334499929988E1,3.878600084E1,4.906223518087E0));
#2102=CARTESIAN_POINT('',(-8.363575290256E1,3.878600084E1,4.859862454374E0));
#2103=CARTESIAN_POINT('',(-8.400849942402E1,3.878600084E1,4.704810845135E0));
#2104=CARTESIAN_POINT('',(-8.425497396143E1,3.878600084E1,4.521186605702E0));
#2105=CARTESIAN_POINT('',(-8.443705886311E1,3.878600084E1,4.318612039581E0));
#2106=CARTESIAN_POINT('',(-8.457452005650E1,3.878600084E1,4.026849274670E0));
#2107=CARTESIAN_POINT('',(-8.461822372956E1,3.878600084E1,3.687734684922E0));
#2108=CARTESIAN_POINT('',(-8.458053456142E1,3.878600084E1,3.374586023847E0));
#2109=CARTESIAN_POINT('',(-8.449100829637E1,3.878600084E1,3.106735558614E0));
#2110=CARTESIAN_POINT('',(-8.437002681590E1,3.878600084E1,2.907056961498E0));
#2111=CARTESIAN_POINT('',(-8.424425669278E1,3.878600084E1,2.771475924173E0));
#2112=CARTESIAN_POINT('',(-8.414469718157E1,3.878600084E1,2.692833942099E0));
#2113=CARTESIAN_POINT('',(-8.404680080861E1,3.878600084E1,2.636709727430E0));
#2114=CARTESIAN_POINT('',(-8.392785338884E1,3.878600084E1,2.584777087781E0));
#2115=CARTESIAN_POINT('',(-8.377435619855E1,3.878600084E1,2.541738439694E0));
#2116=CARTESIAN_POINT('',(-8.358903857689E1,3.878600084E1,2.513594874277E0));
#2117=CARTESIAN_POINT('',(-8.338628537847E1,3.878600084E1,2.497300633125E0));
#2118=CARTESIAN_POINT('',(-8.316988598648E1,3.878600084E1,2.486552333226E0));
#2119=CARTESIAN_POINT('',(-8.301518068752E1,3.878600084E1,2.484086122864E0));
#2120=CARTESIAN_POINT('',(-8.293939676169E1,3.878600084E1,2.484086122864E0));
#2122=CURVE_STYLE('',#43,POSITIVE_LENGTH_MEASURE(2.E-2),#9);
#2123=PRESENTATION_STYLE_ASSIGNMENT((#2122));
#2124=STYLED_ITEM('',(#2123),#2121);
#2125=DIRECTION('',(0.E0,-1.E0,0.E0));
#2126=VECTOR('',#2125,2.05E1);
#2127=CARTESIAN_POINT('',(-8.321545319748E1,3.878600084E1,4.906223518087E0));
#2128=LINE('',#2127,#2126);
#2129=CURVE_STYLE('',#43,POSITIVE_LENGTH_MEASURE(2.E-2),#9);
#2130=PRESENTATION_STYLE_ASSIGNMENT((#2129));
#2131=STYLED_ITEM('',(#2130),#2128);
#2132=CARTESIAN_POINT('',(-8.321545319748E1,1.828600084E1,4.906223518087E0));
#2133=CARTESIAN_POINT('',(-8.334499929988E1,1.828600084E1,4.906223518087E0));
#2134=CARTESIAN_POINT('',(-8.363575290256E1,1.828600084E1,4.859862454374E0));
#2135=CARTESIAN_POINT('',(-8.400849942402E1,1.828600084E1,4.704810845135E0));
#2136=CARTESIAN_POINT('',(-8.425497396143E1,1.828600084E1,4.521186605702E0));
#2137=CARTESIAN_POINT('',(-8.443705886311E1,1.828600084E1,4.318612039581E0));
#2138=CARTESIAN_POINT('',(-8.457452005650E1,1.828600084E1,4.026849274670E0));
#2139=CARTESIAN_POINT('',(-8.461822372956E1,1.828600084E1,3.687734684922E0));
#2140=CARTESIAN_POINT('',(-8.458053456142E1,1.828600084E1,3.374586023847E0));
#2141=CARTESIAN_POINT('',(-8.449100829637E1,1.828600084E1,3.106735558614E0));
#2142=CARTESIAN_POINT('',(-8.437002681590E1,1.828600084E1,2.907056961498E0));
#2143=CARTESIAN_POINT('',(-8.424425669278E1,1.828600084E1,2.771475924173E0));
#2144=CARTESIAN_POINT('',(-8.414469718157E1,1.828600084E1,2.692833942099E0));
#2145=CARTESIAN_POINT('',(-8.404680080861E1,1.828600084E1,2.636709727430E0));
#2146=CARTESIAN_POINT('',(-8.392785338884E1,1.828600084E1,2.584777087781E0));
#2147=CARTESIAN_POINT('',(-8.377435619855E1,1.828600084E1,2.541738439694E0));
#2148=CARTESIAN_POINT('',(-8.358903857689E1,1.828600084E1,2.513594874277E0));
#2149=CARTESIAN_POINT('',(-8.338628537847E1,1.828600084E1,2.497300633125E0));
#2150=CARTESIAN_POINT('',(-8.316988598648E1,1.828600084E1,2.486552333226E0));
#2151=CARTESIAN_POINT('',(-8.301518068752E1,1.828600084E1,2.484086122864E0));
#2152=CARTESIAN_POINT('',(-8.293939676169E1,1.828600084E1,2.484086122864E0));
#2154=CURVE_STYLE('',#43,POSITIVE_LENGTH_MEASURE(2.E-2),#9);
#2155=PRESENTATION_STYLE_ASSIGNMENT((#2154));
#2156=STYLED_ITEM('',(#2155),#2153);
#2157=DIRECTION('',(0.E0,1.E0,0.E0));
#2158=VECTOR('',#2157,3.75E0);
#2159=CARTESIAN_POINT('',(-8.293939676169E1,3.878600084E1,2.484086122864E0));
#2160=LINE('',#2159,#2158);
#2161=CURVE_STYLE('',#43,POSITIVE_LENGTH_MEASURE(2.E-2),#9);
#2162=PRESENTATION_STYLE_ASSIGNMENT((#2161));
#2163=STYLED_ITEM('',(#2162),#2160);
#2164=DIRECTION('',(0.E0,1.E0,0.E0));
#2165=VECTOR('',#2164,9.75E0);
#2166=CARTESIAN_POINT('',(-8.293939676169E1,8.53600084E0,2.484086122864E0));
#2167=LINE('',#2166,#2165);
#2168=CURVE_STYLE('',#43,POSITIVE_LENGTH_MEASURE(2.E-2),#9);
#2169=PRESENTATION_STYLE_ASSIGNMENT((#2168));
#2170=STYLED_ITEM('',(#2169),#2167);
#2171=DIRECTION('',(0.E0,-1.E0,0.E0));
#2172=VECTOR('',#2171,2.05E1);
#2173=CARTESIAN_POINT('',(-8.293939676169E1,3.878600084E1,2.484086122864E0));
#2174=LINE('',#2173,#2172);
#2175=CURVE_STYLE('',#43,POSITIVE_LENGTH_MEASURE(2.E-2),#9);
#2176=PRESENTATION_STYLE_ASSIGNMENT((#2175));
#2177=STYLED_ITEM('',(#2176),#2174);
#2178=DIRECTION('',(0.E0,1.E0,0.E0));
#2179=VECTOR('',#2178,9.75E0);
#2180=CARTESIAN_POINT('',(-8.065437939788E1,8.53600084E0,2.484086122864E0));
#2181=LINE('',#2180,#2179);
#2182=CURVE_STYLE('',#43,POSITIVE_LENGTH_MEASURE(2.E-2),#9);
#2183=PRESENTATION_STYLE_ASSIGNMENT((#2182));
#2184=STYLED_ITEM('',(#2183),#2181);
#2185=DIRECTION('',(0.E0,1.E0,0.E0));
#2186=VECTOR('',#2185,3.75E0);
#2187=CARTESIAN_POINT('',(-8.065437939788E1,3.878600084E1,2.484086122864E0));
#2188=LINE('',#2187,#2186);
#2189=CURVE_STYLE('',#43,POSITIVE_LENGTH_MEASURE(2.E-2),#9);
#2190=PRESENTATION_STYLE_ASSIGNMENT((#2189));
#2191=STYLED_ITEM('',(#2190),#2188);
#2192=DIRECTION('',(0.E0,1.E0,0.E0));
#2193=VECTOR('',#2192,3.75E0);
#2194=CARTESIAN_POINT('',(-8.065437939788E1,3.878600084E1,2.634086122864E0));
#2195=LINE('',#2194,#2193);
#2196=CURVE_STYLE('',#43,POSITIVE_LENGTH_MEASURE(2.E-2),#9);
#2197=PRESENTATION_STYLE_ASSIGNMENT((#2196));
#2198=STYLED_ITEM('',(#2197),#2195);
#2199=DIRECTION('',(0.E0,1.E0,0.E0));
#2200=VECTOR('',#2199,9.75E0);
#2201=CARTESIAN_POINT('',(-8.065437939788E1,8.53600084E0,2.634086122864E0));
#2202=LINE('',#2201,#2200);
#2203=CURVE_STYLE('',#43,POSITIVE_LENGTH_MEASURE(2.E-2),#9);
#2204=PRESENTATION_STYLE_ASSIGNMENT((#2203));
#2205=STYLED_ITEM('',(#2204),#2202);
#2206=DIRECTION('',(0.E0,0.E0,-1.E0));
#2207=VECTOR('',#2206,1.5E-1);
#2208=CARTESIAN_POINT('',(-8.065437939788E1,3.878600084E1,2.634086122864E0));
#2209=LINE('',#2208,#2207);
#2210=CURVE_STYLE('',#43,POSITIVE_LENGTH_MEASURE(2.E-2),#9);
#2211=PRESENTATION_STYLE_ASSIGNMENT((#2210));
#2212=STYLED_ITEM('',(#2211),#2209);
#2213=DIRECTION('',(1.E0,0.E0,0.E0));
#2214=VECTOR('',#2213,2.234958359939E1);
#2215=CARTESIAN_POINT('',(-8.065437939788E1,3.878600084E1,2.484086122864E0));
#2216=LINE('',#2215,#2214);
#2217=CURVE_STYLE('',#43,POSITIVE_LENGTH_MEASURE(2.E-2),#9);
#2218=PRESENTATION_STYLE_ASSIGNMENT((#2217));
#2219=STYLED_ITEM('',(#2218),#2216);
#2220=CARTESIAN_POINT('',(-5.830479579849E1,3.878600084E1,1.603071847370E0));
#2221=DIRECTION('',(0.E0,1.E0,0.E0));
#2222=DIRECTION('',(0.E0,0.E0,1.E0));
#2223=AXIS2_PLACEMENT_3D('',#2220,#2221,#2222);
#2225=CURVE_STYLE('',#43,POSITIVE_LENGTH_MEASURE(2.E-2),#9);
#2226=PRESENTATION_STYLE_ASSIGNMENT((#2225));
#2227=STYLED_ITEM('',(#2226),#2224);
#2228=DIRECTION('',(3.085940837333E-1,0.E0,-9.511938243517E-1));
#2229=VECTOR('',#2228,2.274498640026E0);
#2230=CARTESIAN_POINT('',(-5.746678046047E1,3.878600084E1,1.874947640472E0));
#2231=LINE('',#2230,#2229);
#2232=CURVE_STYLE('',#43,POSITIVE_LENGTH_MEASURE(2.E-2),#9);
#2233=PRESENTATION_STYLE_ASSIGNMENT((#2232));
#2234=STYLED_ITEM('',(#2233),#2231);
#2235=CARTESIAN_POINT('',(-5.519541382652E1,3.878600084E1,2.206388187435E-1));
#2236=DIRECTION('',(0.E0,-1.E0,0.E0));
#2237=DIRECTION('',(-9.511938243517E-1,0.E0,-3.085940837334E-1));
#2238=AXIS2_PLACEMENT_3D('',#2235,#2236,#2237);
#2240=CURVE_STYLE('',#43,POSITIVE_LENGTH_MEASURE(2.E-2),#9);
#2241=PRESENTATION_STYLE_ASSIGNMENT((#2240));
#2242=STYLED_ITEM('',(#2241),#2239);
#2243=DIRECTION('',(1.E0,0.E0,0.E0));
#2244=VECTOR('',#2243,9.370613106522E0);
#2245=CARTESIAN_POINT('',(-5.519541382652E1,3.878600084E1,-1.429361181257E0));
#2246=LINE('',#2245,#2244);
#2247=CURVE_STYLE('',#43,POSITIVE_LENGTH_MEASURE(2.E-2),#9);
#2248=PRESENTATION_STYLE_ASSIGNMENT((#2247));
#2249=STYLED_ITEM('',(#2248),#2246);
#2250=DIRECTION('',(-1.E0,0.E0,0.E0));
#2251=VECTOR('',#2250,9.370613106522E0);
#2252=CARTESIAN_POINT('',(-4.582480072E1,3.878600084E1,-1.279361181257E0));
#2253=LINE('',#2252,#2251);
#2254=CURVE_STYLE('',#43,POSITIVE_LENGTH_MEASURE(2.E-2),#9);
#2255=PRESENTATION_STYLE_ASSIGNMENT((#2254));
#2256=STYLED_ITEM('',(#2255),#2253);
#2257=CARTESIAN_POINT('',(-5.519541382652E1,3.878600084E1,2.206388187435E-1));
#2258=DIRECTION('',(0.E0,1.E0,0.E0));
#2259=DIRECTION('',(0.E0,0.E0,-1.E0));
#2260=AXIS2_PLACEMENT_3D('',#2257,#2258,#2259);
#2262=CURVE_STYLE('',#43,POSITIVE_LENGTH_MEASURE(2.E-2),#9);
#2263=PRESENTATION_STYLE_ASSIGNMENT((#2262));
#2264=STYLED_ITEM('',(#2263),#2261);
#2265=DIRECTION('',(-3.085940837333E-1,0.E0,9.511938243517E-1));
#2266=VECTOR('',#2265,2.274498640026E0);
#2267=CARTESIAN_POINT('',(-5.662220456305E1,3.878600084E1,-2.422523068566E-1));
#2268=LINE('',#2267,#2266);
#2269=CURVE_STYLE('',#43,POSITIVE_LENGTH_MEASURE(2.E-2),#9);
#2270=PRESENTATION_STYLE_ASSIGNMENT((#2269));
#2271=STYLED_ITEM('',(#2270),#2268);
#2272=CARTESIAN_POINT('',(-5.830479579849E1,3.878600084E1,1.603071847370E0));
#2273=DIRECTION('',(0.E0,-1.E0,0.E0));
#2274=DIRECTION('',(9.511938243517E-1,0.E0,3.085940837333E-1));
#2275=AXIS2_PLACEMENT_3D('',#2272,#2273,#2274);
#2277=CURVE_STYLE('',#43,POSITIVE_LENGTH_MEASURE(2.E-2),#9);
#2278=PRESENTATION_STYLE_ASSIGNMENT((#2277));
#2279=STYLED_ITEM('',(#2278),#2276);
#2280=DIRECTION('',(-1.E0,0.E0,0.E0));
#2281=VECTOR('',#2280,2.234958359939E1);
#2282=CARTESIAN_POINT('',(-5.830479579849E1,3.878600084E1,2.634086122864E0));
#2283=LINE('',#2282,#2281);
#2284=CURVE_STYLE('',#43,POSITIVE_LENGTH_MEASURE(2.E-2),#9);
#2285=PRESENTATION_STYLE_ASSIGNMENT((#2284));
#2286=STYLED_ITEM('',(#2285),#2283);
#2287=DIRECTION('',(0.E0,-1.E0,0.E0));
#2288=VECTOR('',#2287,2.05E1);
#2289=CARTESIAN_POINT('',(-5.830479579849E1,3.878600084E1,2.484086122864E0));
#2290=LINE('',#2289,#2288);
#2291=CURVE_STYLE('',#43,POSITIVE_LENGTH_MEASURE(2.E-2),#9);
#2292=PRESENTATION_STYLE_ASSIGNMENT((#2291));
#2293=STYLED_ITEM('',(#2292),#2290);
#2294=DIRECTION('',(0.E0,0.E0,-1.E0));
#2295=VECTOR('',#2294,1.5E-1);
#2296=CARTESIAN_POINT('',(-8.065437939788E1,1.828600084E1,2.634086122864E0));
#2297=LINE('',#2296,#2295);
#2298=CURVE_STYLE('',#43,POSITIVE_LENGTH_MEASURE(2.E-2),#9);
#2299=PRESENTATION_STYLE_ASSIGNMENT((#2298));
#2300=STYLED_ITEM('',(#2299),#2297);
#2301=DIRECTION('',(-1.E0,0.E0,0.E0));
#2302=VECTOR('',#2301,2.234958359939E1);
#2303=CARTESIAN_POINT('',(-5.830479579849E1,1.828600084E1,2.634086122864E0));
#2304=LINE('',#2303,#2302);
#2305=CURVE_STYLE('',#43,POSITIVE_LENGTH_MEASURE(2.E-2),#9);
#2306=PRESENTATION_STYLE_ASSIGNMENT((#2305));
#2307=STYLED_ITEM('',(#2306),#2304);
#2308=CARTESIAN_POINT('',(-5.830479579849E1,1.828600084E1,1.603071847370E0));
#2309=DIRECTION('',(0.E0,-1.E0,0.E0));
#2310=DIRECTION('',(9.511938243517E-1,0.E0,3.085940837333E-1));
#2311=AXIS2_PLACEMENT_3D('',#2308,#2309,#2310);
#2313=CURVE_STYLE('',#43,POSITIVE_LENGTH_MEASURE(2.E-2),#9);
#2314=PRESENTATION_STYLE_ASSIGNMENT((#2313));
#2315=STYLED_ITEM('',(#2314),#2312);
#2316=DIRECTION('',(-3.085940837333E-1,0.E0,9.511938243517E-1));
#2317=VECTOR('',#2316,2.274498640026E0);
#2318=CARTESIAN_POINT('',(-5.662220456305E1,1.828600084E1,-2.422523068566E-1));
#2319=LINE('',#2318,#2317);
#2320=CURVE_STYLE('',#43,POSITIVE_LENGTH_MEASURE(2.E-2),#9);
#2321=PRESENTATION_STYLE_ASSIGNMENT((#2320));
#2322=STYLED_ITEM('',(#2321),#2319);
#2323=CARTESIAN_POINT('',(-5.519541382652E1,1.828600084E1,2.206388187435E-1));
#2324=DIRECTION('',(0.E0,1.E0,0.E0));
#2325=DIRECTION('',(0.E0,0.E0,-1.E0));
#2326=AXIS2_PLACEMENT_3D('',#2323,#2324,#2325);
#2328=CURVE_STYLE('',#43,POSITIVE_LENGTH_MEASURE(2.E-2),#9);
#2329=PRESENTATION_STYLE_ASSIGNMENT((#2328));
#2330=STYLED_ITEM('',(#2329),#2327);
#2331=DIRECTION('',(-1.E0,0.E0,0.E0));
#2332=VECTOR('',#2331,9.370613106522E0);
#2333=CARTESIAN_POINT('',(-4.582480072E1,1.828600084E1,-1.279361181257E0));
#2334=LINE('',#2333,#2332);
#2335=CURVE_STYLE('',#43,POSITIVE_LENGTH_MEASURE(2.E-2),#9);
#2336=PRESENTATION_STYLE_ASSIGNMENT((#2335));
#2337=STYLED_ITEM('',(#2336),#2334);
#2338=DIRECTION('',(1.E0,0.E0,0.E0));
#2339=VECTOR('',#2338,9.370613106522E0);
#2340=CARTESIAN_POINT('',(-5.519541382652E1,1.828600084E1,-1.429361181257E0));
#2341=LINE('',#2340,#2339);
#2342=CURVE_STYLE('',#43,POSITIVE_LENGTH_MEASURE(2.E-2),#9);
#2343=PRESENTATION_STYLE_ASSIGNMENT((#2342));
#2344=STYLED_ITEM('',(#2343),#2341);
#2345=CARTESIAN_POINT('',(-5.519541382652E1,1.828600084E1,2.206388187435E-1));
#2346=DIRECTION('',(0.E0,-1.E0,0.E0));
#2347=DIRECTION('',(-9.511938243517E-1,0.E0,-3.085940837334E-1));
#2348=AXIS2_PLACEMENT_3D('',#2345,#2346,#2347);
#2350=CURVE_STYLE('',#43,POSITIVE_LENGTH_MEASURE(2.E-2),#9);
#2351=PRESENTATION_STYLE_ASSIGNMENT((#2350));
#2352=STYLED_ITEM('',(#2351),#2349);
#2353=DIRECTION('',(3.085940837333E-1,0.E0,-9.511938243517E-1));
#2354=VECTOR('',#2353,2.274498640026E0);
#2355=CARTESIAN_POINT('',(-5.746678046047E1,1.828600084E1,1.874947640472E0));
#2356=LINE('',#2355,#2354);
#2357=CURVE_STYLE('',#43,POSITIVE_LENGTH_MEASURE(2.E-2),#9);
#2358=PRESENTATION_STYLE_ASSIGNMENT((#2357));
#2359=STYLED_ITEM('',(#2358),#2356);
#2360=CARTESIAN_POINT('',(-5.830479579849E1,1.828600084E1,1.603071847370E0));
#2361=DIRECTION('',(0.E0,1.E0,0.E0));
#2362=DIRECTION('',(0.E0,0.E0,1.E0));
#2363=AXIS2_PLACEMENT_3D('',#2360,#2361,#2362);
#2365=CURVE_STYLE('',#43,POSITIVE_LENGTH_MEASURE(2.E-2),#9);
#2366=PRESENTATION_STYLE_ASSIGNMENT((#2365));
#2367=STYLED_ITEM('',(#2366),#2364);
#2368=DIRECTION('',(1.E0,0.E0,0.E0));
#2369=VECTOR('',#2368,2.234958359939E1);
#2370=CARTESIAN_POINT('',(-8.065437939788E1,1.828600084E1,2.484086122864E0));
#2371=LINE('',#2370,#2369);
#2372=CURVE_STYLE('',#43,POSITIVE_LENGTH_MEASURE(2.E-2),#9);
#2373=PRESENTATION_STYLE_ASSIGNMENT((#2372));
#2374=STYLED_ITEM('',(#2373),#2371);
#2375=DIRECTION('',(0.E0,1.E0,0.E0));
#2376=VECTOR('',#2375,3.4E1);
#2377=CARTESIAN_POINT('',(-8.293939676169E1,8.53600084E0,2.634086122864E0));
#2378=LINE('',#2377,#2376);
#2379=CURVE_STYLE('',#43,POSITIVE_LENGTH_MEASURE(2.E-2),#9);
#2380=PRESENTATION_STYLE_ASSIGNMENT((#2379));
#2381=STYLED_ITEM('',(#2380),#2378);
#2382=DIRECTION('',(0.E0,-1.E0,0.E0));
#2383=VECTOR('',#2382,2.05E1);
#2384=CARTESIAN_POINT('',(-5.830479579849E1,3.878600084E1,2.634086122864E0));
#2385=LINE('',#2384,#2383);
#2386=CURVE_STYLE('',#43,POSITIVE_LENGTH_MEASURE(2.E-2),#9);
#2387=PRESENTATION_STYLE_ASSIGNMENT((#2386));
#2388=STYLED_ITEM('',(#2387),#2385);
#2389=DIRECTION('',(0.E0,1.E0,0.E0));
#2390=VECTOR('',#2389,3.4E1);
#2391=CARTESIAN_POINT('',(-8.321545319748E1,8.53600084E0,4.756223518087E0));
#2392=LINE('',#2391,#2390);
#2393=CURVE_STYLE('',#43,POSITIVE_LENGTH_MEASURE(2.E-2),#9);
#2394=PRESENTATION_STYLE_ASSIGNMENT((#2393));
#2395=STYLED_ITEM('',(#2394),#2392);
#2396=DIRECTION('',(0.E0,-1.E0,0.E0));
#2397=VECTOR('',#2396,2.05E1);
#2398=CARTESIAN_POINT('',(-5.732410138682E1,3.878600084E1,1.921236753032E0));
#2399=LINE('',#2398,#2397);
#2400=CURVE_STYLE('',#43,POSITIVE_LENGTH_MEASURE(2.E-2),#9);
#2401=PRESENTATION_STYLE_ASSIGNMENT((#2400));
#2402=STYLED_ITEM('',(#2401),#2399);
#2403=DIRECTION('',(0.E0,-1.E0,0.E0));
#2404=VECTOR('',#2403,2.05E1);
#2405=CARTESIAN_POINT('',(-5.662220456305E1,3.878600084E1,-2.422523068566E-1));
#2406=LINE('',#2405,#2404);
#2407=CURVE_STYLE('',#43,POSITIVE_LENGTH_MEASURE(2.E-2),#9);
#2408=PRESENTATION_STYLE_ASSIGNMENT((#2407));
#2409=STYLED_ITEM('',(#2408),#2406);
#2410=DIRECTION('',(0.E0,-1.E0,0.E0));
#2411=VECTOR('',#2410,2.05E1);
#2412=CARTESIAN_POINT('',(-5.519541382652E1,3.878600084E1,-1.279361181257E0));
#2413=LINE('',#2412,#2411);
#2414=CURVE_STYLE('',#43,POSITIVE_LENGTH_MEASURE(2.E-2),#9);
#2415=PRESENTATION_STYLE_ASSIGNMENT((#2414));
#2416=STYLED_ITEM('',(#2415),#2413);
#2417=DIRECTION('',(1.E0,0.E0,0.E0));
#2418=VECTOR('',#2417,5.E-1);
#2419=CARTESIAN_POINT('',(-4.582480072E1,1.828600084E1,-1.429361181257E0));
#2420=LINE('',#2419,#2418);
#2421=CURVE_STYLE('',#43,POSITIVE_LENGTH_MEASURE(2.E-2),#9);
#2422=PRESENTATION_STYLE_ASSIGNMENT((#2421));
#2423=STYLED_ITEM('',(#2422),#2420);
#2424=DIRECTION('',(0.E0,0.E0,-1.E0));
#2425=VECTOR('',#2424,1.282118818743E0);
#2426=CARTESIAN_POINT('',(-4.582480072E1,1.828600084E1,-1.429361181257E0));
#2427=LINE('',#2426,#2425);
#2428=CURVE_STYLE('',#43,POSITIVE_LENGTH_MEASURE(2.E-2),#9);
#2429=PRESENTATION_STYLE_ASSIGNMENT((#2428));
#2430=STYLED_ITEM('',(#2429),#2427);
#2431=DIRECTION('',(1.E0,0.E0,0.E0));
#2432=VECTOR('',#2431,5.E-1);
#2433=CARTESIAN_POINT('',(-4.582480072E1,1.828600084E1,-1.279361181257E0));
#2434=LINE('',#2433,#2432);
#2435=CURVE_STYLE('',#43,POSITIVE_LENGTH_MEASURE(2.E-2),#9);
#2436=PRESENTATION_STYLE_ASSIGNMENT((#2435));
#2437=STYLED_ITEM('',(#2436),#2434);
#2438=DIRECTION('',(0.E0,0.E0,-1.E0));
#2439=VECTOR('',#2438,8.678811812565E-1);
#2440=CARTESIAN_POINT('',(-4.582480072E1,1.828600084E1,-4.1148E-1));
#2441=LINE('',#2440,#2439);
#2442=CURVE_STYLE('',#43,POSITIVE_LENGTH_MEASURE(2.E-2),#9);
#2443=PRESENTATION_STYLE_ASSIGNMENT((#2442));
#2444=STYLED_ITEM('',(#2443),#2441);
#2445=DIRECTION('',(0.E0,-1.E0,0.E0));
#2446=VECTOR('',#2445,2.05E1);
#2447=CARTESIAN_POINT('',(-5.519541382652E1,3.878600084E1,-1.429361181257E0));
#2448=LINE('',#2447,#2446);
#2449=CURVE_STYLE('',#43,POSITIVE_LENGTH_MEASURE(2.E-2),#9);
#2450=PRESENTATION_STYLE_ASSIGNMENT((#2449));
#2451=STYLED_ITEM('',(#2450),#2448);
#2452=DIRECTION('',(0.E0,1.E0,0.E0));
#2453=VECTOR('',#2452,2.05E1);
#2454=CARTESIAN_POINT('',(-4.532480072E1,1.828600084E1,-1.429361181257E0));
#2455=LINE('',#2454,#2453);
#2456=CURVE_STYLE('',#43,POSITIVE_LENGTH_MEASURE(2.E-2),#9);
#2457=PRESENTATION_STYLE_ASSIGNMENT((#2456));
#2458=STYLED_ITEM('',(#2457),#2455);
#2459=DIRECTION('',(0.E0,0.E0,-1.E0));
#2460=VECTOR('',#2459,1.282118818743E0);
#2461=CARTESIAN_POINT('',(-4.532480072E1,1.828600084E1,-1.429361181257E0));
#2462=LINE('',#2461,#2460);
#2463=CURVE_STYLE('',#43,POSITIVE_LENGTH_MEASURE(2.E-2),#9);
#2464=PRESENTATION_STYLE_ASSIGNMENT((#2463));
#2465=STYLED_ITEM('',(#2464),#2462);
#2466=DIRECTION('',(0.E0,1.E0,0.E0));
#2467=VECTOR('',#2466,2.05E1);
#2468=CARTESIAN_POINT('',(-4.532480072E1,1.828600084E1,-1.279361181257E0));
#2469=LINE('',#2468,#2467);
#2470=CURVE_STYLE('',#43,POSITIVE_LENGTH_MEASURE(2.E-2),#9);
#2471=PRESENTATION_STYLE_ASSIGNMENT((#2470));
#2472=STYLED_ITEM('',(#2471),#2469);
#2473=DIRECTION('',(0.E0,0.E0,-1.E0));
#2474=VECTOR('',#2473,8.678811812565E-1);
#2475=CARTESIAN_POINT('',(-4.532480072E1,1.828600084E1,-4.1148E-1));
#2476=LINE('',#2475,#2474);
#2477=CURVE_STYLE('',#43,POSITIVE_LENGTH_MEASURE(2.E-2),#9);
#2478=PRESENTATION_STYLE_ASSIGNMENT((#2477));
#2479=STYLED_ITEM('',(#2478),#2476);
#2480=DIRECTION('',(0.E0,-1.E0,0.E0));
#2481=VECTOR('',#2480,2.2E1);
#2482=CARTESIAN_POINT('',(-4.002480072E1,3.953600084E1,-2.71148E0));
#2483=LINE('',#2482,#2481);
#2484=CURVE_STYLE('',#43,POSITIVE_LENGTH_MEASURE(2.E-2),#9);
#2485=PRESENTATION_STYLE_ASSIGNMENT((#2484));
#2486=STYLED_ITEM('',(#2485),#2483);
#2487=DIRECTION('',(1.E0,1.776356839400E-14,0.E0));
#2488=VECTOR('',#2487,8.E-1);
#2489=CARTESIAN_POINT('',(-4.082480072E1,3.953600084E1,-2.71148E0));
#2490=LINE('',#2489,#2488);
#2491=CURVE_STYLE('',#43,POSITIVE_LENGTH_MEASURE(2.E-2),#9);
#2492=PRESENTATION_STYLE_ASSIGNMENT((#2491));
#2493=STYLED_ITEM('',(#2492),#2490);
#2494=DIRECTION('',(0.E0,-1.E0,0.E0));
#2495=VECTOR('',#2494,7.5E-1);
#2496=CARTESIAN_POINT('',(-4.082480072E1,4.028600084E1,-2.71148E0));
#2497=LINE('',#2496,#2495);
#2498=CURVE_STYLE('',#43,POSITIVE_LENGTH_MEASURE(2.E-2),#9);
#2499=PRESENTATION_STYLE_ASSIGNMENT((#2498));
#2500=STYLED_ITEM('',(#2499),#2497);
#2501=DIRECTION('',(1.E0,0.E0,0.E0));
#2502=VECTOR('',#2501,5.E0);
#2503=CARTESIAN_POINT('',(-4.582480072E1,4.028600084E1,-2.71148E0));
#2504=LINE('',#2503,#2502);
#2505=CURVE_STYLE('',#43,POSITIVE_LENGTH_MEASURE(2.E-2),#9);
#2506=PRESENTATION_STYLE_ASSIGNMENT((#2505));
#2507=STYLED_ITEM('',(#2506),#2504);
#2508=DIRECTION('',(0.E0,1.E0,0.E0));
#2509=VECTOR('',#2508,1.5E0);
#2510=CARTESIAN_POINT('',(-4.582480072E1,3.878600084E1,-2.71148E0));
#2511=LINE('',#2510,#2509);
#2512=CURVE_STYLE('',#43,POSITIVE_LENGTH_MEASURE(2.E-2),#9);
#2513=PRESENTATION_STYLE_ASSIGNMENT((#2512));
#2514=STYLED_ITEM('',(#2513),#2511);
#2515=DIRECTION('',(-1.E0,1.421085471520E-14,0.E0));
#2516=VECTOR('',#2515,5.E-1);
#2517=CARTESIAN_POINT('',(-4.532480072E1,3.878600084E1,-2.71148E0));
#2518=LINE('',#2517,#2516);
#2519=CURVE_STYLE('',#43,POSITIVE_LENGTH_MEASURE(2.E-2),#9);
#2520=PRESENTATION_STYLE_ASSIGNMENT((#2519));
#2521=STYLED_ITEM('',(#2520),#2518);
#2522=DIRECTION('',(0.E0,1.E0,0.E0));
#2523=VECTOR('',#2522,2.05E1);
#2524=CARTESIAN_POINT('',(-4.532480072E1,1.828600084E1,-2.71148E0));
#2525=LINE('',#2524,#2523);
#2526=CURVE_STYLE('',#43,POSITIVE_LENGTH_MEASURE(2.E-2),#9);
#2527=PRESENTATION_STYLE_ASSIGNMENT((#2526));
#2528=STYLED_ITEM('',(#2527),#2525);
#2529=DIRECTION('',(1.E0,0.E0,0.E0));
#2530=VECTOR('',#2529,5.E-1);
#2531=CARTESIAN_POINT('',(-4.582480072E1,1.828600084E1,-2.71148E0));
#2532=LINE('',#2531,#2530);
#2533=CURVE_STYLE('',#43,POSITIVE_LENGTH_MEASURE(2.E-2),#9);
#2534=PRESENTATION_STYLE_ASSIGNMENT((#2533));
#2535=STYLED_ITEM('',(#2534),#2532);
#2536=DIRECTION('',(0.E0,1.E0,0.E0));
#2537=VECTOR('',#2536,1.5E0);
#2538=CARTESIAN_POINT('',(-4.582480072E1,1.678600084E1,-2.71148E0));
#2539=LINE('',#2538,#2537);
#2540=CURVE_STYLE('',#43,POSITIVE_LENGTH_MEASURE(2.E-2),#9);
#2541=PRESENTATION_STYLE_ASSIGNMENT((#2540));
#2542=STYLED_ITEM('',(#2541),#2539);
#2543=DIRECTION('',(-1.E0,0.E0,0.E0));
#2544=VECTOR('',#2543,5.E0);
#2545=CARTESIAN_POINT('',(-4.082480072E1,1.678600084E1,-2.71148E0));
#2546=LINE('',#2545,#2544);
#2547=CURVE_STYLE('',#43,POSITIVE_LENGTH_MEASURE(2.E-2),#9);
#2548=PRESENTATION_STYLE_ASSIGNMENT((#2547));
#2549=STYLED_ITEM('',(#2548),#2546);
#2550=DIRECTION('',(0.E0,-1.E0,0.E0));
#2551=VECTOR('',#2550,7.5E-1);
#2552=CARTESIAN_POINT('',(-4.082480072E1,1.753600084E1,-2.71148E0));
#2553=LINE('',#2552,#2551);
#2554=CURVE_STYLE('',#43,POSITIVE_LENGTH_MEASURE(2.E-2),#9);
#2555=PRESENTATION_STYLE_ASSIGNMENT((#2554));
#2556=STYLED_ITEM('',(#2555),#2553);
#2557=DIRECTION('',(-1.E0,0.E0,0.E0));
#2558=VECTOR('',#2557,8.E-1);
#2559=CARTESIAN_POINT('',(-4.002480072E1,1.753600084E1,-2.71148E0));
#2560=LINE('',#2559,#2558);
#2561=CURVE_STYLE('',#43,POSITIVE_LENGTH_MEASURE(2.E-2),#9);
#2562=PRESENTATION_STYLE_ASSIGNMENT((#2561));
#2563=STYLED_ITEM('',(#2562),#2560);
#2564=DIRECTION('',(0.E0,0.E0,-1.E0));
#2565=VECTOR('',#2564,2.3E0);
#2566=CARTESIAN_POINT('',(-4.002480072E1,3.953600084E1,-4.1148E-1));
#2567=LINE('',#2566,#2565);
#2568=CURVE_STYLE('',#43,POSITIVE_LENGTH_MEASURE(2.E-2),#9);
#2569=PRESENTATION_STYLE_ASSIGNMENT((#2568));
#2570=STYLED_ITEM('',(#2569),#2567);
#2571=DIRECTION('',(0.E0,0.E0,-1.E0));
#2572=VECTOR('',#2571,2.3E0);
#2573=CARTESIAN_POINT('',(-4.082480072E1,3.953600084E1,-4.1148E-1));
#2574=LINE('',#2573,#2572);
#2575=CURVE_STYLE('',#43,POSITIVE_LENGTH_MEASURE(2.E-2),#9);
#2576=PRESENTATION_STYLE_ASSIGNMENT((#2575));
#2577=STYLED_ITEM('',(#2576),#2574);
#2578=DIRECTION('',(0.E0,0.E0,-1.E0));
#2579=VECTOR('',#2578,2.3E0);
#2580=CARTESIAN_POINT('',(-4.082480072E1,4.028600084E1,-4.1148E-1));
#2581=LINE('',#2580,#2579);
#2582=CURVE_STYLE('',#43,POSITIVE_LENGTH_MEASURE(2.E-2),#9);
#2583=PRESENTATION_STYLE_ASSIGNMENT((#2582));
#2584=STYLED_ITEM('',(#2583),#2581);
#2585=DIRECTION('',(0.E0,0.E0,-1.E0));
#2586=VECTOR('',#2585,2.3E0);
#2587=CARTESIAN_POINT('',(-4.582480072E1,4.028600084E1,-4.1148E-1));
#2588=LINE('',#2587,#2586);
#2589=CURVE_STYLE('',#43,POSITIVE_LENGTH_MEASURE(2.E-2),#9);
#2590=PRESENTATION_STYLE_ASSIGNMENT((#2589));
#2591=STYLED_ITEM('',(#2590),#2588);
#2592=DIRECTION('',(0.E0,0.E0,-1.E0));
#2593=VECTOR('',#2592,1.5E-1);
#2594=CARTESIAN_POINT('',(-4.582480072E1,3.878600084E1,-1.279361181257E0));
#2595=LINE('',#2594,#2593);
#2596=CURVE_STYLE('',#43,POSITIVE_LENGTH_MEASURE(2.E-2),#9);
#2597=PRESENTATION_STYLE_ASSIGNMENT((#2596));
#2598=STYLED_ITEM('',(#2597),#2595);
#2599=DIRECTION('',(0.E0,0.E0,-1.E0));
#2600=VECTOR('',#2599,1.282118818743E0);
#2601=CARTESIAN_POINT('',(-4.582480072E1,3.878600084E1,-1.429361181257E0));
#2602=LINE('',#2601,#2600);
#2603=CURVE_STYLE('',#43,POSITIVE_LENGTH_MEASURE(2.E-2),#9);
#2604=PRESENTATION_STYLE_ASSIGNMENT((#2603));
#2605=STYLED_ITEM('',(#2604),#2602);
#2606=DIRECTION('',(0.E0,0.E0,-1.E0));
#2607=VECTOR('',#2606,8.678811812565E-1);
#2608=CARTESIAN_POINT('',(-4.582480072E1,3.878600084E1,-4.1148E-1));
#2609=LINE('',#2608,#2607);
#2610=CURVE_STYLE('',#43,POSITIVE_LENGTH_MEASURE(2.E-2),#9);
#2611=PRESENTATION_STYLE_ASSIGNMENT((#2610));
#2612=STYLED_ITEM('',(#2611),#2609);
#2613=DIRECTION('',(-1.E0,1.421085471520E-14,0.E0));
#2614=VECTOR('',#2613,5.E-1);
#2615=CARTESIAN_POINT('',(-4.532480072E1,3.878600084E1,-1.429361181257E0));
#2616=LINE('',#2615,#2614);
#2617=CURVE_STYLE('',#43,POSITIVE_LENGTH_MEASURE(2.E-2),#9);
#2618=PRESENTATION_STYLE_ASSIGNMENT((#2617));
#2619=STYLED_ITEM('',(#2618),#2616);
#2620=DIRECTION('',(0.E0,0.E0,-1.E0));
#2621=VECTOR('',#2620,1.282118818743E0);
#2622=CARTESIAN_POINT('',(-4.532480072E1,3.878600084E1,-1.429361181257E0));
#2623=LINE('',#2622,#2621);
#2624=CURVE_STYLE('',#43,POSITIVE_LENGTH_MEASURE(2.E-2),#9);
#2625=PRESENTATION_STYLE_ASSIGNMENT((#2624));
#2626=STYLED_ITEM('',(#2625),#2623);
#2627=DIRECTION('',(-1.E0,1.421085471520E-14,0.E0));
#2628=VECTOR('',#2627,5.E-1);
#2629=CARTESIAN_POINT('',(-4.532480072E1,3.878600084E1,-1.279361181257E0));
#2630=LINE('',#2629,#2628);
#2631=CURVE_STYLE('',#43,POSITIVE_LENGTH_MEASURE(2.E-2),#9);
#2632=PRESENTATION_STYLE_ASSIGNMENT((#2631));
#2633=STYLED_ITEM('',(#2632),#2630);
#2634=DIRECTION('',(0.E0,0.E0,-1.E0));
#2635=VECTOR('',#2634,8.678811812565E-1);
#2636=CARTESIAN_POINT('',(-4.532480072E1,3.878600084E1,-4.1148E-1));
#2637=LINE('',#2636,#2635);
#2638=CURVE_STYLE('',#43,POSITIVE_LENGTH_MEASURE(2.E-2),#9);
#2639=PRESENTATION_STYLE_ASSIGNMENT((#2638));
#2640=STYLED_ITEM('',(#2639),#2637);
#2641=DIRECTION('',(0.E0,0.E0,-1.E0));
#2642=VECTOR('',#2641,2.3E0);
#2643=CARTESIAN_POINT('',(-4.002480072E1,1.753600084E1,-4.1148E-1));
#2644=LINE('',#2643,#2642);
#2645=CURVE_STYLE('',#43,POSITIVE_LENGTH_MEASURE(2.E-2),#9);
#2646=PRESENTATION_STYLE_ASSIGNMENT((#2645));
#2647=STYLED_ITEM('',(#2646),#2644);
#2648=DIRECTION('',(0.E0,0.E0,-1.E0));
#2649=VECTOR('',#2648,2.3E0);
#2650=CARTESIAN_POINT('',(-4.082480072E1,1.753600084E1,-4.1148E-1));
#2651=LINE('',#2650,#2649);
#2652=CURVE_STYLE('',#43,POSITIVE_LENGTH_MEASURE(2.E-2),#9);
#2653=PRESENTATION_STYLE_ASSIGNMENT((#2652));
#2654=STYLED_ITEM('',(#2653),#2651);
#2655=DIRECTION('',(0.E0,0.E0,-1.E0));
#2656=VECTOR('',#2655,2.3E0);
#2657=CARTESIAN_POINT('',(-4.082480072E1,1.678600084E1,-4.1148E-1));
#2658=LINE('',#2657,#2656);
#2659=CURVE_STYLE('',#43,POSITIVE_LENGTH_MEASURE(2.E-2),#9);
#2660=PRESENTATION_STYLE_ASSIGNMENT((#2659));
#2661=STYLED_ITEM('',(#2660),#2658);
#2662=DIRECTION('',(0.E0,0.E0,-1.E0));
#2663=VECTOR('',#2662,1.5E-1);
#2664=CARTESIAN_POINT('',(-4.582480072E1,1.828600084E1,-1.279361181257E0));
#2665=LINE('',#2664,#2663);
#2666=CURVE_STYLE('',#43,POSITIVE_LENGTH_MEASURE(2.E-2),#9);
#2667=PRESENTATION_STYLE_ASSIGNMENT((#2666));
#2668=STYLED_ITEM('',(#2667),#2665);
#2669=DIRECTION('',(0.E0,0.E0,-1.E0));
#2670=VECTOR('',#2669,2.3E0);
#2671=CARTESIAN_POINT('',(-4.582480072E1,1.678600084E1,-4.1148E-1));
#2672=LINE('',#2671,#2670);
#2673=CURVE_STYLE('',#43,POSITIVE_LENGTH_MEASURE(2.E-2),#9);
#2674=PRESENTATION_STYLE_ASSIGNMENT((#2673));
#2675=STYLED_ITEM('',(#2674),#2672);
#2676=DIRECTION('',(0.E0,-1.E0,0.E0));
#2677=VECTOR('',#2676,2.05E1);
#2678=CARTESIAN_POINT('',(-5.676488363670E1,3.878600084E1,-2.885414194166E-1));
#2679=LINE('',#2678,#2677);
#2680=CURVE_STYLE('',#43,POSITIVE_LENGTH_MEASURE(2.E-2),#9);
#2681=PRESENTATION_STYLE_ASSIGNMENT((#2680));
#2682=STYLED_ITEM('',(#2681),#2679);
#2683=DIRECTION('',(0.E0,-1.E0,0.E0));
#2684=VECTOR('',#2683,2.05E1);
#2685=CARTESIAN_POINT('',(-5.746678046047E1,3.878600084E1,1.874947640472E0));
#2686=LINE('',#2685,#2684);
#2687=CURVE_STYLE('',#43,POSITIVE_LENGTH_MEASURE(2.E-2),#9);
#2688=PRESENTATION_STYLE_ASSIGNMENT((#2687));
#2689=STYLED_ITEM('',(#2688),#2686);
#2690=DIRECTION('',(0.E0,0.E0,-1.E0));
#2691=VECTOR('',#2690,2.099999377747E0);
#2692=CARTESIAN_POINT('',(-6.186100208718E1,5.472960398053E1,-4.1148E-1));
#2693=LINE('',#2692,#2691);
#2694=CURVE_STYLE('',#43,POSITIVE_LENGTH_MEASURE(2.E-2),#9);
#2695=PRESENTATION_STYLE_ASSIGNMENT((#2694));
#2696=STYLED_ITEM('',(#2695),#2693);
#2697=DIRECTION('',(0.E0,0.E0,-1.E0));
#2698=VECTOR('',#2697,4.999985194400E-1);
#2699=CARTESIAN_POINT('',(-6.803320208718E1,5.472960398053E1,-4.1148E-1));
#2700=LINE('',#2699,#2698);
#2701=CURVE_STYLE('',#43,POSITIVE_LENGTH_MEASURE(2.E-2),#9);
#2702=PRESENTATION_STYLE_ASSIGNMENT((#2701));
#2703=STYLED_ITEM('',(#2702),#2700);
#2704=DIRECTION('',(1.E0,0.E0,0.E0));
#2705=VECTOR('',#2704,2.6416E0);
#2706=CARTESIAN_POINT('',(-6.803320208718E1,5.472960398053E1,
-9.114785194400E-1));
#2707=LINE('',#2706,#2705);
#2708=CURVE_STYLE('',#43,POSITIVE_LENGTH_MEASURE(2.E-2),#9);
#2709=PRESENTATION_STYLE_ASSIGNMENT((#2708));
#2710=STYLED_ITEM('',(#2709),#2707);
#2711=DIRECTION('',(0.E0,0.E0,-1.E0));
#2712=VECTOR('',#2711,1.500001058307E0);
#2713=CARTESIAN_POINT('',(-6.539160208718E1,5.472960398053E1,
-9.114785194400E-1));
#2714=LINE('',#2713,#2712);
#2715=CURVE_STYLE('',#43,POSITIVE_LENGTH_MEASURE(2.E-2),#9);
#2716=PRESENTATION_STYLE_ASSIGNMENT((#2715));
#2717=STYLED_ITEM('',(#2716),#2714);
#2718=DIRECTION('',(1.E0,0.E0,0.E0));
#2719=VECTOR('',#2718,2.6416E0);
#2720=CARTESIAN_POINT('',(-6.803320208718E1,5.472960398053E1,
-2.411479577747E0));
#2721=LINE('',#2720,#2719);
#2722=CURVE_STYLE('',#43,POSITIVE_LENGTH_MEASURE(2.E-2),#9);
#2723=PRESENTATION_STYLE_ASSIGNMENT((#2722));
#2724=STYLED_ITEM('',(#2723),#2721);
#2725=DIRECTION('',(0.E0,0.E0,-1.E0));
#2726=VECTOR('',#2725,9.99998E-2);
#2727=CARTESIAN_POINT('',(-6.803320208718E1,5.472960398053E1,
-2.411479577747E0));
#2728=LINE('',#2727,#2726);
#2729=CURVE_STYLE('',#43,POSITIVE_LENGTH_MEASURE(2.E-2),#9);
#2730=PRESENTATION_STYLE_ASSIGNMENT((#2729));
#2731=STYLED_ITEM('',(#2730),#2728);
#2732=DIRECTION('',(7.071067811865E-1,7.071067811865E-1,0.E0));
#2733=VECTOR('',#2732,1.472762003855E0);
#2734=CARTESIAN_POINT('',(-6.907460208718E1,5.368820398053E1,
-9.114785194400E-1));
#2735=LINE('',#2734,#2733);
#2736=CURVE_STYLE('',#43,POSITIVE_LENGTH_MEASURE(2.E-2),#9);
#2737=PRESENTATION_STYLE_ASSIGNMENT((#2736));
#2738=STYLED_ITEM('',(#2737),#2735);
#2739=DIRECTION('',(0.E0,2.842179359075E-14,-1.E0));
#2740=VECTOR('',#2739,4.999985194400E-1);
#2741=CARTESIAN_POINT('',(-6.907460208718E1,5.368820398053E1,-4.1148E-1));
#2742=LINE('',#2741,#2740);
#2743=CURVE_STYLE('',#43,POSITIVE_LENGTH_MEASURE(2.E-2),#9);
#2744=PRESENTATION_STYLE_ASSIGNMENT((#2743));
#2745=STYLED_ITEM('',(#2744),#2742);
#2746=DIRECTION('',(7.071067811866E-1,7.071067811865E-1,0.E0));
#2747=VECTOR('',#2746,1.472762003855E0);
#2748=CARTESIAN_POINT('',(-6.907460208718E1,5.368820398053E1,
-2.411479577747E0));
#2749=LINE('',#2748,#2747);
#2750=CURVE_STYLE('',#43,POSITIVE_LENGTH_MEASURE(2.E-2),#9);
#2751=PRESENTATION_STYLE_ASSIGNMENT((#2750));
#2752=STYLED_ITEM('',(#2751),#2749);
#2753=DIRECTION('',(0.E0,0.E0,-1.E0));
#2754=VECTOR('',#2753,9.99998E-2);
#2755=CARTESIAN_POINT('',(-6.907460208718E1,5.368820398053E1,
-2.411479577747E0));
#2756=LINE('',#2755,#2754);
#2757=CURVE_STYLE('',#43,POSITIVE_LENGTH_MEASURE(2.E-2),#9);
#2758=PRESENTATION_STYLE_ASSIGNMENT((#2757));
#2759=STYLED_ITEM('',(#2758),#2756);
#2760=DIRECTION('',(0.E0,1.E0,0.E0));
#2761=VECTOR('',#2760,8.9586E0);
#2762=CARTESIAN_POINT('',(-7.578020208718E1,4.472960398053E1,
-9.114785194400E-1));
#2763=LINE('',#2762,#2761);
#2764=CURVE_STYLE('',#43,POSITIVE_LENGTH_MEASURE(2.E-2),#9);
#2765=PRESENTATION_STYLE_ASSIGNMENT((#2764));
#2766=STYLED_ITEM('',(#2765),#2763);
#2767=DIRECTION('',(-1.E0,0.E0,0.E0));
#2768=VECTOR('',#2767,6.7056E0);
#2769=CARTESIAN_POINT('',(-6.907460208718E1,5.368820398053E1,
-9.114785194400E-1));
#2770=LINE('',#2769,#2768);
#2771=CURVE_STYLE('',#43,POSITIVE_LENGTH_MEASURE(2.E-2),#9);
#2772=PRESENTATION_STYLE_ASSIGNMENT((#2771));
#2773=STYLED_ITEM('',(#2772),#2770);
#2774=DIRECTION('',(0.E0,0.E0,-1.E0));
#2775=VECTOR('',#2774,2.099999377747E0);
#2776=CARTESIAN_POINT('',(-7.631360208718E1,5.368820398053E1,-4.1148E-1));
#2777=LINE('',#2776,#2775);
#2778=CURVE_STYLE('',#43,POSITIVE_LENGTH_MEASURE(2.E-2),#9);
#2779=PRESENTATION_STYLE_ASSIGNMENT((#2778));
#2780=STYLED_ITEM('',(#2779),#2777);
#2781=DIRECTION('',(-1.E0,0.E0,0.E0));
#2782=VECTOR('',#2781,6.7056E0);
#2783=CARTESIAN_POINT('',(-6.907460208718E1,5.368820398053E1,
-2.411479577747E0));
#2784=LINE('',#2783,#2782);
#2785=CURVE_STYLE('',#43,POSITIVE_LENGTH_MEASURE(2.E-2),#9);
#2786=PRESENTATION_STYLE_ASSIGNMENT((#2785));
#2787=STYLED_ITEM('',(#2786),#2784);
#2788=DIRECTION('',(0.E0,0.E0,1.E0));
#2789=VECTOR('',#2788,1.500001058307E0);
#2790=CARTESIAN_POINT('',(-7.578020208718E1,5.368820398053E1,
-2.411479577747E0));
#2791=LINE('',#2790,#2789);
#2792=CURVE_STYLE('',#43,POSITIVE_LENGTH_MEASURE(2.E-2),#9);
#2793=PRESENTATION_STYLE_ASSIGNMENT((#2792));
#2794=STYLED_ITEM('',(#2793),#2791);
#2795=DIRECTION('',(0.E0,0.E0,-1.E0));
#2796=VECTOR('',#2795,2.099999377747E0);
#2797=CARTESIAN_POINT('',(-7.631360208718E1,4.091200398053E1,-4.1148E-1));
#2798=LINE('',#2797,#2796);
#2799=CURVE_STYLE('',#43,POSITIVE_LENGTH_MEASURE(2.E-2),#9);
#2800=PRESENTATION_STYLE_ASSIGNMENT((#2799));
#2801=STYLED_ITEM('',(#2800),#2798);
#2802=DIRECTION('',(0.E0,0.E0,-1.E0));
#2803=VECTOR('',#2802,2.099999377747E0);
#2804=CARTESIAN_POINT('',(-6.186100208718E1,4.091200398053E1,-4.1148E-1));
#2805=LINE('',#2804,#2803);
#2806=CURVE_STYLE('',#43,POSITIVE_LENGTH_MEASURE(2.E-2),#9);
#2807=PRESENTATION_STYLE_ASSIGNMENT((#2806));
#2808=STYLED_ITEM('',(#2807),#2805);
#2809=DIRECTION('',(0.E0,-1.E0,0.E0));
#2810=VECTOR('',#2809,1.38176E1);
#2811=CARTESIAN_POINT('',(-6.186100208718E1,5.472960398053E1,
-2.511479377747E0));
#2812=LINE('',#2811,#2810);
#2813=CURVE_STYLE('',#43,POSITIVE_LENGTH_MEASURE(2.E-2),#9);
#2814=PRESENTATION_STYLE_ASSIGNMENT((#2813));
#2815=STYLED_ITEM('',(#2814),#2812);
#2816=DIRECTION('',(1.E0,0.E0,0.E0));
#2817=VECTOR('',#2816,6.1722E0);
#2818=CARTESIAN_POINT('',(-6.803320208718E1,5.472960398053E1,
-2.511479377747E0));
#2819=LINE('',#2818,#2817);
#2820=CURVE_STYLE('',#43,POSITIVE_LENGTH_MEASURE(2.E-2),#9);
#2821=PRESENTATION_STYLE_ASSIGNMENT((#2820));
#2822=STYLED_ITEM('',(#2821),#2819);
#2823=DIRECTION('',(7.071067811865E-1,7.071067811866E-1,0.E0));
#2824=VECTOR('',#2823,1.472762003855E0);
#2825=CARTESIAN_POINT('',(-6.907460208718E1,5.368820398053E1,
-2.511479377747E0));
#2826=LINE('',#2825,#2824);
#2827=CURVE_STYLE('',#43,POSITIVE_LENGTH_MEASURE(2.E-2),#9);
#2828=PRESENTATION_STYLE_ASSIGNMENT((#2827));
#2829=STYLED_ITEM('',(#2828),#2826);
#2830=DIRECTION('',(1.E0,0.E0,0.E0));
#2831=VECTOR('',#2830,7.239E0);
#2832=CARTESIAN_POINT('',(-7.631360208718E1,5.368820398053E1,
-2.511479377747E0));
#2833=LINE('',#2832,#2831);
#2834=CURVE_STYLE('',#43,POSITIVE_LENGTH_MEASURE(2.E-2),#9);
#2835=PRESENTATION_STYLE_ASSIGNMENT((#2834));
#2836=STYLED_ITEM('',(#2835),#2833);
#2837=DIRECTION('',(0.E0,1.E0,0.E0));
#2838=VECTOR('',#2837,1.27762E1);
#2839=CARTESIAN_POINT('',(-7.631360208718E1,4.091200398053E1,
-2.511479377747E0));
#2840=LINE('',#2839,#2838);
#2841=CURVE_STYLE('',#43,POSITIVE_LENGTH_MEASURE(2.E-2),#9);
#2842=PRESENTATION_STYLE_ASSIGNMENT((#2841));
#2843=STYLED_ITEM('',(#2842),#2840);
#2844=DIRECTION('',(-1.E0,0.E0,0.E0));
#2845=VECTOR('',#2844,1.44526E1);
#2846=CARTESIAN_POINT('',(-6.186100208718E1,4.091200398053E1,
-2.511479377747E0));
#2847=LINE('',#2846,#2845);
#2848=CURVE_STYLE('',#43,POSITIVE_LENGTH_MEASURE(2.E-2),#9);
#2849=PRESENTATION_STYLE_ASSIGNMENT((#2848));
#2850=STYLED_ITEM('',(#2849),#2847);
#2851=DIRECTION('',(0.E0,-1.E0,0.E0));
#2852=VECTOR('',#2851,1.E1);
#2853=CARTESIAN_POINT('',(-6.539160208718E1,5.472960398053E1,
-2.411479577747E0));
#2854=LINE('',#2853,#2852);
#2855=CURVE_STYLE('',#43,POSITIVE_LENGTH_MEASURE(2.E-2),#9);
#2856=PRESENTATION_STYLE_ASSIGNMENT((#2855));
#2857=STYLED_ITEM('',(#2856),#2854);
#2858=DIRECTION('',(0.E0,-1.E0,0.E0));
#2859=VECTOR('',#2858,1.E1);
#2860=CARTESIAN_POINT('',(-6.539160208718E1,5.472960398053E1,
-9.114785194400E-1));
#2861=LINE('',#2860,#2859);
#2862=CURVE_STYLE('',#43,POSITIVE_LENGTH_MEASURE(2.E-2),#9);
#2863=PRESENTATION_STYLE_ASSIGNMENT((#2862));
#2864=STYLED_ITEM('',(#2863),#2861);
#2865=DIRECTION('',(-1.E0,0.E0,0.E0));
#2866=VECTOR('',#2865,1.03886E1);
#2867=CARTESIAN_POINT('',(-6.539160208718E1,4.472960398053E1,
-9.114785194400E-1));
#2868=LINE('',#2867,#2866);
#2869=CURVE_STYLE('',#43,POSITIVE_LENGTH_MEASURE(2.E-2),#9);
#2870=PRESENTATION_STYLE_ASSIGNMENT((#2869));
#2871=STYLED_ITEM('',(#2870),#2868);
#2872=DIRECTION('',(0.E0,0.E0,-1.E0));
#2873=VECTOR('',#2872,1.500001058307E0);
#2874=CARTESIAN_POINT('',(-7.578020208718E1,4.472960398053E1,
-9.114785194400E-1));
#2875=LINE('',#2874,#2873);
#2876=CURVE_STYLE('',#43,POSITIVE_LENGTH_MEASURE(2.E-2),#9);
#2877=PRESENTATION_STYLE_ASSIGNMENT((#2876));
#2878=STYLED_ITEM('',(#2877),#2875);
#2879=DIRECTION('',(1.E0,0.E0,0.E0));
#2880=VECTOR('',#2879,1.03886E1);
#2881=CARTESIAN_POINT('',(-7.578020208718E1,4.472960398053E1,
-2.411479577747E0));
#2882=LINE('',#2881,#2880);
#2883=CURVE_STYLE('',#43,POSITIVE_LENGTH_MEASURE(2.E-2),#9);
#2884=PRESENTATION_STYLE_ASSIGNMENT((#2883));
#2885=STYLED_ITEM('',(#2884),#2882);
#2886=DIRECTION('',(0.E0,0.E0,1.E0));
#2887=VECTOR('',#2886,1.500001058307E0);
#2888=CARTESIAN_POINT('',(-6.539160208718E1,4.472960398053E1,
-2.411479577747E0));
#2889=LINE('',#2888,#2887);
#2890=CURVE_STYLE('',#43,POSITIVE_LENGTH_MEASURE(2.E-2),#9);
#2891=PRESENTATION_STYLE_ASSIGNMENT((#2890));
#2892=STYLED_ITEM('',(#2891),#2889);
#2893=DIRECTION('',(0.E0,1.E0,0.E0));
#2894=VECTOR('',#2893,8.9586E0);
#2895=CARTESIAN_POINT('',(-7.578020208718E1,4.472960398053E1,
-2.411479577747E0));
#2896=LINE('',#2895,#2894);
#2897=CURVE_STYLE('',#43,POSITIVE_LENGTH_MEASURE(2.E-2),#9);
#2898=PRESENTATION_STYLE_ASSIGNMENT((#2897));
#2899=STYLED_ITEM('',(#2898),#2896);
#2900=DIRECTION('',(0.E0,0.E0,-1.E0));
#2901=VECTOR('',#2900,9.E0);
#2902=CARTESIAN_POINT('',(-9.2E0,5.710000244E1,-4.1148E-1));
#2903=LINE('',#2902,#2901);
#2904=CURVE_STYLE('',#43,POSITIVE_LENGTH_MEASURE(2.E-2),#9);
#2905=PRESENTATION_STYLE_ASSIGNMENT((#2904));
#2906=STYLED_ITEM('',(#2905),#2903);
#2907=DIRECTION('',(0.E0,0.E0,-1.E0));
#2908=VECTOR('',#2907,9.E0);
#2909=CARTESIAN_POINT('',(-1.17E1,5.710000244E1,-4.1148E-1));
#2910=LINE('',#2909,#2908);
#2911=CURVE_STYLE('',#43,POSITIVE_LENGTH_MEASURE(2.E-2),#9);
#2912=PRESENTATION_STYLE_ASSIGNMENT((#2911));
#2913=STYLED_ITEM('',(#2912),#2910);
#2914=DIRECTION('',(0.E0,0.E0,-1.E0));
#2915=VECTOR('',#2914,9.E0);
#2916=CARTESIAN_POINT('',(-1.17E1,5.80000244E0,-4.1148E-1));
#2917=LINE('',#2916,#2915);
#2918=CURVE_STYLE('',#43,POSITIVE_LENGTH_MEASURE(2.E-2),#9);
#2919=PRESENTATION_STYLE_ASSIGNMENT((#2918));
#2920=STYLED_ITEM('',(#2919),#2917);
#2921=DIRECTION('',(0.E0,0.E0,-1.E0));
#2922=VECTOR('',#2921,9.E0);
#2923=CARTESIAN_POINT('',(-9.2E0,5.80000244E0,-4.1148E-1));
#2924=LINE('',#2923,#2922);
#2925=CURVE_STYLE('',#43,POSITIVE_LENGTH_MEASURE(2.E-2),#9);
#2926=PRESENTATION_STYLE_ASSIGNMENT((#2925));
#2927=STYLED_ITEM('',(#2926),#2924);
#2928=DIRECTION('',(0.E0,-1.E0,0.E0));
#2929=VECTOR('',#2928,5.13E1);
#2930=CARTESIAN_POINT('',(-9.2E0,5.710000244E1,-9.41148E0));
#2931=LINE('',#2930,#2929);
#2932=CURVE_STYLE('',#43,POSITIVE_LENGTH_MEASURE(2.E-2),#9);
#2933=PRESENTATION_STYLE_ASSIGNMENT((#2932));
#2934=STYLED_ITEM('',(#2933),#2931);
#2935=DIRECTION('',(1.E0,0.E0,0.E0));
#2936=VECTOR('',#2935,2.5E0);
#2937=CARTESIAN_POINT('',(-1.17E1,5.710000244E1,-9.41148E0));
#2938=LINE('',#2937,#2936);
#2939=CURVE_STYLE('',#43,POSITIVE_LENGTH_MEASURE(2.E-2),#9);
#2940=PRESENTATION_STYLE_ASSIGNMENT((#2939));
#2941=STYLED_ITEM('',(#2940),#2938);
#2942=DIRECTION('',(0.E0,1.E0,0.E0));
#2943=VECTOR('',#2942,5.13E1);
#2944=CARTESIAN_POINT('',(-1.17E1,5.80000244E0,-9.41148E0));
#2945=LINE('',#2944,#2943);
#2946=CURVE_STYLE('',#43,POSITIVE_LENGTH_MEASURE(2.E-2),#9);
#2947=PRESENTATION_STYLE_ASSIGNMENT((#2946));
#2948=STYLED_ITEM('',(#2947),#2945);
#2949=DIRECTION('',(-1.E0,0.E0,0.E0));
#2950=VECTOR('',#2949,2.5E0);
#2951=CARTESIAN_POINT('',(-9.2E0,5.80000244E0,-9.41148E0));
#2952=LINE('',#2951,#2950);
#2953=CURVE_STYLE('',#43,POSITIVE_LENGTH_MEASURE(2.E-2),#9);
#2954=PRESENTATION_STYLE_ASSIGNMENT((#2953));
#2955=STYLED_ITEM('',(#2954),#2952);
#2956=DIRECTION('',(0.E0,-1.E0,0.E0));
#2957=VECTOR('',#2956,5.13E1);
#2958=CARTESIAN_POINT('',(-2.7E1,5.710000244E1,-9.41148E0));
#2959=LINE('',#2958,#2957);
#2960=CURVE_STYLE('',#43,POSITIVE_LENGTH_MEASURE(2.E-2),#9);
#2961=PRESENTATION_STYLE_ASSIGNMENT((#2960));
#2962=STYLED_ITEM('',(#2961),#2959);
#2963=DIRECTION('',(1.E0,0.E0,0.E0));
#2964=VECTOR('',#2963,2.5E0);
#2965=CARTESIAN_POINT('',(-2.95E1,5.710000244E1,-9.41148E0));
#2966=LINE('',#2965,#2964);
#2967=CURVE_STYLE('',#43,POSITIVE_LENGTH_MEASURE(2.E-2),#9);
#2968=PRESENTATION_STYLE_ASSIGNMENT((#2967));
#2969=STYLED_ITEM('',(#2968),#2966);
#2970=DIRECTION('',(0.E0,1.E0,0.E0));
#2971=VECTOR('',#2970,5.13E1);
#2972=CARTESIAN_POINT('',(-2.95E1,5.80000244E0,-9.41148E0));
#2973=LINE('',#2972,#2971);
#2974=CURVE_STYLE('',#43,POSITIVE_LENGTH_MEASURE(2.E-2),#9);
#2975=PRESENTATION_STYLE_ASSIGNMENT((#2974));
#2976=STYLED_ITEM('',(#2975),#2973);
#2977=DIRECTION('',(-1.E0,0.E0,0.E0));
#2978=VECTOR('',#2977,2.5E0);
#2979=CARTESIAN_POINT('',(-2.7E1,5.80000244E0,-9.41148E0));
#2980=LINE('',#2979,#2978);
#2981=CURVE_STYLE('',#43,POSITIVE_LENGTH_MEASURE(2.E-2),#9);
#2982=PRESENTATION_STYLE_ASSIGNMENT((#2981));
#2983=STYLED_ITEM('',(#2982),#2980);
#2984=DIRECTION('',(0.E0,-1.E0,0.E0));
#2985=VECTOR('',#2984,1.E0);
#2986=CARTESIAN_POINT('',(-9.95E0,5.608000244E1,-9.41148E0));
#2987=LINE('',#2986,#2985);
#2988=CURVE_STYLE('',#43,POSITIVE_LENGTH_MEASURE(2.E-2),#9);
#2989=PRESENTATION_STYLE_ASSIGNMENT((#2988));
#2990=STYLED_ITEM('',(#2989),#2987);
#2991=DIRECTION('',(-1.E0,0.E0,0.E0));
#2992=VECTOR('',#2991,1.E0);
#2993=CARTESIAN_POINT('',(-9.95E0,5.508000244E1,-9.41148E0));
#2994=LINE('',#2993,#2992);
#2995=CURVE_STYLE('',#43,POSITIVE_LENGTH_MEASURE(2.E-2),#9);
#2996=PRESENTATION_STYLE_ASSIGNMENT((#2995));
#2997=STYLED_ITEM('',(#2996),#2994);
#2998=DIRECTION('',(0.E0,1.E0,0.E0));
#2999=VECTOR('',#2998,1.E0);
#3000=CARTESIAN_POINT('',(-1.095E1,5.508000244E1,-9.41148E0));
#3001=LINE('',#3000,#2999);
#3002=CURVE_STYLE('',#43,POSITIVE_LENGTH_MEASURE(2.E-2),#9);
#3003=PRESENTATION_STYLE_ASSIGNMENT((#3002));
#3004=STYLED_ITEM('',(#3003),#3001);
#3005=DIRECTION('',(1.E0,0.E0,0.E0));
#3006=VECTOR('',#3005,1.E0);
#3007=CARTESIAN_POINT('',(-1.095E1,5.608000244E1,-9.41148E0));
#3008=LINE('',#3007,#3006);
#3009=CURVE_STYLE('',#43,POSITIVE_LENGTH_MEASURE(2.E-2),#9);
#3010=PRESENTATION_STYLE_ASSIGNMENT((#3009));
#3011=STYLED_ITEM('',(#3010),#3008);
#3012=DIRECTION('',(0.E0,-1.E0,0.E0));
#3013=VECTOR('',#3012,1.E0);
#3014=CARTESIAN_POINT('',(-2.775E1,5.608000244E1,-9.41148E0));
#3015=LINE('',#3014,#3013);
#3016=CURVE_STYLE('',#43,POSITIVE_LENGTH_MEASURE(2.E-2),#9);
#3017=PRESENTATION_STYLE_ASSIGNMENT((#3016));
#3018=STYLED_ITEM('',(#3017),#3015);
#3019=DIRECTION('',(-1.E0,0.E0,0.E0));
#3020=VECTOR('',#3019,1.E0);
#3021=CARTESIAN_POINT('',(-2.775E1,5.508000244E1,-9.41148E0));
#3022=LINE('',#3021,#3020);
#3023=CURVE_STYLE('',#43,POSITIVE_LENGTH_MEASURE(2.E-2),#9);
#3024=PRESENTATION_STYLE_ASSIGNMENT((#3023));
#3025=STYLED_ITEM('',(#3024),#3022);
#3026=DIRECTION('',(0.E0,1.E0,0.E0));
#3027=VECTOR('',#3026,1.E0);
#3028=CARTESIAN_POINT('',(-2.875E1,5.508000244E1,-9.41148E0));
#3029=LINE('',#3028,#3027);
#3030=CURVE_STYLE('',#43,POSITIVE_LENGTH_MEASURE(2.E-2),#9);
#3031=PRESENTATION_STYLE_ASSIGNMENT((#3030));
#3032=STYLED_ITEM('',(#3031),#3029);
#3033=DIRECTION('',(1.E0,0.E0,0.E0));
#3034=VECTOR('',#3033,1.E0);
#3035=CARTESIAN_POINT('',(-2.875E1,5.608000244E1,-9.41148E0));
#3036=LINE('',#3035,#3034);
#3037=CURVE_STYLE('',#43,POSITIVE_LENGTH_MEASURE(2.E-2),#9);
#3038=PRESENTATION_STYLE_ASSIGNMENT((#3037));
#3039=STYLED_ITEM('',(#3038),#3036);
#3040=DIRECTION('',(0.E0,-1.E0,0.E0));
#3041=VECTOR('',#3040,1.E0);
#3042=CARTESIAN_POINT('',(-9.95E0,5.354000244E1,-9.41148E0));
#3043=LINE('',#3042,#3041);
#3044=CURVE_STYLE('',#43,POSITIVE_LENGTH_MEASURE(2.E-2),#9);
#3045=PRESENTATION_STYLE_ASSIGNMENT((#3044));
#3046=STYLED_ITEM('',(#3045),#3043);
#3047=DIRECTION('',(-1.E0,0.E0,0.E0));
#3048=VECTOR('',#3047,1.E0);
#3049=CARTESIAN_POINT('',(-9.95E0,5.254000244E1,-9.41148E0));
#3050=LINE('',#3049,#3048);
#3051=CURVE_STYLE('',#43,POSITIVE_LENGTH_MEASURE(2.E-2),#9);
#3052=PRESENTATION_STYLE_ASSIGNMENT((#3051));
#3053=STYLED_ITEM('',(#3052),#3050);
#3054=DIRECTION('',(0.E0,1.E0,0.E0));
#3055=VECTOR('',#3054,1.E0);
#3056=CARTESIAN_POINT('',(-1.095E1,5.254000244E1,-9.41148E0));
#3057=LINE('',#3056,#3055);
#3058=CURVE_STYLE('',#43,POSITIVE_LENGTH_MEASURE(2.E-2),#9);
#3059=PRESENTATION_STYLE_ASSIGNMENT((#3058));
#3060=STYLED_ITEM('',(#3059),#3057);
#3061=DIRECTION('',(1.E0,0.E0,0.E0));
#3062=VECTOR('',#3061,1.E0);
#3063=CARTESIAN_POINT('',(-1.095E1,5.354000244E1,-9.41148E0));
#3064=LINE('',#3063,#3062);
#3065=CURVE_STYLE('',#43,POSITIVE_LENGTH_MEASURE(2.E-2),#9);
#3066=PRESENTATION_STYLE_ASSIGNMENT((#3065));
#3067=STYLED_ITEM('',(#3066),#3064);
#3068=DIRECTION('',(0.E0,-1.E0,0.E0));
#3069=VECTOR('',#3068,1.E0);
#3070=CARTESIAN_POINT('',(-2.775E1,5.354000244E1,-9.41148E0));
#3071=LINE('',#3070,#3069);
#3072=CURVE_STYLE('',#43,POSITIVE_LENGTH_MEASURE(2.E-2),#9);
#3073=PRESENTATION_STYLE_ASSIGNMENT((#3072));
#3074=STYLED_ITEM('',(#3073),#3071);
#3075=DIRECTION('',(-1.E0,0.E0,0.E0));
#3076=VECTOR('',#3075,1.E0);
#3077=CARTESIAN_POINT('',(-2.775E1,5.254000244E1,-9.41148E0));
#3078=LINE('',#3077,#3076);
#3079=CURVE_STYLE('',#43,POSITIVE_LENGTH_MEASURE(2.E-2),#9);
#3080=PRESENTATION_STYLE_ASSIGNMENT((#3079));
#3081=STYLED_ITEM('',(#3080),#3078);
#3082=DIRECTION('',(0.E0,1.E0,0.E0));
#3083=VECTOR('',#3082,1.E0);
#3084=CARTESIAN_POINT('',(-2.875E1,5.254000244E1,-9.41148E0));
#3085=LINE('',#3084,#3083);
#3086=CURVE_STYLE('',#43,POSITIVE_LENGTH_MEASURE(2.E-2),#9);
#3087=PRESENTATION_STYLE_ASSIGNMENT((#3086));
#3088=STYLED_ITEM('',(#3087),#3085);
#3089=DIRECTION('',(1.E0,0.E0,0.E0));
#3090=VECTOR('',#3089,1.E0);
#3091=CARTESIAN_POINT('',(-2.875E1,5.354000244E1,-9.41148E0));
#3092=LINE('',#3091,#3090);
#3093=CURVE_STYLE('',#43,POSITIVE_LENGTH_MEASURE(2.E-2),#9);
#3094=PRESENTATION_STYLE_ASSIGNMENT((#3093));
#3095=STYLED_ITEM('',(#3094),#3092);
#3096=DIRECTION('',(0.E0,-1.E0,0.E0));
#3097=VECTOR('',#3096,1.E0);
#3098=CARTESIAN_POINT('',(-9.95E0,5.100000244E1,-9.41148E0));
#3099=LINE('',#3098,#3097);
#3100=CURVE_STYLE('',#43,POSITIVE_LENGTH_MEASURE(2.E-2),#9);
#3101=PRESENTATION_STYLE_ASSIGNMENT((#3100));
#3102=STYLED_ITEM('',(#3101),#3099);
#3103=DIRECTION('',(-1.E0,0.E0,0.E0));
#3104=VECTOR('',#3103,1.E0);
#3105=CARTESIAN_POINT('',(-9.95E0,5.000000244E1,-9.41148E0));
#3106=LINE('',#3105,#3104);
#3107=CURVE_STYLE('',#43,POSITIVE_LENGTH_MEASURE(2.E-2),#9);
#3108=PRESENTATION_STYLE_ASSIGNMENT((#3107));
#3109=STYLED_ITEM('',(#3108),#3106);
#3110=DIRECTION('',(0.E0,1.E0,0.E0));
#3111=VECTOR('',#3110,1.E0);
#3112=CARTESIAN_POINT('',(-1.095E1,5.000000244E1,-9.41148E0));
#3113=LINE('',#3112,#3111);
#3114=CURVE_STYLE('',#43,POSITIVE_LENGTH_MEASURE(2.E-2),#9);
#3115=PRESENTATION_STYLE_ASSIGNMENT((#3114));
#3116=STYLED_ITEM('',(#3115),#3113);
#3117=DIRECTION('',(1.E0,0.E0,0.E0));
#3118=VECTOR('',#3117,1.E0);
#3119=CARTESIAN_POINT('',(-1.095E1,5.100000244E1,-9.41148E0));
#3120=LINE('',#3119,#3118);
#3121=CURVE_STYLE('',#43,POSITIVE_LENGTH_MEASURE(2.E-2),#9);
#3122=PRESENTATION_STYLE_ASSIGNMENT((#3121));
#3123=STYLED_ITEM('',(#3122),#3120);
#3124=DIRECTION('',(0.E0,-1.E0,0.E0));
#3125=VECTOR('',#3124,1.E0);
#3126=CARTESIAN_POINT('',(-2.775E1,5.100000244E1,-9.41148E0));
#3127=LINE('',#3126,#3125);
#3128=CURVE_STYLE('',#43,POSITIVE_LENGTH_MEASURE(2.E-2),#9);
#3129=PRESENTATION_STYLE_ASSIGNMENT((#3128));
#3130=STYLED_ITEM('',(#3129),#3127);
#3131=DIRECTION('',(-1.E0,0.E0,0.E0));
#3132=VECTOR('',#3131,1.E0);
#3133=CARTESIAN_POINT('',(-2.775E1,5.000000244E1,-9.41148E0));
#3134=LINE('',#3133,#3132);
#3135=CURVE_STYLE('',#43,POSITIVE_LENGTH_MEASURE(2.E-2),#9);
#3136=PRESENTATION_STYLE_ASSIGNMENT((#3135));
#3137=STYLED_ITEM('',(#3136),#3134);
#3138=DIRECTION('',(0.E0,1.E0,0.E0));
#3139=VECTOR('',#3138,1.E0);
#3140=CARTESIAN_POINT('',(-2.875E1,5.000000244E1,-9.41148E0));
#3141=LINE('',#3140,#3139);
#3142=CURVE_STYLE('',#43,POSITIVE_LENGTH_MEASURE(2.E-2),#9);
#3143=PRESENTATION_STYLE_ASSIGNMENT((#3142));
#3144=STYLED_ITEM('',(#3143),#3141);
#3145=DIRECTION('',(1.E0,0.E0,0.E0));
#3146=VECTOR('',#3145,1.E0);
#3147=CARTESIAN_POINT('',(-2.875E1,5.100000244E1,-9.41148E0));
#3148=LINE('',#3147,#3146);
#3149=CURVE_STYLE('',#43,POSITIVE_LENGTH_MEASURE(2.E-2),#9);
#3150=PRESENTATION_STYLE_ASSIGNMENT((#3149));
#3151=STYLED_ITEM('',(#3150),#3148);
#3152=DIRECTION('',(0.E0,-1.E0,0.E0));
#3153=VECTOR('',#3152,1.E0);
#3154=CARTESIAN_POINT('',(-9.95E0,4.846000244E1,-9.41148E0));
#3155=LINE('',#3154,#3153);
#3156=CURVE_STYLE('',#43,POSITIVE_LENGTH_MEASURE(2.E-2),#9);
#3157=PRESENTATION_STYLE_ASSIGNMENT((#3156));
#3158=STYLED_ITEM('',(#3157),#3155);
#3159=DIRECTION('',(-1.E0,0.E0,0.E0));
#3160=VECTOR('',#3159,1.E0);
#3161=CARTESIAN_POINT('',(-9.95E0,4.746000244E1,-9.41148E0));
#3162=LINE('',#3161,#3160);
#3163=CURVE_STYLE('',#43,POSITIVE_LENGTH_MEASURE(2.E-2),#9);
#3164=PRESENTATION_STYLE_ASSIGNMENT((#3163));
#3165=STYLED_ITEM('',(#3164),#3162);
#3166=DIRECTION('',(0.E0,1.E0,0.E0));
#3167=VECTOR('',#3166,1.E0);
#3168=CARTESIAN_POINT('',(-1.095E1,4.746000244E1,-9.41148E0));
#3169=LINE('',#3168,#3167);
#3170=CURVE_STYLE('',#43,POSITIVE_LENGTH_MEASURE(2.E-2),#9);
#3171=PRESENTATION_STYLE_ASSIGNMENT((#3170));
#3172=STYLED_ITEM('',(#3171),#3169);
#3173=DIRECTION('',(1.E0,0.E0,0.E0));
#3174=VECTOR('',#3173,1.E0);
#3175=CARTESIAN_POINT('',(-1.095E1,4.846000244E1,-9.41148E0));
#3176=LINE('',#3175,#3174);
#3177=CURVE_STYLE('',#43,POSITIVE_LENGTH_MEASURE(2.E-2),#9);
#3178=PRESENTATION_STYLE_ASSIGNMENT((#3177));
#3179=STYLED_ITEM('',(#3178),#3176);
#3180=DIRECTION('',(0.E0,-1.E0,0.E0));
#3181=VECTOR('',#3180,1.E0);
#3182=CARTESIAN_POINT('',(-2.775E1,4.846000244E1,-9.41148E0));
#3183=LINE('',#3182,#3181);
#3184=CURVE_STYLE('',#43,POSITIVE_LENGTH_MEASURE(2.E-2),#9);
#3185=PRESENTATION_STYLE_ASSIGNMENT((#3184));
#3186=STYLED_ITEM('',(#3185),#3183);
#3187=DIRECTION('',(-1.E0,0.E0,0.E0));
#3188=VECTOR('',#3187,1.E0);
#3189=CARTESIAN_POINT('',(-2.775E1,4.746000244E1,-9.41148E0));
#3190=LINE('',#3189,#3188);
#3191=CURVE_STYLE('',#43,POSITIVE_LENGTH_MEASURE(2.E-2),#9);
#3192=PRESENTATION_STYLE_ASSIGNMENT((#3191));
#3193=STYLED_ITEM('',(#3192),#3190);
#3194=DIRECTION('',(0.E0,1.E0,0.E0));
#3195=VECTOR('',#3194,1.E0);
#3196=CARTESIAN_POINT('',(-2.875E1,4.746000244E1,-9.41148E0));
#3197=LINE('',#3196,#3195);
#3198=CURVE_STYLE('',#43,POSITIVE_LENGTH_MEASURE(2.E-2),#9);
#3199=PRESENTATION_STYLE_ASSIGNMENT((#3198));
#3200=STYLED_ITEM('',(#3199),#3197);
#3201=DIRECTION('',(1.E0,0.E0,0.E0));
#3202=VECTOR('',#3201,1.E0);
#3203=CARTESIAN_POINT('',(-2.875E1,4.846000244E1,-9.41148E0));
#3204=LINE('',#3203,#3202);
#3205=CURVE_STYLE('',#43,POSITIVE_LENGTH_MEASURE(2.E-2),#9);
#3206=PRESENTATION_STYLE_ASSIGNMENT((#3205));
#3207=STYLED_ITEM('',(#3206),#3204);
#3208=DIRECTION('',(0.E0,-1.E0,0.E0));
#3209=VECTOR('',#3208,1.E0);
#3210=CARTESIAN_POINT('',(-9.95E0,4.592000244E1,-9.41148E0));
#3211=LINE('',#3210,#3209);
#3212=CURVE_STYLE('',#43,POSITIVE_LENGTH_MEASURE(2.E-2),#9);
#3213=PRESENTATION_STYLE_ASSIGNMENT((#3212));
#3214=STYLED_ITEM('',(#3213),#3211);
#3215=DIRECTION('',(-1.E0,0.E0,0.E0));
#3216=VECTOR('',#3215,1.E0);
#3217=CARTESIAN_POINT('',(-9.95E0,4.492000244E1,-9.41148E0));
#3218=LINE('',#3217,#3216);
#3219=CURVE_STYLE('',#43,POSITIVE_LENGTH_MEASURE(2.E-2),#9);
#3220=PRESENTATION_STYLE_ASSIGNMENT((#3219));
#3221=STYLED_ITEM('',(#3220),#3218);
#3222=DIRECTION('',(0.E0,1.E0,0.E0));
#3223=VECTOR('',#3222,1.E0);
#3224=CARTESIAN_POINT('',(-1.095E1,4.492000244E1,-9.41148E0));
#3225=LINE('',#3224,#3223);
#3226=CURVE_STYLE('',#43,POSITIVE_LENGTH_MEASURE(2.E-2),#9);
#3227=PRESENTATION_STYLE_ASSIGNMENT((#3226));
#3228=STYLED_ITEM('',(#3227),#3225);
#3229=DIRECTION('',(1.E0,0.E0,0.E0));
#3230=VECTOR('',#3229,1.E0);
#3231=CARTESIAN_POINT('',(-1.095E1,4.592000244E1,-9.41148E0));
#3232=LINE('',#3231,#3230);
#3233=CURVE_STYLE('',#43,POSITIVE_LENGTH_MEASURE(2.E-2),#9);
#3234=PRESENTATION_STYLE_ASSIGNMENT((#3233));
#3235=STYLED_ITEM('',(#3234),#3232);
#3236=DIRECTION('',(0.E0,-1.E0,0.E0));
#3237=VECTOR('',#3236,1.E0);
#3238=CARTESIAN_POINT('',(-2.775E1,4.592000244E1,-9.41148E0));
#3239=LINE('',#3238,#3237);
#3240=CURVE_STYLE('',#43,POSITIVE_LENGTH_MEASURE(2.E-2),#9);
#3241=PRESENTATION_STYLE_ASSIGNMENT((#3240));
#3242=STYLED_ITEM('',(#3241),#3239);
#3243=DIRECTION('',(-1.E0,0.E0,0.E0));
#3244=VECTOR('',#3243,1.E0);
#3245=CARTESIAN_POINT('',(-2.775E1,4.492000244E1,-9.41148E0));
#3246=LINE('',#3245,#3244);
#3247=CURVE_STYLE('',#43,POSITIVE_LENGTH_MEASURE(2.E-2),#9);
#3248=PRESENTATION_STYLE_ASSIGNMENT((#3247));
#3249=STYLED_ITEM('',(#3248),#3246);
#3250=DIRECTION('',(0.E0,1.E0,0.E0));
#3251=VECTOR('',#3250,1.E0);
#3252=CARTESIAN_POINT('',(-2.875E1,4.492000244E1,-9.41148E0));
#3253=LINE('',#3252,#3251);
#3254=CURVE_STYLE('',#43,POSITIVE_LENGTH_MEASURE(2.E-2),#9);
#3255=PRESENTATION_STYLE_ASSIGNMENT((#3254));
#3256=STYLED_ITEM('',(#3255),#3253);
#3257=DIRECTION('',(1.E0,0.E0,0.E0));
#3258=VECTOR('',#3257,1.E0);
#3259=CARTESIAN_POINT('',(-2.875E1,4.592000244E1,-9.41148E0));
#3260=LINE('',#3259,#3258);
#3261=CURVE_STYLE('',#43,POSITIVE_LENGTH_MEASURE(2.E-2),#9);
#3262=PRESENTATION_STYLE_ASSIGNMENT((#3261));
#3263=STYLED_ITEM('',(#3262),#3260);
#3264=DIRECTION('',(0.E0,-1.E0,0.E0));
#3265=VECTOR('',#3264,1.E0);
#3266=CARTESIAN_POINT('',(-9.95E0,4.338000244E1,-9.41148E0));
#3267=LINE('',#3266,#3265);
#3268=CURVE_STYLE('',#43,POSITIVE_LENGTH_MEASURE(2.E-2),#9);
#3269=PRESENTATION_STYLE_ASSIGNMENT((#3268));
#3270=STYLED_ITEM('',(#3269),#3267);
#3271=DIRECTION('',(-1.E0,0.E0,0.E0));
#3272=VECTOR('',#3271,1.E0);
#3273=CARTESIAN_POINT('',(-9.95E0,4.238000244E1,-9.41148E0));
#3274=LINE('',#3273,#3272);
#3275=CURVE_STYLE('',#43,POSITIVE_LENGTH_MEASURE(2.E-2),#9);
#3276=PRESENTATION_STYLE_ASSIGNMENT((#3275));
#3277=STYLED_ITEM('',(#3276),#3274);
#3278=DIRECTION('',(0.E0,1.E0,0.E0));
#3279=VECTOR('',#3278,1.E0);
#3280=CARTESIAN_POINT('',(-1.095E1,4.238000244E1,-9.41148E0));
#3281=LINE('',#3280,#3279);
#3282=CURVE_STYLE('',#43,POSITIVE_LENGTH_MEASURE(2.E-2),#9);
#3283=PRESENTATION_STYLE_ASSIGNMENT((#3282));
#3284=STYLED_ITEM('',(#3283),#3281);
#3285=DIRECTION('',(1.E0,0.E0,0.E0));
#3286=VECTOR('',#3285,1.E0);
#3287=CARTESIAN_POINT('',(-1.095E1,4.338000244E1,-9.41148E0));
#3288=LINE('',#3287,#3286);
#3289=CURVE_STYLE('',#43,POSITIVE_LENGTH_MEASURE(2.E-2),#9);
#3290=PRESENTATION_STYLE_ASSIGNMENT((#3289));
#3291=STYLED_ITEM('',(#3290),#3288);
#3292=DIRECTION('',(0.E0,-1.E0,0.E0));
#3293=VECTOR('',#3292,1.E0);
#3294=CARTESIAN_POINT('',(-2.775E1,4.338000244E1,-9.41148E0));
#3295=LINE('',#3294,#3293);
#3296=CURVE_STYLE('',#43,POSITIVE_LENGTH_MEASURE(2.E-2),#9);
#3297=PRESENTATION_STYLE_ASSIGNMENT((#3296));
#3298=STYLED_ITEM('',(#3297),#3295);
#3299=DIRECTION('',(-1.E0,0.E0,0.E0));
#3300=VECTOR('',#3299,1.E0);
#3301=CARTESIAN_POINT('',(-2.775E1,4.238000244E1,-9.41148E0));
#3302=LINE('',#3301,#3300);
#3303=CURVE_STYLE('',#43,POSITIVE_LENGTH_MEASURE(2.E-2),#9);
#3304=PRESENTATION_STYLE_ASSIGNMENT((#3303));
#3305=STYLED_ITEM('',(#3304),#3302);
#3306=DIRECTION('',(0.E0,1.E0,0.E0));
#3307=VECTOR('',#3306,1.E0);
#3308=CARTESIAN_POINT('',(-2.875E1,4.238000244E1,-9.41148E0));
#3309=LINE('',#3308,#3307);
#3310=CURVE_STYLE('',#43,POSITIVE_LENGTH_MEASURE(2.E-2),#9);
#3311=PRESENTATION_STYLE_ASSIGNMENT((#3310));
#3312=STYLED_ITEM('',(#3311),#3309);
#3313=DIRECTION('',(1.E0,0.E0,0.E0));
#3314=VECTOR('',#3313,1.E0);
#3315=CARTESIAN_POINT('',(-2.875E1,4.338000244E1,-9.41148E0));
#3316=LINE('',#3315,#3314);
#3317=CURVE_STYLE('',#43,POSITIVE_LENGTH_MEASURE(2.E-2),#9);
#3318=PRESENTATION_STYLE_ASSIGNMENT((#3317));
#3319=STYLED_ITEM('',(#3318),#3316);
#3320=DIRECTION('',(0.E0,-1.E0,0.E0));
#3321=VECTOR('',#3320,1.E0);
#3322=CARTESIAN_POINT('',(-9.95E0,4.084000244E1,-9.41148E0));
#3323=LINE('',#3322,#3321);
#3324=CURVE_STYLE('',#43,POSITIVE_LENGTH_MEASURE(2.E-2),#9);
#3325=PRESENTATION_STYLE_ASSIGNMENT((#3324));
#3326=STYLED_ITEM('',(#3325),#3323);
#3327=DIRECTION('',(-1.E0,0.E0,0.E0));
#3328=VECTOR('',#3327,1.E0);
#3329=CARTESIAN_POINT('',(-9.95E0,3.984000244E1,-9.41148E0));
#3330=LINE('',#3329,#3328);
#3331=CURVE_STYLE('',#43,POSITIVE_LENGTH_MEASURE(2.E-2),#9);
#3332=PRESENTATION_STYLE_ASSIGNMENT((#3331));
#3333=STYLED_ITEM('',(#3332),#3330);
#3334=DIRECTION('',(0.E0,1.E0,0.E0));
#3335=VECTOR('',#3334,1.E0);
#3336=CARTESIAN_POINT('',(-1.095E1,3.984000244E1,-9.41148E0));
#3337=LINE('',#3336,#3335);
#3338=CURVE_STYLE('',#43,POSITIVE_LENGTH_MEASURE(2.E-2),#9);
#3339=PRESENTATION_STYLE_ASSIGNMENT((#3338));
#3340=STYLED_ITEM('',(#3339),#3337);
#3341=DIRECTION('',(1.E0,0.E0,0.E0));
#3342=VECTOR('',#3341,1.E0);
#3343=CARTESIAN_POINT('',(-1.095E1,4.084000244E1,-9.41148E0));
#3344=LINE('',#3343,#3342);
#3345=CURVE_STYLE('',#43,POSITIVE_LENGTH_MEASURE(2.E-2),#9);
#3346=PRESENTATION_STYLE_ASSIGNMENT((#3345));
#3347=STYLED_ITEM('',(#3346),#3344);
#3348=DIRECTION('',(0.E0,-1.E0,0.E0));
#3349=VECTOR('',#3348,1.E0);
#3350=CARTESIAN_POINT('',(-2.775E1,4.084000244E1,-9.41148E0));
#3351=LINE('',#3350,#3349);
#3352=CURVE_STYLE('',#43,POSITIVE_LENGTH_MEASURE(2.E-2),#9);
#3353=PRESENTATION_STYLE_ASSIGNMENT((#3352));
#3354=STYLED_ITEM('',(#3353),#3351);
#3355=DIRECTION('',(-1.E0,0.E0,0.E0));
#3356=VECTOR('',#3355,1.E0);
#3357=CARTESIAN_POINT('',(-2.775E1,3.984000244E1,-9.41148E0));
#3358=LINE('',#3357,#3356);
#3359=CURVE_STYLE('',#43,POSITIVE_LENGTH_MEASURE(2.E-2),#9);
#3360=PRESENTATION_STYLE_ASSIGNMENT((#3359));
#3361=STYLED_ITEM('',(#3360),#3358);
#3362=DIRECTION('',(0.E0,1.E0,0.E0));
#3363=VECTOR('',#3362,1.E0);
#3364=CARTESIAN_POINT('',(-2.875E1,3.984000244E1,-9.41148E0));
#3365=LINE('',#3364,#3363);
#3366=CURVE_STYLE('',#43,POSITIVE_LENGTH_MEASURE(2.E-2),#9);
#3367=PRESENTATION_STYLE_ASSIGNMENT((#3366));
#3368=STYLED_ITEM('',(#3367),#3365);
#3369=DIRECTION('',(1.E0,0.E0,0.E0));
#3370=VECTOR('',#3369,1.E0);
#3371=CARTESIAN_POINT('',(-2.875E1,4.084000244E1,-9.41148E0));
#3372=LINE('',#3371,#3370);
#3373=CURVE_STYLE('',#43,POSITIVE_LENGTH_MEASURE(2.E-2),#9);
#3374=PRESENTATION_STYLE_ASSIGNMENT((#3373));
#3375=STYLED_ITEM('',(#3374),#3372);
#3376=DIRECTION('',(0.E0,-1.E0,0.E0));
#3377=VECTOR('',#3376,1.E0);
#3378=CARTESIAN_POINT('',(-9.95E0,3.830000244E1,-9.41148E0));
#3379=LINE('',#3378,#3377);
#3380=CURVE_STYLE('',#43,POSITIVE_LENGTH_MEASURE(2.E-2),#9);
#3381=PRESENTATION_STYLE_ASSIGNMENT((#3380));
#3382=STYLED_ITEM('',(#3381),#3379);
#3383=DIRECTION('',(-1.E0,0.E0,0.E0));
#3384=VECTOR('',#3383,1.E0);
#3385=CARTESIAN_POINT('',(-9.95E0,3.730000244E1,-9.41148E0));
#3386=LINE('',#3385,#3384);
#3387=CURVE_STYLE('',#43,POSITIVE_LENGTH_MEASURE(2.E-2),#9);
#3388=PRESENTATION_STYLE_ASSIGNMENT((#3387));
#3389=STYLED_ITEM('',(#3388),#3386);
#3390=DIRECTION('',(0.E0,1.E0,0.E0));
#3391=VECTOR('',#3390,1.E0);
#3392=CARTESIAN_POINT('',(-1.095E1,3.730000244E1,-9.41148E0));
#3393=LINE('',#3392,#3391);
#3394=CURVE_STYLE('',#43,POSITIVE_LENGTH_MEASURE(2.E-2),#9);
#3395=PRESENTATION_STYLE_ASSIGNMENT((#3394));
#3396=STYLED_ITEM('',(#3395),#3393);
#3397=DIRECTION('',(1.E0,0.E0,0.E0));
#3398=VECTOR('',#3397,1.E0);
#3399=CARTESIAN_POINT('',(-1.095E1,3.830000244E1,-9.41148E0));
#3400=LINE('',#3399,#3398);
#3401=CURVE_STYLE('',#43,POSITIVE_LENGTH_MEASURE(2.E-2),#9);
#3402=PRESENTATION_STYLE_ASSIGNMENT((#3401));
#3403=STYLED_ITEM('',(#3402),#3400);
#3404=DIRECTION('',(0.E0,-1.E0,0.E0));
#3405=VECTOR('',#3404,1.E0);
#3406=CARTESIAN_POINT('',(-2.775E1,3.830000244E1,-9.41148E0));
#3407=LINE('',#3406,#3405);
#3408=CURVE_STYLE('',#43,POSITIVE_LENGTH_MEASURE(2.E-2),#9);
#3409=PRESENTATION_STYLE_ASSIGNMENT((#3408));
#3410=STYLED_ITEM('',(#3409),#3407);
#3411=DIRECTION('',(-1.E0,0.E0,0.E0));
#3412=VECTOR('',#3411,1.E0);
#3413=CARTESIAN_POINT('',(-2.775E1,3.730000244E1,-9.41148E0));
#3414=LINE('',#3413,#3412);
#3415=CURVE_STYLE('',#43,POSITIVE_LENGTH_MEASURE(2.E-2),#9);
#3416=PRESENTATION_STYLE_ASSIGNMENT((#3415));
#3417=STYLED_ITEM('',(#3416),#3414);
#3418=DIRECTION('',(0.E0,1.E0,0.E0));
#3419=VECTOR('',#3418,1.E0);
#3420=CARTESIAN_POINT('',(-2.875E1,3.730000244E1,-9.41148E0));
#3421=LINE('',#3420,#3419);
#3422=CURVE_STYLE('',#43,POSITIVE_LENGTH_MEASURE(2.E-2),#9);
#3423=PRESENTATION_STYLE_ASSIGNMENT((#3422));
#3424=STYLED_ITEM('',(#3423),#3421);
#3425=DIRECTION('',(1.E0,0.E0,0.E0));
#3426=VECTOR('',#3425,1.E0);
#3427=CARTESIAN_POINT('',(-2.875E1,3.830000244E1,-9.41148E0));
#3428=LINE('',#3427,#3426);
#3429=CURVE_STYLE('',#43,POSITIVE_LENGTH_MEASURE(2.E-2),#9);
#3430=PRESENTATION_STYLE_ASSIGNMENT((#3429));
#3431=STYLED_ITEM('',(#3430),#3428);
#3432=DIRECTION('',(0.E0,-1.E0,0.E0));
#3433=VECTOR('',#3432,1.E0);
#3434=CARTESIAN_POINT('',(-9.95E0,3.576000244E1,-9.41148E0));
#3435=LINE('',#3434,#3433);
#3436=CURVE_STYLE('',#43,POSITIVE_LENGTH_MEASURE(2.E-2),#9);
#3437=PRESENTATION_STYLE_ASSIGNMENT((#3436));
#3438=STYLED_ITEM('',(#3437),#3435);
#3439=DIRECTION('',(-1.E0,0.E0,0.E0));
#3440=VECTOR('',#3439,1.E0);
#3441=CARTESIAN_POINT('',(-9.95E0,3.476000244E1,-9.41148E0));
#3442=LINE('',#3441,#3440);
#3443=CURVE_STYLE('',#43,POSITIVE_LENGTH_MEASURE(2.E-2),#9);
#3444=PRESENTATION_STYLE_ASSIGNMENT((#3443));
#3445=STYLED_ITEM('',(#3444),#3442);
#3446=DIRECTION('',(0.E0,1.E0,0.E0));
#3447=VECTOR('',#3446,1.E0);
#3448=CARTESIAN_POINT('',(-1.095E1,3.476000244E1,-9.41148E0));
#3449=LINE('',#3448,#3447);
#3450=CURVE_STYLE('',#43,POSITIVE_LENGTH_MEASURE(2.E-2),#9);
#3451=PRESENTATION_STYLE_ASSIGNMENT((#3450));
#3452=STYLED_ITEM('',(#3451),#3449);
#3453=DIRECTION('',(1.E0,0.E0,0.E0));
#3454=VECTOR('',#3453,1.E0);
#3455=CARTESIAN_POINT('',(-1.095E1,3.576000244E1,-9.41148E0));
#3456=LINE('',#3455,#3454);
#3457=CURVE_STYLE('',#43,POSITIVE_LENGTH_MEASURE(2.E-2),#9);
#3458=PRESENTATION_STYLE_ASSIGNMENT((#3457));
#3459=STYLED_ITEM('',(#3458),#3456);
#3460=DIRECTION('',(0.E0,-1.E0,0.E0));
#3461=VECTOR('',#3460,1.E0);
#3462=CARTESIAN_POINT('',(-2.775E1,3.576000244E1,-9.41148E0));
#3463=LINE('',#3462,#3461);
#3464=CURVE_STYLE('',#43,POSITIVE_LENGTH_MEASURE(2.E-2),#9);
#3465=PRESENTATION_STYLE_ASSIGNMENT((#3464));
#3466=STYLED_ITEM('',(#3465),#3463);
#3467=DIRECTION('',(-1.E0,0.E0,0.E0));
#3468=VECTOR('',#3467,1.E0);
#3469=CARTESIAN_POINT('',(-2.775E1,3.476000244E1,-9.41148E0));
#3470=LINE('',#3469,#3468);
#3471=CURVE_STYLE('',#43,POSITIVE_LENGTH_MEASURE(2.E-2),#9);
#3472=PRESENTATION_STYLE_ASSIGNMENT((#3471));
#3473=STYLED_ITEM('',(#3472),#3470);
#3474=DIRECTION('',(0.E0,1.E0,0.E0));
#3475=VECTOR('',#3474,1.E0);
#3476=CARTESIAN_POINT('',(-2.875E1,3.476000244E1,-9.41148E0));
#3477=LINE('',#3476,#3475);
#3478=CURVE_STYLE('',#43,POSITIVE_LENGTH_MEASURE(2.E-2),#9);
#3479=PRESENTATION_STYLE_ASSIGNMENT((#3478));
#3480=STYLED_ITEM('',(#3479),#3477);
#3481=DIRECTION('',(1.E0,0.E0,0.E0));
#3482=VECTOR('',#3481,1.E0);
#3483=CARTESIAN_POINT('',(-2.875E1,3.576000244E1,-9.41148E0));
#3484=LINE('',#3483,#3482);
#3485=CURVE_STYLE('',#43,POSITIVE_LENGTH_MEASURE(2.E-2),#9);
#3486=PRESENTATION_STYLE_ASSIGNMENT((#3485));
#3487=STYLED_ITEM('',(#3486),#3484);
#3488=DIRECTION('',(0.E0,-1.E0,0.E0));
#3489=VECTOR('',#3488,1.E0);
#3490=CARTESIAN_POINT('',(-9.95E0,3.322000244E1,-9.41148E0));
#3491=LINE('',#3490,#3489);
#3492=CURVE_STYLE('',#43,POSITIVE_LENGTH_MEASURE(2.E-2),#9);
#3493=PRESENTATION_STYLE_ASSIGNMENT((#3492));
#3494=STYLED_ITEM('',(#3493),#3491);
#3495=DIRECTION('',(-1.E0,0.E0,0.E0));
#3496=VECTOR('',#3495,1.E0);
#3497=CARTESIAN_POINT('',(-9.95E0,3.222000244E1,-9.41148E0));
#3498=LINE('',#3497,#3496);
#3499=CURVE_STYLE('',#43,POSITIVE_LENGTH_MEASURE(2.E-2),#9);
#3500=PRESENTATION_STYLE_ASSIGNMENT((#3499));
#3501=STYLED_ITEM('',(#3500),#3498);
#3502=DIRECTION('',(0.E0,1.E0,0.E0));
#3503=VECTOR('',#3502,1.E0);
#3504=CARTESIAN_POINT('',(-1.095E1,3.222000244E1,-9.41148E0));
#3505=LINE('',#3504,#3503);
#3506=CURVE_STYLE('',#43,POSITIVE_LENGTH_MEASURE(2.E-2),#9);
#3507=PRESENTATION_STYLE_ASSIGNMENT((#3506));
#3508=STYLED_ITEM('',(#3507),#3505);
#3509=DIRECTION('',(1.E0,0.E0,0.E0));
#3510=VECTOR('',#3509,1.E0);
#3511=CARTESIAN_POINT('',(-1.095E1,3.322000244E1,-9.41148E0));
#3512=LINE('',#3511,#3510);
#3513=CURVE_STYLE('',#43,POSITIVE_LENGTH_MEASURE(2.E-2),#9);
#3514=PRESENTATION_STYLE_ASSIGNMENT((#3513));
#3515=STYLED_ITEM('',(#3514),#3512);
#3516=DIRECTION('',(0.E0,-1.E0,0.E0));
#3517=VECTOR('',#3516,1.E0);
#3518=CARTESIAN_POINT('',(-2.775E1,3.322000244E1,-9.41148E0));
#3519=LINE('',#3518,#3517);
#3520=CURVE_STYLE('',#43,POSITIVE_LENGTH_MEASURE(2.E-2),#9);
#3521=PRESENTATION_STYLE_ASSIGNMENT((#3520));
#3522=STYLED_ITEM('',(#3521),#3519);
#3523=DIRECTION('',(-1.E0,0.E0,0.E0));
#3524=VECTOR('',#3523,1.E0);
#3525=CARTESIAN_POINT('',(-2.775E1,3.222000244E1,-9.41148E0));
#3526=LINE('',#3525,#3524);
#3527=CURVE_STYLE('',#43,POSITIVE_LENGTH_MEASURE(2.E-2),#9);
#3528=PRESENTATION_STYLE_ASSIGNMENT((#3527));
#3529=STYLED_ITEM('',(#3528),#3526);
#3530=DIRECTION('',(0.E0,1.E0,0.E0));
#3531=VECTOR('',#3530,1.E0);
#3532=CARTESIAN_POINT('',(-2.875E1,3.222000244E1,-9.41148E0));
#3533=LINE('',#3532,#3531);
#3534=CURVE_STYLE('',#43,POSITIVE_LENGTH_MEASURE(2.E-2),#9);
#3535=PRESENTATION_STYLE_ASSIGNMENT((#3534));
#3536=STYLED_ITEM('',(#3535),#3533);
#3537=DIRECTION('',(1.E0,0.E0,0.E0));
#3538=VECTOR('',#3537,1.E0);
#3539=CARTESIAN_POINT('',(-2.875E1,3.322000244E1,-9.41148E0));
#3540=LINE('',#3539,#3538);
#3541=CURVE_STYLE('',#43,POSITIVE_LENGTH_MEASURE(2.E-2),#9);
#3542=PRESENTATION_STYLE_ASSIGNMENT((#3541));
#3543=STYLED_ITEM('',(#3542),#3540);
#3544=DIRECTION('',(0.E0,-1.E0,0.E0));
#3545=VECTOR('',#3544,1.E0);
#3546=CARTESIAN_POINT('',(-9.95E0,3.068000244E1,-9.41148E0));
#3547=LINE('',#3546,#3545);
#3548=CURVE_STYLE('',#43,POSITIVE_LENGTH_MEASURE(2.E-2),#9);
#3549=PRESENTATION_STYLE_ASSIGNMENT((#3548));
#3550=STYLED_ITEM('',(#3549),#3547);
#3551=DIRECTION('',(-1.E0,0.E0,0.E0));
#3552=VECTOR('',#3551,1.E0);
#3553=CARTESIAN_POINT('',(-9.95E0,2.968000244E1,-9.41148E0));
#3554=LINE('',#3553,#3552);
#3555=CURVE_STYLE('',#43,POSITIVE_LENGTH_MEASURE(2.E-2),#9);
#3556=PRESENTATION_STYLE_ASSIGNMENT((#3555));
#3557=STYLED_ITEM('',(#3556),#3554);
#3558=DIRECTION('',(0.E0,1.E0,0.E0));
#3559=VECTOR('',#3558,1.E0);
#3560=CARTESIAN_POINT('',(-1.095E1,2.968000244E1,-9.41148E0));
#3561=LINE('',#3560,#3559);
#3562=CURVE_STYLE('',#43,POSITIVE_LENGTH_MEASURE(2.E-2),#9);
#3563=PRESENTATION_STYLE_ASSIGNMENT((#3562));
#3564=STYLED_ITEM('',(#3563),#3561);
#3565=DIRECTION('',(1.E0,0.E0,0.E0));
#3566=VECTOR('',#3565,1.E0);
#3567=CARTESIAN_POINT('',(-1.095E1,3.068000244E1,-9.41148E0));
#3568=LINE('',#3567,#3566);
#3569=CURVE_STYLE('',#43,POSITIVE_LENGTH_MEASURE(2.E-2),#9);
#3570=PRESENTATION_STYLE_ASSIGNMENT((#3569));
#3571=STYLED_ITEM('',(#3570),#3568);
#3572=DIRECTION('',(0.E0,-1.E0,0.E0));
#3573=VECTOR('',#3572,1.E0);
#3574=CARTESIAN_POINT('',(-2.775E1,3.068000244E1,-9.41148E0));
#3575=LINE('',#3574,#3573);
#3576=CURVE_STYLE('',#43,POSITIVE_LENGTH_MEASURE(2.E-2),#9);
#3577=PRESENTATION_STYLE_ASSIGNMENT((#3576));
#3578=STYLED_ITEM('',(#3577),#3575);
#3579=DIRECTION('',(-1.E0,0.E0,0.E0));
#3580=VECTOR('',#3579,1.E0);
#3581=CARTESIAN_POINT('',(-2.775E1,2.968000244E1,-9.41148E0));
#3582=LINE('',#3581,#3580);
#3583=CURVE_STYLE('',#43,POSITIVE_LENGTH_MEASURE(2.E-2),#9);
#3584=PRESENTATION_STYLE_ASSIGNMENT((#3583));
#3585=STYLED_ITEM('',(#3584),#3582);
#3586=DIRECTION('',(0.E0,1.E0,0.E0));
#3587=VECTOR('',#3586,1.E0);
#3588=CARTESIAN_POINT('',(-2.875E1,2.968000244E1,-9.41148E0));
#3589=LINE('',#3588,#3587);
#3590=CURVE_STYLE('',#43,POSITIVE_LENGTH_MEASURE(2.E-2),#9);
#3591=PRESENTATION_STYLE_ASSIGNMENT((#3590));
#3592=STYLED_ITEM('',(#3591),#3589);
#3593=DIRECTION('',(1.E0,0.E0,0.E0));
#3594=VECTOR('',#3593,1.E0);
#3595=CARTESIAN_POINT('',(-2.875E1,3.068000244E1,-9.41148E0));
#3596=LINE('',#3595,#3594);
#3597=CURVE_STYLE('',#43,POSITIVE_LENGTH_MEASURE(2.E-2),#9);
#3598=PRESENTATION_STYLE_ASSIGNMENT((#3597));
#3599=STYLED_ITEM('',(#3598),#3596);
#3600=DIRECTION('',(0.E0,-1.E0,0.E0));
#3601=VECTOR('',#3600,1.E0);
#3602=CARTESIAN_POINT('',(-9.95E0,2.814000244E1,-9.41148E0));
#3603=LINE('',#3602,#3601);
#3604=CURVE_STYLE('',#43,POSITIVE_LENGTH_MEASURE(2.E-2),#9);
#3605=PRESENTATION_STYLE_ASSIGNMENT((#3604));
#3606=STYLED_ITEM('',(#3605),#3603);
#3607=DIRECTION('',(-1.E0,0.E0,0.E0));
#3608=VECTOR('',#3607,1.E0);
#3609=CARTESIAN_POINT('',(-9.95E0,2.714000244E1,-9.41148E0));
#3610=LINE('',#3609,#3608);
#3611=CURVE_STYLE('',#43,POSITIVE_LENGTH_MEASURE(2.E-2),#9);
#3612=PRESENTATION_STYLE_ASSIGNMENT((#3611));
#3613=STYLED_ITEM('',(#3612),#3610);
#3614=DIRECTION('',(0.E0,1.E0,0.E0));
#3615=VECTOR('',#3614,1.E0);
#3616=CARTESIAN_POINT('',(-1.095E1,2.714000244E1,-9.41148E0));
#3617=LINE('',#3616,#3615);
#3618=CURVE_STYLE('',#43,POSITIVE_LENGTH_MEASURE(2.E-2),#9);
#3619=PRESENTATION_STYLE_ASSIGNMENT((#3618));
#3620=STYLED_ITEM('',(#3619),#3617);
#3621=DIRECTION('',(1.E0,0.E0,0.E0));
#3622=VECTOR('',#3621,1.E0);
#3623=CARTESIAN_POINT('',(-1.095E1,2.814000244E1,-9.41148E0));
#3624=LINE('',#3623,#3622);
#3625=CURVE_STYLE('',#43,POSITIVE_LENGTH_MEASURE(2.E-2),#9);
#3626=PRESENTATION_STYLE_ASSIGNMENT((#3625));
#3627=STYLED_ITEM('',(#3626),#3624);
#3628=DIRECTION('',(0.E0,-1.E0,0.E0));
#3629=VECTOR('',#3628,1.E0);
#3630=CARTESIAN_POINT('',(-2.775E1,2.814000244E1,-9.41148E0));
#3631=LINE('',#3630,#3629);
#3632=CURVE_STYLE('',#43,POSITIVE_LENGTH_MEASURE(2.E-2),#9);
#3633=PRESENTATION_STYLE_ASSIGNMENT((#3632));
#3634=STYLED_ITEM('',(#3633),#3631);
#3635=DIRECTION('',(-1.E0,0.E0,0.E0));
#3636=VECTOR('',#3635,1.E0);
#3637=CARTESIAN_POINT('',(-2.775E1,2.714000244E1,-9.41148E0));
#3638=LINE('',#3637,#3636);
#3639=CURVE_STYLE('',#43,POSITIVE_LENGTH_MEASURE(2.E-2),#9);
#3640=PRESENTATION_STYLE_ASSIGNMENT((#3639));
#3641=STYLED_ITEM('',(#3640),#3638);
#3642=DIRECTION('',(0.E0,1.E0,0.E0));
#3643=VECTOR('',#3642,1.E0);
#3644=CARTESIAN_POINT('',(-2.875E1,2.714000244E1,-9.41148E0));
#3645=LINE('',#3644,#3643);
#3646=CURVE_STYLE('',#43,POSITIVE_LENGTH_MEASURE(2.E-2),#9);
#3647=PRESENTATION_STYLE_ASSIGNMENT((#3646));
#3648=STYLED_ITEM('',(#3647),#3645);
#3649=DIRECTION('',(1.E0,0.E0,0.E0));
#3650=VECTOR('',#3649,1.E0);
#3651=CARTESIAN_POINT('',(-2.875E1,2.814000244E1,-9.41148E0));
#3652=LINE('',#3651,#3650);
#3653=CURVE_STYLE('',#43,POSITIVE_LENGTH_MEASURE(2.E-2),#9);
#3654=PRESENTATION_STYLE_ASSIGNMENT((#3653));
#3655=STYLED_ITEM('',(#3654),#3652);
#3656=DIRECTION('',(0.E0,-1.E0,0.E0));
#3657=VECTOR('',#3656,1.E0);
#3658=CARTESIAN_POINT('',(-9.95E0,2.560000244E1,-9.41148E0));
#3659=LINE('',#3658,#3657);
#3660=CURVE_STYLE('',#43,POSITIVE_LENGTH_MEASURE(2.E-2),#9);
#3661=PRESENTATION_STYLE_ASSIGNMENT((#3660));
#3662=STYLED_ITEM('',(#3661),#3659);
#3663=DIRECTION('',(-1.E0,0.E0,0.E0));
#3664=VECTOR('',#3663,1.E0);
#3665=CARTESIAN_POINT('',(-9.95E0,2.460000244E1,-9.41148E0));
#3666=LINE('',#3665,#3664);
#3667=CURVE_STYLE('',#43,POSITIVE_LENGTH_MEASURE(2.E-2),#9);
#3668=PRESENTATION_STYLE_ASSIGNMENT((#3667));
#3669=STYLED_ITEM('',(#3668),#3666);
#3670=DIRECTION('',(0.E0,1.E0,0.E0));
#3671=VECTOR('',#3670,1.E0);
#3672=CARTESIAN_POINT('',(-1.095E1,2.460000244E1,-9.41148E0));
#3673=LINE('',#3672,#3671);
#3674=CURVE_STYLE('',#43,POSITIVE_LENGTH_MEASURE(2.E-2),#9);
#3675=PRESENTATION_STYLE_ASSIGNMENT((#3674));
#3676=STYLED_ITEM('',(#3675),#3673);
#3677=DIRECTION('',(1.E0,0.E0,0.E0));
#3678=VECTOR('',#3677,1.E0);
#3679=CARTESIAN_POINT('',(-1.095E1,2.560000244E1,-9.41148E0));
#3680=LINE('',#3679,#3678);
#3681=CURVE_STYLE('',#43,POSITIVE_LENGTH_MEASURE(2.E-2),#9);
#3682=PRESENTATION_STYLE_ASSIGNMENT((#3681));
#3683=STYLED_ITEM('',(#3682),#3680);
#3684=DIRECTION('',(0.E0,-1.E0,0.E0));
#3685=VECTOR('',#3684,1.E0);
#3686=CARTESIAN_POINT('',(-2.775E1,2.560000244E1,-9.41148E0));
#3687=LINE('',#3686,#3685);
#3688=CURVE_STYLE('',#43,POSITIVE_LENGTH_MEASURE(2.E-2),#9);
#3689=PRESENTATION_STYLE_ASSIGNMENT((#3688));
#3690=STYLED_ITEM('',(#3689),#3687);
#3691=DIRECTION('',(-1.E0,0.E0,0.E0));
#3692=VECTOR('',#3691,1.E0);
#3693=CARTESIAN_POINT('',(-2.775E1,2.460000244E1,-9.41148E0));
#3694=LINE('',#3693,#3692);
#3695=CURVE_STYLE('',#43,POSITIVE_LENGTH_MEASURE(2.E-2),#9);
#3696=PRESENTATION_STYLE_ASSIGNMENT((#3695));
#3697=STYLED_ITEM('',(#3696),#3694);
#3698=DIRECTION('',(0.E0,1.E0,0.E0));
#3699=VECTOR('',#3698,1.E0);
#3700=CARTESIAN_POINT('',(-2.875E1,2.460000244E1,-9.41148E0));
#3701=LINE('',#3700,#3699);
#3702=CURVE_STYLE('',#43,POSITIVE_LENGTH_MEASURE(2.E-2),#9);
#3703=PRESENTATION_STYLE_ASSIGNMENT((#3702));
#3704=STYLED_ITEM('',(#3703),#3701);
#3705=DIRECTION('',(1.E0,0.E0,0.E0));
#3706=VECTOR('',#3705,1.E0);
#3707=CARTESIAN_POINT('',(-2.875E1,2.560000244E1,-9.41148E0));
#3708=LINE('',#3707,#3706);
#3709=CURVE_STYLE('',#43,POSITIVE_LENGTH_MEASURE(2.E-2),#9);
#3710=PRESENTATION_STYLE_ASSIGNMENT((#3709));
#3711=STYLED_ITEM('',(#3710),#3708);
#3712=DIRECTION('',(0.E0,-1.E0,0.E0));
#3713=VECTOR('',#3712,1.E0);
#3714=CARTESIAN_POINT('',(-9.95E0,2.306000244E1,-9.41148E0));
#3715=LINE('',#3714,#3713);
#3716=CURVE_STYLE('',#43,POSITIVE_LENGTH_MEASURE(2.E-2),#9);
#3717=PRESENTATION_STYLE_ASSIGNMENT((#3716));
#3718=STYLED_ITEM('',(#3717),#3715);
#3719=DIRECTION('',(-1.E0,0.E0,0.E0));
#3720=VECTOR('',#3719,1.E0);
#3721=CARTESIAN_POINT('',(-9.95E0,2.206000244E1,-9.41148E0));
#3722=LINE('',#3721,#3720);
#3723=CURVE_STYLE('',#43,POSITIVE_LENGTH_MEASURE(2.E-2),#9);
#3724=PRESENTATION_STYLE_ASSIGNMENT((#3723));
#3725=STYLED_ITEM('',(#3724),#3722);
#3726=DIRECTION('',(0.E0,1.E0,0.E0));
#3727=VECTOR('',#3726,1.E0);
#3728=CARTESIAN_POINT('',(-1.095E1,2.206000244E1,-9.41148E0));
#3729=LINE('',#3728,#3727);
#3730=CURVE_STYLE('',#43,POSITIVE_LENGTH_MEASURE(2.E-2),#9);
#3731=PRESENTATION_STYLE_ASSIGNMENT((#3730));
#3732=STYLED_ITEM('',(#3731),#3729);
#3733=DIRECTION('',(1.E0,0.E0,0.E0));
#3734=VECTOR('',#3733,1.E0);
#3735=CARTESIAN_POINT('',(-1.095E1,2.306000244E1,-9.41148E0));
#3736=LINE('',#3735,#3734);
#3737=CURVE_STYLE('',#43,POSITIVE_LENGTH_MEASURE(2.E-2),#9);
#3738=PRESENTATION_STYLE_ASSIGNMENT((#3737));
#3739=STYLED_ITEM('',(#3738),#3736);
#3740=DIRECTION('',(0.E0,-1.E0,0.E0));
#3741=VECTOR('',#3740,1.E0);
#3742=CARTESIAN_POINT('',(-2.775E1,2.306000244E1,-9.41148E0));
#3743=LINE('',#3742,#3741);
#3744=CURVE_STYLE('',#43,POSITIVE_LENGTH_MEASURE(2.E-2),#9);
#3745=PRESENTATION_STYLE_ASSIGNMENT((#3744));
#3746=STYLED_ITEM('',(#3745),#3743);
#3747=DIRECTION('',(-1.E0,0.E0,0.E0));
#3748=VECTOR('',#3747,1.E0);
#3749=CARTESIAN_POINT('',(-2.775E1,2.206000244E1,-9.41148E0));
#3750=LINE('',#3749,#3748);
#3751=CURVE_STYLE('',#43,POSITIVE_LENGTH_MEASURE(2.E-2),#9);
#3752=PRESENTATION_STYLE_ASSIGNMENT((#3751));
#3753=STYLED_ITEM('',(#3752),#3750);
#3754=DIRECTION('',(0.E0,1.E0,0.E0));
#3755=VECTOR('',#3754,1.E0);
#3756=CARTESIAN_POINT('',(-2.875E1,2.206000244E1,-9.41148E0));
#3757=LINE('',#3756,#3755);
#3758=CURVE_STYLE('',#43,POSITIVE_LENGTH_MEASURE(2.E-2),#9);
#3759=PRESENTATION_STYLE_ASSIGNMENT((#3758));
#3760=STYLED_ITEM('',(#3759),#3757);
#3761=DIRECTION('',(1.E0,0.E0,0.E0));
#3762=VECTOR('',#3761,1.E0);
#3763=CARTESIAN_POINT('',(-2.875E1,2.306000244E1,-9.41148E0));
#3764=LINE('',#3763,#3762);
#3765=CURVE_STYLE('',#43,POSITIVE_LENGTH_MEASURE(2.E-2),#9);
#3766=PRESENTATION_STYLE_ASSIGNMENT((#3765));
#3767=STYLED_ITEM('',(#3766),#3764);
#3768=DIRECTION('',(0.E0,-1.E0,0.E0));
#3769=VECTOR('',#3768,1.E0);
#3770=CARTESIAN_POINT('',(-9.95E0,2.052000244E1,-9.41148E0));
#3771=LINE('',#3770,#3769);
#3772=CURVE_STYLE('',#43,POSITIVE_LENGTH_MEASURE(2.E-2),#9);
#3773=PRESENTATION_STYLE_ASSIGNMENT((#3772));
#3774=STYLED_ITEM('',(#3773),#3771);
#3775=DIRECTION('',(-1.E0,0.E0,0.E0));
#3776=VECTOR('',#3775,1.E0);
#3777=CARTESIAN_POINT('',(-9.95E0,1.952000244E1,-9.41148E0));
#3778=LINE('',#3777,#3776);
#3779=CURVE_STYLE('',#43,POSITIVE_LENGTH_MEASURE(2.E-2),#9);
#3780=PRESENTATION_STYLE_ASSIGNMENT((#3779));
#3781=STYLED_ITEM('',(#3780),#3778);
#3782=DIRECTION('',(0.E0,1.E0,0.E0));
#3783=VECTOR('',#3782,1.E0);
#3784=CARTESIAN_POINT('',(-1.095E1,1.952000244E1,-9.41148E0));
#3785=LINE('',#3784,#3783);
#3786=CURVE_STYLE('',#43,POSITIVE_LENGTH_MEASURE(2.E-2),#9);
#3787=PRESENTATION_STYLE_ASSIGNMENT((#3786));
#3788=STYLED_ITEM('',(#3787),#3785);
#3789=DIRECTION('',(1.E0,0.E0,0.E0));
#3790=VECTOR('',#3789,1.E0);
#3791=CARTESIAN_POINT('',(-1.095E1,2.052000244E1,-9.41148E0));
#3792=LINE('',#3791,#3790);
#3793=CURVE_STYLE('',#43,POSITIVE_LENGTH_MEASURE(2.E-2),#9);
#3794=PRESENTATION_STYLE_ASSIGNMENT((#3793));
#3795=STYLED_ITEM('',(#3794),#3792);
#3796=DIRECTION('',(0.E0,-1.E0,0.E0));
#3797=VECTOR('',#3796,1.E0);
#3798=CARTESIAN_POINT('',(-2.775E1,2.052000244E1,-9.41148E0));
#3799=LINE('',#3798,#3797);
#3800=CURVE_STYLE('',#43,POSITIVE_LENGTH_MEASURE(2.E-2),#9);
#3801=PRESENTATION_STYLE_ASSIGNMENT((#3800));
#3802=STYLED_ITEM('',(#3801),#3799);
#3803=DIRECTION('',(-1.E0,0.E0,0.E0));
#3804=VECTOR('',#3803,1.E0);
#3805=CARTESIAN_POINT('',(-2.775E1,1.952000244E1,-9.41148E0));
#3806=LINE('',#3805,#3804);
#3807=CURVE_STYLE('',#43,POSITIVE_LENGTH_MEASURE(2.E-2),#9);
#3808=PRESENTATION_STYLE_ASSIGNMENT((#3807));
#3809=STYLED_ITEM('',(#3808),#3806);
#3810=DIRECTION('',(0.E0,1.E0,0.E0));
#3811=VECTOR('',#3810,1.E0);
#3812=CARTESIAN_POINT('',(-2.875E1,1.952000244E1,-9.41148E0));
#3813=LINE('',#3812,#3811);
#3814=CURVE_STYLE('',#43,POSITIVE_LENGTH_MEASURE(2.E-2),#9);
#3815=PRESENTATION_STYLE_ASSIGNMENT((#3814));
#3816=STYLED_ITEM('',(#3815),#3813);
#3817=DIRECTION('',(1.E0,0.E0,0.E0));
#3818=VECTOR('',#3817,1.E0);
#3819=CARTESIAN_POINT('',(-2.875E1,2.052000244E1,-9.41148E0));
#3820=LINE('',#3819,#3818);
#3821=CURVE_STYLE('',#43,POSITIVE_LENGTH_MEASURE(2.E-2),#9);
#3822=PRESENTATION_STYLE_ASSIGNMENT((#3821));
#3823=STYLED_ITEM('',(#3822),#3820);
#3824=DIRECTION('',(0.E0,-1.E0,0.E0));
#3825=VECTOR('',#3824,1.E0);
#3826=CARTESIAN_POINT('',(-9.95E0,1.798000244E1,-9.41148E0));
#3827=LINE('',#3826,#3825);
#3828=CURVE_STYLE('',#43,POSITIVE_LENGTH_MEASURE(2.E-2),#9);
#3829=PRESENTATION_STYLE_ASSIGNMENT((#3828));
#3830=STYLED_ITEM('',(#3829),#3827);
#3831=DIRECTION('',(-1.E0,0.E0,0.E0));
#3832=VECTOR('',#3831,1.E0);
#3833=CARTESIAN_POINT('',(-9.95E0,1.698000244E1,-9.41148E0));
#3834=LINE('',#3833,#3832);
#3835=CURVE_STYLE('',#43,POSITIVE_LENGTH_MEASURE(2.E-2),#9);
#3836=PRESENTATION_STYLE_ASSIGNMENT((#3835));
#3837=STYLED_ITEM('',(#3836),#3834);
#3838=DIRECTION('',(0.E0,1.E0,0.E0));
#3839=VECTOR('',#3838,1.E0);
#3840=CARTESIAN_POINT('',(-1.095E1,1.698000244E1,-9.41148E0));
#3841=LINE('',#3840,#3839);
#3842=CURVE_STYLE('',#43,POSITIVE_LENGTH_MEASURE(2.E-2),#9);
#3843=PRESENTATION_STYLE_ASSIGNMENT((#3842));
#3844=STYLED_ITEM('',(#3843),#3841);
#3845=DIRECTION('',(1.E0,0.E0,0.E0));
#3846=VECTOR('',#3845,1.E0);
#3847=CARTESIAN_POINT('',(-1.095E1,1.798000244E1,-9.41148E0));
#3848=LINE('',#3847,#3846);
#3849=CURVE_STYLE('',#43,POSITIVE_LENGTH_MEASURE(2.E-2),#9);
#3850=PRESENTATION_STYLE_ASSIGNMENT((#3849));
#3851=STYLED_ITEM('',(#3850),#3848);
#3852=DIRECTION('',(0.E0,-1.E0,0.E0));
#3853=VECTOR('',#3852,1.E0);
#3854=CARTESIAN_POINT('',(-2.775E1,1.798000244E1,-9.41148E0));
#3855=LINE('',#3854,#3853);
#3856=CURVE_STYLE('',#43,POSITIVE_LENGTH_MEASURE(2.E-2),#9);
#3857=PRESENTATION_STYLE_ASSIGNMENT((#3856));
#3858=STYLED_ITEM('',(#3857),#3855);
#3859=DIRECTION('',(-1.E0,0.E0,0.E0));
#3860=VECTOR('',#3859,1.E0);
#3861=CARTESIAN_POINT('',(-2.775E1,1.698000244E1,-9.41148E0));
#3862=LINE('',#3861,#3860);
#3863=CURVE_STYLE('',#43,POSITIVE_LENGTH_MEASURE(2.E-2),#9);
#3864=PRESENTATION_STYLE_ASSIGNMENT((#3863));
#3865=STYLED_ITEM('',(#3864),#3862);
#3866=DIRECTION('',(0.E0,1.E0,0.E0));
#3867=VECTOR('',#3866,1.E0);
#3868=CARTESIAN_POINT('',(-2.875E1,1.698000244E1,-9.41148E0));
#3869=LINE('',#3868,#3867);
#3870=CURVE_STYLE('',#43,POSITIVE_LENGTH_MEASURE(2.E-2),#9);
#3871=PRESENTATION_STYLE_ASSIGNMENT((#3870));
#3872=STYLED_ITEM('',(#3871),#3869);
#3873=DIRECTION('',(1.E0,0.E0,0.E0));
#3874=VECTOR('',#3873,1.E0);
#3875=CARTESIAN_POINT('',(-2.875E1,1.798000244E1,-9.41148E0));
#3876=LINE('',#3875,#3874);
#3877=CURVE_STYLE('',#43,POSITIVE_LENGTH_MEASURE(2.E-2),#9);
#3878=PRESENTATION_STYLE_ASSIGNMENT((#3877));
#3879=STYLED_ITEM('',(#3878),#3876);
#3880=DIRECTION('',(0.E0,-1.E0,0.E0));
#3881=VECTOR('',#3880,1.E0);
#3882=CARTESIAN_POINT('',(-9.95E0,1.544000244E1,-9.41148E0));
#3883=LINE('',#3882,#3881);
#3884=CURVE_STYLE('',#43,POSITIVE_LENGTH_MEASURE(2.E-2),#9);
#3885=PRESENTATION_STYLE_ASSIGNMENT((#3884));
#3886=STYLED_ITEM('',(#3885),#3883);
#3887=DIRECTION('',(-1.E0,0.E0,0.E0));
#3888=VECTOR('',#3887,1.E0);
#3889=CARTESIAN_POINT('',(-9.95E0,1.444000244E1,-9.41148E0));
#3890=LINE('',#3889,#3888);
#3891=CURVE_STYLE('',#43,POSITIVE_LENGTH_MEASURE(2.E-2),#9);
#3892=PRESENTATION_STYLE_ASSIGNMENT((#3891));
#3893=STYLED_ITEM('',(#3892),#3890);
#3894=DIRECTION('',(0.E0,1.E0,0.E0));
#3895=VECTOR('',#3894,1.E0);
#3896=CARTESIAN_POINT('',(-1.095E1,1.444000244E1,-9.41148E0));
#3897=LINE('',#3896,#3895);
#3898=CURVE_STYLE('',#43,POSITIVE_LENGTH_MEASURE(2.E-2),#9);
#3899=PRESENTATION_STYLE_ASSIGNMENT((#3898));
#3900=STYLED_ITEM('',(#3899),#3897);
#3901=DIRECTION('',(1.E0,0.E0,0.E0));
#3902=VECTOR('',#3901,1.E0);
#3903=CARTESIAN_POINT('',(-1.095E1,1.544000244E1,-9.41148E0));
#3904=LINE('',#3903,#3902);
#3905=CURVE_STYLE('',#43,POSITIVE_LENGTH_MEASURE(2.E-2),#9);
#3906=PRESENTATION_STYLE_ASSIGNMENT((#3905));
#3907=STYLED_ITEM('',(#3906),#3904);
#3908=DIRECTION('',(0.E0,-1.E0,0.E0));
#3909=VECTOR('',#3908,1.E0);
#3910=CARTESIAN_POINT('',(-2.775E1,1.544000244E1,-9.41148E0));
#3911=LINE('',#3910,#3909);
#3912=CURVE_STYLE('',#43,POSITIVE_LENGTH_MEASURE(2.E-2),#9);
#3913=PRESENTATION_STYLE_ASSIGNMENT((#3912));
#3914=STYLED_ITEM('',(#3913),#3911);
#3915=DIRECTION('',(-1.E0,0.E0,0.E0));
#3916=VECTOR('',#3915,1.E0);
#3917=CARTESIAN_POINT('',(-2.775E1,1.444000244E1,-9.41148E0));
#3918=LINE('',#3917,#3916);
#3919=CURVE_STYLE('',#43,POSITIVE_LENGTH_MEASURE(2.E-2),#9);
#3920=PRESENTATION_STYLE_ASSIGNMENT((#3919));
#3921=STYLED_ITEM('',(#3920),#3918);
#3922=DIRECTION('',(0.E0,1.E0,0.E0));
#3923=VECTOR('',#3922,1.E0);
#3924=CARTESIAN_POINT('',(-2.875E1,1.444000244E1,-9.41148E0));
#3925=LINE('',#3924,#3923);
#3926=CURVE_STYLE('',#43,POSITIVE_LENGTH_MEASURE(2.E-2),#9);
#3927=PRESENTATION_STYLE_ASSIGNMENT((#3926));
#3928=STYLED_ITEM('',(#3927),#3925);
#3929=DIRECTION('',(1.E0,0.E0,0.E0));
#3930=VECTOR('',#3929,1.E0);
#3931=CARTESIAN_POINT('',(-2.875E1,1.544000244E1,-9.41148E0));
#3932=LINE('',#3931,#3930);
#3933=CURVE_STYLE('',#43,POSITIVE_LENGTH_MEASURE(2.E-2),#9);
#3934=PRESENTATION_STYLE_ASSIGNMENT((#3933));
#3935=STYLED_ITEM('',(#3934),#3932);
#3936=DIRECTION('',(0.E0,-1.E0,0.E0));
#3937=VECTOR('',#3936,1.E0);
#3938=CARTESIAN_POINT('',(-9.95E0,1.290000244E1,-9.41148E0));
#3939=LINE('',#3938,#3937);
#3940=CURVE_STYLE('',#43,POSITIVE_LENGTH_MEASURE(2.E-2),#9);
#3941=PRESENTATION_STYLE_ASSIGNMENT((#3940));
#3942=STYLED_ITEM('',(#3941),#3939);
#3943=DIRECTION('',(-1.E0,0.E0,0.E0));
#3944=VECTOR('',#3943,1.E0);
#3945=CARTESIAN_POINT('',(-9.95E0,1.190000244E1,-9.41148E0));
#3946=LINE('',#3945,#3944);
#3947=CURVE_STYLE('',#43,POSITIVE_LENGTH_MEASURE(2.E-2),#9);
#3948=PRESENTATION_STYLE_ASSIGNMENT((#3947));
#3949=STYLED_ITEM('',(#3948),#3946);
#3950=DIRECTION('',(0.E0,1.E0,0.E0));
#3951=VECTOR('',#3950,1.E0);
#3952=CARTESIAN_POINT('',(-1.095E1,1.190000244E1,-9.41148E0));
#3953=LINE('',#3952,#3951);
#3954=CURVE_STYLE('',#43,POSITIVE_LENGTH_MEASURE(2.E-2),#9);
#3955=PRESENTATION_STYLE_ASSIGNMENT((#3954));
#3956=STYLED_ITEM('',(#3955),#3953);
#3957=DIRECTION('',(1.E0,0.E0,0.E0));
#3958=VECTOR('',#3957,1.E0);
#3959=CARTESIAN_POINT('',(-1.095E1,1.290000244E1,-9.41148E0));
#3960=LINE('',#3959,#3958);
#3961=CURVE_STYLE('',#43,POSITIVE_LENGTH_MEASURE(2.E-2),#9);
#3962=PRESENTATION_STYLE_ASSIGNMENT((#3961));
#3963=STYLED_ITEM('',(#3962),#3960);
#3964=DIRECTION('',(0.E0,-1.E0,0.E0));
#3965=VECTOR('',#3964,1.E0);
#3966=CARTESIAN_POINT('',(-2.775E1,1.290000244E1,-9.41148E0));
#3967=LINE('',#3966,#3965);
#3968=CURVE_STYLE('',#43,POSITIVE_LENGTH_MEASURE(2.E-2),#9);
#3969=PRESENTATION_STYLE_ASSIGNMENT((#3968));
#3970=STYLED_ITEM('',(#3969),#3967);
#3971=DIRECTION('',(-1.E0,0.E0,0.E0));
#3972=VECTOR('',#3971,1.E0);
#3973=CARTESIAN_POINT('',(-2.775E1,1.190000244E1,-9.41148E0));
#3974=LINE('',#3973,#3972);
#3975=CURVE_STYLE('',#43,POSITIVE_LENGTH_MEASURE(2.E-2),#9);
#3976=PRESENTATION_STYLE_ASSIGNMENT((#3975));
#3977=STYLED_ITEM('',(#3976),#3974);
#3978=DIRECTION('',(0.E0,1.E0,0.E0));
#3979=VECTOR('',#3978,1.E0);
#3980=CARTESIAN_POINT('',(-2.875E1,1.190000244E1,-9.41148E0));
#3981=LINE('',#3980,#3979);
#3982=CURVE_STYLE('',#43,POSITIVE_LENGTH_MEASURE(2.E-2),#9);
#3983=PRESENTATION_STYLE_ASSIGNMENT((#3982));
#3984=STYLED_ITEM('',(#3983),#3981);
#3985=DIRECTION('',(1.E0,0.E0,0.E0));
#3986=VECTOR('',#3985,1.E0);
#3987=CARTESIAN_POINT('',(-2.875E1,1.290000244E1,-9.41148E0));
#3988=LINE('',#3987,#3986);
#3989=CURVE_STYLE('',#43,POSITIVE_LENGTH_MEASURE(2.E-2),#9);
#3990=PRESENTATION_STYLE_ASSIGNMENT((#3989));
#3991=STYLED_ITEM('',(#3990),#3988);
#3992=DIRECTION('',(0.E0,-1.E0,0.E0));
#3993=VECTOR('',#3992,1.E0);
#3994=CARTESIAN_POINT('',(-9.95E0,1.036000244E1,-9.41148E0));
#3995=LINE('',#3994,#3993);
#3996=CURVE_STYLE('',#43,POSITIVE_LENGTH_MEASURE(2.E-2),#9);
#3997=PRESENTATION_STYLE_ASSIGNMENT((#3996));
#3998=STYLED_ITEM('',(#3997),#3995);
#3999=DIRECTION('',(-1.E0,0.E0,0.E0));
#4000=VECTOR('',#3999,1.E0);
#4001=CARTESIAN_POINT('',(-9.95E0,9.36000244E0,-9.41148E0));
#4002=LINE('',#4001,#4000);
#4003=CURVE_STYLE('',#43,POSITIVE_LENGTH_MEASURE(2.E-2),#9);
#4004=PRESENTATION_STYLE_ASSIGNMENT((#4003));
#4005=STYLED_ITEM('',(#4004),#4002);
#4006=DIRECTION('',(0.E0,1.E0,0.E0));
#4007=VECTOR('',#4006,1.E0);
#4008=CARTESIAN_POINT('',(-1.095E1,9.36000244E0,-9.41148E0));
#4009=LINE('',#4008,#4007);
#4010=CURVE_STYLE('',#43,POSITIVE_LENGTH_MEASURE(2.E-2),#9);
#4011=PRESENTATION_STYLE_ASSIGNMENT((#4010));
#4012=STYLED_ITEM('',(#4011),#4009);
#4013=DIRECTION('',(1.E0,0.E0,0.E0));
#4014=VECTOR('',#4013,1.E0);
#4015=CARTESIAN_POINT('',(-1.095E1,1.036000244E1,-9.41148E0));
#4016=LINE('',#4015,#4014);
#4017=CURVE_STYLE('',#43,POSITIVE_LENGTH_MEASURE(2.E-2),#9);
#4018=PRESENTATION_STYLE_ASSIGNMENT((#4017));
#4019=STYLED_ITEM('',(#4018),#4016);
#4020=DIRECTION('',(0.E0,-1.E0,0.E0));
#4021=VECTOR('',#4020,1.E0);
#4022=CARTESIAN_POINT('',(-2.775E1,1.036000244E1,-9.41148E0));
#4023=LINE('',#4022,#4021);
#4024=CURVE_STYLE('',#43,POSITIVE_LENGTH_MEASURE(2.E-2),#9);
#4025=PRESENTATION_STYLE_ASSIGNMENT((#4024));
#4026=STYLED_ITEM('',(#4025),#4023);
#4027=DIRECTION('',(-1.E0,0.E0,0.E0));
#4028=VECTOR('',#4027,1.E0);
#4029=CARTESIAN_POINT('',(-2.775E1,9.36000244E0,-9.41148E0));
#4030=LINE('',#4029,#4028);
#4031=CURVE_STYLE('',#43,POSITIVE_LENGTH_MEASURE(2.E-2),#9);
#4032=PRESENTATION_STYLE_ASSIGNMENT((#4031));
#4033=STYLED_ITEM('',(#4032),#4030);
#4034=DIRECTION('',(0.E0,1.E0,0.E0));
#4035=VECTOR('',#4034,1.E0);
#4036=CARTESIAN_POINT('',(-2.875E1,9.36000244E0,-9.41148E0));
#4037=LINE('',#4036,#4035);
#4038=CURVE_STYLE('',#43,POSITIVE_LENGTH_MEASURE(2.E-2),#9);
#4039=PRESENTATION_STYLE_ASSIGNMENT((#4038));
#4040=STYLED_ITEM('',(#4039),#4037);
#4041=DIRECTION('',(1.E0,0.E0,0.E0));
#4042=VECTOR('',#4041,1.E0);
#4043=CARTESIAN_POINT('',(-2.875E1,1.036000244E1,-9.41148E0));
#4044=LINE('',#4043,#4042);
#4045=CURVE_STYLE('',#43,POSITIVE_LENGTH_MEASURE(2.E-2),#9);
#4046=PRESENTATION_STYLE_ASSIGNMENT((#4045));
#4047=STYLED_ITEM('',(#4046),#4044);
#4048=DIRECTION('',(0.E0,-1.E0,0.E0));
#4049=VECTOR('',#4048,1.E0);
#4050=CARTESIAN_POINT('',(-9.95E0,7.82000244E0,-9.41148E0));
#4051=LINE('',#4050,#4049);
#4052=CURVE_STYLE('',#43,POSITIVE_LENGTH_MEASURE(2.E-2),#9);
#4053=PRESENTATION_STYLE_ASSIGNMENT((#4052));
#4054=STYLED_ITEM('',(#4053),#4051);
#4055=DIRECTION('',(-1.E0,0.E0,0.E0));
#4056=VECTOR('',#4055,1.E0);
#4057=CARTESIAN_POINT('',(-9.95E0,6.82000244E0,-9.41148E0));
#4058=LINE('',#4057,#4056);
#4059=CURVE_STYLE('',#43,POSITIVE_LENGTH_MEASURE(2.E-2),#9);
#4060=PRESENTATION_STYLE_ASSIGNMENT((#4059));
#4061=STYLED_ITEM('',(#4060),#4058);
#4062=DIRECTION('',(0.E0,1.E0,0.E0));
#4063=VECTOR('',#4062,1.E0);
#4064=CARTESIAN_POINT('',(-1.095E1,6.82000244E0,-9.41148E0));
#4065=LINE('',#4064,#4063);
#4066=CURVE_STYLE('',#43,POSITIVE_LENGTH_MEASURE(2.E-2),#9);
#4067=PRESENTATION_STYLE_ASSIGNMENT((#4066));
#4068=STYLED_ITEM('',(#4067),#4065);
#4069=DIRECTION('',(1.E0,0.E0,0.E0));
#4070=VECTOR('',#4069,1.E0);
#4071=CARTESIAN_POINT('',(-1.095E1,7.82000244E0,-9.41148E0));
#4072=LINE('',#4071,#4070);
#4073=CURVE_STYLE('',#43,POSITIVE_LENGTH_MEASURE(2.E-2),#9);
#4074=PRESENTATION_STYLE_ASSIGNMENT((#4073));
#4075=STYLED_ITEM('',(#4074),#4072);
#4076=DIRECTION('',(0.E0,-1.E0,0.E0));
#4077=VECTOR('',#4076,1.E0);
#4078=CARTESIAN_POINT('',(-2.775E1,7.82000244E0,-9.41148E0));
#4079=LINE('',#4078,#4077);
#4080=CURVE_STYLE('',#43,POSITIVE_LENGTH_MEASURE(2.E-2),#9);
#4081=PRESENTATION_STYLE_ASSIGNMENT((#4080));
#4082=STYLED_ITEM('',(#4081),#4079);
#4083=DIRECTION('',(-1.E0,0.E0,0.E0));
#4084=VECTOR('',#4083,1.E0);
#4085=CARTESIAN_POINT('',(-2.775E1,6.82000244E0,-9.41148E0));
#4086=LINE('',#4085,#4084);
#4087=CURVE_STYLE('',#43,POSITIVE_LENGTH_MEASURE(2.E-2),#9);
#4088=PRESENTATION_STYLE_ASSIGNMENT((#4087));
#4089=STYLED_ITEM('',(#4088),#4086);
#4090=DIRECTION('',(0.E0,1.E0,0.E0));
#4091=VECTOR('',#4090,1.E0);
#4092=CARTESIAN_POINT('',(-2.875E1,6.82000244E0,-9.41148E0));
#4093=LINE('',#4092,#4091);
#4094=CURVE_STYLE('',#43,POSITIVE_LENGTH_MEASURE(2.E-2),#9);
#4095=PRESENTATION_STYLE_ASSIGNMENT((#4094));
#4096=STYLED_ITEM('',(#4095),#4093);
#4097=DIRECTION('',(1.E0,0.E0,0.E0));
#4098=VECTOR('',#4097,1.E0);
#4099=CARTESIAN_POINT('',(-2.875E1,7.82000244E0,-9.41148E0));
#4100=LINE('',#4099,#4098);
#4101=CURVE_STYLE('',#43,POSITIVE_LENGTH_MEASURE(2.E-2),#9);
#4102=PRESENTATION_STYLE_ASSIGNMENT((#4101));
#4103=STYLED_ITEM('',(#4102),#4100);
#4104=DIRECTION('',(0.E0,0.E0,-1.E0));
#4105=VECTOR('',#4104,9.E0);
#4106=CARTESIAN_POINT('',(-2.7E1,5.710000244E1,-4.1148E-1));
#4107=LINE('',#4106,#4105);
#4108=CURVE_STYLE('',#43,POSITIVE_LENGTH_MEASURE(2.E-2),#9);
#4109=PRESENTATION_STYLE_ASSIGNMENT((#4108));
#4110=STYLED_ITEM('',(#4109),#4107);
#4111=DIRECTION('',(0.E0,0.E0,-1.E0));
#4112=VECTOR('',#4111,9.E0);
#4113=CARTESIAN_POINT('',(-2.95E1,5.710000244E1,-4.1148E-1));
#4114=LINE('',#4113,#4112);
#4115=CURVE_STYLE('',#43,POSITIVE_LENGTH_MEASURE(2.E-2),#9);
#4116=PRESENTATION_STYLE_ASSIGNMENT((#4115));
#4117=STYLED_ITEM('',(#4116),#4114);
#4118=DIRECTION('',(0.E0,0.E0,-1.E0));
#4119=VECTOR('',#4118,9.E0);
#4120=CARTESIAN_POINT('',(-2.95E1,5.80000244E0,-4.1148E-1));
#4121=LINE('',#4120,#4119);
#4122=CURVE_STYLE('',#43,POSITIVE_LENGTH_MEASURE(2.E-2),#9);
#4123=PRESENTATION_STYLE_ASSIGNMENT((#4122));
#4124=STYLED_ITEM('',(#4123),#4121);
#4125=DIRECTION('',(0.E0,0.E0,-1.E0));
#4126=VECTOR('',#4125,9.E0);
#4127=CARTESIAN_POINT('',(-2.7E1,5.80000244E0,-4.1148E-1));
#4128=LINE('',#4127,#4126);
#4129=CURVE_STYLE('',#43,POSITIVE_LENGTH_MEASURE(2.E-2),#9);
#4130=PRESENTATION_STYLE_ASSIGNMENT((#4129));
#4131=STYLED_ITEM('',(#4130),#4128);
#4132=DIRECTION('',(0.E0,0.E0,1.E0));
#4133=VECTOR('',#4132,8.E0);
#4134=CARTESIAN_POINT('',(-9.95E0,5.608000244E1,-9.41148E0));
#4135=LINE('',#4134,#4133);
#4136=CURVE_STYLE('',#43,POSITIVE_LENGTH_MEASURE(2.E-2),#9);
#4137=PRESENTATION_STYLE_ASSIGNMENT((#4136));
#4138=STYLED_ITEM('',(#4137),#4135);
#4139=DIRECTION('',(0.E0,0.E0,1.E0));
#4140=VECTOR('',#4139,8.E0);
#4141=CARTESIAN_POINT('',(-1.095E1,5.608000244E1,-9.41148E0));
#4142=LINE('',#4141,#4140);
#4143=CURVE_STYLE('',#43,POSITIVE_LENGTH_MEASURE(2.E-2),#9);
#4144=PRESENTATION_STYLE_ASSIGNMENT((#4143));
#4145=STYLED_ITEM('',(#4144),#4142);
#4146=DIRECTION('',(0.E0,0.E0,1.E0));
#4147=VECTOR('',#4146,8.E0);
#4148=CARTESIAN_POINT('',(-1.095E1,5.508000244E1,-9.41148E0));
#4149=LINE('',#4148,#4147);
#4150=CURVE_STYLE('',#43,POSITIVE_LENGTH_MEASURE(2.E-2),#9);
#4151=PRESENTATION_STYLE_ASSIGNMENT((#4150));
#4152=STYLED_ITEM('',(#4151),#4149);
#4153=DIRECTION('',(0.E0,0.E0,1.E0));
#4154=VECTOR('',#4153,8.E0);
#4155=CARTESIAN_POINT('',(-9.95E0,5.508000244E1,-9.41148E0));
#4156=LINE('',#4155,#4154);
#4157=CURVE_STYLE('',#43,POSITIVE_LENGTH_MEASURE(2.E-2),#9);
#4158=PRESENTATION_STYLE_ASSIGNMENT((#4157));
#4159=STYLED_ITEM('',(#4158),#4156);
#4160=DIRECTION('',(0.E0,-1.E0,0.E0));
#4161=VECTOR('',#4160,1.E0);
#4162=CARTESIAN_POINT('',(-9.95E0,5.608000244E1,-1.41148E0));
#4163=LINE('',#4162,#4161);
#4164=CURVE_STYLE('',#43,POSITIVE_LENGTH_MEASURE(2.E-2),#9);
#4165=PRESENTATION_STYLE_ASSIGNMENT((#4164));
#4166=STYLED_ITEM('',(#4165),#4163);
#4167=DIRECTION('',(1.E0,0.E0,0.E0));
#4168=VECTOR('',#4167,1.E0);
#4169=CARTESIAN_POINT('',(-1.095E1,5.608000244E1,-1.41148E0));
#4170=LINE('',#4169,#4168);
#4171=CURVE_STYLE('',#43,POSITIVE_LENGTH_MEASURE(2.E-2),#9);
#4172=PRESENTATION_STYLE_ASSIGNMENT((#4171));
#4173=STYLED_ITEM('',(#4172),#4170);
#4174=DIRECTION('',(0.E0,1.E0,0.E0));
#4175=VECTOR('',#4174,1.E0);
#4176=CARTESIAN_POINT('',(-1.095E1,5.508000244E1,-1.41148E0));
#4177=LINE('',#4176,#4175);
#4178=CURVE_STYLE('',#43,POSITIVE_LENGTH_MEASURE(2.E-2),#9);
#4179=PRESENTATION_STYLE_ASSIGNMENT((#4178));
#4180=STYLED_ITEM('',(#4179),#4177);
#4181=DIRECTION('',(-1.E0,0.E0,0.E0));
#4182=VECTOR('',#4181,1.E0);
#4183=CARTESIAN_POINT('',(-9.95E0,5.508000244E1,-1.41148E0));
#4184=LINE('',#4183,#4182);
#4185=CURVE_STYLE('',#43,POSITIVE_LENGTH_MEASURE(2.E-2),#9);
#4186=PRESENTATION_STYLE_ASSIGNMENT((#4185));
#4187=STYLED_ITEM('',(#4186),#4184);
#4188=DIRECTION('',(0.E0,-1.E0,0.E0));
#4189=VECTOR('',#4188,1.E0);
#4190=CARTESIAN_POINT('',(-2.775E1,5.608000244E1,-1.41148E0));
#4191=LINE('',#4190,#4189);
#4192=CURVE_STYLE('',#43,POSITIVE_LENGTH_MEASURE(2.E-2),#9);
#4193=PRESENTATION_STYLE_ASSIGNMENT((#4192));
#4194=STYLED_ITEM('',(#4193),#4191);
#4195=DIRECTION('',(1.E0,0.E0,0.E0));
#4196=VECTOR('',#4195,1.E0);
#4197=CARTESIAN_POINT('',(-2.875E1,5.608000244E1,-1.41148E0));
#4198=LINE('',#4197,#4196);
#4199=CURVE_STYLE('',#43,POSITIVE_LENGTH_MEASURE(2.E-2),#9);
#4200=PRESENTATION_STYLE_ASSIGNMENT((#4199));
#4201=STYLED_ITEM('',(#4200),#4198);
#4202=DIRECTION('',(0.E0,1.E0,0.E0));
#4203=VECTOR('',#4202,1.E0);
#4204=CARTESIAN_POINT('',(-2.875E1,5.508000244E1,-1.41148E0));
#4205=LINE('',#4204,#4203);
#4206=CURVE_STYLE('',#43,POSITIVE_LENGTH_MEASURE(2.E-2),#9);
#4207=PRESENTATION_STYLE_ASSIGNMENT((#4206));
#4208=STYLED_ITEM('',(#4207),#4205);
#4209=DIRECTION('',(-1.E0,0.E0,0.E0));
#4210=VECTOR('',#4209,1.E0);
#4211=CARTESIAN_POINT('',(-2.775E1,5.508000244E1,-1.41148E0));
#4212=LINE('',#4211,#4210);
#4213=CURVE_STYLE('',#43,POSITIVE_LENGTH_MEASURE(2.E-2),#9);
#4214=PRESENTATION_STYLE_ASSIGNMENT((#4213));
#4215=STYLED_ITEM('',(#4214),#4212);
#4216=DIRECTION('',(0.E0,0.E0,1.E0));
#4217=VECTOR('',#4216,8.E0);
#4218=CARTESIAN_POINT('',(-2.775E1,5.608000244E1,-9.41148E0));
#4219=LINE('',#4218,#4217);
#4220=CURVE_STYLE('',#43,POSITIVE_LENGTH_MEASURE(2.E-2),#9);
#4221=PRESENTATION_STYLE_ASSIGNMENT((#4220));
#4222=STYLED_ITEM('',(#4221),#4219);
#4223=DIRECTION('',(0.E0,0.E0,1.E0));
#4224=VECTOR('',#4223,8.E0);
#4225=CARTESIAN_POINT('',(-2.875E1,5.608000244E1,-9.41148E0));
#4226=LINE('',#4225,#4224);
#4227=CURVE_STYLE('',#43,POSITIVE_LENGTH_MEASURE(2.E-2),#9);
#4228=PRESENTATION_STYLE_ASSIGNMENT((#4227));
#4229=STYLED_ITEM('',(#4228),#4226);
#4230=DIRECTION('',(0.E0,0.E0,1.E0));
#4231=VECTOR('',#4230,8.E0);
#4232=CARTESIAN_POINT('',(-2.875E1,5.508000244E1,-9.41148E0));
#4233=LINE('',#4232,#4231);
#4234=CURVE_STYLE('',#43,POSITIVE_LENGTH_MEASURE(2.E-2),#9);
#4235=PRESENTATION_STYLE_ASSIGNMENT((#4234));
#4236=STYLED_ITEM('',(#4235),#4233);
#4237=DIRECTION('',(0.E0,0.E0,1.E0));
#4238=VECTOR('',#4237,8.E0);
#4239=CARTESIAN_POINT('',(-2.775E1,5.508000244E1,-9.41148E0));
#4240=LINE('',#4239,#4238);
#4241=CURVE_STYLE('',#43,POSITIVE_LENGTH_MEASURE(2.E-2),#9);
#4242=PRESENTATION_STYLE_ASSIGNMENT((#4241));
#4243=STYLED_ITEM('',(#4242),#4240);
#4244=DIRECTION('',(0.E0,0.E0,1.E0));
#4245=VECTOR('',#4244,8.E0);
#4246=CARTESIAN_POINT('',(-9.95E0,5.354000244E1,-9.41148E0));
#4247=LINE('',#4246,#4245);
#4248=CURVE_STYLE('',#43,POSITIVE_LENGTH_MEASURE(2.E-2),#9);
#4249=PRESENTATION_STYLE_ASSIGNMENT((#4248));
#4250=STYLED_ITEM('',(#4249),#4247);
#4251=DIRECTION('',(0.E0,0.E0,1.E0));
#4252=VECTOR('',#4251,8.E0);
#4253=CARTESIAN_POINT('',(-1.095E1,5.354000244E1,-9.41148E0));
#4254=LINE('',#4253,#4252);
#4255=CURVE_STYLE('',#43,POSITIVE_LENGTH_MEASURE(2.E-2),#9);
#4256=PRESENTATION_STYLE_ASSIGNMENT((#4255));
#4257=STYLED_ITEM('',(#4256),#4254);
#4258=DIRECTION('',(0.E0,0.E0,1.E0));
#4259=VECTOR('',#4258,8.E0);
#4260=CARTESIAN_POINT('',(-1.095E1,5.254000244E1,-9.41148E0));
#4261=LINE('',#4260,#4259);
#4262=CURVE_STYLE('',#43,POSITIVE_LENGTH_MEASURE(2.E-2),#9);
#4263=PRESENTATION_STYLE_ASSIGNMENT((#4262));
#4264=STYLED_ITEM('',(#4263),#4261);
#4265=DIRECTION('',(0.E0,0.E0,1.E0));
#4266=VECTOR('',#4265,8.E0);
#4267=CARTESIAN_POINT('',(-9.95E0,5.254000244E1,-9.41148E0));
#4268=LINE('',#4267,#4266);
#4269=CURVE_STYLE('',#43,POSITIVE_LENGTH_MEASURE(2.E-2),#9);
#4270=PRESENTATION_STYLE_ASSIGNMENT((#4269));
#4271=STYLED_ITEM('',(#4270),#4268);
#4272=DIRECTION('',(0.E0,-1.E0,0.E0));
#4273=VECTOR('',#4272,1.E0);
#4274=CARTESIAN_POINT('',(-9.95E0,5.354000244E1,-1.41148E0));
#4275=LINE('',#4274,#4273);
#4276=CURVE_STYLE('',#43,POSITIVE_LENGTH_MEASURE(2.E-2),#9);
#4277=PRESENTATION_STYLE_ASSIGNMENT((#4276));
#4278=STYLED_ITEM('',(#4277),#4275);
#4279=DIRECTION('',(1.E0,0.E0,0.E0));
#4280=VECTOR('',#4279,1.E0);
#4281=CARTESIAN_POINT('',(-1.095E1,5.354000244E1,-1.41148E0));
#4282=LINE('',#4281,#4280);
#4283=CURVE_STYLE('',#43,POSITIVE_LENGTH_MEASURE(2.E-2),#9);
#4284=PRESENTATION_STYLE_ASSIGNMENT((#4283));
#4285=STYLED_ITEM('',(#4284),#4282);
#4286=DIRECTION('',(0.E0,1.E0,0.E0));
#4287=VECTOR('',#4286,1.E0);
#4288=CARTESIAN_POINT('',(-1.095E1,5.254000244E1,-1.41148E0));
#4289=LINE('',#4288,#4287);
#4290=CURVE_STYLE('',#43,POSITIVE_LENGTH_MEASURE(2.E-2),#9);
#4291=PRESENTATION_STYLE_ASSIGNMENT((#4290));
#4292=STYLED_ITEM('',(#4291),#4289);
#4293=DIRECTION('',(-1.E0,0.E0,0.E0));
#4294=VECTOR('',#4293,1.E0);
#4295=CARTESIAN_POINT('',(-9.95E0,5.254000244E1,-1.41148E0));
#4296=LINE('',#4295,#4294);
#4297=CURVE_STYLE('',#43,POSITIVE_LENGTH_MEASURE(2.E-2),#9);
#4298=PRESENTATION_STYLE_ASSIGNMENT((#4297));
#4299=STYLED_ITEM('',(#4298),#4296);
#4300=DIRECTION('',(0.E0,-1.E0,0.E0));
#4301=VECTOR('',#4300,1.E0);
#4302=CARTESIAN_POINT('',(-2.775E1,5.354000244E1,-1.41148E0));
#4303=LINE('',#4302,#4301);
#4304=CURVE_STYLE('',#43,POSITIVE_LENGTH_MEASURE(2.E-2),#9);
#4305=PRESENTATION_STYLE_ASSIGNMENT((#4304));
#4306=STYLED_ITEM('',(#4305),#4303);
#4307=DIRECTION('',(1.E0,0.E0,0.E0));
#4308=VECTOR('',#4307,1.E0);
#4309=CARTESIAN_POINT('',(-2.875E1,5.354000244E1,-1.41148E0));
#4310=LINE('',#4309,#4308);
#4311=CURVE_STYLE('',#43,POSITIVE_LENGTH_MEASURE(2.E-2),#9);
#4312=PRESENTATION_STYLE_ASSIGNMENT((#4311));
#4313=STYLED_ITEM('',(#4312),#4310);
#4314=DIRECTION('',(0.E0,1.E0,0.E0));
#4315=VECTOR('',#4314,1.E0);
#4316=CARTESIAN_POINT('',(-2.875E1,5.254000244E1,-1.41148E0));
#4317=LINE('',#4316,#4315);
#4318=CURVE_STYLE('',#43,POSITIVE_LENGTH_MEASURE(2.E-2),#9);
#4319=PRESENTATION_STYLE_ASSIGNMENT((#4318));
#4320=STYLED_ITEM('',(#4319),#4317);
#4321=DIRECTION('',(-1.E0,0.E0,0.E0));
#4322=VECTOR('',#4321,1.E0);
#4323=CARTESIAN_POINT('',(-2.775E1,5.254000244E1,-1.41148E0));
#4324=LINE('',#4323,#4322);
#4325=CURVE_STYLE('',#43,POSITIVE_LENGTH_MEASURE(2.E-2),#9);
#4326=PRESENTATION_STYLE_ASSIGNMENT((#4325));
#4327=STYLED_ITEM('',(#4326),#4324);
#4328=DIRECTION('',(0.E0,0.E0,1.E0));
#4329=VECTOR('',#4328,8.E0);
#4330=CARTESIAN_POINT('',(-2.775E1,5.354000244E1,-9.41148E0));
#4331=LINE('',#4330,#4329);
#4332=CURVE_STYLE('',#43,POSITIVE_LENGTH_MEASURE(2.E-2),#9);
#4333=PRESENTATION_STYLE_ASSIGNMENT((#4332));
#4334=STYLED_ITEM('',(#4333),#4331);
#4335=DIRECTION('',(0.E0,0.E0,1.E0));
#4336=VECTOR('',#4335,8.E0);
#4337=CARTESIAN_POINT('',(-2.875E1,5.354000244E1,-9.41148E0));
#4338=LINE('',#4337,#4336);
#4339=CURVE_STYLE('',#43,POSITIVE_LENGTH_MEASURE(2.E-2),#9);
#4340=PRESENTATION_STYLE_ASSIGNMENT((#4339));
#4341=STYLED_ITEM('',(#4340),#4338);
#4342=DIRECTION('',(0.E0,0.E0,1.E0));
#4343=VECTOR('',#4342,8.E0);
#4344=CARTESIAN_POINT('',(-2.875E1,5.254000244E1,-9.41148E0));
#4345=LINE('',#4344,#4343);
#4346=CURVE_STYLE('',#43,POSITIVE_LENGTH_MEASURE(2.E-2),#9);
#4347=PRESENTATION_STYLE_ASSIGNMENT((#4346));
#4348=STYLED_ITEM('',(#4347),#4345);
#4349=DIRECTION('',(0.E0,0.E0,1.E0));
#4350=VECTOR('',#4349,8.E0);
#4351=CARTESIAN_POINT('',(-2.775E1,5.254000244E1,-9.41148E0));
#4352=LINE('',#4351,#4350);
#4353=CURVE_STYLE('',#43,POSITIVE_LENGTH_MEASURE(2.E-2),#9);
#4354=PRESENTATION_STYLE_ASSIGNMENT((#4353));
#4355=STYLED_ITEM('',(#4354),#4352);
#4356=DIRECTION('',(0.E0,0.E0,1.E0));
#4357=VECTOR('',#4356,8.E0);
#4358=CARTESIAN_POINT('',(-9.95E0,5.100000244E1,-9.41148E0));
#4359=LINE('',#4358,#4357);
#4360=CURVE_STYLE('',#43,POSITIVE_LENGTH_MEASURE(2.E-2),#9);
#4361=PRESENTATION_STYLE_ASSIGNMENT((#4360));
#4362=STYLED_ITEM('',(#4361),#4359);
#4363=DIRECTION('',(0.E0,0.E0,1.E0));
#4364=VECTOR('',#4363,8.E0);
#4365=CARTESIAN_POINT('',(-1.095E1,5.100000244E1,-9.41148E0));
#4366=LINE('',#4365,#4364);
#4367=CURVE_STYLE('',#43,POSITIVE_LENGTH_MEASURE(2.E-2),#9);
#4368=PRESENTATION_STYLE_ASSIGNMENT((#4367));
#4369=STYLED_ITEM('',(#4368),#4366);
#4370=DIRECTION('',(0.E0,0.E0,1.E0));
#4371=VECTOR('',#4370,8.E0);
#4372=CARTESIAN_POINT('',(-1.095E1,5.000000244E1,-9.41148E0));
#4373=LINE('',#4372,#4371);
#4374=CURVE_STYLE('',#43,POSITIVE_LENGTH_MEASURE(2.E-2),#9);
#4375=PRESENTATION_STYLE_ASSIGNMENT((#4374));
#4376=STYLED_ITEM('',(#4375),#4373);
#4377=DIRECTION('',(0.E0,0.E0,1.E0));
#4378=VECTOR('',#4377,8.E0);
#4379=CARTESIAN_POINT('',(-9.95E0,5.000000244E1,-9.41148E0));
#4380=LINE('',#4379,#4378);
#4381=CURVE_STYLE('',#43,POSITIVE_LENGTH_MEASURE(2.E-2),#9);
#4382=PRESENTATION_STYLE_ASSIGNMENT((#4381));
#4383=STYLED_ITEM('',(#4382),#4380);
#4384=DIRECTION('',(0.E0,-1.E0,0.E0));
#4385=VECTOR('',#4384,1.E0);
#4386=CARTESIAN_POINT('',(-9.95E0,5.100000244E1,-1.41148E0));
#4387=LINE('',#4386,#4385);
#4388=CURVE_STYLE('',#43,POSITIVE_LENGTH_MEASURE(2.E-2),#9);
#4389=PRESENTATION_STYLE_ASSIGNMENT((#4388));
#4390=STYLED_ITEM('',(#4389),#4387);
#4391=DIRECTION('',(1.E0,0.E0,0.E0));
#4392=VECTOR('',#4391,1.E0);
#4393=CARTESIAN_POINT('',(-1.095E1,5.100000244E1,-1.41148E0));
#4394=LINE('',#4393,#4392);
#4395=CURVE_STYLE('',#43,POSITIVE_LENGTH_MEASURE(2.E-2),#9);
#4396=PRESENTATION_STYLE_ASSIGNMENT((#4395));
#4397=STYLED_ITEM('',(#4396),#4394);
#4398=DIRECTION('',(0.E0,1.E0,0.E0));
#4399=VECTOR('',#4398,1.E0);
#4400=CARTESIAN_POINT('',(-1.095E1,5.000000244E1,-1.41148E0));
#4401=LINE('',#4400,#4399);
#4402=CURVE_STYLE('',#43,POSITIVE_LENGTH_MEASURE(2.E-2),#9);
#4403=PRESENTATION_STYLE_ASSIGNMENT((#4402));
#4404=STYLED_ITEM('',(#4403),#4401);
#4405=DIRECTION('',(-1.E0,0.E0,0.E0));
#4406=VECTOR('',#4405,1.E0);
#4407=CARTESIAN_POINT('',(-9.95E0,5.000000244E1,-1.41148E0));
#4408=LINE('',#4407,#4406);
#4409=CURVE_STYLE('',#43,POSITIVE_LENGTH_MEASURE(2.E-2),#9);
#4410=PRESENTATION_STYLE_ASSIGNMENT((#4409));
#4411=STYLED_ITEM('',(#4410),#4408);
#4412=DIRECTION('',(0.E0,-1.E0,0.E0));
#4413=VECTOR('',#4412,1.E0);
#4414=CARTESIAN_POINT('',(-2.775E1,5.100000244E1,-1.41148E0));
#4415=LINE('',#4414,#4413);
#4416=CURVE_STYLE('',#43,POSITIVE_LENGTH_MEASURE(2.E-2),#9);
#4417=PRESENTATION_STYLE_ASSIGNMENT((#4416));
#4418=STYLED_ITEM('',(#4417),#4415);
#4419=DIRECTION('',(1.E0,0.E0,0.E0));
#4420=VECTOR('',#4419,1.E0);
#4421=CARTESIAN_POINT('',(-2.875E1,5.100000244E1,-1.41148E0));
#4422=LINE('',#4421,#4420);
#4423=CURVE_STYLE('',#43,POSITIVE_LENGTH_MEASURE(2.E-2),#9);
#4424=PRESENTATION_STYLE_ASSIGNMENT((#4423));
#4425=STYLED_ITEM('',(#4424),#4422);
#4426=DIRECTION('',(0.E0,1.E0,0.E0));
#4427=VECTOR('',#4426,1.E0);
#4428=CARTESIAN_POINT('',(-2.875E1,5.000000244E1,-1.41148E0));
#4429=LINE('',#4428,#4427);
#4430=CURVE_STYLE('',#43,POSITIVE_LENGTH_MEASURE(2.E-2),#9);
#4431=PRESENTATION_STYLE_ASSIGNMENT((#4430));
#4432=STYLED_ITEM('',(#4431),#4429);
#4433=DIRECTION('',(-1.E0,0.E0,0.E0));
#4434=VECTOR('',#4433,1.E0);
#4435=CARTESIAN_POINT('',(-2.775E1,5.000000244E1,-1.41148E0));
#4436=LINE('',#4435,#4434);
#4437=CURVE_STYLE('',#43,POSITIVE_LENGTH_MEASURE(2.E-2),#9);
#4438=PRESENTATION_STYLE_ASSIGNMENT((#4437));
#4439=STYLED_ITEM('',(#4438),#4436);
#4440=DIRECTION('',(0.E0,0.E0,1.E0));
#4441=VECTOR('',#4440,8.E0);
#4442=CARTESIAN_POINT('',(-2.775E1,5.100000244E1,-9.41148E0));
#4443=LINE('',#4442,#4441);
#4444=CURVE_STYLE('',#43,POSITIVE_LENGTH_MEASURE(2.E-2),#9);
#4445=PRESENTATION_STYLE_ASSIGNMENT((#4444));
#4446=STYLED_ITEM('',(#4445),#4443);
#4447=DIRECTION('',(0.E0,0.E0,1.E0));
#4448=VECTOR('',#4447,8.E0);
#4449=CARTESIAN_POINT('',(-2.875E1,5.100000244E1,-9.41148E0));
#4450=LINE('',#4449,#4448);
#4451=CURVE_STYLE('',#43,POSITIVE_LENGTH_MEASURE(2.E-2),#9);
#4452=PRESENTATION_STYLE_ASSIGNMENT((#4451));
#4453=STYLED_ITEM('',(#4452),#4450);
#4454=DIRECTION('',(0.E0,0.E0,1.E0));
#4455=VECTOR('',#4454,8.E0);
#4456=CARTESIAN_POINT('',(-2.875E1,5.000000244E1,-9.41148E0));
#4457=LINE('',#4456,#4455);
#4458=CURVE_STYLE('',#43,POSITIVE_LENGTH_MEASURE(2.E-2),#9);
#4459=PRESENTATION_STYLE_ASSIGNMENT((#4458));
#4460=STYLED_ITEM('',(#4459),#4457);
#4461=DIRECTION('',(0.E0,0.E0,1.E0));
#4462=VECTOR('',#4461,8.E0);
#4463=CARTESIAN_POINT('',(-2.775E1,5.000000244E1,-9.41148E0));
#4464=LINE('',#4463,#4462);
#4465=CURVE_STYLE('',#43,POSITIVE_LENGTH_MEASURE(2.E-2),#9);
#4466=PRESENTATION_STYLE_ASSIGNMENT((#4465));
#4467=STYLED_ITEM('',(#4466),#4464);
#4468=DIRECTION('',(0.E0,0.E0,1.E0));
#4469=VECTOR('',#4468,8.E0);
#4470=CARTESIAN_POINT('',(-9.95E0,4.846000244E1,-9.41148E0));
#4471=LINE('',#4470,#4469);
#4472=CURVE_STYLE('',#43,POSITIVE_LENGTH_MEASURE(2.E-2),#9);
#4473=PRESENTATION_STYLE_ASSIGNMENT((#4472));
#4474=STYLED_ITEM('',(#4473),#4471);
#4475=DIRECTION('',(0.E0,0.E0,1.E0));
#4476=VECTOR('',#4475,8.E0);
#4477=CARTESIAN_POINT('',(-1.095E1,4.846000244E1,-9.41148E0));
#4478=LINE('',#4477,#4476);
#4479=CURVE_STYLE('',#43,POSITIVE_LENGTH_MEASURE(2.E-2),#9);
#4480=PRESENTATION_STYLE_ASSIGNMENT((#4479));
#4481=STYLED_ITEM('',(#4480),#4478);
#4482=DIRECTION('',(0.E0,0.E0,1.E0));
#4483=VECTOR('',#4482,8.E0);
#4484=CARTESIAN_POINT('',(-1.095E1,4.746000244E1,-9.41148E0));
#4485=LINE('',#4484,#4483);
#4486=CURVE_STYLE('',#43,POSITIVE_LENGTH_MEASURE(2.E-2),#9);
#4487=PRESENTATION_STYLE_ASSIGNMENT((#4486));
#4488=STYLED_ITEM('',(#4487),#4485);
#4489=DIRECTION('',(0.E0,0.E0,1.E0));
#4490=VECTOR('',#4489,8.E0);
#4491=CARTESIAN_POINT('',(-9.95E0,4.746000244E1,-9.41148E0));
#4492=LINE('',#4491,#4490);
#4493=CURVE_STYLE('',#43,POSITIVE_LENGTH_MEASURE(2.E-2),#9);
#4494=PRESENTATION_STYLE_ASSIGNMENT((#4493));
#4495=STYLED_ITEM('',(#4494),#4492);
#4496=DIRECTION('',(0.E0,-1.E0,0.E0));
#4497=VECTOR('',#4496,1.E0);
#4498=CARTESIAN_POINT('',(-9.95E0,4.846000244E1,-1.41148E0));
#4499=LINE('',#4498,#4497);
#4500=CURVE_STYLE('',#43,POSITIVE_LENGTH_MEASURE(2.E-2),#9);
#4501=PRESENTATION_STYLE_ASSIGNMENT((#4500));
#4502=STYLED_ITEM('',(#4501),#4499);
#4503=DIRECTION('',(1.E0,0.E0,0.E0));
#4504=VECTOR('',#4503,1.E0);
#4505=CARTESIAN_POINT('',(-1.095E1,4.846000244E1,-1.41148E0));
#4506=LINE('',#4505,#4504);
#4507=CURVE_STYLE('',#43,POSITIVE_LENGTH_MEASURE(2.E-2),#9);
#4508=PRESENTATION_STYLE_ASSIGNMENT((#4507));
#4509=STYLED_ITEM('',(#4508),#4506);
#4510=DIRECTION('',(0.E0,1.E0,0.E0));
#4511=VECTOR('',#4510,1.E0);
#4512=CARTESIAN_POINT('',(-1.095E1,4.746000244E1,-1.41148E0));
#4513=LINE('',#4512,#4511);
#4514=CURVE_STYLE('',#43,POSITIVE_LENGTH_MEASURE(2.E-2),#9);
#4515=PRESENTATION_STYLE_ASSIGNMENT((#4514));
#4516=STYLED_ITEM('',(#4515),#4513);
#4517=DIRECTION('',(-1.E0,0.E0,0.E0));
#4518=VECTOR('',#4517,1.E0);
#4519=CARTESIAN_POINT('',(-9.95E0,4.746000244E1,-1.41148E0));
#4520=LINE('',#4519,#4518);
#4521=CURVE_STYLE('',#43,POSITIVE_LENGTH_MEASURE(2.E-2),#9);
#4522=PRESENTATION_STYLE_ASSIGNMENT((#4521));
#4523=STYLED_ITEM('',(#4522),#4520);
#4524=DIRECTION('',(0.E0,-1.E0,0.E0));
#4525=VECTOR('',#4524,1.E0);
#4526=CARTESIAN_POINT('',(-2.775E1,4.846000244E1,-1.41148E0));
#4527=LINE('',#4526,#4525);
#4528=CURVE_STYLE('',#43,POSITIVE_LENGTH_MEASURE(2.E-2),#9);
#4529=PRESENTATION_STYLE_ASSIGNMENT((#4528));
#4530=STYLED_ITEM('',(#4529),#4527);
#4531=DIRECTION('',(1.E0,0.E0,0.E0));
#4532=VECTOR('',#4531,1.E0);
#4533=CARTESIAN_POINT('',(-2.875E1,4.846000244E1,-1.41148E0));
#4534=LINE('',#4533,#4532);
#4535=CURVE_STYLE('',#43,POSITIVE_LENGTH_MEASURE(2.E-2),#9);
#4536=PRESENTATION_STYLE_ASSIGNMENT((#4535));
#4537=STYLED_ITEM('',(#4536),#4534);
#4538=DIRECTION('',(0.E0,1.E0,0.E0));
#4539=VECTOR('',#4538,1.E0);
#4540=CARTESIAN_POINT('',(-2.875E1,4.746000244E1,-1.41148E0));
#4541=LINE('',#4540,#4539);
#4542=CURVE_STYLE('',#43,POSITIVE_LENGTH_MEASURE(2.E-2),#9);
#4543=PRESENTATION_STYLE_ASSIGNMENT((#4542));
#4544=STYLED_ITEM('',(#4543),#4541);
#4545=DIRECTION('',(-1.E0,0.E0,0.E0));
#4546=VECTOR('',#4545,1.E0);
#4547=CARTESIAN_POINT('',(-2.775E1,4.746000244E1,-1.41148E0));
#4548=LINE('',#4547,#4546);
#4549=CURVE_STYLE('',#43,POSITIVE_LENGTH_MEASURE(2.E-2),#9);
#4550=PRESENTATION_STYLE_ASSIGNMENT((#4549));
#4551=STYLED_ITEM('',(#4550),#4548);
#4552=DIRECTION('',(0.E0,0.E0,1.E0));
#4553=VECTOR('',#4552,8.E0);
#4554=CARTESIAN_POINT('',(-2.775E1,4.846000244E1,-9.41148E0));
#4555=LINE('',#4554,#4553);
#4556=CURVE_STYLE('',#43,POSITIVE_LENGTH_MEASURE(2.E-2),#9);
#4557=PRESENTATION_STYLE_ASSIGNMENT((#4556));
#4558=STYLED_ITEM('',(#4557),#4555);
#4559=DIRECTION('',(0.E0,0.E0,1.E0));
#4560=VECTOR('',#4559,8.E0);
#4561=CARTESIAN_POINT('',(-2.875E1,4.846000244E1,-9.41148E0));
#4562=LINE('',#4561,#4560);
#4563=CURVE_STYLE('',#43,POSITIVE_LENGTH_MEASURE(2.E-2),#9);
#4564=PRESENTATION_STYLE_ASSIGNMENT((#4563));
#4565=STYLED_ITEM('',(#4564),#4562);
#4566=DIRECTION('',(0.E0,0.E0,1.E0));
#4567=VECTOR('',#4566,8.E0);
#4568=CARTESIAN_POINT('',(-2.875E1,4.746000244E1,-9.41148E0));
#4569=LINE('',#4568,#4567);
#4570=CURVE_STYLE('',#43,POSITIVE_LENGTH_MEASURE(2.E-2),#9);
#4571=PRESENTATION_STYLE_ASSIGNMENT((#4570));
#4572=STYLED_ITEM('',(#4571),#4569);
#4573=DIRECTION('',(0.E0,0.E0,1.E0));
#4574=VECTOR('',#4573,8.E0);
#4575=CARTESIAN_POINT('',(-2.775E1,4.746000244E1,-9.41148E0));
#4576=LINE('',#4575,#4574);
#4577=CURVE_STYLE('',#43,POSITIVE_LENGTH_MEASURE(2.E-2),#9);
#4578=PRESENTATION_STYLE_ASSIGNMENT((#4577));
#4579=STYLED_ITEM('',(#4578),#4576);
#4580=DIRECTION('',(0.E0,0.E0,1.E0));
#4581=VECTOR('',#4580,8.E0);
#4582=CARTESIAN_POINT('',(-9.95E0,4.592000244E1,-9.41148E0));
#4583=LINE('',#4582,#4581);
#4584=CURVE_STYLE('',#43,POSITIVE_LENGTH_MEASURE(2.E-2),#9);
#4585=PRESENTATION_STYLE_ASSIGNMENT((#4584));
#4586=STYLED_ITEM('',(#4585),#4583);
#4587=DIRECTION('',(0.E0,0.E0,1.E0));
#4588=VECTOR('',#4587,8.E0);
#4589=CARTESIAN_POINT('',(-1.095E1,4.592000244E1,-9.41148E0));
#4590=LINE('',#4589,#4588);
#4591=CURVE_STYLE('',#43,POSITIVE_LENGTH_MEASURE(2.E-2),#9);
#4592=PRESENTATION_STYLE_ASSIGNMENT((#4591));
#4593=STYLED_ITEM('',(#4592),#4590);
#4594=DIRECTION('',(0.E0,0.E0,1.E0));
#4595=VECTOR('',#4594,8.E0);
#4596=CARTESIAN_POINT('',(-1.095E1,4.492000244E1,-9.41148E0));
#4597=LINE('',#4596,#4595);
#4598=CURVE_STYLE('',#43,POSITIVE_LENGTH_MEASURE(2.E-2),#9);
#4599=PRESENTATION_STYLE_ASSIGNMENT((#4598));
#4600=STYLED_ITEM('',(#4599),#4597);
#4601=DIRECTION('',(0.E0,0.E0,1.E0));
#4602=VECTOR('',#4601,8.E0);
#4603=CARTESIAN_POINT('',(-9.95E0,4.492000244E1,-9.41148E0));
#4604=LINE('',#4603,#4602);
#4605=CURVE_STYLE('',#43,POSITIVE_LENGTH_MEASURE(2.E-2),#9);
#4606=PRESENTATION_STYLE_ASSIGNMENT((#4605));
#4607=STYLED_ITEM('',(#4606),#4604);
#4608=DIRECTION('',(0.E0,-1.E0,0.E0));
#4609=VECTOR('',#4608,1.E0);
#4610=CARTESIAN_POINT('',(-9.95E0,4.592000244E1,-1.41148E0));
#4611=LINE('',#4610,#4609);
#4612=CURVE_STYLE('',#43,POSITIVE_LENGTH_MEASURE(2.E-2),#9);
#4613=PRESENTATION_STYLE_ASSIGNMENT((#4612));
#4614=STYLED_ITEM('',(#4613),#4611);
#4615=DIRECTION('',(1.E0,0.E0,0.E0));
#4616=VECTOR('',#4615,1.E0);
#4617=CARTESIAN_POINT('',(-1.095E1,4.592000244E1,-1.41148E0));
#4618=LINE('',#4617,#4616);
#4619=CURVE_STYLE('',#43,POSITIVE_LENGTH_MEASURE(2.E-2),#9);
#4620=PRESENTATION_STYLE_ASSIGNMENT((#4619));
#4621=STYLED_ITEM('',(#4620),#4618);
#4622=DIRECTION('',(0.E0,1.E0,0.E0));
#4623=VECTOR('',#4622,1.E0);
#4624=CARTESIAN_POINT('',(-1.095E1,4.492000244E1,-1.41148E0));
#4625=LINE('',#4624,#4623);
#4626=CURVE_STYLE('',#43,POSITIVE_LENGTH_MEASURE(2.E-2),#9);
#4627=PRESENTATION_STYLE_ASSIGNMENT((#4626));
#4628=STYLED_ITEM('',(#4627),#4625);
#4629=DIRECTION('',(-1.E0,0.E0,0.E0));
#4630=VECTOR('',#4629,1.E0);
#4631=CARTESIAN_POINT('',(-9.95E0,4.492000244E1,-1.41148E0));
#4632=LINE('',#4631,#4630);
#4633=CURVE_STYLE('',#43,POSITIVE_LENGTH_MEASURE(2.E-2),#9);
#4634=PRESENTATION_STYLE_ASSIGNMENT((#4633));
#4635=STYLED_ITEM('',(#4634),#4632);
#4636=DIRECTION('',(0.E0,-1.E0,0.E0));
#4637=VECTOR('',#4636,1.E0);
#4638=CARTESIAN_POINT('',(-2.775E1,4.592000244E1,-1.41148E0));
#4639=LINE('',#4638,#4637);
#4640=CURVE_STYLE('',#43,POSITIVE_LENGTH_MEASURE(2.E-2),#9);
#4641=PRESENTATION_STYLE_ASSIGNMENT((#4640));
#4642=STYLED_ITEM('',(#4641),#4639);
#4643=DIRECTION('',(1.E0,0.E0,0.E0));
#4644=VECTOR('',#4643,1.E0);
#4645=CARTESIAN_POINT('',(-2.875E1,4.592000244E1,-1.41148E0));
#4646=LINE('',#4645,#4644);
#4647=CURVE_STYLE('',#43,POSITIVE_LENGTH_MEASURE(2.E-2),#9);
#4648=PRESENTATION_STYLE_ASSIGNMENT((#4647));
#4649=STYLED_ITEM('',(#4648),#4646);
#4650=DIRECTION('',(0.E0,1.E0,0.E0));
#4651=VECTOR('',#4650,1.E0);
#4652=CARTESIAN_POINT('',(-2.875E1,4.492000244E1,-1.41148E0));
#4653=LINE('',#4652,#4651);
#4654=CURVE_STYLE('',#43,POSITIVE_LENGTH_MEASURE(2.E-2),#9);
#4655=PRESENTATION_STYLE_ASSIGNMENT((#4654));
#4656=STYLED_ITEM('',(#4655),#4653);
#4657=DIRECTION('',(-1.E0,0.E0,0.E0));
#4658=VECTOR('',#4657,1.E0);
#4659=CARTESIAN_POINT('',(-2.775E1,4.492000244E1,-1.41148E0));
#4660=LINE('',#4659,#4658);
#4661=CURVE_STYLE('',#43,POSITIVE_LENGTH_MEASURE(2.E-2),#9);
#4662=PRESENTATION_STYLE_ASSIGNMENT((#4661));
#4663=STYLED_ITEM('',(#4662),#4660);
#4664=DIRECTION('',(0.E0,0.E0,1.E0));
#4665=VECTOR('',#4664,8.E0);
#4666=CARTESIAN_POINT('',(-2.775E1,4.592000244E1,-9.41148E0));
#4667=LINE('',#4666,#4665);
#4668=CURVE_STYLE('',#43,POSITIVE_LENGTH_MEASURE(2.E-2),#9);
#4669=PRESENTATION_STYLE_ASSIGNMENT((#4668));
#4670=STYLED_ITEM('',(#4669),#4667);
#4671=DIRECTION('',(0.E0,0.E0,1.E0));
#4672=VECTOR('',#4671,8.E0);
#4673=CARTESIAN_POINT('',(-2.875E1,4.592000244E1,-9.41148E0));
#4674=LINE('',#4673,#4672);
#4675=CURVE_STYLE('',#43,POSITIVE_LENGTH_MEASURE(2.E-2),#9);
#4676=PRESENTATION_STYLE_ASSIGNMENT((#4675));
#4677=STYLED_ITEM('',(#4676),#4674);
#4678=DIRECTION('',(0.E0,0.E0,1.E0));
#4679=VECTOR('',#4678,8.E0);
#4680=CARTESIAN_POINT('',(-2.875E1,4.492000244E1,-9.41148E0));
#4681=LINE('',#4680,#4679);
#4682=CURVE_STYLE('',#43,POSITIVE_LENGTH_MEASURE(2.E-2),#9);
#4683=PRESENTATION_STYLE_ASSIGNMENT((#4682));
#4684=STYLED_ITEM('',(#4683),#4681);
#4685=DIRECTION('',(0.E0,0.E0,1.E0));
#4686=VECTOR('',#4685,8.E0);
#4687=CARTESIAN_POINT('',(-2.775E1,4.492000244E1,-9.41148E0));
#4688=LINE('',#4687,#4686);
#4689=CURVE_STYLE('',#43,POSITIVE_LENGTH_MEASURE(2.E-2),#9);
#4690=PRESENTATION_STYLE_ASSIGNMENT((#4689));
#4691=STYLED_ITEM('',(#4690),#4688);
#4692=DIRECTION('',(0.E0,0.E0,1.E0));
#4693=VECTOR('',#4692,8.E0);
#4694=CARTESIAN_POINT('',(-9.95E0,4.338000244E1,-9.41148E0));
#4695=LINE('',#4694,#4693);
#4696=CURVE_STYLE('',#43,POSITIVE_LENGTH_MEASURE(2.E-2),#9);
#4697=PRESENTATION_STYLE_ASSIGNMENT((#4696));
#4698=STYLED_ITEM('',(#4697),#4695);
#4699=DIRECTION('',(0.E0,0.E0,1.E0));
#4700=VECTOR('',#4699,8.E0);
#4701=CARTESIAN_POINT('',(-1.095E1,4.338000244E1,-9.41148E0));
#4702=LINE('',#4701,#4700);
#4703=CURVE_STYLE('',#43,POSITIVE_LENGTH_MEASURE(2.E-2),#9);
#4704=PRESENTATION_STYLE_ASSIGNMENT((#4703));
#4705=STYLED_ITEM('',(#4704),#4702);
#4706=DIRECTION('',(0.E0,0.E0,1.E0));
#4707=VECTOR('',#4706,8.E0);
#4708=CARTESIAN_POINT('',(-1.095E1,4.238000244E1,-9.41148E0));
#4709=LINE('',#4708,#4707);
#4710=CURVE_STYLE('',#43,POSITIVE_LENGTH_MEASURE(2.E-2),#9);
#4711=PRESENTATION_STYLE_ASSIGNMENT((#4710));
#4712=STYLED_ITEM('',(#4711),#4709);
#4713=DIRECTION('',(0.E0,0.E0,1.E0));
#4714=VECTOR('',#4713,8.E0);
#4715=CARTESIAN_POINT('',(-9.95E0,4.238000244E1,-9.41148E0));
#4716=LINE('',#4715,#4714);
#4717=CURVE_STYLE('',#43,POSITIVE_LENGTH_MEASURE(2.E-2),#9);
#4718=PRESENTATION_STYLE_ASSIGNMENT((#4717));
#4719=STYLED_ITEM('',(#4718),#4716);
#4720=DIRECTION('',(0.E0,-1.E0,0.E0));
#4721=VECTOR('',#4720,1.E0);
#4722=CARTESIAN_POINT('',(-9.95E0,4.338000244E1,-1.41148E0));
#4723=LINE('',#4722,#4721);
#4724=CURVE_STYLE('',#43,POSITIVE_LENGTH_MEASURE(2.E-2),#9);
#4725=PRESENTATION_STYLE_ASSIGNMENT((#4724));
#4726=STYLED_ITEM('',(#4725),#4723);
#4727=DIRECTION('',(1.E0,0.E0,0.E0));
#4728=VECTOR('',#4727,1.E0);
#4729=CARTESIAN_POINT('',(-1.095E1,4.338000244E1,-1.41148E0));
#4730=LINE('',#4729,#4728);
#4731=CURVE_STYLE('',#43,POSITIVE_LENGTH_MEASURE(2.E-2),#9);
#4732=PRESENTATION_STYLE_ASSIGNMENT((#4731));
#4733=STYLED_ITEM('',(#4732),#4730);
#4734=DIRECTION('',(0.E0,1.E0,0.E0));
#4735=VECTOR('',#4734,1.E0);
#4736=CARTESIAN_POINT('',(-1.095E1,4.238000244E1,-1.41148E0));
#4737=LINE('',#4736,#4735);
#4738=CURVE_STYLE('',#43,POSITIVE_LENGTH_MEASURE(2.E-2),#9);
#4739=PRESENTATION_STYLE_ASSIGNMENT((#4738));
#4740=STYLED_ITEM('',(#4739),#4737);
#4741=DIRECTION('',(-1.E0,0.E0,0.E0));
#4742=VECTOR('',#4741,1.E0);
#4743=CARTESIAN_POINT('',(-9.95E0,4.238000244E1,-1.41148E0));
#4744=LINE('',#4743,#4742);
#4745=CURVE_STYLE('',#43,POSITIVE_LENGTH_MEASURE(2.E-2),#9);
#4746=PRESENTATION_STYLE_ASSIGNMENT((#4745));
#4747=STYLED_ITEM('',(#4746),#4744);
#4748=DIRECTION('',(0.E0,-1.E0,0.E0));
#4749=VECTOR('',#4748,1.E0);
#4750=CARTESIAN_POINT('',(-2.775E1,4.338000244E1,-1.41148E0));
#4751=LINE('',#4750,#4749);
#4752=CURVE_STYLE('',#43,POSITIVE_LENGTH_MEASURE(2.E-2),#9);
#4753=PRESENTATION_STYLE_ASSIGNMENT((#4752));
#4754=STYLED_ITEM('',(#4753),#4751);
#4755=DIRECTION('',(1.E0,0.E0,0.E0));
#4756=VECTOR('',#4755,1.E0);
#4757=CARTESIAN_POINT('',(-2.875E1,4.338000244E1,-1.41148E0));
#4758=LINE('',#4757,#4756);
#4759=CURVE_STYLE('',#43,POSITIVE_LENGTH_MEASURE(2.E-2),#9);
#4760=PRESENTATION_STYLE_ASSIGNMENT((#4759));
#4761=STYLED_ITEM('',(#4760),#4758);
#4762=DIRECTION('',(0.E0,1.E0,0.E0));
#4763=VECTOR('',#4762,1.E0);
#4764=CARTESIAN_POINT('',(-2.875E1,4.238000244E1,-1.41148E0));
#4765=LINE('',#4764,#4763);
#4766=CURVE_STYLE('',#43,POSITIVE_LENGTH_MEASURE(2.E-2),#9);
#4767=PRESENTATION_STYLE_ASSIGNMENT((#4766));
#4768=STYLED_ITEM('',(#4767),#4765);
#4769=DIRECTION('',(-1.E0,0.E0,0.E0));
#4770=VECTOR('',#4769,1.E0);
#4771=CARTESIAN_POINT('',(-2.775E1,4.238000244E1,-1.41148E0));
#4772=LINE('',#4771,#4770);
#4773=CURVE_STYLE('',#43,POSITIVE_LENGTH_MEASURE(2.E-2),#9);
#4774=PRESENTATION_STYLE_ASSIGNMENT((#4773));
#4775=STYLED_ITEM('',(#4774),#4772);
#4776=DIRECTION('',(0.E0,0.E0,1.E0));
#4777=VECTOR('',#4776,8.E0);
#4778=CARTESIAN_POINT('',(-2.775E1,4.338000244E1,-9.41148E0));
#4779=LINE('',#4778,#4777);
#4780=CURVE_STYLE('',#43,POSITIVE_LENGTH_MEASURE(2.E-2),#9);
#4781=PRESENTATION_STYLE_ASSIGNMENT((#4780));
#4782=STYLED_ITEM('',(#4781),#4779);
#4783=DIRECTION('',(0.E0,0.E0,1.E0));
#4784=VECTOR('',#4783,8.E0);
#4785=CARTESIAN_POINT('',(-2.875E1,4.338000244E1,-9.41148E0));
#4786=LINE('',#4785,#4784);
#4787=CURVE_STYLE('',#43,POSITIVE_LENGTH_MEASURE(2.E-2),#9);
#4788=PRESENTATION_STYLE_ASSIGNMENT((#4787));
#4789=STYLED_ITEM('',(#4788),#4786);
#4790=DIRECTION('',(0.E0,0.E0,1.E0));
#4791=VECTOR('',#4790,8.E0);
#4792=CARTESIAN_POINT('',(-2.875E1,4.238000244E1,-9.41148E0));
#4793=LINE('',#4792,#4791);
#4794=CURVE_STYLE('',#43,POSITIVE_LENGTH_MEASURE(2.E-2),#9);
#4795=PRESENTATION_STYLE_ASSIGNMENT((#4794));
#4796=STYLED_ITEM('',(#4795),#4793);
#4797=DIRECTION('',(0.E0,0.E0,1.E0));
#4798=VECTOR('',#4797,8.E0);
#4799=CARTESIAN_POINT('',(-2.775E1,4.238000244E1,-9.41148E0));
#4800=LINE('',#4799,#4798);
#4801=CURVE_STYLE('',#43,POSITIVE_LENGTH_MEASURE(2.E-2),#9);
#4802=PRESENTATION_STYLE_ASSIGNMENT((#4801));
#4803=STYLED_ITEM('',(#4802),#4800);
#4804=DIRECTION('',(0.E0,0.E0,1.E0));
#4805=VECTOR('',#4804,8.E0);
#4806=CARTESIAN_POINT('',(-9.95E0,4.084000244E1,-9.41148E0));
#4807=LINE('',#4806,#4805);
#4808=CURVE_STYLE('',#43,POSITIVE_LENGTH_MEASURE(2.E-2),#9);
#4809=PRESENTATION_STYLE_ASSIGNMENT((#4808));
#4810=STYLED_ITEM('',(#4809),#4807);
#4811=DIRECTION('',(0.E0,0.E0,1.E0));
#4812=VECTOR('',#4811,8.E0);
#4813=CARTESIAN_POINT('',(-1.095E1,4.084000244E1,-9.41148E0));
#4814=LINE('',#4813,#4812);
#4815=CURVE_STYLE('',#43,POSITIVE_LENGTH_MEASURE(2.E-2),#9);
#4816=PRESENTATION_STYLE_ASSIGNMENT((#4815));
#4817=STYLED_ITEM('',(#4816),#4814);
#4818=DIRECTION('',(0.E0,0.E0,1.E0));
#4819=VECTOR('',#4818,8.E0);
#4820=CARTESIAN_POINT('',(-1.095E1,3.984000244E1,-9.41148E0));
#4821=LINE('',#4820,#4819);
#4822=CURVE_STYLE('',#43,POSITIVE_LENGTH_MEASURE(2.E-2),#9);
#4823=PRESENTATION_STYLE_ASSIGNMENT((#4822));
#4824=STYLED_ITEM('',(#4823),#4821);
#4825=DIRECTION('',(0.E0,0.E0,1.E0));
#4826=VECTOR('',#4825,8.E0);
#4827=CARTESIAN_POINT('',(-9.95E0,3.984000244E1,-9.41148E0));
#4828=LINE('',#4827,#4826);
#4829=CURVE_STYLE('',#43,POSITIVE_LENGTH_MEASURE(2.E-2),#9);
#4830=PRESENTATION_STYLE_ASSIGNMENT((#4829));
#4831=STYLED_ITEM('',(#4830),#4828);
#4832=DIRECTION('',(0.E0,-1.E0,0.E0));
#4833=VECTOR('',#4832,1.E0);
#4834=CARTESIAN_POINT('',(-9.95E0,4.084000244E1,-1.41148E0));
#4835=LINE('',#4834,#4833);
#4836=CURVE_STYLE('',#43,POSITIVE_LENGTH_MEASURE(2.E-2),#9);
#4837=PRESENTATION_STYLE_ASSIGNMENT((#4836));
#4838=STYLED_ITEM('',(#4837),#4835);
#4839=DIRECTION('',(1.E0,0.E0,0.E0));
#4840=VECTOR('',#4839,1.E0);
#4841=CARTESIAN_POINT('',(-1.095E1,4.084000244E1,-1.41148E0));
#4842=LINE('',#4841,#4840);
#4843=CURVE_STYLE('',#43,POSITIVE_LENGTH_MEASURE(2.E-2),#9);
#4844=PRESENTATION_STYLE_ASSIGNMENT((#4843));
#4845=STYLED_ITEM('',(#4844),#4842);
#4846=DIRECTION('',(0.E0,1.E0,0.E0));
#4847=VECTOR('',#4846,1.E0);
#4848=CARTESIAN_POINT('',(-1.095E1,3.984000244E1,-1.41148E0));
#4849=LINE('',#4848,#4847);
#4850=CURVE_STYLE('',#43,POSITIVE_LENGTH_MEASURE(2.E-2),#9);
#4851=PRESENTATION_STYLE_ASSIGNMENT((#4850));
#4852=STYLED_ITEM('',(#4851),#4849);
#4853=DIRECTION('',(-1.E0,0.E0,0.E0));
#4854=VECTOR('',#4853,1.E0);
#4855=CARTESIAN_POINT('',(-9.95E0,3.984000244E1,-1.41148E0));
#4856=LINE('',#4855,#4854);
#4857=CURVE_STYLE('',#43,POSITIVE_LENGTH_MEASURE(2.E-2),#9);
#4858=PRESENTATION_STYLE_ASSIGNMENT((#4857));
#4859=STYLED_ITEM('',(#4858),#4856);
#4860=DIRECTION('',(0.E0,-1.E0,0.E0));
#4861=VECTOR('',#4860,1.E0);
#4862=CARTESIAN_POINT('',(-2.775E1,4.084000244E1,-1.41148E0));
#4863=LINE('',#4862,#4861);
#4864=CURVE_STYLE('',#43,POSITIVE_LENGTH_MEASURE(2.E-2),#9);
#4865=PRESENTATION_STYLE_ASSIGNMENT((#4864));
#4866=STYLED_ITEM('',(#4865),#4863);
#4867=DIRECTION('',(1.E0,0.E0,0.E0));
#4868=VECTOR('',#4867,1.E0);
#4869=CARTESIAN_POINT('',(-2.875E1,4.084000244E1,-1.41148E0));
#4870=LINE('',#4869,#4868);
#4871=CURVE_STYLE('',#43,POSITIVE_LENGTH_MEASURE(2.E-2),#9);
#4872=PRESENTATION_STYLE_ASSIGNMENT((#4871));
#4873=STYLED_ITEM('',(#4872),#4870);
#4874=DIRECTION('',(0.E0,1.E0,0.E0));
#4875=VECTOR('',#4874,1.E0);
#4876=CARTESIAN_POINT('',(-2.875E1,3.984000244E1,-1.41148E0));
#4877=LINE('',#4876,#4875);
#4878=CURVE_STYLE('',#43,POSITIVE_LENGTH_MEASURE(2.E-2),#9);
#4879=PRESENTATION_STYLE_ASSIGNMENT((#4878));
#4880=STYLED_ITEM('',(#4879),#4877);
#4881=DIRECTION('',(-1.E0,0.E0,0.E0));
#4882=VECTOR('',#4881,1.E0);
#4883=CARTESIAN_POINT('',(-2.775E1,3.984000244E1,-1.41148E0));
#4884=LINE('',#4883,#4882);
#4885=CURVE_STYLE('',#43,POSITIVE_LENGTH_MEASURE(2.E-2),#9);
#4886=PRESENTATION_STYLE_ASSIGNMENT((#4885));
#4887=STYLED_ITEM('',(#4886),#4884);
#4888=DIRECTION('',(0.E0,0.E0,1.E0));
#4889=VECTOR('',#4888,8.E0);
#4890=CARTESIAN_POINT('',(-2.775E1,4.084000244E1,-9.41148E0));
#4891=LINE('',#4890,#4889);
#4892=CURVE_STYLE('',#43,POSITIVE_LENGTH_MEASURE(2.E-2),#9);
#4893=PRESENTATION_STYLE_ASSIGNMENT((#4892));
#4894=STYLED_ITEM('',(#4893),#4891);
#4895=DIRECTION('',(0.E0,0.E0,1.E0));
#4896=VECTOR('',#4895,8.E0);
#4897=CARTESIAN_POINT('',(-2.875E1,4.084000244E1,-9.41148E0));
#4898=LINE('',#4897,#4896);
#4899=CURVE_STYLE('',#43,POSITIVE_LENGTH_MEASURE(2.E-2),#9);
#4900=PRESENTATION_STYLE_ASSIGNMENT((#4899));
#4901=STYLED_ITEM('',(#4900),#4898);
#4902=DIRECTION('',(0.E0,0.E0,1.E0));
#4903=VECTOR('',#4902,8.E0);
#4904=CARTESIAN_POINT('',(-2.875E1,3.984000244E1,-9.41148E0));
#4905=LINE('',#4904,#4903);
#4906=CURVE_STYLE('',#43,POSITIVE_LENGTH_MEASURE(2.E-2),#9);
#4907=PRESENTATION_STYLE_ASSIGNMENT((#4906));
#4908=STYLED_ITEM('',(#4907),#4905);
#4909=DIRECTION('',(0.E0,0.E0,1.E0));
#4910=VECTOR('',#4909,8.E0);
#4911=CARTESIAN_POINT('',(-2.775E1,3.984000244E1,-9.41148E0));
#4912=LINE('',#4911,#4910);
#4913=CURVE_STYLE('',#43,POSITIVE_LENGTH_MEASURE(2.E-2),#9);
#4914=PRESENTATION_STYLE_ASSIGNMENT((#4913));
#4915=STYLED_ITEM('',(#4914),#4912);
#4916=DIRECTION('',(0.E0,0.E0,1.E0));
#4917=VECTOR('',#4916,8.E0);
#4918=CARTESIAN_POINT('',(-9.95E0,3.830000244E1,-9.41148E0));
#4919=LINE('',#4918,#4917);
#4920=CURVE_STYLE('',#43,POSITIVE_LENGTH_MEASURE(2.E-2),#9);
#4921=PRESENTATION_STYLE_ASSIGNMENT((#4920));
#4922=STYLED_ITEM('',(#4921),#4919);
#4923=DIRECTION('',(0.E0,0.E0,1.E0));
#4924=VECTOR('',#4923,8.E0);
#4925=CARTESIAN_POINT('',(-1.095E1,3.830000244E1,-9.41148E0));
#4926=LINE('',#4925,#4924);
#4927=CURVE_STYLE('',#43,POSITIVE_LENGTH_MEASURE(2.E-2),#9);
#4928=PRESENTATION_STYLE_ASSIGNMENT((#4927));
#4929=STYLED_ITEM('',(#4928),#4926);
#4930=DIRECTION('',(0.E0,0.E0,1.E0));
#4931=VECTOR('',#4930,8.E0);
#4932=CARTESIAN_POINT('',(-1.095E1,3.730000244E1,-9.41148E0));
#4933=LINE('',#4932,#4931);
#4934=CURVE_STYLE('',#43,POSITIVE_LENGTH_MEASURE(2.E-2),#9);
#4935=PRESENTATION_STYLE_ASSIGNMENT((#4934));
#4936=STYLED_ITEM('',(#4935),#4933);
#4937=DIRECTION('',(0.E0,0.E0,1.E0));
#4938=VECTOR('',#4937,8.E0);
#4939=CARTESIAN_POINT('',(-9.95E0,3.730000244E1,-9.41148E0));
#4940=LINE('',#4939,#4938);
#4941=CURVE_STYLE('',#43,POSITIVE_LENGTH_MEASURE(2.E-2),#9);
#4942=PRESENTATION_STYLE_ASSIGNMENT((#4941));
#4943=STYLED_ITEM('',(#4942),#4940);
#4944=DIRECTION('',(0.E0,-1.E0,0.E0));
#4945=VECTOR('',#4944,1.E0);
#4946=CARTESIAN_POINT('',(-9.95E0,3.830000244E1,-1.41148E0));
#4947=LINE('',#4946,#4945);
#4948=CURVE_STYLE('',#43,POSITIVE_LENGTH_MEASURE(2.E-2),#9);
#4949=PRESENTATION_STYLE_ASSIGNMENT((#4948));
#4950=STYLED_ITEM('',(#4949),#4947);
#4951=DIRECTION('',(1.E0,0.E0,0.E0));
#4952=VECTOR('',#4951,1.E0);
#4953=CARTESIAN_POINT('',(-1.095E1,3.830000244E1,-1.41148E0));
#4954=LINE('',#4953,#4952);
#4955=CURVE_STYLE('',#43,POSITIVE_LENGTH_MEASURE(2.E-2),#9);
#4956=PRESENTATION_STYLE_ASSIGNMENT((#4955));
#4957=STYLED_ITEM('',(#4956),#4954);
#4958=DIRECTION('',(0.E0,1.E0,0.E0));
#4959=VECTOR('',#4958,1.E0);
#4960=CARTESIAN_POINT('',(-1.095E1,3.730000244E1,-1.41148E0));
#4961=LINE('',#4960,#4959);
#4962=CURVE_STYLE('',#43,POSITIVE_LENGTH_MEASURE(2.E-2),#9);
#4963=PRESENTATION_STYLE_ASSIGNMENT((#4962));
#4964=STYLED_ITEM('',(#4963),#4961);
#4965=DIRECTION('',(-1.E0,0.E0,0.E0));
#4966=VECTOR('',#4965,1.E0);
#4967=CARTESIAN_POINT('',(-9.95E0,3.730000244E1,-1.41148E0));
#4968=LINE('',#4967,#4966);
#4969=CURVE_STYLE('',#43,POSITIVE_LENGTH_MEASURE(2.E-2),#9);
#4970=PRESENTATION_STYLE_ASSIGNMENT((#4969));
#4971=STYLED_ITEM('',(#4970),#4968);
#4972=DIRECTION('',(0.E0,-1.E0,0.E0));
#4973=VECTOR('',#4972,1.E0);
#4974=CARTESIAN_POINT('',(-2.775E1,3.830000244E1,-1.41148E0));
#4975=LINE('',#4974,#4973);
#4976=CURVE_STYLE('',#43,POSITIVE_LENGTH_MEASURE(2.E-2),#9);
#4977=PRESENTATION_STYLE_ASSIGNMENT((#4976));
#4978=STYLED_ITEM('',(#4977),#4975);
#4979=DIRECTION('',(1.E0,0.E0,0.E0));
#4980=VECTOR('',#4979,1.E0);
#4981=CARTESIAN_POINT('',(-2.875E1,3.830000244E1,-1.41148E0));
#4982=LINE('',#4981,#4980);
#4983=CURVE_STYLE('',#43,POSITIVE_LENGTH_MEASURE(2.E-2),#9);
#4984=PRESENTATION_STYLE_ASSIGNMENT((#4983));
#4985=STYLED_ITEM('',(#4984),#4982);
#4986=DIRECTION('',(0.E0,1.E0,0.E0));
#4987=VECTOR('',#4986,1.E0);
#4988=CARTESIAN_POINT('',(-2.875E1,3.730000244E1,-1.41148E0));
#4989=LINE('',#4988,#4987);
#4990=CURVE_STYLE('',#43,POSITIVE_LENGTH_MEASURE(2.E-2),#9);
#4991=PRESENTATION_STYLE_ASSIGNMENT((#4990));
#4992=STYLED_ITEM('',(#4991),#4989);
#4993=DIRECTION('',(-1.E0,0.E0,0.E0));
#4994=VECTOR('',#4993,1.E0);
#4995=CARTESIAN_POINT('',(-2.775E1,3.730000244E1,-1.41148E0));
#4996=LINE('',#4995,#4994);
#4997=CURVE_STYLE('',#43,POSITIVE_LENGTH_MEASURE(2.E-2),#9);
#4998=PRESENTATION_STYLE_ASSIGNMENT((#4997));
#4999=STYLED_ITEM('',(#4998),#4996);
#5000=DIRECTION('',(0.E0,0.E0,1.E0));
#5001=VECTOR('',#5000,8.E0);
#5002=CARTESIAN_POINT('',(-2.775E1,3.830000244E1,-9.41148E0));
#5003=LINE('',#5002,#5001);
#5004=CURVE_STYLE('',#43,POSITIVE_LENGTH_MEASURE(2.E-2),#9);
#5005=PRESENTATION_STYLE_ASSIGNMENT((#5004));
#5006=STYLED_ITEM('',(#5005),#5003);
#5007=DIRECTION('',(0.E0,0.E0,1.E0));
#5008=VECTOR('',#5007,8.E0);
#5009=CARTESIAN_POINT('',(-2.875E1,3.830000244E1,-9.41148E0));
#5010=LINE('',#5009,#5008);
#5011=CURVE_STYLE('',#43,POSITIVE_LENGTH_MEASURE(2.E-2),#9);
#5012=PRESENTATION_STYLE_ASSIGNMENT((#5011));
#5013=STYLED_ITEM('',(#5012),#5010);
#5014=DIRECTION('',(0.E0,0.E0,1.E0));
#5015=VECTOR('',#5014,8.E0);
#5016=CARTESIAN_POINT('',(-2.875E1,3.730000244E1,-9.41148E0));
#5017=LINE('',#5016,#5015);
#5018=CURVE_STYLE('',#43,POSITIVE_LENGTH_MEASURE(2.E-2),#9);
#5019=PRESENTATION_STYLE_ASSIGNMENT((#5018));
#5020=STYLED_ITEM('',(#5019),#5017);
#5021=DIRECTION('',(0.E0,0.E0,1.E0));
#5022=VECTOR('',#5021,8.E0);
#5023=CARTESIAN_POINT('',(-2.775E1,3.730000244E1,-9.41148E0));
#5024=LINE('',#5023,#5022);
#5025=CURVE_STYLE('',#43,POSITIVE_LENGTH_MEASURE(2.E-2),#9);
#5026=PRESENTATION_STYLE_ASSIGNMENT((#5025));
#5027=STYLED_ITEM('',(#5026),#5024);
#5028=DIRECTION('',(0.E0,0.E0,1.E0));
#5029=VECTOR('',#5028,8.E0);
#5030=CARTESIAN_POINT('',(-9.95E0,3.576000244E1,-9.41148E0));
#5031=LINE('',#5030,#5029);
#5032=CURVE_STYLE('',#43,POSITIVE_LENGTH_MEASURE(2.E-2),#9);
#5033=PRESENTATION_STYLE_ASSIGNMENT((#5032));
#5034=STYLED_ITEM('',(#5033),#5031);
#5035=DIRECTION('',(0.E0,0.E0,1.E0));
#5036=VECTOR('',#5035,8.E0);
#5037=CARTESIAN_POINT('',(-1.095E1,3.576000244E1,-9.41148E0));
#5038=LINE('',#5037,#5036);
#5039=CURVE_STYLE('',#43,POSITIVE_LENGTH_MEASURE(2.E-2),#9);
#5040=PRESENTATION_STYLE_ASSIGNMENT((#5039));
#5041=STYLED_ITEM('',(#5040),#5038);
#5042=DIRECTION('',(0.E0,0.E0,1.E0));
#5043=VECTOR('',#5042,8.E0);
#5044=CARTESIAN_POINT('',(-1.095E1,3.476000244E1,-9.41148E0));
#5045=LINE('',#5044,#5043);
#5046=CURVE_STYLE('',#43,POSITIVE_LENGTH_MEASURE(2.E-2),#9);
#5047=PRESENTATION_STYLE_ASSIGNMENT((#5046));
#5048=STYLED_ITEM('',(#5047),#5045);
#5049=DIRECTION('',(0.E0,0.E0,1.E0));
#5050=VECTOR('',#5049,8.E0);
#5051=CARTESIAN_POINT('',(-9.95E0,3.476000244E1,-9.41148E0));
#5052=LINE('',#5051,#5050);
#5053=CURVE_STYLE('',#43,POSITIVE_LENGTH_MEASURE(2.E-2),#9);
#5054=PRESENTATION_STYLE_ASSIGNMENT((#5053));
#5055=STYLED_ITEM('',(#5054),#5052);
#5056=DIRECTION('',(0.E0,-1.E0,0.E0));
#5057=VECTOR('',#5056,1.E0);
#5058=CARTESIAN_POINT('',(-9.95E0,3.576000244E1,-1.41148E0));
#5059=LINE('',#5058,#5057);
#5060=CURVE_STYLE('',#43,POSITIVE_LENGTH_MEASURE(2.E-2),#9);
#5061=PRESENTATION_STYLE_ASSIGNMENT((#5060));
#5062=STYLED_ITEM('',(#5061),#5059);
#5063=DIRECTION('',(1.E0,0.E0,0.E0));
#5064=VECTOR('',#5063,1.E0);
#5065=CARTESIAN_POINT('',(-1.095E1,3.576000244E1,-1.41148E0));
#5066=LINE('',#5065,#5064);
#5067=CURVE_STYLE('',#43,POSITIVE_LENGTH_MEASURE(2.E-2),#9);
#5068=PRESENTATION_STYLE_ASSIGNMENT((#5067));
#5069=STYLED_ITEM('',(#5068),#5066);
#5070=DIRECTION('',(0.E0,1.E0,0.E0));
#5071=VECTOR('',#5070,1.E0);
#5072=CARTESIAN_POINT('',(-1.095E1,3.476000244E1,-1.41148E0));
#5073=LINE('',#5072,#5071);
#5074=CURVE_STYLE('',#43,POSITIVE_LENGTH_MEASURE(2.E-2),#9);
#5075=PRESENTATION_STYLE_ASSIGNMENT((#5074));
#5076=STYLED_ITEM('',(#5075),#5073);
#5077=DIRECTION('',(-1.E0,0.E0,0.E0));
#5078=VECTOR('',#5077,1.E0);
#5079=CARTESIAN_POINT('',(-9.95E0,3.476000244E1,-1.41148E0));
#5080=LINE('',#5079,#5078);
#5081=CURVE_STYLE('',#43,POSITIVE_LENGTH_MEASURE(2.E-2),#9);
#5082=PRESENTATION_STYLE_ASSIGNMENT((#5081));
#5083=STYLED_ITEM('',(#5082),#5080);
#5084=DIRECTION('',(0.E0,-1.E0,0.E0));
#5085=VECTOR('',#5084,1.E0);
#5086=CARTESIAN_POINT('',(-2.775E1,3.576000244E1,-1.41148E0));
#5087=LINE('',#5086,#5085);
#5088=CURVE_STYLE('',#43,POSITIVE_LENGTH_MEASURE(2.E-2),#9);
#5089=PRESENTATION_STYLE_ASSIGNMENT((#5088));
#5090=STYLED_ITEM('',(#5089),#5087);
#5091=DIRECTION('',(1.E0,0.E0,0.E0));
#5092=VECTOR('',#5091,1.E0);
#5093=CARTESIAN_POINT('',(-2.875E1,3.576000244E1,-1.41148E0));
#5094=LINE('',#5093,#5092);
#5095=CURVE_STYLE('',#43,POSITIVE_LENGTH_MEASURE(2.E-2),#9);
#5096=PRESENTATION_STYLE_ASSIGNMENT((#5095));
#5097=STYLED_ITEM('',(#5096),#5094);
#5098=DIRECTION('',(0.E0,1.E0,0.E0));
#5099=VECTOR('',#5098,1.E0);
#5100=CARTESIAN_POINT('',(-2.875E1,3.476000244E1,-1.41148E0));
#5101=LINE('',#5100,#5099);
#5102=CURVE_STYLE('',#43,POSITIVE_LENGTH_MEASURE(2.E-2),#9);
#5103=PRESENTATION_STYLE_ASSIGNMENT((#5102));
#5104=STYLED_ITEM('',(#5103),#5101);
#5105=DIRECTION('',(-1.E0,0.E0,0.E0));
#5106=VECTOR('',#5105,1.E0);
#5107=CARTESIAN_POINT('',(-2.775E1,3.476000244E1,-1.41148E0));
#5108=LINE('',#5107,#5106);
#5109=CURVE_STYLE('',#43,POSITIVE_LENGTH_MEASURE(2.E-2),#9);
#5110=PRESENTATION_STYLE_ASSIGNMENT((#5109));
#5111=STYLED_ITEM('',(#5110),#5108);
#5112=DIRECTION('',(0.E0,0.E0,1.E0));
#5113=VECTOR('',#5112,8.E0);
#5114=CARTESIAN_POINT('',(-2.775E1,3.576000244E1,-9.41148E0));
#5115=LINE('',#5114,#5113);
#5116=CURVE_STYLE('',#43,POSITIVE_LENGTH_MEASURE(2.E-2),#9);
#5117=PRESENTATION_STYLE_ASSIGNMENT((#5116));
#5118=STYLED_ITEM('',(#5117),#5115);
#5119=DIRECTION('',(0.E0,0.E0,1.E0));
#5120=VECTOR('',#5119,8.E0);
#5121=CARTESIAN_POINT('',(-2.875E1,3.576000244E1,-9.41148E0));
#5122=LINE('',#5121,#5120);
#5123=CURVE_STYLE('',#43,POSITIVE_LENGTH_MEASURE(2.E-2),#9);
#5124=PRESENTATION_STYLE_ASSIGNMENT((#5123));
#5125=STYLED_ITEM('',(#5124),#5122);
#5126=DIRECTION('',(0.E0,0.E0,1.E0));
#5127=VECTOR('',#5126,8.E0);
#5128=CARTESIAN_POINT('',(-2.875E1,3.476000244E1,-9.41148E0));
#5129=LINE('',#5128,#5127);
#5130=CURVE_STYLE('',#43,POSITIVE_LENGTH_MEASURE(2.E-2),#9);
#5131=PRESENTATION_STYLE_ASSIGNMENT((#5130));
#5132=STYLED_ITEM('',(#5131),#5129);
#5133=DIRECTION('',(0.E0,0.E0,1.E0));
#5134=VECTOR('',#5133,8.E0);
#5135=CARTESIAN_POINT('',(-2.775E1,3.476000244E1,-9.41148E0));
#5136=LINE('',#5135,#5134);
#5137=CURVE_STYLE('',#43,POSITIVE_LENGTH_MEASURE(2.E-2),#9);
#5138=PRESENTATION_STYLE_ASSIGNMENT((#5137));
#5139=STYLED_ITEM('',(#5138),#5136);
#5140=DIRECTION('',(0.E0,0.E0,1.E0));
#5141=VECTOR('',#5140,8.E0);
#5142=CARTESIAN_POINT('',(-9.95E0,3.322000244E1,-9.41148E0));
#5143=LINE('',#5142,#5141);
#5144=CURVE_STYLE('',#43,POSITIVE_LENGTH_MEASURE(2.E-2),#9);
#5145=PRESENTATION_STYLE_ASSIGNMENT((#5144));
#5146=STYLED_ITEM('',(#5145),#5143);
#5147=DIRECTION('',(0.E0,0.E0,1.E0));
#5148=VECTOR('',#5147,8.E0);
#5149=CARTESIAN_POINT('',(-1.095E1,3.322000244E1,-9.41148E0));
#5150=LINE('',#5149,#5148);
#5151=CURVE_STYLE('',#43,POSITIVE_LENGTH_MEASURE(2.E-2),#9);
#5152=PRESENTATION_STYLE_ASSIGNMENT((#5151));
#5153=STYLED_ITEM('',(#5152),#5150);
#5154=DIRECTION('',(0.E0,0.E0,1.E0));
#5155=VECTOR('',#5154,8.E0);
#5156=CARTESIAN_POINT('',(-1.095E1,3.222000244E1,-9.41148E0));
#5157=LINE('',#5156,#5155);
#5158=CURVE_STYLE('',#43,POSITIVE_LENGTH_MEASURE(2.E-2),#9);
#5159=PRESENTATION_STYLE_ASSIGNMENT((#5158));
#5160=STYLED_ITEM('',(#5159),#5157);
#5161=DIRECTION('',(0.E0,0.E0,1.E0));
#5162=VECTOR('',#5161,8.E0);
#5163=CARTESIAN_POINT('',(-9.95E0,3.222000244E1,-9.41148E0));
#5164=LINE('',#5163,#5162);
#5165=CURVE_STYLE('',#43,POSITIVE_LENGTH_MEASURE(2.E-2),#9);
#5166=PRESENTATION_STYLE_ASSIGNMENT((#5165));
#5167=STYLED_ITEM('',(#5166),#5164);
#5168=DIRECTION('',(0.E0,-1.E0,0.E0));
#5169=VECTOR('',#5168,1.E0);
#5170=CARTESIAN_POINT('',(-9.95E0,3.322000244E1,-1.41148E0));
#5171=LINE('',#5170,#5169);
#5172=CURVE_STYLE('',#43,POSITIVE_LENGTH_MEASURE(2.E-2),#9);
#5173=PRESENTATION_STYLE_ASSIGNMENT((#5172));
#5174=STYLED_ITEM('',(#5173),#5171);
#5175=DIRECTION('',(1.E0,0.E0,0.E0));
#5176=VECTOR('',#5175,1.E0);
#5177=CARTESIAN_POINT('',(-1.095E1,3.322000244E1,-1.41148E0));
#5178=LINE('',#5177,#5176);
#5179=CURVE_STYLE('',#43,POSITIVE_LENGTH_MEASURE(2.E-2),#9);
#5180=PRESENTATION_STYLE_ASSIGNMENT((#5179));
#5181=STYLED_ITEM('',(#5180),#5178);
#5182=DIRECTION('',(0.E0,1.E0,0.E0));
#5183=VECTOR('',#5182,1.E0);
#5184=CARTESIAN_POINT('',(-1.095E1,3.222000244E1,-1.41148E0));
#5185=LINE('',#5184,#5183);
#5186=CURVE_STYLE('',#43,POSITIVE_LENGTH_MEASURE(2.E-2),#9);
#5187=PRESENTATION_STYLE_ASSIGNMENT((#5186));
#5188=STYLED_ITEM('',(#5187),#5185);
#5189=DIRECTION('',(-1.E0,0.E0,0.E0));
#5190=VECTOR('',#5189,1.E0);
#5191=CARTESIAN_POINT('',(-9.95E0,3.222000244E1,-1.41148E0));
#5192=LINE('',#5191,#5190);
#5193=CURVE_STYLE('',#43,POSITIVE_LENGTH_MEASURE(2.E-2),#9);
#5194=PRESENTATION_STYLE_ASSIGNMENT((#5193));
#5195=STYLED_ITEM('',(#5194),#5192);
#5196=DIRECTION('',(0.E0,-1.E0,0.E0));
#5197=VECTOR('',#5196,1.E0);
#5198=CARTESIAN_POINT('',(-2.775E1,3.322000244E1,-1.41148E0));
#5199=LINE('',#5198,#5197);
#5200=CURVE_STYLE('',#43,POSITIVE_LENGTH_MEASURE(2.E-2),#9);
#5201=PRESENTATION_STYLE_ASSIGNMENT((#5200));
#5202=STYLED_ITEM('',(#5201),#5199);
#5203=DIRECTION('',(1.E0,0.E0,0.E0));
#5204=VECTOR('',#5203,1.E0);
#5205=CARTESIAN_POINT('',(-2.875E1,3.322000244E1,-1.41148E0));
#5206=LINE('',#5205,#5204);
#5207=CURVE_STYLE('',#43,POSITIVE_LENGTH_MEASURE(2.E-2),#9);
#5208=PRESENTATION_STYLE_ASSIGNMENT((#5207));
#5209=STYLED_ITEM('',(#5208),#5206);
#5210=DIRECTION('',(0.E0,1.E0,0.E0));
#5211=VECTOR('',#5210,1.E0);
#5212=CARTESIAN_POINT('',(-2.875E1,3.222000244E1,-1.41148E0));
#5213=LINE('',#5212,#5211);
#5214=CURVE_STYLE('',#43,POSITIVE_LENGTH_MEASURE(2.E-2),#9);
#5215=PRESENTATION_STYLE_ASSIGNMENT((#5214));
#5216=STYLED_ITEM('',(#5215),#5213);
#5217=DIRECTION('',(-1.E0,0.E0,0.E0));
#5218=VECTOR('',#5217,1.E0);
#5219=CARTESIAN_POINT('',(-2.775E1,3.222000244E1,-1.41148E0));
#5220=LINE('',#5219,#5218);
#5221=CURVE_STYLE('',#43,POSITIVE_LENGTH_MEASURE(2.E-2),#9);
#5222=PRESENTATION_STYLE_ASSIGNMENT((#5221));
#5223=STYLED_ITEM('',(#5222),#5220);
#5224=DIRECTION('',(0.E0,0.E0,1.E0));
#5225=VECTOR('',#5224,8.E0);
#5226=CARTESIAN_POINT('',(-2.775E1,3.322000244E1,-9.41148E0));
#5227=LINE('',#5226,#5225);
#5228=CURVE_STYLE('',#43,POSITIVE_LENGTH_MEASURE(2.E-2),#9);
#5229=PRESENTATION_STYLE_ASSIGNMENT((#5228));
#5230=STYLED_ITEM('',(#5229),#5227);
#5231=DIRECTION('',(0.E0,0.E0,1.E0));
#5232=VECTOR('',#5231,8.E0);
#5233=CARTESIAN_POINT('',(-2.875E1,3.322000244E1,-9.41148E0));
#5234=LINE('',#5233,#5232);
#5235=CURVE_STYLE('',#43,POSITIVE_LENGTH_MEASURE(2.E-2),#9);
#5236=PRESENTATION_STYLE_ASSIGNMENT((#5235));
#5237=STYLED_ITEM('',(#5236),#5234);
#5238=DIRECTION('',(0.E0,0.E0,1.E0));
#5239=VECTOR('',#5238,8.E0);
#5240=CARTESIAN_POINT('',(-2.875E1,3.222000244E1,-9.41148E0));
#5241=LINE('',#5240,#5239);
#5242=CURVE_STYLE('',#43,POSITIVE_LENGTH_MEASURE(2.E-2),#9);
#5243=PRESENTATION_STYLE_ASSIGNMENT((#5242));
#5244=STYLED_ITEM('',(#5243),#5241);
#5245=DIRECTION('',(0.E0,0.E0,1.E0));
#5246=VECTOR('',#5245,8.E0);
#5247=CARTESIAN_POINT('',(-2.775E1,3.222000244E1,-9.41148E0));
#5248=LINE('',#5247,#5246);
#5249=CURVE_STYLE('',#43,POSITIVE_LENGTH_MEASURE(2.E-2),#9);
#5250=PRESENTATION_STYLE_ASSIGNMENT((#5249));
#5251=STYLED_ITEM('',(#5250),#5248);
#5252=DIRECTION('',(0.E0,0.E0,1.E0));
#5253=VECTOR('',#5252,8.E0);
#5254=CARTESIAN_POINT('',(-9.95E0,3.068000244E1,-9.41148E0));
#5255=LINE('',#5254,#5253);
#5256=CURVE_STYLE('',#43,POSITIVE_LENGTH_MEASURE(2.E-2),#9);
#5257=PRESENTATION_STYLE_ASSIGNMENT((#5256));
#5258=STYLED_ITEM('',(#5257),#5255);
#5259=DIRECTION('',(0.E0,0.E0,1.E0));
#5260=VECTOR('',#5259,8.E0);
#5261=CARTESIAN_POINT('',(-1.095E1,3.068000244E1,-9.41148E0));
#5262=LINE('',#5261,#5260);
#5263=CURVE_STYLE('',#43,POSITIVE_LENGTH_MEASURE(2.E-2),#9);
#5264=PRESENTATION_STYLE_ASSIGNMENT((#5263));
#5265=STYLED_ITEM('',(#5264),#5262);
#5266=DIRECTION('',(0.E0,0.E0,1.E0));
#5267=VECTOR('',#5266,8.E0);
#5268=CARTESIAN_POINT('',(-1.095E1,2.968000244E1,-9.41148E0));
#5269=LINE('',#5268,#5267);
#5270=CURVE_STYLE('',#43,POSITIVE_LENGTH_MEASURE(2.E-2),#9);
#5271=PRESENTATION_STYLE_ASSIGNMENT((#5270));
#5272=STYLED_ITEM('',(#5271),#5269);
#5273=DIRECTION('',(0.E0,0.E0,1.E0));
#5274=VECTOR('',#5273,8.E0);
#5275=CARTESIAN_POINT('',(-9.95E0,2.968000244E1,-9.41148E0));
#5276=LINE('',#5275,#5274);
#5277=CURVE_STYLE('',#43,POSITIVE_LENGTH_MEASURE(2.E-2),#9);
#5278=PRESENTATION_STYLE_ASSIGNMENT((#5277));
#5279=STYLED_ITEM('',(#5278),#5276);
#5280=DIRECTION('',(0.E0,-1.E0,0.E0));
#5281=VECTOR('',#5280,1.E0);
#5282=CARTESIAN_POINT('',(-9.95E0,3.068000244E1,-1.41148E0));
#5283=LINE('',#5282,#5281);
#5284=CURVE_STYLE('',#43,POSITIVE_LENGTH_MEASURE(2.E-2),#9);
#5285=PRESENTATION_STYLE_ASSIGNMENT((#5284));
#5286=STYLED_ITEM('',(#5285),#5283);
#5287=DIRECTION('',(1.E0,0.E0,0.E0));
#5288=VECTOR('',#5287,1.E0);
#5289=CARTESIAN_POINT('',(-1.095E1,3.068000244E1,-1.41148E0));
#5290=LINE('',#5289,#5288);
#5291=CURVE_STYLE('',#43,POSITIVE_LENGTH_MEASURE(2.E-2),#9);
#5292=PRESENTATION_STYLE_ASSIGNMENT((#5291));
#5293=STYLED_ITEM('',(#5292),#5290);
#5294=DIRECTION('',(0.E0,1.E0,0.E0));
#5295=VECTOR('',#5294,1.E0);
#5296=CARTESIAN_POINT('',(-1.095E1,2.968000244E1,-1.41148E0));
#5297=LINE('',#5296,#5295);
#5298=CURVE_STYLE('',#43,POSITIVE_LENGTH_MEASURE(2.E-2),#9);
#5299=PRESENTATION_STYLE_ASSIGNMENT((#5298));
#5300=STYLED_ITEM('',(#5299),#5297);
#5301=DIRECTION('',(-1.E0,0.E0,0.E0));
#5302=VECTOR('',#5301,1.E0);
#5303=CARTESIAN_POINT('',(-9.95E0,2.968000244E1,-1.41148E0));
#5304=LINE('',#5303,#5302);
#5305=CURVE_STYLE('',#43,POSITIVE_LENGTH_MEASURE(2.E-2),#9);
#5306=PRESENTATION_STYLE_ASSIGNMENT((#5305));
#5307=STYLED_ITEM('',(#5306),#5304);
#5308=DIRECTION('',(0.E0,-1.E0,0.E0));
#5309=VECTOR('',#5308,1.E0);
#5310=CARTESIAN_POINT('',(-2.775E1,3.068000244E1,-1.41148E0));
#5311=LINE('',#5310,#5309);
#5312=CURVE_STYLE('',#43,POSITIVE_LENGTH_MEASURE(2.E-2),#9);
#5313=PRESENTATION_STYLE_ASSIGNMENT((#5312));
#5314=STYLED_ITEM('',(#5313),#5311);
#5315=DIRECTION('',(1.E0,0.E0,0.E0));
#5316=VECTOR('',#5315,1.E0);
#5317=CARTESIAN_POINT('',(-2.875E1,3.068000244E1,-1.41148E0));
#5318=LINE('',#5317,#5316);
#5319=CURVE_STYLE('',#43,POSITIVE_LENGTH_MEASURE(2.E-2),#9);
#5320=PRESENTATION_STYLE_ASSIGNMENT((#5319));
#5321=STYLED_ITEM('',(#5320),#5318);
#5322=DIRECTION('',(0.E0,1.E0,0.E0));
#5323=VECTOR('',#5322,1.E0);
#5324=CARTESIAN_POINT('',(-2.875E1,2.968000244E1,-1.41148E0));
#5325=LINE('',#5324,#5323);
#5326=CURVE_STYLE('',#43,POSITIVE_LENGTH_MEASURE(2.E-2),#9);
#5327=PRESENTATION_STYLE_ASSIGNMENT((#5326));
#5328=STYLED_ITEM('',(#5327),#5325);
#5329=DIRECTION('',(-1.E0,0.E0,0.E0));
#5330=VECTOR('',#5329,1.E0);
#5331=CARTESIAN_POINT('',(-2.775E1,2.968000244E1,-1.41148E0));
#5332=LINE('',#5331,#5330);
#5333=CURVE_STYLE('',#43,POSITIVE_LENGTH_MEASURE(2.E-2),#9);
#5334=PRESENTATION_STYLE_ASSIGNMENT((#5333));
#5335=STYLED_ITEM('',(#5334),#5332);
#5336=DIRECTION('',(0.E0,0.E0,1.E0));
#5337=VECTOR('',#5336,8.E0);
#5338=CARTESIAN_POINT('',(-2.775E1,3.068000244E1,-9.41148E0));
#5339=LINE('',#5338,#5337);
#5340=CURVE_STYLE('',#43,POSITIVE_LENGTH_MEASURE(2.E-2),#9);
#5341=PRESENTATION_STYLE_ASSIGNMENT((#5340));
#5342=STYLED_ITEM('',(#5341),#5339);
#5343=DIRECTION('',(0.E0,0.E0,1.E0));
#5344=VECTOR('',#5343,8.E0);
#5345=CARTESIAN_POINT('',(-2.875E1,3.068000244E1,-9.41148E0));
#5346=LINE('',#5345,#5344);
#5347=CURVE_STYLE('',#43,POSITIVE_LENGTH_MEASURE(2.E-2),#9);
#5348=PRESENTATION_STYLE_ASSIGNMENT((#5347));
#5349=STYLED_ITEM('',(#5348),#5346);
#5350=DIRECTION('',(0.E0,0.E0,1.E0));
#5351=VECTOR('',#5350,8.E0);
#5352=CARTESIAN_POINT('',(-2.875E1,2.968000244E1,-9.41148E0));
#5353=LINE('',#5352,#5351);
#5354=CURVE_STYLE('',#43,POSITIVE_LENGTH_MEASURE(2.E-2),#9);
#5355=PRESENTATION_STYLE_ASSIGNMENT((#5354));
#5356=STYLED_ITEM('',(#5355),#5353);
#5357=DIRECTION('',(0.E0,0.E0,1.E0));
#5358=VECTOR('',#5357,8.E0);
#5359=CARTESIAN_POINT('',(-2.775E1,2.968000244E1,-9.41148E0));
#5360=LINE('',#5359,#5358);
#5361=CURVE_STYLE('',#43,POSITIVE_LENGTH_MEASURE(2.E-2),#9);
#5362=PRESENTATION_STYLE_ASSIGNMENT((#5361));
#5363=STYLED_ITEM('',(#5362),#5360);
#5364=DIRECTION('',(0.E0,0.E0,1.E0));
#5365=VECTOR('',#5364,8.E0);
#5366=CARTESIAN_POINT('',(-9.95E0,2.814000244E1,-9.41148E0));
#5367=LINE('',#5366,#5365);
#5368=CURVE_STYLE('',#43,POSITIVE_LENGTH_MEASURE(2.E-2),#9);
#5369=PRESENTATION_STYLE_ASSIGNMENT((#5368));
#5370=STYLED_ITEM('',(#5369),#5367);
#5371=DIRECTION('',(0.E0,0.E0,1.E0));
#5372=VECTOR('',#5371,8.E0);
#5373=CARTESIAN_POINT('',(-1.095E1,2.814000244E1,-9.41148E0));
#5374=LINE('',#5373,#5372);
#5375=CURVE_STYLE('',#43,POSITIVE_LENGTH_MEASURE(2.E-2),#9);
#5376=PRESENTATION_STYLE_ASSIGNMENT((#5375));
#5377=STYLED_ITEM('',(#5376),#5374);
#5378=DIRECTION('',(0.E0,0.E0,1.E0));
#5379=VECTOR('',#5378,8.E0);
#5380=CARTESIAN_POINT('',(-1.095E1,2.714000244E1,-9.41148E0));
#5381=LINE('',#5380,#5379);
#5382=CURVE_STYLE('',#43,POSITIVE_LENGTH_MEASURE(2.E-2),#9);
#5383=PRESENTATION_STYLE_ASSIGNMENT((#5382));
#5384=STYLED_ITEM('',(#5383),#5381);
#5385=DIRECTION('',(0.E0,0.E0,1.E0));
#5386=VECTOR('',#5385,8.E0);
#5387=CARTESIAN_POINT('',(-9.95E0,2.714000244E1,-9.41148E0));
#5388=LINE('',#5387,#5386);
#5389=CURVE_STYLE('',#43,POSITIVE_LENGTH_MEASURE(2.E-2),#9);
#5390=PRESENTATION_STYLE_ASSIGNMENT((#5389));
#5391=STYLED_ITEM('',(#5390),#5388);
#5392=DIRECTION('',(0.E0,-1.E0,0.E0));
#5393=VECTOR('',#5392,1.E0);
#5394=CARTESIAN_POINT('',(-9.95E0,2.814000244E1,-1.41148E0));
#5395=LINE('',#5394,#5393);
#5396=CURVE_STYLE('',#43,POSITIVE_LENGTH_MEASURE(2.E-2),#9);
#5397=PRESENTATION_STYLE_ASSIGNMENT((#5396));
#5398=STYLED_ITEM('',(#5397),#5395);
#5399=DIRECTION('',(1.E0,0.E0,0.E0));
#5400=VECTOR('',#5399,1.E0);
#5401=CARTESIAN_POINT('',(-1.095E1,2.814000244E1,-1.41148E0));
#5402=LINE('',#5401,#5400);
#5403=CURVE_STYLE('',#43,POSITIVE_LENGTH_MEASURE(2.E-2),#9);
#5404=PRESENTATION_STYLE_ASSIGNMENT((#5403));
#5405=STYLED_ITEM('',(#5404),#5402);
#5406=DIRECTION('',(0.E0,1.E0,0.E0));
#5407=VECTOR('',#5406,1.E0);
#5408=CARTESIAN_POINT('',(-1.095E1,2.714000244E1,-1.41148E0));
#5409=LINE('',#5408,#5407);
#5410=CURVE_STYLE('',#43,POSITIVE_LENGTH_MEASURE(2.E-2),#9);
#5411=PRESENTATION_STYLE_ASSIGNMENT((#5410));
#5412=STYLED_ITEM('',(#5411),#5409);
#5413=DIRECTION('',(-1.E0,0.E0,0.E0));
#5414=VECTOR('',#5413,1.E0);
#5415=CARTESIAN_POINT('',(-9.95E0,2.714000244E1,-1.41148E0));
#5416=LINE('',#5415,#5414);
#5417=CURVE_STYLE('',#43,POSITIVE_LENGTH_MEASURE(2.E-2),#9);
#5418=PRESENTATION_STYLE_ASSIGNMENT((#5417));
#5419=STYLED_ITEM('',(#5418),#5416);
#5420=DIRECTION('',(0.E0,-1.E0,0.E0));
#5421=VECTOR('',#5420,1.E0);
#5422=CARTESIAN_POINT('',(-2.775E1,2.814000244E1,-1.41148E0));
#5423=LINE('',#5422,#5421);
#5424=CURVE_STYLE('',#43,POSITIVE_LENGTH_MEASURE(2.E-2),#9);
#5425=PRESENTATION_STYLE_ASSIGNMENT((#5424));
#5426=STYLED_ITEM('',(#5425),#5423);
#5427=DIRECTION('',(1.E0,0.E0,0.E0));
#5428=VECTOR('',#5427,1.E0);
#5429=CARTESIAN_POINT('',(-2.875E1,2.814000244E1,-1.41148E0));
#5430=LINE('',#5429,#5428);
#5431=CURVE_STYLE('',#43,POSITIVE_LENGTH_MEASURE(2.E-2),#9);
#5432=PRESENTATION_STYLE_ASSIGNMENT((#5431));
#5433=STYLED_ITEM('',(#5432),#5430);
#5434=DIRECTION('',(0.E0,1.E0,0.E0));
#5435=VECTOR('',#5434,1.E0);
#5436=CARTESIAN_POINT('',(-2.875E1,2.714000244E1,-1.41148E0));
#5437=LINE('',#5436,#5435);
#5438=CURVE_STYLE('',#43,POSITIVE_LENGTH_MEASURE(2.E-2),#9);
#5439=PRESENTATION_STYLE_ASSIGNMENT((#5438));
#5440=STYLED_ITEM('',(#5439),#5437);
#5441=DIRECTION('',(-1.E0,0.E0,0.E0));
#5442=VECTOR('',#5441,1.E0);
#5443=CARTESIAN_POINT('',(-2.775E1,2.714000244E1,-1.41148E0));
#5444=LINE('',#5443,#5442);
#5445=CURVE_STYLE('',#43,POSITIVE_LENGTH_MEASURE(2.E-2),#9);
#5446=PRESENTATION_STYLE_ASSIGNMENT((#5445));
#5447=STYLED_ITEM('',(#5446),#5444);
#5448=DIRECTION('',(0.E0,0.E0,1.E0));
#5449=VECTOR('',#5448,8.E0);
#5450=CARTESIAN_POINT('',(-2.775E1,2.814000244E1,-9.41148E0));
#5451=LINE('',#5450,#5449);
#5452=CURVE_STYLE('',#43,POSITIVE_LENGTH_MEASURE(2.E-2),#9);
#5453=PRESENTATION_STYLE_ASSIGNMENT((#5452));
#5454=STYLED_ITEM('',(#5453),#5451);
#5455=DIRECTION('',(0.E0,0.E0,1.E0));
#5456=VECTOR('',#5455,8.E0);
#5457=CARTESIAN_POINT('',(-2.875E1,2.814000244E1,-9.41148E0));
#5458=LINE('',#5457,#5456);
#5459=CURVE_STYLE('',#43,POSITIVE_LENGTH_MEASURE(2.E-2),#9);
#5460=PRESENTATION_STYLE_ASSIGNMENT((#5459));
#5461=STYLED_ITEM('',(#5460),#5458);
#5462=DIRECTION('',(0.E0,0.E0,1.E0));
#5463=VECTOR('',#5462,8.E0);
#5464=CARTESIAN_POINT('',(-2.875E1,2.714000244E1,-9.41148E0));
#5465=LINE('',#5464,#5463);
#5466=CURVE_STYLE('',#43,POSITIVE_LENGTH_MEASURE(2.E-2),#9);
#5467=PRESENTATION_STYLE_ASSIGNMENT((#5466));
#5468=STYLED_ITEM('',(#5467),#5465);
#5469=DIRECTION('',(0.E0,0.E0,1.E0));
#5470=VECTOR('',#5469,8.E0);
#5471=CARTESIAN_POINT('',(-2.775E1,2.714000244E1,-9.41148E0));
#5472=LINE('',#5471,#5470);
#5473=CURVE_STYLE('',#43,POSITIVE_LENGTH_MEASURE(2.E-2),#9);
#5474=PRESENTATION_STYLE_ASSIGNMENT((#5473));
#5475=STYLED_ITEM('',(#5474),#5472);
#5476=DIRECTION('',(0.E0,0.E0,1.E0));
#5477=VECTOR('',#5476,8.E0);
#5478=CARTESIAN_POINT('',(-9.95E0,2.560000244E1,-9.41148E0));
#5479=LINE('',#5478,#5477);
#5480=CURVE_STYLE('',#43,POSITIVE_LENGTH_MEASURE(2.E-2),#9);
#5481=PRESENTATION_STYLE_ASSIGNMENT((#5480));
#5482=STYLED_ITEM('',(#5481),#5479);
#5483=DIRECTION('',(0.E0,0.E0,1.E0));
#5484=VECTOR('',#5483,8.E0);
#5485=CARTESIAN_POINT('',(-1.095E1,2.560000244E1,-9.41148E0));
#5486=LINE('',#5485,#5484);
#5487=CURVE_STYLE('',#43,POSITIVE_LENGTH_MEASURE(2.E-2),#9);
#5488=PRESENTATION_STYLE_ASSIGNMENT((#5487));
#5489=STYLED_ITEM('',(#5488),#5486);
#5490=DIRECTION('',(0.E0,0.E0,1.E0));
#5491=VECTOR('',#5490,8.E0);
#5492=CARTESIAN_POINT('',(-1.095E1,2.460000244E1,-9.41148E0));
#5493=LINE('',#5492,#5491);
#5494=CURVE_STYLE('',#43,POSITIVE_LENGTH_MEASURE(2.E-2),#9);
#5495=PRESENTATION_STYLE_ASSIGNMENT((#5494));
#5496=STYLED_ITEM('',(#5495),#5493);
#5497=DIRECTION('',(0.E0,0.E0,1.E0));
#5498=VECTOR('',#5497,8.E0);
#5499=CARTESIAN_POINT('',(-9.95E0,2.460000244E1,-9.41148E0));
#5500=LINE('',#5499,#5498);
#5501=CURVE_STYLE('',#43,POSITIVE_LENGTH_MEASURE(2.E-2),#9);
#5502=PRESENTATION_STYLE_ASSIGNMENT((#5501));
#5503=STYLED_ITEM('',(#5502),#5500);
#5504=DIRECTION('',(0.E0,-1.E0,0.E0));
#5505=VECTOR('',#5504,1.E0);
#5506=CARTESIAN_POINT('',(-9.95E0,2.560000244E1,-1.41148E0));
#5507=LINE('',#5506,#5505);
#5508=CURVE_STYLE('',#43,POSITIVE_LENGTH_MEASURE(2.E-2),#9);
#5509=PRESENTATION_STYLE_ASSIGNMENT((#5508));
#5510=STYLED_ITEM('',(#5509),#5507);
#5511=DIRECTION('',(1.E0,0.E0,0.E0));
#5512=VECTOR('',#5511,1.E0);
#5513=CARTESIAN_POINT('',(-1.095E1,2.560000244E1,-1.41148E0));
#5514=LINE('',#5513,#5512);
#5515=CURVE_STYLE('',#43,POSITIVE_LENGTH_MEASURE(2.E-2),#9);
#5516=PRESENTATION_STYLE_ASSIGNMENT((#5515));
#5517=STYLED_ITEM('',(#5516),#5514);
#5518=DIRECTION('',(0.E0,1.E0,0.E0));
#5519=VECTOR('',#5518,1.E0);
#5520=CARTESIAN_POINT('',(-1.095E1,2.460000244E1,-1.41148E0));
#5521=LINE('',#5520,#5519);
#5522=CURVE_STYLE('',#43,POSITIVE_LENGTH_MEASURE(2.E-2),#9);
#5523=PRESENTATION_STYLE_ASSIGNMENT((#5522));
#5524=STYLED_ITEM('',(#5523),#5521);
#5525=DIRECTION('',(-1.E0,0.E0,0.E0));
#5526=VECTOR('',#5525,1.E0);
#5527=CARTESIAN_POINT('',(-9.95E0,2.460000244E1,-1.41148E0));
#5528=LINE('',#5527,#5526);
#5529=CURVE_STYLE('',#43,POSITIVE_LENGTH_MEASURE(2.E-2),#9);
#5530=PRESENTATION_STYLE_ASSIGNMENT((#5529));
#5531=STYLED_ITEM('',(#5530),#5528);
#5532=DIRECTION('',(0.E0,-1.E0,0.E0));
#5533=VECTOR('',#5532,1.E0);
#5534=CARTESIAN_POINT('',(-2.775E1,2.560000244E1,-1.41148E0));
#5535=LINE('',#5534,#5533);
#5536=CURVE_STYLE('',#43,POSITIVE_LENGTH_MEASURE(2.E-2),#9);
#5537=PRESENTATION_STYLE_ASSIGNMENT((#5536));
#5538=STYLED_ITEM('',(#5537),#5535);
#5539=DIRECTION('',(1.E0,0.E0,0.E0));
#5540=VECTOR('',#5539,1.E0);
#5541=CARTESIAN_POINT('',(-2.875E1,2.560000244E1,-1.41148E0));
#5542=LINE('',#5541,#5540);
#5543=CURVE_STYLE('',#43,POSITIVE_LENGTH_MEASURE(2.E-2),#9);
#5544=PRESENTATION_STYLE_ASSIGNMENT((#5543));
#5545=STYLED_ITEM('',(#5544),#5542);
#5546=DIRECTION('',(0.E0,1.E0,0.E0));
#5547=VECTOR('',#5546,1.E0);
#5548=CARTESIAN_POINT('',(-2.875E1,2.460000244E1,-1.41148E0));
#5549=LINE('',#5548,#5547);
#5550=CURVE_STYLE('',#43,POSITIVE_LENGTH_MEASURE(2.E-2),#9);
#5551=PRESENTATION_STYLE_ASSIGNMENT((#5550));
#5552=STYLED_ITEM('',(#5551),#5549);
#5553=DIRECTION('',(-1.E0,0.E0,0.E0));
#5554=VECTOR('',#5553,1.E0);
#5555=CARTESIAN_POINT('',(-2.775E1,2.460000244E1,-1.41148E0));
#5556=LINE('',#5555,#5554);
#5557=CURVE_STYLE('',#43,POSITIVE_LENGTH_MEASURE(2.E-2),#9);
#5558=PRESENTATION_STYLE_ASSIGNMENT((#5557));
#5559=STYLED_ITEM('',(#5558),#5556);
#5560=DIRECTION('',(0.E0,0.E0,1.E0));
#5561=VECTOR('',#5560,8.E0);
#5562=CARTESIAN_POINT('',(-2.775E1,2.560000244E1,-9.41148E0));
#5563=LINE('',#5562,#5561);
#5564=CURVE_STYLE('',#43,POSITIVE_LENGTH_MEASURE(2.E-2),#9);
#5565=PRESENTATION_STYLE_ASSIGNMENT((#5564));
#5566=STYLED_ITEM('',(#5565),#5563);
#5567=DIRECTION('',(0.E0,0.E0,1.E0));
#5568=VECTOR('',#5567,8.E0);
#5569=CARTESIAN_POINT('',(-2.875E1,2.560000244E1,-9.41148E0));
#5570=LINE('',#5569,#5568);
#5571=CURVE_STYLE('',#43,POSITIVE_LENGTH_MEASURE(2.E-2),#9);
#5572=PRESENTATION_STYLE_ASSIGNMENT((#5571));
#5573=STYLED_ITEM('',(#5572),#5570);
#5574=DIRECTION('',(0.E0,0.E0,1.E0));
#5575=VECTOR('',#5574,8.E0);
#5576=CARTESIAN_POINT('',(-2.875E1,2.460000244E1,-9.41148E0));
#5577=LINE('',#5576,#5575);
#5578=CURVE_STYLE('',#43,POSITIVE_LENGTH_MEASURE(2.E-2),#9);
#5579=PRESENTATION_STYLE_ASSIGNMENT((#5578));
#5580=STYLED_ITEM('',(#5579),#5577);
#5581=DIRECTION('',(0.E0,0.E0,1.E0));
#5582=VECTOR('',#5581,8.E0);
#5583=CARTESIAN_POINT('',(-2.775E1,2.460000244E1,-9.41148E0));
#5584=LINE('',#5583,#5582);
#5585=CURVE_STYLE('',#43,POSITIVE_LENGTH_MEASURE(2.E-2),#9);
#5586=PRESENTATION_STYLE_ASSIGNMENT((#5585));
#5587=STYLED_ITEM('',(#5586),#5584);
#5588=DIRECTION('',(0.E0,0.E0,1.E0));
#5589=VECTOR('',#5588,8.E0);
#5590=CARTESIAN_POINT('',(-9.95E0,2.306000244E1,-9.41148E0));
#5591=LINE('',#5590,#5589);
#5592=CURVE_STYLE('',#43,POSITIVE_LENGTH_MEASURE(2.E-2),#9);
#5593=PRESENTATION_STYLE_ASSIGNMENT((#5592));
#5594=STYLED_ITEM('',(#5593),#5591);
#5595=DIRECTION('',(0.E0,0.E0,1.E0));
#5596=VECTOR('',#5595,8.E0);
#5597=CARTESIAN_POINT('',(-1.095E1,2.306000244E1,-9.41148E0));
#5598=LINE('',#5597,#5596);
#5599=CURVE_STYLE('',#43,POSITIVE_LENGTH_MEASURE(2.E-2),#9);
#5600=PRESENTATION_STYLE_ASSIGNMENT((#5599));
#5601=STYLED_ITEM('',(#5600),#5598);
#5602=DIRECTION('',(0.E0,0.E0,1.E0));
#5603=VECTOR('',#5602,8.E0);
#5604=CARTESIAN_POINT('',(-1.095E1,2.206000244E1,-9.41148E0));
#5605=LINE('',#5604,#5603);
#5606=CURVE_STYLE('',#43,POSITIVE_LENGTH_MEASURE(2.E-2),#9);
#5607=PRESENTATION_STYLE_ASSIGNMENT((#5606));
#5608=STYLED_ITEM('',(#5607),#5605);
#5609=DIRECTION('',(0.E0,0.E0,1.E0));
#5610=VECTOR('',#5609,8.E0);
#5611=CARTESIAN_POINT('',(-9.95E0,2.206000244E1,-9.41148E0));
#5612=LINE('',#5611,#5610);
#5613=CURVE_STYLE('',#43,POSITIVE_LENGTH_MEASURE(2.E-2),#9);
#5614=PRESENTATION_STYLE_ASSIGNMENT((#5613));
#5615=STYLED_ITEM('',(#5614),#5612);
#5616=DIRECTION('',(0.E0,-1.E0,0.E0));
#5617=VECTOR('',#5616,1.E0);
#5618=CARTESIAN_POINT('',(-9.95E0,2.306000244E1,-1.41148E0));
#5619=LINE('',#5618,#5617);
#5620=CURVE_STYLE('',#43,POSITIVE_LENGTH_MEASURE(2.E-2),#9);
#5621=PRESENTATION_STYLE_ASSIGNMENT((#5620));
#5622=STYLED_ITEM('',(#5621),#5619);
#5623=DIRECTION('',(1.E0,0.E0,0.E0));
#5624=VECTOR('',#5623,1.E0);
#5625=CARTESIAN_POINT('',(-1.095E1,2.306000244E1,-1.41148E0));
#5626=LINE('',#5625,#5624);
#5627=CURVE_STYLE('',#43,POSITIVE_LENGTH_MEASURE(2.E-2),#9);
#5628=PRESENTATION_STYLE_ASSIGNMENT((#5627));
#5629=STYLED_ITEM('',(#5628),#5626);
#5630=DIRECTION('',(0.E0,1.E0,0.E0));
#5631=VECTOR('',#5630,1.E0);
#5632=CARTESIAN_POINT('',(-1.095E1,2.206000244E1,-1.41148E0));
#5633=LINE('',#5632,#5631);
#5634=CURVE_STYLE('',#43,POSITIVE_LENGTH_MEASURE(2.E-2),#9);
#5635=PRESENTATION_STYLE_ASSIGNMENT((#5634));
#5636=STYLED_ITEM('',(#5635),#5633);
#5637=DIRECTION('',(-1.E0,0.E0,0.E0));
#5638=VECTOR('',#5637,1.E0);
#5639=CARTESIAN_POINT('',(-9.95E0,2.206000244E1,-1.41148E0));
#5640=LINE('',#5639,#5638);
#5641=CURVE_STYLE('',#43,POSITIVE_LENGTH_MEASURE(2.E-2),#9);
#5642=PRESENTATION_STYLE_ASSIGNMENT((#5641));
#5643=STYLED_ITEM('',(#5642),#5640);
#5644=DIRECTION('',(0.E0,-1.E0,0.E0));
#5645=VECTOR('',#5644,1.E0);
#5646=CARTESIAN_POINT('',(-2.775E1,2.306000244E1,-1.41148E0));
#5647=LINE('',#5646,#5645);
#5648=CURVE_STYLE('',#43,POSITIVE_LENGTH_MEASURE(2.E-2),#9);
#5649=PRESENTATION_STYLE_ASSIGNMENT((#5648));
#5650=STYLED_ITEM('',(#5649),#5647);
#5651=DIRECTION('',(1.E0,0.E0,0.E0));
#5652=VECTOR('',#5651,1.E0);
#5653=CARTESIAN_POINT('',(-2.875E1,2.306000244E1,-1.41148E0));
#5654=LINE('',#5653,#5652);
#5655=CURVE_STYLE('',#43,POSITIVE_LENGTH_MEASURE(2.E-2),#9);
#5656=PRESENTATION_STYLE_ASSIGNMENT((#5655));
#5657=STYLED_ITEM('',(#5656),#5654);
#5658=DIRECTION('',(0.E0,1.E0,0.E0));
#5659=VECTOR('',#5658,1.E0);
#5660=CARTESIAN_POINT('',(-2.875E1,2.206000244E1,-1.41148E0));
#5661=LINE('',#5660,#5659);
#5662=CURVE_STYLE('',#43,POSITIVE_LENGTH_MEASURE(2.E-2),#9);
#5663=PRESENTATION_STYLE_ASSIGNMENT((#5662));
#5664=STYLED_ITEM('',(#5663),#5661);
#5665=DIRECTION('',(-1.E0,0.E0,0.E0));
#5666=VECTOR('',#5665,1.E0);
#5667=CARTESIAN_POINT('',(-2.775E1,2.206000244E1,-1.41148E0));
#5668=LINE('',#5667,#5666);
#5669=CURVE_STYLE('',#43,POSITIVE_LENGTH_MEASURE(2.E-2),#9);
#5670=PRESENTATION_STYLE_ASSIGNMENT((#5669));
#5671=STYLED_ITEM('',(#5670),#5668);
#5672=DIRECTION('',(0.E0,0.E0,1.E0));
#5673=VECTOR('',#5672,8.E0);
#5674=CARTESIAN_POINT('',(-2.775E1,2.306000244E1,-9.41148E0));
#5675=LINE('',#5674,#5673);
#5676=CURVE_STYLE('',#43,POSITIVE_LENGTH_MEASURE(2.E-2),#9);
#5677=PRESENTATION_STYLE_ASSIGNMENT((#5676));
#5678=STYLED_ITEM('',(#5677),#5675);
#5679=DIRECTION('',(0.E0,0.E0,1.E0));
#5680=VECTOR('',#5679,8.E0);
#5681=CARTESIAN_POINT('',(-2.875E1,2.306000244E1,-9.41148E0));
#5682=LINE('',#5681,#5680);
#5683=CURVE_STYLE('',#43,POSITIVE_LENGTH_MEASURE(2.E-2),#9);
#5684=PRESENTATION_STYLE_ASSIGNMENT((#5683));
#5685=STYLED_ITEM('',(#5684),#5682);
#5686=DIRECTION('',(0.E0,0.E0,1.E0));
#5687=VECTOR('',#5686,8.E0);
#5688=CARTESIAN_POINT('',(-2.875E1,2.206000244E1,-9.41148E0));
#5689=LINE('',#5688,#5687);
#5690=CURVE_STYLE('',#43,POSITIVE_LENGTH_MEASURE(2.E-2),#9);
#5691=PRESENTATION_STYLE_ASSIGNMENT((#5690));
#5692=STYLED_ITEM('',(#5691),#5689);
#5693=DIRECTION('',(0.E0,0.E0,1.E0));
#5694=VECTOR('',#5693,8.E0);
#5695=CARTESIAN_POINT('',(-2.775E1,2.206000244E1,-9.41148E0));
#5696=LINE('',#5695,#5694);
#5697=CURVE_STYLE('',#43,POSITIVE_LENGTH_MEASURE(2.E-2),#9);
#5698=PRESENTATION_STYLE_ASSIGNMENT((#5697));
#5699=STYLED_ITEM('',(#5698),#5696);
#5700=DIRECTION('',(0.E0,0.E0,1.E0));
#5701=VECTOR('',#5700,8.E0);
#5702=CARTESIAN_POINT('',(-9.95E0,2.052000244E1,-9.41148E0));
#5703=LINE('',#5702,#5701);
#5704=CURVE_STYLE('',#43,POSITIVE_LENGTH_MEASURE(2.E-2),#9);
#5705=PRESENTATION_STYLE_ASSIGNMENT((#5704));
#5706=STYLED_ITEM('',(#5705),#5703);
#5707=DIRECTION('',(0.E0,0.E0,1.E0));
#5708=VECTOR('',#5707,8.E0);
#5709=CARTESIAN_POINT('',(-1.095E1,2.052000244E1,-9.41148E0));
#5710=LINE('',#5709,#5708);
#5711=CURVE_STYLE('',#43,POSITIVE_LENGTH_MEASURE(2.E-2),#9);
#5712=PRESENTATION_STYLE_ASSIGNMENT((#5711));
#5713=STYLED_ITEM('',(#5712),#5710);
#5714=DIRECTION('',(0.E0,0.E0,1.E0));
#5715=VECTOR('',#5714,8.E0);
#5716=CARTESIAN_POINT('',(-1.095E1,1.952000244E1,-9.41148E0));
#5717=LINE('',#5716,#5715);
#5718=CURVE_STYLE('',#43,POSITIVE_LENGTH_MEASURE(2.E-2),#9);
#5719=PRESENTATION_STYLE_ASSIGNMENT((#5718));
#5720=STYLED_ITEM('',(#5719),#5717);
#5721=DIRECTION('',(0.E0,0.E0,1.E0));
#5722=VECTOR('',#5721,8.E0);
#5723=CARTESIAN_POINT('',(-9.95E0,1.952000244E1,-9.41148E0));
#5724=LINE('',#5723,#5722);
#5725=CURVE_STYLE('',#43,POSITIVE_LENGTH_MEASURE(2.E-2),#9);
#5726=PRESENTATION_STYLE_ASSIGNMENT((#5725));
#5727=STYLED_ITEM('',(#5726),#5724);
#5728=DIRECTION('',(0.E0,-1.E0,0.E0));
#5729=VECTOR('',#5728,1.E0);
#5730=CARTESIAN_POINT('',(-9.95E0,2.052000244E1,-1.41148E0));
#5731=LINE('',#5730,#5729);
#5732=CURVE_STYLE('',#43,POSITIVE_LENGTH_MEASURE(2.E-2),#9);
#5733=PRESENTATION_STYLE_ASSIGNMENT((#5732));
#5734=STYLED_ITEM('',(#5733),#5731);
#5735=DIRECTION('',(1.E0,0.E0,0.E0));
#5736=VECTOR('',#5735,1.E0);
#5737=CARTESIAN_POINT('',(-1.095E1,2.052000244E1,-1.41148E0));
#5738=LINE('',#5737,#5736);
#5739=CURVE_STYLE('',#43,POSITIVE_LENGTH_MEASURE(2.E-2),#9);
#5740=PRESENTATION_STYLE_ASSIGNMENT((#5739));
#5741=STYLED_ITEM('',(#5740),#5738);
#5742=DIRECTION('',(0.E0,1.E0,0.E0));
#5743=VECTOR('',#5742,1.E0);
#5744=CARTESIAN_POINT('',(-1.095E1,1.952000244E1,-1.41148E0));
#5745=LINE('',#5744,#5743);
#5746=CURVE_STYLE('',#43,POSITIVE_LENGTH_MEASURE(2.E-2),#9);
#5747=PRESENTATION_STYLE_ASSIGNMENT((#5746));
#5748=STYLED_ITEM('',(#5747),#5745);
#5749=DIRECTION('',(-1.E0,0.E0,0.E0));
#5750=VECTOR('',#5749,1.E0);
#5751=CARTESIAN_POINT('',(-9.95E0,1.952000244E1,-1.41148E0));
#5752=LINE('',#5751,#5750);
#5753=CURVE_STYLE('',#43,POSITIVE_LENGTH_MEASURE(2.E-2),#9);
#5754=PRESENTATION_STYLE_ASSIGNMENT((#5753));
#5755=STYLED_ITEM('',(#5754),#5752);
#5756=DIRECTION('',(0.E0,-1.E0,0.E0));
#5757=VECTOR('',#5756,1.E0);
#5758=CARTESIAN_POINT('',(-2.775E1,2.052000244E1,-1.41148E0));
#5759=LINE('',#5758,#5757);
#5760=CURVE_STYLE('',#43,POSITIVE_LENGTH_MEASURE(2.E-2),#9);
#5761=PRESENTATION_STYLE_ASSIGNMENT((#5760));
#5762=STYLED_ITEM('',(#5761),#5759);
#5763=DIRECTION('',(1.E0,0.E0,0.E0));
#5764=VECTOR('',#5763,1.E0);
#5765=CARTESIAN_POINT('',(-2.875E1,2.052000244E1,-1.41148E0));
#5766=LINE('',#5765,#5764);
#5767=CURVE_STYLE('',#43,POSITIVE_LENGTH_MEASURE(2.E-2),#9);
#5768=PRESENTATION_STYLE_ASSIGNMENT((#5767));
#5769=STYLED_ITEM('',(#5768),#5766);
#5770=DIRECTION('',(0.E0,1.E0,0.E0));
#5771=VECTOR('',#5770,1.E0);
#5772=CARTESIAN_POINT('',(-2.875E1,1.952000244E1,-1.41148E0));
#5773=LINE('',#5772,#5771);
#5774=CURVE_STYLE('',#43,POSITIVE_LENGTH_MEASURE(2.E-2),#9);
#5775=PRESENTATION_STYLE_ASSIGNMENT((#5774));
#5776=STYLED_ITEM('',(#5775),#5773);
#5777=DIRECTION('',(-1.E0,0.E0,0.E0));
#5778=VECTOR('',#5777,1.E0);
#5779=CARTESIAN_POINT('',(-2.775E1,1.952000244E1,-1.41148E0));
#5780=LINE('',#5779,#5778);
#5781=CURVE_STYLE('',#43,POSITIVE_LENGTH_MEASURE(2.E-2),#9);
#5782=PRESENTATION_STYLE_ASSIGNMENT((#5781));
#5783=STYLED_ITEM('',(#5782),#5780);
#5784=DIRECTION('',(0.E0,0.E0,1.E0));
#5785=VECTOR('',#5784,8.E0);
#5786=CARTESIAN_POINT('',(-2.775E1,2.052000244E1,-9.41148E0));
#5787=LINE('',#5786,#5785);
#5788=CURVE_STYLE('',#43,POSITIVE_LENGTH_MEASURE(2.E-2),#9);
#5789=PRESENTATION_STYLE_ASSIGNMENT((#5788));
#5790=STYLED_ITEM('',(#5789),#5787);
#5791=DIRECTION('',(0.E0,0.E0,1.E0));
#5792=VECTOR('',#5791,8.E0);
#5793=CARTESIAN_POINT('',(-2.875E1,2.052000244E1,-9.41148E0));
#5794=LINE('',#5793,#5792);
#5795=CURVE_STYLE('',#43,POSITIVE_LENGTH_MEASURE(2.E-2),#9);
#5796=PRESENTATION_STYLE_ASSIGNMENT((#5795));
#5797=STYLED_ITEM('',(#5796),#5794);
#5798=DIRECTION('',(0.E0,0.E0,1.E0));
#5799=VECTOR('',#5798,8.E0);
#5800=CARTESIAN_POINT('',(-2.875E1,1.952000244E1,-9.41148E0));
#5801=LINE('',#5800,#5799);
#5802=CURVE_STYLE('',#43,POSITIVE_LENGTH_MEASURE(2.E-2),#9);
#5803=PRESENTATION_STYLE_ASSIGNMENT((#5802));
#5804=STYLED_ITEM('',(#5803),#5801);
#5805=DIRECTION('',(0.E0,0.E0,1.E0));
#5806=VECTOR('',#5805,8.E0);
#5807=CARTESIAN_POINT('',(-2.775E1,1.952000244E1,-9.41148E0));
#5808=LINE('',#5807,#5806);
#5809=CURVE_STYLE('',#43,POSITIVE_LENGTH_MEASURE(2.E-2),#9);
#5810=PRESENTATION_STYLE_ASSIGNMENT((#5809));
#5811=STYLED_ITEM('',(#5810),#5808);
#5812=DIRECTION('',(0.E0,0.E0,1.E0));
#5813=VECTOR('',#5812,8.E0);
#5814=CARTESIAN_POINT('',(-9.95E0,1.798000244E1,-9.41148E0));
#5815=LINE('',#5814,#5813);
#5816=CURVE_STYLE('',#43,POSITIVE_LENGTH_MEASURE(2.E-2),#9);
#5817=PRESENTATION_STYLE_ASSIGNMENT((#5816));
#5818=STYLED_ITEM('',(#5817),#5815);
#5819=DIRECTION('',(0.E0,0.E0,1.E0));
#5820=VECTOR('',#5819,8.E0);
#5821=CARTESIAN_POINT('',(-1.095E1,1.798000244E1,-9.41148E0));
#5822=LINE('',#5821,#5820);
#5823=CURVE_STYLE('',#43,POSITIVE_LENGTH_MEASURE(2.E-2),#9);
#5824=PRESENTATION_STYLE_ASSIGNMENT((#5823));
#5825=STYLED_ITEM('',(#5824),#5822);
#5826=DIRECTION('',(0.E0,0.E0,1.E0));
#5827=VECTOR('',#5826,8.E0);
#5828=CARTESIAN_POINT('',(-1.095E1,1.698000244E1,-9.41148E0));
#5829=LINE('',#5828,#5827);
#5830=CURVE_STYLE('',#43,POSITIVE_LENGTH_MEASURE(2.E-2),#9);
#5831=PRESENTATION_STYLE_ASSIGNMENT((#5830));
#5832=STYLED_ITEM('',(#5831),#5829);
#5833=DIRECTION('',(0.E0,0.E0,1.E0));
#5834=VECTOR('',#5833,8.E0);
#5835=CARTESIAN_POINT('',(-9.95E0,1.698000244E1,-9.41148E0));
#5836=LINE('',#5835,#5834);
#5837=CURVE_STYLE('',#43,POSITIVE_LENGTH_MEASURE(2.E-2),#9);
#5838=PRESENTATION_STYLE_ASSIGNMENT((#5837));
#5839=STYLED_ITEM('',(#5838),#5836);
#5840=DIRECTION('',(0.E0,-1.E0,0.E0));
#5841=VECTOR('',#5840,1.E0);
#5842=CARTESIAN_POINT('',(-9.95E0,1.798000244E1,-1.41148E0));
#5843=LINE('',#5842,#5841);
#5844=CURVE_STYLE('',#43,POSITIVE_LENGTH_MEASURE(2.E-2),#9);
#5845=PRESENTATION_STYLE_ASSIGNMENT((#5844));
#5846=STYLED_ITEM('',(#5845),#5843);
#5847=DIRECTION('',(1.E0,0.E0,0.E0));
#5848=VECTOR('',#5847,1.E0);
#5849=CARTESIAN_POINT('',(-1.095E1,1.798000244E1,-1.41148E0));
#5850=LINE('',#5849,#5848);
#5851=CURVE_STYLE('',#43,POSITIVE_LENGTH_MEASURE(2.E-2),#9);
#5852=PRESENTATION_STYLE_ASSIGNMENT((#5851));
#5853=STYLED_ITEM('',(#5852),#5850);
#5854=DIRECTION('',(0.E0,1.E0,0.E0));
#5855=VECTOR('',#5854,1.E0);
#5856=CARTESIAN_POINT('',(-1.095E1,1.698000244E1,-1.41148E0));
#5857=LINE('',#5856,#5855);
#5858=CURVE_STYLE('',#43,POSITIVE_LENGTH_MEASURE(2.E-2),#9);
#5859=PRESENTATION_STYLE_ASSIGNMENT((#5858));
#5860=STYLED_ITEM('',(#5859),#5857);
#5861=DIRECTION('',(-1.E0,0.E0,0.E0));
#5862=VECTOR('',#5861,1.E0);
#5863=CARTESIAN_POINT('',(-9.95E0,1.698000244E1,-1.41148E0));
#5864=LINE('',#5863,#5862);
#5865=CURVE_STYLE('',#43,POSITIVE_LENGTH_MEASURE(2.E-2),#9);
#5866=PRESENTATION_STYLE_ASSIGNMENT((#5865));
#5867=STYLED_ITEM('',(#5866),#5864);
#5868=DIRECTION('',(0.E0,-1.E0,0.E0));
#5869=VECTOR('',#5868,1.E0);
#5870=CARTESIAN_POINT('',(-2.775E1,1.798000244E1,-1.41148E0));
#5871=LINE('',#5870,#5869);
#5872=CURVE_STYLE('',#43,POSITIVE_LENGTH_MEASURE(2.E-2),#9);
#5873=PRESENTATION_STYLE_ASSIGNMENT((#5872));
#5874=STYLED_ITEM('',(#5873),#5871);
#5875=DIRECTION('',(1.E0,0.E0,0.E0));
#5876=VECTOR('',#5875,1.E0);
#5877=CARTESIAN_POINT('',(-2.875E1,1.798000244E1,-1.41148E0));
#5878=LINE('',#5877,#5876);
#5879=CURVE_STYLE('',#43,POSITIVE_LENGTH_MEASURE(2.E-2),#9);
#5880=PRESENTATION_STYLE_ASSIGNMENT((#5879));
#5881=STYLED_ITEM('',(#5880),#5878);
#5882=DIRECTION('',(0.E0,1.E0,0.E0));
#5883=VECTOR('',#5882,1.E0);
#5884=CARTESIAN_POINT('',(-2.875E1,1.698000244E1,-1.41148E0));
#5885=LINE('',#5884,#5883);
#5886=CURVE_STYLE('',#43,POSITIVE_LENGTH_MEASURE(2.E-2),#9);
#5887=PRESENTATION_STYLE_ASSIGNMENT((#5886));
#5888=STYLED_ITEM('',(#5887),#5885);
#5889=DIRECTION('',(-1.E0,0.E0,0.E0));
#5890=VECTOR('',#5889,1.E0);
#5891=CARTESIAN_POINT('',(-2.775E1,1.698000244E1,-1.41148E0));
#5892=LINE('',#5891,#5890);
#5893=CURVE_STYLE('',#43,POSITIVE_LENGTH_MEASURE(2.E-2),#9);
#5894=PRESENTATION_STYLE_ASSIGNMENT((#5893));
#5895=STYLED_ITEM('',(#5894),#5892);
#5896=DIRECTION('',(0.E0,0.E0,1.E0));
#5897=VECTOR('',#5896,8.E0);
#5898=CARTESIAN_POINT('',(-2.775E1,1.798000244E1,-9.41148E0));
#5899=LINE('',#5898,#5897);
#5900=CURVE_STYLE('',#43,POSITIVE_LENGTH_MEASURE(2.E-2),#9);
#5901=PRESENTATION_STYLE_ASSIGNMENT((#5900));
#5902=STYLED_ITEM('',(#5901),#5899);
#5903=DIRECTION('',(0.E0,0.E0,1.E0));
#5904=VECTOR('',#5903,8.E0);
#5905=CARTESIAN_POINT('',(-2.875E1,1.798000244E1,-9.41148E0));
#5906=LINE('',#5905,#5904);
#5907=CURVE_STYLE('',#43,POSITIVE_LENGTH_MEASURE(2.E-2),#9);
#5908=PRESENTATION_STYLE_ASSIGNMENT((#5907));
#5909=STYLED_ITEM('',(#5908),#5906);
#5910=DIRECTION('',(0.E0,0.E0,1.E0));
#5911=VECTOR('',#5910,8.E0);
#5912=CARTESIAN_POINT('',(-2.875E1,1.698000244E1,-9.41148E0));
#5913=LINE('',#5912,#5911);
#5914=CURVE_STYLE('',#43,POSITIVE_LENGTH_MEASURE(2.E-2),#9);
#5915=PRESENTATION_STYLE_ASSIGNMENT((#5914));
#5916=STYLED_ITEM('',(#5915),#5913);
#5917=DIRECTION('',(0.E0,0.E0,1.E0));
#5918=VECTOR('',#5917,8.E0);
#5919=CARTESIAN_POINT('',(-2.775E1,1.698000244E1,-9.41148E0));
#5920=LINE('',#5919,#5918);
#5921=CURVE_STYLE('',#43,POSITIVE_LENGTH_MEASURE(2.E-2),#9);
#5922=PRESENTATION_STYLE_ASSIGNMENT((#5921));
#5923=STYLED_ITEM('',(#5922),#5920);
#5924=DIRECTION('',(0.E0,0.E0,1.E0));
#5925=VECTOR('',#5924,8.E0);
#5926=CARTESIAN_POINT('',(-9.95E0,1.544000244E1,-9.41148E0));
#5927=LINE('',#5926,#5925);
#5928=CURVE_STYLE('',#43,POSITIVE_LENGTH_MEASURE(2.E-2),#9);
#5929=PRESENTATION_STYLE_ASSIGNMENT((#5928));
#5930=STYLED_ITEM('',(#5929),#5927);
#5931=DIRECTION('',(0.E0,0.E0,1.E0));
#5932=VECTOR('',#5931,8.E0);
#5933=CARTESIAN_POINT('',(-1.095E1,1.544000244E1,-9.41148E0));
#5934=LINE('',#5933,#5932);
#5935=CURVE_STYLE('',#43,POSITIVE_LENGTH_MEASURE(2.E-2),#9);
#5936=PRESENTATION_STYLE_ASSIGNMENT((#5935));
#5937=STYLED_ITEM('',(#5936),#5934);
#5938=DIRECTION('',(0.E0,0.E0,1.E0));
#5939=VECTOR('',#5938,8.E0);
#5940=CARTESIAN_POINT('',(-1.095E1,1.444000244E1,-9.41148E0));
#5941=LINE('',#5940,#5939);
#5942=CURVE_STYLE('',#43,POSITIVE_LENGTH_MEASURE(2.E-2),#9);
#5943=PRESENTATION_STYLE_ASSIGNMENT((#5942));
#5944=STYLED_ITEM('',(#5943),#5941);
#5945=DIRECTION('',(0.E0,0.E0,1.E0));
#5946=VECTOR('',#5945,8.E0);
#5947=CARTESIAN_POINT('',(-9.95E0,1.444000244E1,-9.41148E0));
#5948=LINE('',#5947,#5946);
#5949=CURVE_STYLE('',#43,POSITIVE_LENGTH_MEASURE(2.E-2),#9);
#5950=PRESENTATION_STYLE_ASSIGNMENT((#5949));
#5951=STYLED_ITEM('',(#5950),#5948);
#5952=DIRECTION('',(0.E0,-1.E0,0.E0));
#5953=VECTOR('',#5952,1.E0);
#5954=CARTESIAN_POINT('',(-9.95E0,1.544000244E1,-1.41148E0));
#5955=LINE('',#5954,#5953);
#5956=CURVE_STYLE('',#43,POSITIVE_LENGTH_MEASURE(2.E-2),#9);
#5957=PRESENTATION_STYLE_ASSIGNMENT((#5956));
#5958=STYLED_ITEM('',(#5957),#5955);
#5959=DIRECTION('',(1.E0,0.E0,0.E0));
#5960=VECTOR('',#5959,1.E0);
#5961=CARTESIAN_POINT('',(-1.095E1,1.544000244E1,-1.41148E0));
#5962=LINE('',#5961,#5960);
#5963=CURVE_STYLE('',#43,POSITIVE_LENGTH_MEASURE(2.E-2),#9);
#5964=PRESENTATION_STYLE_ASSIGNMENT((#5963));
#5965=STYLED_ITEM('',(#5964),#5962);
#5966=DIRECTION('',(0.E0,1.E0,0.E0));
#5967=VECTOR('',#5966,1.E0);
#5968=CARTESIAN_POINT('',(-1.095E1,1.444000244E1,-1.41148E0));
#5969=LINE('',#5968,#5967);
#5970=CURVE_STYLE('',#43,POSITIVE_LENGTH_MEASURE(2.E-2),#9);
#5971=PRESENTATION_STYLE_ASSIGNMENT((#5970));
#5972=STYLED_ITEM('',(#5971),#5969);
#5973=DIRECTION('',(-1.E0,0.E0,0.E0));
#5974=VECTOR('',#5973,1.E0);
#5975=CARTESIAN_POINT('',(-9.95E0,1.444000244E1,-1.41148E0));
#5976=LINE('',#5975,#5974);
#5977=CURVE_STYLE('',#43,POSITIVE_LENGTH_MEASURE(2.E-2),#9);
#5978=PRESENTATION_STYLE_ASSIGNMENT((#5977));
#5979=STYLED_ITEM('',(#5978),#5976);
#5980=DIRECTION('',(0.E0,-1.E0,0.E0));
#5981=VECTOR('',#5980,1.E0);
#5982=CARTESIAN_POINT('',(-2.775E1,1.544000244E1,-1.41148E0));
#5983=LINE('',#5982,#5981);
#5984=CURVE_STYLE('',#43,POSITIVE_LENGTH_MEASURE(2.E-2),#9);
#5985=PRESENTATION_STYLE_ASSIGNMENT((#5984));
#5986=STYLED_ITEM('',(#5985),#5983);
#5987=DIRECTION('',(1.E0,0.E0,0.E0));
#5988=VECTOR('',#5987,1.E0);
#5989=CARTESIAN_POINT('',(-2.875E1,1.544000244E1,-1.41148E0));
#5990=LINE('',#5989,#5988);
#5991=CURVE_STYLE('',#43,POSITIVE_LENGTH_MEASURE(2.E-2),#9);
#5992=PRESENTATION_STYLE_ASSIGNMENT((#5991));
#5993=STYLED_ITEM('',(#5992),#5990);
#5994=DIRECTION('',(0.E0,1.E0,0.E0));
#5995=VECTOR('',#5994,1.E0);
#5996=CARTESIAN_POINT('',(-2.875E1,1.444000244E1,-1.41148E0));
#5997=LINE('',#5996,#5995);
#5998=CURVE_STYLE('',#43,POSITIVE_LENGTH_MEASURE(2.E-2),#9);
#5999=PRESENTATION_STYLE_ASSIGNMENT((#5998));
#6000=STYLED_ITEM('',(#5999),#5997);
#6001=DIRECTION('',(-1.E0,0.E0,0.E0));
#6002=VECTOR('',#6001,1.E0);
#6003=CARTESIAN_POINT('',(-2.775E1,1.444000244E1,-1.41148E0));
#6004=LINE('',#6003,#6002);
#6005=CURVE_STYLE('',#43,POSITIVE_LENGTH_MEASURE(2.E-2),#9);
#6006=PRESENTATION_STYLE_ASSIGNMENT((#6005));
#6007=STYLED_ITEM('',(#6006),#6004);
#6008=DIRECTION('',(0.E0,0.E0,1.E0));
#6009=VECTOR('',#6008,8.E0);
#6010=CARTESIAN_POINT('',(-2.775E1,1.544000244E1,-9.41148E0));
#6011=LINE('',#6010,#6009);
#6012=CURVE_STYLE('',#43,POSITIVE_LENGTH_MEASURE(2.E-2),#9);
#6013=PRESENTATION_STYLE_ASSIGNMENT((#6012));
#6014=STYLED_ITEM('',(#6013),#6011);
#6015=DIRECTION('',(0.E0,0.E0,1.E0));
#6016=VECTOR('',#6015,8.E0);
#6017=CARTESIAN_POINT('',(-2.875E1,1.544000244E1,-9.41148E0));
#6018=LINE('',#6017,#6016);
#6019=CURVE_STYLE('',#43,POSITIVE_LENGTH_MEASURE(2.E-2),#9);
#6020=PRESENTATION_STYLE_ASSIGNMENT((#6019));
#6021=STYLED_ITEM('',(#6020),#6018);
#6022=DIRECTION('',(0.E0,0.E0,1.E0));
#6023=VECTOR('',#6022,8.E0);
#6024=CARTESIAN_POINT('',(-2.875E1,1.444000244E1,-9.41148E0));
#6025=LINE('',#6024,#6023);
#6026=CURVE_STYLE('',#43,POSITIVE_LENGTH_MEASURE(2.E-2),#9);
#6027=PRESENTATION_STYLE_ASSIGNMENT((#6026));
#6028=STYLED_ITEM('',(#6027),#6025);
#6029=DIRECTION('',(0.E0,0.E0,1.E0));
#6030=VECTOR('',#6029,8.E0);
#6031=CARTESIAN_POINT('',(-2.775E1,1.444000244E1,-9.41148E0));
#6032=LINE('',#6031,#6030);
#6033=CURVE_STYLE('',#43,POSITIVE_LENGTH_MEASURE(2.E-2),#9);
#6034=PRESENTATION_STYLE_ASSIGNMENT((#6033));
#6035=STYLED_ITEM('',(#6034),#6032);
#6036=DIRECTION('',(0.E0,0.E0,1.E0));
#6037=VECTOR('',#6036,8.E0);
#6038=CARTESIAN_POINT('',(-9.95E0,1.290000244E1,-9.41148E0));
#6039=LINE('',#6038,#6037);
#6040=CURVE_STYLE('',#43,POSITIVE_LENGTH_MEASURE(2.E-2),#9);
#6041=PRESENTATION_STYLE_ASSIGNMENT((#6040));
#6042=STYLED_ITEM('',(#6041),#6039);
#6043=DIRECTION('',(0.E0,0.E0,1.E0));
#6044=VECTOR('',#6043,8.E0);
#6045=CARTESIAN_POINT('',(-1.095E1,1.290000244E1,-9.41148E0));
#6046=LINE('',#6045,#6044);
#6047=CURVE_STYLE('',#43,POSITIVE_LENGTH_MEASURE(2.E-2),#9);
#6048=PRESENTATION_STYLE_ASSIGNMENT((#6047));
#6049=STYLED_ITEM('',(#6048),#6046);
#6050=DIRECTION('',(0.E0,0.E0,1.E0));
#6051=VECTOR('',#6050,8.E0);
#6052=CARTESIAN_POINT('',(-1.095E1,1.190000244E1,-9.41148E0));
#6053=LINE('',#6052,#6051);
#6054=CURVE_STYLE('',#43,POSITIVE_LENGTH_MEASURE(2.E-2),#9);
#6055=PRESENTATION_STYLE_ASSIGNMENT((#6054));
#6056=STYLED_ITEM('',(#6055),#6053);
#6057=DIRECTION('',(0.E0,0.E0,1.E0));
#6058=VECTOR('',#6057,8.E0);
#6059=CARTESIAN_POINT('',(-9.95E0,1.190000244E1,-9.41148E0));
#6060=LINE('',#6059,#6058);
#6061=CURVE_STYLE('',#43,POSITIVE_LENGTH_MEASURE(2.E-2),#9);
#6062=PRESENTATION_STYLE_ASSIGNMENT((#6061));
#6063=STYLED_ITEM('',(#6062),#6060);
#6064=DIRECTION('',(0.E0,-1.E0,0.E0));
#6065=VECTOR('',#6064,1.E0);
#6066=CARTESIAN_POINT('',(-9.95E0,1.290000244E1,-1.41148E0));
#6067=LINE('',#6066,#6065);
#6068=CURVE_STYLE('',#43,POSITIVE_LENGTH_MEASURE(2.E-2),#9);
#6069=PRESENTATION_STYLE_ASSIGNMENT((#6068));
#6070=STYLED_ITEM('',(#6069),#6067);
#6071=DIRECTION('',(1.E0,0.E0,0.E0));
#6072=VECTOR('',#6071,1.E0);
#6073=CARTESIAN_POINT('',(-1.095E1,1.290000244E1,-1.41148E0));
#6074=LINE('',#6073,#6072);
#6075=CURVE_STYLE('',#43,POSITIVE_LENGTH_MEASURE(2.E-2),#9);
#6076=PRESENTATION_STYLE_ASSIGNMENT((#6075));
#6077=STYLED_ITEM('',(#6076),#6074);
#6078=DIRECTION('',(0.E0,1.E0,0.E0));
#6079=VECTOR('',#6078,1.E0);
#6080=CARTESIAN_POINT('',(-1.095E1,1.190000244E1,-1.41148E0));
#6081=LINE('',#6080,#6079);
#6082=CURVE_STYLE('',#43,POSITIVE_LENGTH_MEASURE(2.E-2),#9);
#6083=PRESENTATION_STYLE_ASSIGNMENT((#6082));
#6084=STYLED_ITEM('',(#6083),#6081);
#6085=DIRECTION('',(-1.E0,0.E0,0.E0));
#6086=VECTOR('',#6085,1.E0);
#6087=CARTESIAN_POINT('',(-9.95E0,1.190000244E1,-1.41148E0));
#6088=LINE('',#6087,#6086);
#6089=CURVE_STYLE('',#43,POSITIVE_LENGTH_MEASURE(2.E-2),#9);
#6090=PRESENTATION_STYLE_ASSIGNMENT((#6089));
#6091=STYLED_ITEM('',(#6090),#6088);
#6092=DIRECTION('',(0.E0,-1.E0,0.E0));
#6093=VECTOR('',#6092,1.E0);
#6094=CARTESIAN_POINT('',(-2.775E1,1.290000244E1,-1.41148E0));
#6095=LINE('',#6094,#6093);
#6096=CURVE_STYLE('',#43,POSITIVE_LENGTH_MEASURE(2.E-2),#9);
#6097=PRESENTATION_STYLE_ASSIGNMENT((#6096));
#6098=STYLED_ITEM('',(#6097),#6095);
#6099=DIRECTION('',(1.E0,0.E0,0.E0));
#6100=VECTOR('',#6099,1.E0);
#6101=CARTESIAN_POINT('',(-2.875E1,1.290000244E1,-1.41148E0));
#6102=LINE('',#6101,#6100);
#6103=CURVE_STYLE('',#43,POSITIVE_LENGTH_MEASURE(2.E-2),#9);
#6104=PRESENTATION_STYLE_ASSIGNMENT((#6103));
#6105=STYLED_ITEM('',(#6104),#6102);
#6106=DIRECTION('',(0.E0,1.E0,0.E0));
#6107=VECTOR('',#6106,1.E0);
#6108=CARTESIAN_POINT('',(-2.875E1,1.190000244E1,-1.41148E0));
#6109=LINE('',#6108,#6107);
#6110=CURVE_STYLE('',#43,POSITIVE_LENGTH_MEASURE(2.E-2),#9);
#6111=PRESENTATION_STYLE_ASSIGNMENT((#6110));
#6112=STYLED_ITEM('',(#6111),#6109);
#6113=DIRECTION('',(-1.E0,0.E0,0.E0));
#6114=VECTOR('',#6113,1.E0);
#6115=CARTESIAN_POINT('',(-2.775E1,1.190000244E1,-1.41148E0));
#6116=LINE('',#6115,#6114);
#6117=CURVE_STYLE('',#43,POSITIVE_LENGTH_MEASURE(2.E-2),#9);
#6118=PRESENTATION_STYLE_ASSIGNMENT((#6117));
#6119=STYLED_ITEM('',(#6118),#6116);
#6120=DIRECTION('',(0.E0,0.E0,1.E0));
#6121=VECTOR('',#6120,8.E0);
#6122=CARTESIAN_POINT('',(-2.775E1,1.290000244E1,-9.41148E0));
#6123=LINE('',#6122,#6121);
#6124=CURVE_STYLE('',#43,POSITIVE_LENGTH_MEASURE(2.E-2),#9);
#6125=PRESENTATION_STYLE_ASSIGNMENT((#6124));
#6126=STYLED_ITEM('',(#6125),#6123);
#6127=DIRECTION('',(0.E0,0.E0,1.E0));
#6128=VECTOR('',#6127,8.E0);
#6129=CARTESIAN_POINT('',(-2.875E1,1.290000244E1,-9.41148E0));
#6130=LINE('',#6129,#6128);
#6131=CURVE_STYLE('',#43,POSITIVE_LENGTH_MEASURE(2.E-2),#9);
#6132=PRESENTATION_STYLE_ASSIGNMENT((#6131));
#6133=STYLED_ITEM('',(#6132),#6130);
#6134=DIRECTION('',(0.E0,0.E0,1.E0));
#6135=VECTOR('',#6134,8.E0);
#6136=CARTESIAN_POINT('',(-2.875E1,1.190000244E1,-9.41148E0));
#6137=LINE('',#6136,#6135);
#6138=CURVE_STYLE('',#43,POSITIVE_LENGTH_MEASURE(2.E-2),#9);
#6139=PRESENTATION_STYLE_ASSIGNMENT((#6138));
#6140=STYLED_ITEM('',(#6139),#6137);
#6141=DIRECTION('',(0.E0,0.E0,1.E0));
#6142=VECTOR('',#6141,8.E0);
#6143=CARTESIAN_POINT('',(-2.775E1,1.190000244E1,-9.41148E0));
#6144=LINE('',#6143,#6142);
#6145=CURVE_STYLE('',#43,POSITIVE_LENGTH_MEASURE(2.E-2),#9);
#6146=PRESENTATION_STYLE_ASSIGNMENT((#6145));
#6147=STYLED_ITEM('',(#6146),#6144);
#6148=DIRECTION('',(0.E0,0.E0,1.E0));
#6149=VECTOR('',#6148,8.E0);
#6150=CARTESIAN_POINT('',(-9.95E0,1.036000244E1,-9.41148E0));
#6151=LINE('',#6150,#6149);
#6152=CURVE_STYLE('',#43,POSITIVE_LENGTH_MEASURE(2.E-2),#9);
#6153=PRESENTATION_STYLE_ASSIGNMENT((#6152));
#6154=STYLED_ITEM('',(#6153),#6151);
#6155=DIRECTION('',(0.E0,0.E0,1.E0));
#6156=VECTOR('',#6155,8.E0);
#6157=CARTESIAN_POINT('',(-1.095E1,1.036000244E1,-9.41148E0));
#6158=LINE('',#6157,#6156);
#6159=CURVE_STYLE('',#43,POSITIVE_LENGTH_MEASURE(2.E-2),#9);
#6160=PRESENTATION_STYLE_ASSIGNMENT((#6159));
#6161=STYLED_ITEM('',(#6160),#6158);
#6162=DIRECTION('',(0.E0,0.E0,1.E0));
#6163=VECTOR('',#6162,8.E0);
#6164=CARTESIAN_POINT('',(-1.095E1,9.36000244E0,-9.41148E0));
#6165=LINE('',#6164,#6163);
#6166=CURVE_STYLE('',#43,POSITIVE_LENGTH_MEASURE(2.E-2),#9);
#6167=PRESENTATION_STYLE_ASSIGNMENT((#6166));
#6168=STYLED_ITEM('',(#6167),#6165);
#6169=DIRECTION('',(0.E0,0.E0,1.E0));
#6170=VECTOR('',#6169,8.E0);
#6171=CARTESIAN_POINT('',(-9.95E0,9.36000244E0,-9.41148E0));
#6172=LINE('',#6171,#6170);
#6173=CURVE_STYLE('',#43,POSITIVE_LENGTH_MEASURE(2.E-2),#9);
#6174=PRESENTATION_STYLE_ASSIGNMENT((#6173));
#6175=STYLED_ITEM('',(#6174),#6172);
#6176=DIRECTION('',(0.E0,-1.E0,0.E0));
#6177=VECTOR('',#6176,1.E0);
#6178=CARTESIAN_POINT('',(-9.95E0,1.036000244E1,-1.41148E0));
#6179=LINE('',#6178,#6177);
#6180=CURVE_STYLE('',#43,POSITIVE_LENGTH_MEASURE(2.E-2),#9);
#6181=PRESENTATION_STYLE_ASSIGNMENT((#6180));
#6182=STYLED_ITEM('',(#6181),#6179);
#6183=DIRECTION('',(1.E0,0.E0,0.E0));
#6184=VECTOR('',#6183,1.E0);
#6185=CARTESIAN_POINT('',(-1.095E1,1.036000244E1,-1.41148E0));
#6186=LINE('',#6185,#6184);
#6187=CURVE_STYLE('',#43,POSITIVE_LENGTH_MEASURE(2.E-2),#9);
#6188=PRESENTATION_STYLE_ASSIGNMENT((#6187));
#6189=STYLED_ITEM('',(#6188),#6186);
#6190=DIRECTION('',(0.E0,1.E0,0.E0));
#6191=VECTOR('',#6190,1.E0);
#6192=CARTESIAN_POINT('',(-1.095E1,9.36000244E0,-1.41148E0));
#6193=LINE('',#6192,#6191);
#6194=CURVE_STYLE('',#43,POSITIVE_LENGTH_MEASURE(2.E-2),#9);
#6195=PRESENTATION_STYLE_ASSIGNMENT((#6194));
#6196=STYLED_ITEM('',(#6195),#6193);
#6197=DIRECTION('',(-1.E0,0.E0,0.E0));
#6198=VECTOR('',#6197,1.E0);
#6199=CARTESIAN_POINT('',(-9.95E0,9.36000244E0,-1.41148E0));
#6200=LINE('',#6199,#6198);
#6201=CURVE_STYLE('',#43,POSITIVE_LENGTH_MEASURE(2.E-2),#9);
#6202=PRESENTATION_STYLE_ASSIGNMENT((#6201));
#6203=STYLED_ITEM('',(#6202),#6200);
#6204=DIRECTION('',(0.E0,-1.E0,0.E0));
#6205=VECTOR('',#6204,1.E0);
#6206=CARTESIAN_POINT('',(-2.775E1,1.036000244E1,-1.41148E0));
#6207=LINE('',#6206,#6205);
#6208=CURVE_STYLE('',#43,POSITIVE_LENGTH_MEASURE(2.E-2),#9);
#6209=PRESENTATION_STYLE_ASSIGNMENT((#6208));
#6210=STYLED_ITEM('',(#6209),#6207);
#6211=DIRECTION('',(1.E0,0.E0,0.E0));
#6212=VECTOR('',#6211,1.E0);
#6213=CARTESIAN_POINT('',(-2.875E1,1.036000244E1,-1.41148E0));
#6214=LINE('',#6213,#6212);
#6215=CURVE_STYLE('',#43,POSITIVE_LENGTH_MEASURE(2.E-2),#9);
#6216=PRESENTATION_STYLE_ASSIGNMENT((#6215));
#6217=STYLED_ITEM('',(#6216),#6214);
#6218=DIRECTION('',(0.E0,1.E0,0.E0));
#6219=VECTOR('',#6218,1.E0);
#6220=CARTESIAN_POINT('',(-2.875E1,9.36000244E0,-1.41148E0));
#6221=LINE('',#6220,#6219);
#6222=CURVE_STYLE('',#43,POSITIVE_LENGTH_MEASURE(2.E-2),#9);
#6223=PRESENTATION_STYLE_ASSIGNMENT((#6222));
#6224=STYLED_ITEM('',(#6223),#6221);
#6225=DIRECTION('',(-1.E0,0.E0,0.E0));
#6226=VECTOR('',#6225,1.E0);
#6227=CARTESIAN_POINT('',(-2.775E1,9.36000244E0,-1.41148E0));
#6228=LINE('',#6227,#6226);
#6229=CURVE_STYLE('',#43,POSITIVE_LENGTH_MEASURE(2.E-2),#9);
#6230=PRESENTATION_STYLE_ASSIGNMENT((#6229));
#6231=STYLED_ITEM('',(#6230),#6228);
#6232=DIRECTION('',(0.E0,0.E0,1.E0));
#6233=VECTOR('',#6232,8.E0);
#6234=CARTESIAN_POINT('',(-2.775E1,1.036000244E1,-9.41148E0));
#6235=LINE('',#6234,#6233);
#6236=CURVE_STYLE('',#43,POSITIVE_LENGTH_MEASURE(2.E-2),#9);
#6237=PRESENTATION_STYLE_ASSIGNMENT((#6236));
#6238=STYLED_ITEM('',(#6237),#6235);
#6239=DIRECTION('',(0.E0,0.E0,1.E0));
#6240=VECTOR('',#6239,8.E0);
#6241=CARTESIAN_POINT('',(-2.875E1,1.036000244E1,-9.41148E0));
#6242=LINE('',#6241,#6240);
#6243=CURVE_STYLE('',#43,POSITIVE_LENGTH_MEASURE(2.E-2),#9);
#6244=PRESENTATION_STYLE_ASSIGNMENT((#6243));
#6245=STYLED_ITEM('',(#6244),#6242);
#6246=DIRECTION('',(0.E0,0.E0,1.E0));
#6247=VECTOR('',#6246,8.E0);
#6248=CARTESIAN_POINT('',(-2.875E1,9.36000244E0,-9.41148E0));
#6249=LINE('',#6248,#6247);
#6250=CURVE_STYLE('',#43,POSITIVE_LENGTH_MEASURE(2.E-2),#9);
#6251=PRESENTATION_STYLE_ASSIGNMENT((#6250));
#6252=STYLED_ITEM('',(#6251),#6249);
#6253=DIRECTION('',(0.E0,0.E0,1.E0));
#6254=VECTOR('',#6253,8.E0);
#6255=CARTESIAN_POINT('',(-2.775E1,9.36000244E0,-9.41148E0));
#6256=LINE('',#6255,#6254);
#6257=CURVE_STYLE('',#43,POSITIVE_LENGTH_MEASURE(2.E-2),#9);
#6258=PRESENTATION_STYLE_ASSIGNMENT((#6257));
#6259=STYLED_ITEM('',(#6258),#6256);
#6260=DIRECTION('',(0.E0,0.E0,1.E0));
#6261=VECTOR('',#6260,8.E0);
#6262=CARTESIAN_POINT('',(-9.95E0,7.82000244E0,-9.41148E0));
#6263=LINE('',#6262,#6261);
#6264=CURVE_STYLE('',#43,POSITIVE_LENGTH_MEASURE(2.E-2),#9);
#6265=PRESENTATION_STYLE_ASSIGNMENT((#6264));
#6266=STYLED_ITEM('',(#6265),#6263);
#6267=DIRECTION('',(0.E0,0.E0,1.E0));
#6268=VECTOR('',#6267,8.E0);
#6269=CARTESIAN_POINT('',(-1.095E1,7.82000244E0,-9.41148E0));
#6270=LINE('',#6269,#6268);
#6271=CURVE_STYLE('',#43,POSITIVE_LENGTH_MEASURE(2.E-2),#9);
#6272=PRESENTATION_STYLE_ASSIGNMENT((#6271));
#6273=STYLED_ITEM('',(#6272),#6270);
#6274=DIRECTION('',(0.E0,0.E0,1.E0));
#6275=VECTOR('',#6274,8.E0);
#6276=CARTESIAN_POINT('',(-1.095E1,6.82000244E0,-9.41148E0));
#6277=LINE('',#6276,#6275);
#6278=CURVE_STYLE('',#43,POSITIVE_LENGTH_MEASURE(2.E-2),#9);
#6279=PRESENTATION_STYLE_ASSIGNMENT((#6278));
#6280=STYLED_ITEM('',(#6279),#6277);
#6281=DIRECTION('',(0.E0,0.E0,1.E0));
#6282=VECTOR('',#6281,8.E0);
#6283=CARTESIAN_POINT('',(-9.95E0,6.82000244E0,-9.41148E0));
#6284=LINE('',#6283,#6282);
#6285=CURVE_STYLE('',#43,POSITIVE_LENGTH_MEASURE(2.E-2),#9);
#6286=PRESENTATION_STYLE_ASSIGNMENT((#6285));
#6287=STYLED_ITEM('',(#6286),#6284);
#6288=DIRECTION('',(0.E0,-1.E0,0.E0));
#6289=VECTOR('',#6288,1.E0);
#6290=CARTESIAN_POINT('',(-9.95E0,7.82000244E0,-1.41148E0));
#6291=LINE('',#6290,#6289);
#6292=CURVE_STYLE('',#43,POSITIVE_LENGTH_MEASURE(2.E-2),#9);
#6293=PRESENTATION_STYLE_ASSIGNMENT((#6292));
#6294=STYLED_ITEM('',(#6293),#6291);
#6295=DIRECTION('',(1.E0,0.E0,0.E0));
#6296=VECTOR('',#6295,1.E0);
#6297=CARTESIAN_POINT('',(-1.095E1,7.82000244E0,-1.41148E0));
#6298=LINE('',#6297,#6296);
#6299=CURVE_STYLE('',#43,POSITIVE_LENGTH_MEASURE(2.E-2),#9);
#6300=PRESENTATION_STYLE_ASSIGNMENT((#6299));
#6301=STYLED_ITEM('',(#6300),#6298);
#6302=DIRECTION('',(0.E0,1.E0,0.E0));
#6303=VECTOR('',#6302,1.E0);
#6304=CARTESIAN_POINT('',(-1.095E1,6.82000244E0,-1.41148E0));
#6305=LINE('',#6304,#6303);
#6306=CURVE_STYLE('',#43,POSITIVE_LENGTH_MEASURE(2.E-2),#9);
#6307=PRESENTATION_STYLE_ASSIGNMENT((#6306));
#6308=STYLED_ITEM('',(#6307),#6305);
#6309=DIRECTION('',(-1.E0,0.E0,0.E0));
#6310=VECTOR('',#6309,1.E0);
#6311=CARTESIAN_POINT('',(-9.95E0,6.82000244E0,-1.41148E0));
#6312=LINE('',#6311,#6310);
#6313=CURVE_STYLE('',#43,POSITIVE_LENGTH_MEASURE(2.E-2),#9);
#6314=PRESENTATION_STYLE_ASSIGNMENT((#6313));
#6315=STYLED_ITEM('',(#6314),#6312);
#6316=DIRECTION('',(0.E0,-1.E0,0.E0));
#6317=VECTOR('',#6316,1.E0);
#6318=CARTESIAN_POINT('',(-2.775E1,7.82000244E0,-1.41148E0));
#6319=LINE('',#6318,#6317);
#6320=CURVE_STYLE('',#43,POSITIVE_LENGTH_MEASURE(2.E-2),#9);
#6321=PRESENTATION_STYLE_ASSIGNMENT((#6320));
#6322=STYLED_ITEM('',(#6321),#6319);
#6323=DIRECTION('',(1.E0,0.E0,0.E0));
#6324=VECTOR('',#6323,1.E0);
#6325=CARTESIAN_POINT('',(-2.875E1,7.82000244E0,-1.41148E0));
#6326=LINE('',#6325,#6324);
#6327=CURVE_STYLE('',#43,POSITIVE_LENGTH_MEASURE(2.E-2),#9);
#6328=PRESENTATION_STYLE_ASSIGNMENT((#6327));
#6329=STYLED_ITEM('',(#6328),#6326);
#6330=DIRECTION('',(0.E0,1.E0,0.E0));
#6331=VECTOR('',#6330,1.E0);
#6332=CARTESIAN_POINT('',(-2.875E1,6.82000244E0,-1.41148E0));
#6333=LINE('',#6332,#6331);
#6334=CURVE_STYLE('',#43,POSITIVE_LENGTH_MEASURE(2.E-2),#9);
#6335=PRESENTATION_STYLE_ASSIGNMENT((#6334));
#6336=STYLED_ITEM('',(#6335),#6333);
#6337=DIRECTION('',(-1.E0,0.E0,0.E0));
#6338=VECTOR('',#6337,1.E0);
#6339=CARTESIAN_POINT('',(-2.775E1,6.82000244E0,-1.41148E0));
#6340=LINE('',#6339,#6338);
#6341=CURVE_STYLE('',#43,POSITIVE_LENGTH_MEASURE(2.E-2),#9);
#6342=PRESENTATION_STYLE_ASSIGNMENT((#6341));
#6343=STYLED_ITEM('',(#6342),#6340);
#6344=DIRECTION('',(0.E0,0.E0,1.E0));
#6345=VECTOR('',#6344,8.E0);
#6346=CARTESIAN_POINT('',(-2.775E1,7.82000244E0,-9.41148E0));
#6347=LINE('',#6346,#6345);
#6348=CURVE_STYLE('',#43,POSITIVE_LENGTH_MEASURE(2.E-2),#9);
#6349=PRESENTATION_STYLE_ASSIGNMENT((#6348));
#6350=STYLED_ITEM('',(#6349),#6347);
#6351=DIRECTION('',(0.E0,0.E0,1.E0));
#6352=VECTOR('',#6351,8.E0);
#6353=CARTESIAN_POINT('',(-2.875E1,7.82000244E0,-9.41148E0));
#6354=LINE('',#6353,#6352);
#6355=CURVE_STYLE('',#43,POSITIVE_LENGTH_MEASURE(2.E-2),#9);
#6356=PRESENTATION_STYLE_ASSIGNMENT((#6355));
#6357=STYLED_ITEM('',(#6356),#6354);
#6358=DIRECTION('',(0.E0,0.E0,1.E0));
#6359=VECTOR('',#6358,8.E0);
#6360=CARTESIAN_POINT('',(-2.875E1,6.82000244E0,-9.41148E0));
#6361=LINE('',#6360,#6359);
#6362=CURVE_STYLE('',#43,POSITIVE_LENGTH_MEASURE(2.E-2),#9);
#6363=PRESENTATION_STYLE_ASSIGNMENT((#6362));
#6364=STYLED_ITEM('',(#6363),#6361);
#6365=DIRECTION('',(0.E0,0.E0,1.E0));
#6366=VECTOR('',#6365,8.E0);
#6367=CARTESIAN_POINT('',(-2.775E1,6.82000244E0,-9.41148E0));
#6368=LINE('',#6367,#6366);
#6369=CURVE_STYLE('',#43,POSITIVE_LENGTH_MEASURE(2.E-2),#9);
#6370=PRESENTATION_STYLE_ASSIGNMENT((#6369));
#6371=STYLED_ITEM('',(#6370),#6368);
#6372=DIRECTION('',(0.E0,0.E0,-1.E0));
#6373=VECTOR('',#6372,3.5E0);
#6374=CARTESIAN_POINT('',(-3.962837069E1,5.611563687E1,-4.1148E-1));
#6375=LINE('',#6374,#6373);
#6376=CURVE_STYLE('',#43,POSITIVE_LENGTH_MEASURE(2.E-2),#9);
#6377=PRESENTATION_STYLE_ASSIGNMENT((#6376));
#6378=STYLED_ITEM('',(#6377),#6375);
#6379=DIRECTION('',(0.E0,0.E0,-1.E0));
#6380=VECTOR('',#6379,3.5E0);
#6381=CARTESIAN_POINT('',(-4.662837069E1,5.611563687E1,-4.1148E-1));
#6382=LINE('',#6381,#6380);
#6383=CURVE_STYLE('',#43,POSITIVE_LENGTH_MEASURE(2.E-2),#9);
#6384=PRESENTATION_STYLE_ASSIGNMENT((#6383));
#6385=STYLED_ITEM('',(#6384),#6382);
#6386=DIRECTION('',(0.E0,0.E0,1.E0));
#6387=VECTOR('',#6386,1.5E0);
#6388=CARTESIAN_POINT('',(-4.462837069E1,5.611563687E1,-2.91148E0));
#6389=LINE('',#6388,#6387);
#6390=CURVE_STYLE('',#43,POSITIVE_LENGTH_MEASURE(2.E-2),#9);
#6391=PRESENTATION_STYLE_ASSIGNMENT((#6390));
#6392=STYLED_ITEM('',(#6391),#6389);
#6393=DIRECTION('',(1.E0,0.E0,0.E0));
#6394=VECTOR('',#6393,3.E0);
#6395=CARTESIAN_POINT('',(-4.462837069E1,5.611563687E1,-1.41148E0));
#6396=LINE('',#6395,#6394);
#6397=CURVE_STYLE('',#43,POSITIVE_LENGTH_MEASURE(2.E-2),#9);
#6398=PRESENTATION_STYLE_ASSIGNMENT((#6397));
#6399=STYLED_ITEM('',(#6398),#6396);
#6400=DIRECTION('',(0.E0,0.E0,-1.E0));
#6401=VECTOR('',#6400,1.5E0);
#6402=CARTESIAN_POINT('',(-4.162837069E1,5.611563687E1,-1.41148E0));
#6403=LINE('',#6402,#6401);
#6404=CURVE_STYLE('',#43,POSITIVE_LENGTH_MEASURE(2.E-2),#9);
#6405=PRESENTATION_STYLE_ASSIGNMENT((#6404));
#6406=STYLED_ITEM('',(#6405),#6403);
#6407=DIRECTION('',(-1.E0,0.E0,0.E0));
#6408=VECTOR('',#6407,3.E0);
#6409=CARTESIAN_POINT('',(-4.162837069E1,5.611563687E1,-2.91148E0));
#6410=LINE('',#6409,#6408);
#6411=CURVE_STYLE('',#43,POSITIVE_LENGTH_MEASURE(2.E-2),#9);
#6412=PRESENTATION_STYLE_ASSIGNMENT((#6411));
#6413=STYLED_ITEM('',(#6412),#6410);
#6414=DIRECTION('',(-1.E0,0.E0,0.E0));
#6415=VECTOR('',#6414,1.E0);
#6416=CARTESIAN_POINT('',(-4.537837069E1,5.611563687E1,-2.91148E0));
#6417=LINE('',#6416,#6415);
#6418=CURVE_STYLE('',#43,POSITIVE_LENGTH_MEASURE(2.E-2),#9);
#6419=PRESENTATION_STYLE_ASSIGNMENT((#6418));
#6420=STYLED_ITEM('',(#6419),#6417);
#6421=DIRECTION('',(0.E0,0.E0,1.E0));
#6422=VECTOR('',#6421,1.5E0);
#6423=CARTESIAN_POINT('',(-4.637837069E1,5.611563687E1,-2.91148E0));
#6424=LINE('',#6423,#6422);
#6425=CURVE_STYLE('',#43,POSITIVE_LENGTH_MEASURE(2.E-2),#9);
#6426=PRESENTATION_STYLE_ASSIGNMENT((#6425));
#6427=STYLED_ITEM('',(#6426),#6424);
#6428=DIRECTION('',(1.E0,0.E0,0.E0));
#6429=VECTOR('',#6428,1.E0);
#6430=CARTESIAN_POINT('',(-4.637837069E1,5.611563687E1,-1.41148E0));
#6431=LINE('',#6430,#6429);
#6432=CURVE_STYLE('',#43,POSITIVE_LENGTH_MEASURE(2.E-2),#9);
#6433=PRESENTATION_STYLE_ASSIGNMENT((#6432));
#6434=STYLED_ITEM('',(#6433),#6431);
#6435=DIRECTION('',(0.E0,0.E0,-1.E0));
#6436=VECTOR('',#6435,1.5E0);
#6437=CARTESIAN_POINT('',(-4.537837069E1,5.611563687E1,-1.41148E0));
#6438=LINE('',#6437,#6436);
#6439=CURVE_STYLE('',#43,POSITIVE_LENGTH_MEASURE(2.E-2),#9);
#6440=PRESENTATION_STYLE_ASSIGNMENT((#6439));
#6441=STYLED_ITEM('',(#6440),#6438);
#6442=DIRECTION('',(0.E0,0.E0,1.E0));
#6443=VECTOR('',#6442,1.5E0);
#6444=CARTESIAN_POINT('',(-4.087837069E1,5.611563687E1,-2.91148E0));
#6445=LINE('',#6444,#6443);
#6446=CURVE_STYLE('',#43,POSITIVE_LENGTH_MEASURE(2.E-2),#9);
#6447=PRESENTATION_STYLE_ASSIGNMENT((#6446));
#6448=STYLED_ITEM('',(#6447),#6445);
#6449=DIRECTION('',(1.E0,0.E0,0.E0));
#6450=VECTOR('',#6449,1.E0);
#6451=CARTESIAN_POINT('',(-4.087837069E1,5.611563687E1,-1.41148E0));
#6452=LINE('',#6451,#6450);
#6453=CURVE_STYLE('',#43,POSITIVE_LENGTH_MEASURE(2.E-2),#9);
#6454=PRESENTATION_STYLE_ASSIGNMENT((#6453));
#6455=STYLED_ITEM('',(#6454),#6452);
#6456=DIRECTION('',(0.E0,0.E0,-1.E0));
#6457=VECTOR('',#6456,1.5E0);
#6458=CARTESIAN_POINT('',(-3.987837069E1,5.611563687E1,-1.41148E0));
#6459=LINE('',#6458,#6457);
#6460=CURVE_STYLE('',#43,POSITIVE_LENGTH_MEASURE(2.E-2),#9);
#6461=PRESENTATION_STYLE_ASSIGNMENT((#6460));
#6462=STYLED_ITEM('',(#6461),#6459);
#6463=DIRECTION('',(-1.E0,0.E0,0.E0));
#6464=VECTOR('',#6463,1.E0);
#6465=CARTESIAN_POINT('',(-3.987837069E1,5.611563687E1,-2.91148E0));
#6466=LINE('',#6465,#6464);
#6467=CURVE_STYLE('',#43,POSITIVE_LENGTH_MEASURE(2.E-2),#9);
#6468=PRESENTATION_STYLE_ASSIGNMENT((#6467));
#6469=STYLED_ITEM('',(#6468),#6466);
#6470=DIRECTION('',(0.E0,0.E0,-1.E0));
#6471=VECTOR('',#6470,3.5E0);
#6472=CARTESIAN_POINT('',(-4.662837069E1,5.381563687E1,-4.1148E-1));
#6473=LINE('',#6472,#6471);
#6474=CURVE_STYLE('',#43,POSITIVE_LENGTH_MEASURE(2.E-2),#9);
#6475=PRESENTATION_STYLE_ASSIGNMENT((#6474));
#6476=STYLED_ITEM('',(#6475),#6473);
#6477=DIRECTION('',(0.E0,0.E0,-1.E0));
#6478=VECTOR('',#6477,3.5E0);
#6479=CARTESIAN_POINT('',(-3.962837069E1,5.381563687E1,-4.1148E-1));
#6480=LINE('',#6479,#6478);
#6481=CURVE_STYLE('',#43,POSITIVE_LENGTH_MEASURE(2.E-2),#9);
#6482=PRESENTATION_STYLE_ASSIGNMENT((#6481));
#6483=STYLED_ITEM('',(#6482),#6480);
#6484=DIRECTION('',(0.E0,-1.E0,0.E0));
#6485=VECTOR('',#6484,2.3E0);
#6486=CARTESIAN_POINT('',(-3.962837069E1,5.611563687E1,-3.91148E0));
#6487=LINE('',#6486,#6485);
#6488=CURVE_STYLE('',#43,POSITIVE_LENGTH_MEASURE(2.E-2),#9);
#6489=PRESENTATION_STYLE_ASSIGNMENT((#6488));
#6490=STYLED_ITEM('',(#6489),#6487);
#6491=DIRECTION('',(1.E0,0.E0,0.E0));
#6492=VECTOR('',#6491,7.E0);
#6493=CARTESIAN_POINT('',(-4.662837069E1,5.611563687E1,-3.91148E0));
#6494=LINE('',#6493,#6492);
#6495=CURVE_STYLE('',#43,POSITIVE_LENGTH_MEASURE(2.E-2),#9);
#6496=PRESENTATION_STYLE_ASSIGNMENT((#6495));
#6497=STYLED_ITEM('',(#6496),#6494);
#6498=DIRECTION('',(0.E0,1.E0,0.E0));
#6499=VECTOR('',#6498,2.3E0);
#6500=CARTESIAN_POINT('',(-4.662837069E1,5.381563687E1,-3.91148E0));
#6501=LINE('',#6500,#6499);
#6502=CURVE_STYLE('',#43,POSITIVE_LENGTH_MEASURE(2.E-2),#9);
#6503=PRESENTATION_STYLE_ASSIGNMENT((#6502));
#6504=STYLED_ITEM('',(#6503),#6501);
#6505=DIRECTION('',(-1.E0,0.E0,0.E0));
#6506=VECTOR('',#6505,7.E0);
#6507=CARTESIAN_POINT('',(-3.962837069E1,5.381563687E1,-3.91148E0));
#6508=LINE('',#6507,#6506);
#6509=CURVE_STYLE('',#43,POSITIVE_LENGTH_MEASURE(2.E-2),#9);
#6510=PRESENTATION_STYLE_ASSIGNMENT((#6509));
#6511=STYLED_ITEM('',(#6510),#6508);
#6512=DIRECTION('',(0.E0,1.E0,0.E0));
#6513=VECTOR('',#6512,1.E0);
#6514=CARTESIAN_POINT('',(-4.462837069E1,5.611563687E1,-2.91148E0));
#6515=LINE('',#6514,#6513);
#6516=CURVE_STYLE('',#43,POSITIVE_LENGTH_MEASURE(2.E-2),#9);
#6517=PRESENTATION_STYLE_ASSIGNMENT((#6516));
#6518=STYLED_ITEM('',(#6517),#6515);
#6519=DIRECTION('',(0.E0,1.E0,0.E0));
#6520=VECTOR('',#6519,1.E0);
#6521=CARTESIAN_POINT('',(-4.162837069E1,5.611563687E1,-2.91148E0));
#6522=LINE('',#6521,#6520);
#6523=CURVE_STYLE('',#43,POSITIVE_LENGTH_MEASURE(2.E-2),#9);
#6524=PRESENTATION_STYLE_ASSIGNMENT((#6523));
#6525=STYLED_ITEM('',(#6524),#6522);
#6526=DIRECTION('',(0.E0,1.E0,0.E0));
#6527=VECTOR('',#6526,1.E0);
#6528=CARTESIAN_POINT('',(-4.162837069E1,5.611563687E1,-1.41148E0));
#6529=LINE('',#6528,#6527);
#6530=CURVE_STYLE('',#43,POSITIVE_LENGTH_MEASURE(2.E-2),#9);
#6531=PRESENTATION_STYLE_ASSIGNMENT((#6530));
#6532=STYLED_ITEM('',(#6531),#6529);
#6533=DIRECTION('',(0.E0,1.E0,0.E0));
#6534=VECTOR('',#6533,1.E0);
#6535=CARTESIAN_POINT('',(-4.462837069E1,5.611563687E1,-1.41148E0));
#6536=LINE('',#6535,#6534);
#6537=CURVE_STYLE('',#43,POSITIVE_LENGTH_MEASURE(2.E-2),#9);
#6538=PRESENTATION_STYLE_ASSIGNMENT((#6537));
#6539=STYLED_ITEM('',(#6538),#6536);
#6540=DIRECTION('',(0.E0,0.E0,1.E0));
#6541=VECTOR('',#6540,1.5E0);
#6542=CARTESIAN_POINT('',(-4.462837069E1,5.711563687E1,-2.91148E0));
#6543=LINE('',#6542,#6541);
#6544=CURVE_STYLE('',#43,POSITIVE_LENGTH_MEASURE(2.E-2),#9);
#6545=PRESENTATION_STYLE_ASSIGNMENT((#6544));
#6546=STYLED_ITEM('',(#6545),#6543);
#6547=DIRECTION('',(-1.E0,0.E0,0.E0));
#6548=VECTOR('',#6547,3.E0);
#6549=CARTESIAN_POINT('',(-4.162837069E1,5.711563687E1,-2.91148E0));
#6550=LINE('',#6549,#6548);
#6551=CURVE_STYLE('',#43,POSITIVE_LENGTH_MEASURE(2.E-2),#9);
#6552=PRESENTATION_STYLE_ASSIGNMENT((#6551));
#6553=STYLED_ITEM('',(#6552),#6550);
#6554=DIRECTION('',(0.E0,0.E0,-1.E0));
#6555=VECTOR('',#6554,1.5E0);
#6556=CARTESIAN_POINT('',(-4.162837069E1,5.711563687E1,-1.41148E0));
#6557=LINE('',#6556,#6555);
#6558=CURVE_STYLE('',#43,POSITIVE_LENGTH_MEASURE(2.E-2),#9);
#6559=PRESENTATION_STYLE_ASSIGNMENT((#6558));
#6560=STYLED_ITEM('',(#6559),#6557);
#6561=DIRECTION('',(1.E0,0.E0,0.E0));
#6562=VECTOR('',#6561,3.E0);
#6563=CARTESIAN_POINT('',(-4.462837069E1,5.711563687E1,-1.41148E0));
#6564=LINE('',#6563,#6562);
#6565=CURVE_STYLE('',#43,POSITIVE_LENGTH_MEASURE(2.E-2),#9);
#6566=PRESENTATION_STYLE_ASSIGNMENT((#6565));
#6567=STYLED_ITEM('',(#6566),#6564);
#6568=DIRECTION('',(0.E0,1.E0,0.E0));
#6569=VECTOR('',#6568,5.E-1);
#6570=CARTESIAN_POINT('',(-4.537837069E1,5.611563687E1,-2.91148E0));
#6571=LINE('',#6570,#6569);
#6572=CURVE_STYLE('',#43,POSITIVE_LENGTH_MEASURE(2.E-2),#9);
#6573=PRESENTATION_STYLE_ASSIGNMENT((#6572));
#6574=STYLED_ITEM('',(#6573),#6571);
#6575=DIRECTION('',(0.E0,1.E0,0.E0));
#6576=VECTOR('',#6575,5.E-1);
#6577=CARTESIAN_POINT('',(-4.537837069E1,5.611563687E1,-1.41148E0));
#6578=LINE('',#6577,#6576);
#6579=CURVE_STYLE('',#43,POSITIVE_LENGTH_MEASURE(2.E-2),#9);
#6580=PRESENTATION_STYLE_ASSIGNMENT((#6579));
#6581=STYLED_ITEM('',(#6580),#6578);
#6582=DIRECTION('',(0.E0,1.E0,0.E0));
#6583=VECTOR('',#6582,5.E-1);
#6584=CARTESIAN_POINT('',(-4.637837069E1,5.611563687E1,-1.41148E0));
#6585=LINE('',#6584,#6583);
#6586=CURVE_STYLE('',#43,POSITIVE_LENGTH_MEASURE(2.E-2),#9);
#6587=PRESENTATION_STYLE_ASSIGNMENT((#6586));
#6588=STYLED_ITEM('',(#6587),#6585);
#6589=DIRECTION('',(0.E0,1.E0,0.E0));
#6590=VECTOR('',#6589,5.E-1);
#6591=CARTESIAN_POINT('',(-4.637837069E1,5.611563687E1,-2.91148E0));
#6592=LINE('',#6591,#6590);
#6593=CURVE_STYLE('',#43,POSITIVE_LENGTH_MEASURE(2.E-2),#9);
#6594=PRESENTATION_STYLE_ASSIGNMENT((#6593));
#6595=STYLED_ITEM('',(#6594),#6592);
#6596=DIRECTION('',(-1.E0,0.E0,0.E0));
#6597=VECTOR('',#6596,1.E0);
#6598=CARTESIAN_POINT('',(-4.537837069E1,5.661563687E1,-2.91148E0));
#6599=LINE('',#6598,#6597);
#6600=CURVE_STYLE('',#43,POSITIVE_LENGTH_MEASURE(2.E-2),#9);
#6601=PRESENTATION_STYLE_ASSIGNMENT((#6600));
#6602=STYLED_ITEM('',(#6601),#6599);
#6603=DIRECTION('',(0.E0,0.E0,-1.E0));
#6604=VECTOR('',#6603,1.5E0);
#6605=CARTESIAN_POINT('',(-4.537837069E1,5.661563687E1,-1.41148E0));
#6606=LINE('',#6605,#6604);
#6607=CURVE_STYLE('',#43,POSITIVE_LENGTH_MEASURE(2.E-2),#9);
#6608=PRESENTATION_STYLE_ASSIGNMENT((#6607));
#6609=STYLED_ITEM('',(#6608),#6606);
#6610=DIRECTION('',(1.E0,0.E0,0.E0));
#6611=VECTOR('',#6610,1.E0);
#6612=CARTESIAN_POINT('',(-4.637837069E1,5.661563687E1,-1.41148E0));
#6613=LINE('',#6612,#6611);
#6614=CURVE_STYLE('',#43,POSITIVE_LENGTH_MEASURE(2.E-2),#9);
#6615=PRESENTATION_STYLE_ASSIGNMENT((#6614));
#6616=STYLED_ITEM('',(#6615),#6613);
#6617=DIRECTION('',(0.E0,0.E0,1.E0));
#6618=VECTOR('',#6617,1.5E0);
#6619=CARTESIAN_POINT('',(-4.637837069E1,5.661563687E1,-2.91148E0));
#6620=LINE('',#6619,#6618);
#6621=CURVE_STYLE('',#43,POSITIVE_LENGTH_MEASURE(2.E-2),#9);
#6622=PRESENTATION_STYLE_ASSIGNMENT((#6621));
#6623=STYLED_ITEM('',(#6622),#6620);
#6624=DIRECTION('',(0.E0,0.E0,1.E0));
#6625=VECTOR('',#6624,1.5E0);
#6626=CARTESIAN_POINT('',(-4.087837069E1,5.661563687E1,-2.91148E0));
#6627=LINE('',#6626,#6625);
#6628=CURVE_STYLE('',#43,POSITIVE_LENGTH_MEASURE(2.E-2),#9);
#6629=PRESENTATION_STYLE_ASSIGNMENT((#6628));
#6630=STYLED_ITEM('',(#6629),#6627);
#6631=DIRECTION('',(-1.E0,0.E0,0.E0));
#6632=VECTOR('',#6631,1.E0);
#6633=CARTESIAN_POINT('',(-3.987837069E1,5.661563687E1,-2.91148E0));
#6634=LINE('',#6633,#6632);
#6635=CURVE_STYLE('',#43,POSITIVE_LENGTH_MEASURE(2.E-2),#9);
#6636=PRESENTATION_STYLE_ASSIGNMENT((#6635));
#6637=STYLED_ITEM('',(#6636),#6634);
#6638=DIRECTION('',(0.E0,0.E0,-1.E0));
#6639=VECTOR('',#6638,1.5E0);
#6640=CARTESIAN_POINT('',(-3.987837069E1,5.661563687E1,-1.41148E0));
#6641=LINE('',#6640,#6639);
#6642=CURVE_STYLE('',#43,POSITIVE_LENGTH_MEASURE(2.E-2),#9);
#6643=PRESENTATION_STYLE_ASSIGNMENT((#6642));
#6644=STYLED_ITEM('',(#6643),#6641);
#6645=DIRECTION('',(1.E0,0.E0,0.E0));
#6646=VECTOR('',#6645,1.E0);
#6647=CARTESIAN_POINT('',(-4.087837069E1,5.661563687E1,-1.41148E0));
#6648=LINE('',#6647,#6646);
#6649=CURVE_STYLE('',#43,POSITIVE_LENGTH_MEASURE(2.E-2),#9);
#6650=PRESENTATION_STYLE_ASSIGNMENT((#6649));
#6651=STYLED_ITEM('',(#6650),#6648);
#6652=DIRECTION('',(0.E0,1.E0,0.E0));
#6653=VECTOR('',#6652,5.E-1);
#6654=CARTESIAN_POINT('',(-4.087837069E1,5.611563687E1,-2.91148E0));
#6655=LINE('',#6654,#6653);
#6656=CURVE_STYLE('',#43,POSITIVE_LENGTH_MEASURE(2.E-2),#9);
#6657=PRESENTATION_STYLE_ASSIGNMENT((#6656));
#6658=STYLED_ITEM('',(#6657),#6655);
#6659=DIRECTION('',(0.E0,1.E0,0.E0));
#6660=VECTOR('',#6659,5.E-1);
#6661=CARTESIAN_POINT('',(-3.987837069E1,5.611563687E1,-2.91148E0));
#6662=LINE('',#6661,#6660);
#6663=CURVE_STYLE('',#43,POSITIVE_LENGTH_MEASURE(2.E-2),#9);
#6664=PRESENTATION_STYLE_ASSIGNMENT((#6663));
#6665=STYLED_ITEM('',(#6664),#6662);
#6666=DIRECTION('',(0.E0,1.E0,0.E0));
#6667=VECTOR('',#6666,5.E-1);
#6668=CARTESIAN_POINT('',(-3.987837069E1,5.611563687E1,-1.41148E0));
#6669=LINE('',#6668,#6667);
#6670=CURVE_STYLE('',#43,POSITIVE_LENGTH_MEASURE(2.E-2),#9);
#6671=PRESENTATION_STYLE_ASSIGNMENT((#6670));
#6672=STYLED_ITEM('',(#6671),#6669);
#6673=DIRECTION('',(0.E0,1.E0,0.E0));
#6674=VECTOR('',#6673,5.E-1);
#6675=CARTESIAN_POINT('',(-4.087837069E1,5.611563687E1,-1.41148E0));
#6676=LINE('',#6675,#6674);
#6677=CURVE_STYLE('',#43,POSITIVE_LENGTH_MEASURE(2.E-2),#9);
#6678=PRESENTATION_STYLE_ASSIGNMENT((#6677));
#6679=STYLED_ITEM('',(#6678),#6676);
#6680=CARTESIAN_POINT('',(-3.8641401E1,5.720000244E1,-4.1148E-1));
#6681=CARTESIAN_POINT('',(-1.000015779997E0,5.720000244E1,-4.1148E-1));
#6682=VERTEX_POINT('',#6680);
#6683=VERTEX_POINT('',#6681);
#6684=CARTESIAN_POINT('',(2.466915560717E-13,5.619998666001E1,-4.1148E-1));
#6685=VERTEX_POINT('',#6684);
#6686=CARTESIAN_POINT('',(1.035468007634E-13,9.999878399957E-1,-4.1148E-1));
#6687=VERTEX_POINT('',#6686);
#6688=CARTESIAN_POINT('',(-1.000000539989E0,-1.270000031073E-5,-4.1148E-1));
#6689=VERTEX_POINT('',#6688);
#6690=CARTESIAN_POINT('',(-8.500001288E1,3.219629491941E-14,-4.1148E-1));
#6691=VERTEX_POINT('',#6690);
#6692=CARTESIAN_POINT('',(-8.600001341999E1,9.999878402317E-1,-4.1148E-1));
#6693=VERTEX_POINT('',#6692);
#6694=CARTESIAN_POINT('',(-8.600001342E1,5.620000189992E1,-4.1148E-1));
#6695=VERTEX_POINT('',#6694);
#6696=CARTESIAN_POINT('',(-8.500001288001E1,5.720000244E1,-4.1148E-1));
#6697=VERTEX_POINT('',#6696);
#6698=CARTESIAN_POINT('',(-7.695139804E1,5.720000244E1,-4.1148E-1));
#6699=VERTEX_POINT('',#6698);
#6700=CARTESIAN_POINT('',(-7.596702612E1,5.621563052E1,-4.1148E-1));
#6701=VERTEX_POINT('',#6700);
#6702=CARTESIAN_POINT('',(-6.204502704E1,5.621563052E1,-4.1148E-1));
#6703=VERTEX_POINT('',#6702);
#6704=CARTESIAN_POINT('',(-6.106065512E1,5.720000244E1,-4.1148E-1));
#6705=VERTEX_POINT('',#6704);
#6706=CARTESIAN_POINT('',(-4.761532768E1,5.720000244E1,-4.1148E-1));
#6707=VERTEX_POINT('',#6706);
#6708=CARTESIAN_POINT('',(-4.663096846E1,5.621564322E1,-4.1148E-1));
#6709=VERTEX_POINT('',#6708);
#6710=CARTESIAN_POINT('',(-3.962577292E1,5.621563052E1,-4.1148E-1));
#6711=VERTEX_POINT('',#6710);
#6712=CARTESIAN_POINT('',(-5.582480072E1,4.061370084E1,-4.1148E-1));
#6713=CARTESIAN_POINT('',(-5.943160072E1,4.061370084E1,-4.1148E-1));
#6714=VERTEX_POINT('',#6712);
#6715=VERTEX_POINT('',#6713);
#6716=CARTESIAN_POINT('',(-5.943160072E1,1.645830084E1,-4.1148E-1));
#6717=VERTEX_POINT('',#6716);
#6718=CARTESIAN_POINT('',(-5.582480072E1,1.645830084E1,-4.1148E-1));
#6719=VERTEX_POINT('',#6718);
#6720=CARTESIAN_POINT('',(-3.8641401E1,5.720000244E1,1.18852E0));
#6721=CARTESIAN_POINT('',(-1.000015779997E0,5.720000244E1,1.18852E0));
#6722=VERTEX_POINT('',#6720);
#6723=VERTEX_POINT('',#6721);
#6724=CARTESIAN_POINT('',(2.466915560717E-13,5.619998666001E1,1.18852E0));
#6725=VERTEX_POINT('',#6724);
#6726=CARTESIAN_POINT('',(1.035468007634E-13,9.999878399957E-1,1.18852E0));
#6727=VERTEX_POINT('',#6726);
#6728=CARTESIAN_POINT('',(-1.000000539989E0,-1.270000031073E-5,1.18852E0));
#6729=VERTEX_POINT('',#6728);
#6730=CARTESIAN_POINT('',(-8.500001288E1,3.219629491941E-14,1.18852E0));
#6731=VERTEX_POINT('',#6730);
#6732=CARTESIAN_POINT('',(-8.600001341999E1,9.999878402317E-1,1.18852E0));
#6733=VERTEX_POINT('',#6732);
#6734=CARTESIAN_POINT('',(-8.600001342E1,5.620000189992E1,1.18852E0));
#6735=VERTEX_POINT('',#6734);
#6736=CARTESIAN_POINT('',(-8.500001288001E1,5.720000244E1,1.18852E0));
#6737=VERTEX_POINT('',#6736);
#6738=CARTESIAN_POINT('',(-7.695139804E1,5.720000244E1,1.18852E0));
#6739=VERTEX_POINT('',#6738);
#6740=CARTESIAN_POINT('',(-7.596702612E1,5.621563052E1,1.18852E0));
#6741=VERTEX_POINT('',#6740);
#6742=CARTESIAN_POINT('',(-6.204502704E1,5.621563052E1,1.18852E0));
#6743=VERTEX_POINT('',#6742);
#6744=CARTESIAN_POINT('',(-6.106065512E1,5.720000244E1,1.18852E0));
#6745=VERTEX_POINT('',#6744);
#6746=CARTESIAN_POINT('',(-4.761532768E1,5.720000244E1,1.18852E0));
#6747=VERTEX_POINT('',#6746);
#6748=CARTESIAN_POINT('',(-4.663096846E1,5.621564322E1,1.18852E0));
#6749=VERTEX_POINT('',#6748);
#6750=CARTESIAN_POINT('',(-3.962577292E1,5.621563052E1,1.18852E0));
#6751=VERTEX_POINT('',#6750);
#6752=CARTESIAN_POINT('',(-6.186100208718E1,5.472960398053E1,
-2.511479377747E0));
#6753=CARTESIAN_POINT('',(-6.186100208718E1,4.091200398053E1,
-2.511479377747E0));
#6754=VERTEX_POINT('',#6752);
#6755=VERTEX_POINT('',#6753);
#6756=CARTESIAN_POINT('',(-7.631360208718E1,4.091200398053E1,
-2.511479377747E0));
#6757=VERTEX_POINT('',#6756);
#6758=CARTESIAN_POINT('',(-7.631360208718E1,5.368820398053E1,
-2.511479377747E0));
#6759=VERTEX_POINT('',#6758);
#6760=CARTESIAN_POINT('',(-6.907460208718E1,5.368820398053E1,
-2.511479377747E0));
#6761=VERTEX_POINT('',#6760);
#6762=CARTESIAN_POINT('',(-6.803320208718E1,5.472960398053E1,
-2.511479377747E0));
#6763=VERTEX_POINT('',#6762);
#6764=CARTESIAN_POINT('',(-6.186100208718E1,5.472960398053E1,-4.1148E-1));
#6765=CARTESIAN_POINT('',(-6.186100208718E1,4.091200398053E1,-4.1148E-1));
#6766=VERTEX_POINT('',#6764);
#6767=VERTEX_POINT('',#6765);
#6768=CARTESIAN_POINT('',(-7.631360208718E1,4.091200398053E1,-4.1148E-1));
#6769=VERTEX_POINT('',#6768);
#6770=CARTESIAN_POINT('',(-7.631360208718E1,5.368820398053E1,-4.1148E-1));
#6771=VERTEX_POINT('',#6770);
#6772=CARTESIAN_POINT('',(-6.907460208718E1,5.368820398053E1,-4.1148E-1));
#6773=VERTEX_POINT('',#6772);
#6774=CARTESIAN_POINT('',(-6.803320208718E1,5.472960398053E1,-4.1148E-1));
#6775=VERTEX_POINT('',#6774);
#6776=CARTESIAN_POINT('',(-6.539160208718E1,4.472960398053E1,
-9.114785194400E-1));
#6777=CARTESIAN_POINT('',(-7.578020208718E1,4.472960398053E1,
-9.114785194400E-1));
#6778=VERTEX_POINT('',#6776);
#6779=VERTEX_POINT('',#6777);
#6780=CARTESIAN_POINT('',(-6.539160208718E1,4.472960398053E1,
-2.411479577747E0));
#6781=VERTEX_POINT('',#6780);
#6782=CARTESIAN_POINT('',(-7.578020208718E1,4.472960398053E1,
-2.411479577747E0));
#6783=VERTEX_POINT('',#6782);
#6784=CARTESIAN_POINT('',(-6.907460208718E1,5.368820398053E1,
-9.114785194400E-1));
#6785=CARTESIAN_POINT('',(-7.578020208718E1,5.368820398053E1,
-9.114785194400E-1));
#6786=VERTEX_POINT('',#6784);
#6787=VERTEX_POINT('',#6785);
#6788=CARTESIAN_POINT('',(-6.907460208718E1,5.368820398053E1,
-2.411479577747E0));
#6789=CARTESIAN_POINT('',(-7.578020208718E1,5.368820398053E1,
-2.411479577747E0));
#6790=VERTEX_POINT('',#6788);
#6791=VERTEX_POINT('',#6789);
#6792=CARTESIAN_POINT('',(-6.803320208718E1,5.472960398053E1,
-9.114785194400E-1));
#6793=VERTEX_POINT('',#6792);
#6794=CARTESIAN_POINT('',(-6.803320208718E1,5.472960398053E1,
-2.411479577747E0));
#6795=VERTEX_POINT('',#6794);
#6796=CARTESIAN_POINT('',(-6.539160208718E1,5.472960398053E1,
-9.114785194400E-1));
#6797=VERTEX_POINT('',#6796);
#6798=CARTESIAN_POINT('',(-6.539160208718E1,5.472960398053E1,
-2.411479577747E0));
#6799=VERTEX_POINT('',#6798);
#6800=CARTESIAN_POINT('',(-9.2E0,5.710000244E1,-9.41148E0));
#6801=CARTESIAN_POINT('',(-9.2E0,5.80000244E0,-9.41148E0));
#6802=VERTEX_POINT('',#6800);
#6803=VERTEX_POINT('',#6801);
#6804=CARTESIAN_POINT('',(-1.17E1,5.80000244E0,-9.41148E0));
#6805=VERTEX_POINT('',#6804);
#6806=CARTESIAN_POINT('',(-1.17E1,5.710000244E1,-9.41148E0));
#6807=VERTEX_POINT('',#6806);
#6808=CARTESIAN_POINT('',(-2.7E1,5.710000244E1,-9.41148E0));
#6809=CARTESIAN_POINT('',(-2.7E1,5.80000244E0,-9.41148E0));
#6810=VERTEX_POINT('',#6808);
#6811=VERTEX_POINT('',#6809);
#6812=CARTESIAN_POINT('',(-2.95E1,5.80000244E0,-9.41148E0));
#6813=VERTEX_POINT('',#6812);
#6814=CARTESIAN_POINT('',(-2.95E1,5.710000244E1,-9.41148E0));
#6815=VERTEX_POINT('',#6814);
#6816=CARTESIAN_POINT('',(-9.2E0,5.710000244E1,-4.1148E-1));
#6817=CARTESIAN_POINT('',(-9.2E0,5.80000244E0,-4.1148E-1));
#6818=VERTEX_POINT('',#6816);
#6819=VERTEX_POINT('',#6817);
#6820=CARTESIAN_POINT('',(-1.17E1,5.80000244E0,-4.1148E-1));
#6821=VERTEX_POINT('',#6820);
#6822=CARTESIAN_POINT('',(-1.17E1,5.710000244E1,-4.1148E-1));
#6823=VERTEX_POINT('',#6822);
#6824=CARTESIAN_POINT('',(-2.7E1,5.710000244E1,-4.1148E-1));
#6825=CARTESIAN_POINT('',(-2.7E1,5.80000244E0,-4.1148E-1));
#6826=VERTEX_POINT('',#6824);
#6827=VERTEX_POINT('',#6825);
#6828=CARTESIAN_POINT('',(-2.95E1,5.80000244E0,-4.1148E-1));
#6829=VERTEX_POINT('',#6828);
#6830=CARTESIAN_POINT('',(-2.95E1,5.710000244E1,-4.1148E-1));
#6831=VERTEX_POINT('',#6830);
#6832=CARTESIAN_POINT('',(-9.95E0,5.608000244E1,-1.41148E0));
#6833=CARTESIAN_POINT('',(-9.95E0,5.508000244E1,-1.41148E0));
#6834=VERTEX_POINT('',#6832);
#6835=VERTEX_POINT('',#6833);
#6836=CARTESIAN_POINT('',(-1.095E1,5.508000244E1,-1.41148E0));
#6837=VERTEX_POINT('',#6836);
#6838=CARTESIAN_POINT('',(-1.095E1,5.608000244E1,-1.41148E0));
#6839=VERTEX_POINT('',#6838);
#6840=CARTESIAN_POINT('',(-2.775E1,5.608000244E1,-1.41148E0));
#6841=CARTESIAN_POINT('',(-2.775E1,5.508000244E1,-1.41148E0));
#6842=VERTEX_POINT('',#6840);
#6843=VERTEX_POINT('',#6841);
#6844=CARTESIAN_POINT('',(-2.875E1,5.508000244E1,-1.41148E0));
#6845=VERTEX_POINT('',#6844);
#6846=CARTESIAN_POINT('',(-2.875E1,5.608000244E1,-1.41148E0));
#6847=VERTEX_POINT('',#6846);
#6848=CARTESIAN_POINT('',(-9.95E0,5.608000244E1,-9.41148E0));
#6849=CARTESIAN_POINT('',(-9.95E0,5.508000244E1,-9.41148E0));
#6850=VERTEX_POINT('',#6848);
#6851=VERTEX_POINT('',#6849);
#6852=CARTESIAN_POINT('',(-1.095E1,5.508000244E1,-9.41148E0));
#6853=VERTEX_POINT('',#6852);
#6854=CARTESIAN_POINT('',(-1.095E1,5.608000244E1,-9.41148E0));
#6855=VERTEX_POINT('',#6854);
#6856=CARTESIAN_POINT('',(-2.775E1,5.608000244E1,-9.41148E0));
#6857=CARTESIAN_POINT('',(-2.775E1,5.508000244E1,-9.41148E0));
#6858=VERTEX_POINT('',#6856);
#6859=VERTEX_POINT('',#6857);
#6860=CARTESIAN_POINT('',(-2.875E1,5.508000244E1,-9.41148E0));
#6861=VERTEX_POINT('',#6860);
#6862=CARTESIAN_POINT('',(-2.875E1,5.608000244E1,-9.41148E0));
#6863=VERTEX_POINT('',#6862);
#6864=CARTESIAN_POINT('',(-9.95E0,5.354000244E1,-1.41148E0));
#6865=CARTESIAN_POINT('',(-9.95E0,5.254000244E1,-1.41148E0));
#6866=VERTEX_POINT('',#6864);
#6867=VERTEX_POINT('',#6865);
#6868=CARTESIAN_POINT('',(-1.095E1,5.254000244E1,-1.41148E0));
#6869=VERTEX_POINT('',#6868);
#6870=CARTESIAN_POINT('',(-1.095E1,5.354000244E1,-1.41148E0));
#6871=VERTEX_POINT('',#6870);
#6872=CARTESIAN_POINT('',(-2.775E1,5.354000244E1,-1.41148E0));
#6873=CARTESIAN_POINT('',(-2.775E1,5.254000244E1,-1.41148E0));
#6874=VERTEX_POINT('',#6872);
#6875=VERTEX_POINT('',#6873);
#6876=CARTESIAN_POINT('',(-2.875E1,5.254000244E1,-1.41148E0));
#6877=VERTEX_POINT('',#6876);
#6878=CARTESIAN_POINT('',(-2.875E1,5.354000244E1,-1.41148E0));
#6879=VERTEX_POINT('',#6878);
#6880=CARTESIAN_POINT('',(-9.95E0,5.354000244E1,-9.41148E0));
#6881=CARTESIAN_POINT('',(-9.95E0,5.254000244E1,-9.41148E0));
#6882=VERTEX_POINT('',#6880);
#6883=VERTEX_POINT('',#6881);
#6884=CARTESIAN_POINT('',(-1.095E1,5.254000244E1,-9.41148E0));
#6885=VERTEX_POINT('',#6884);
#6886=CARTESIAN_POINT('',(-1.095E1,5.354000244E1,-9.41148E0));
#6887=VERTEX_POINT('',#6886);
#6888=CARTESIAN_POINT('',(-2.775E1,5.354000244E1,-9.41148E0));
#6889=CARTESIAN_POINT('',(-2.775E1,5.254000244E1,-9.41148E0));
#6890=VERTEX_POINT('',#6888);
#6891=VERTEX_POINT('',#6889);
#6892=CARTESIAN_POINT('',(-2.875E1,5.254000244E1,-9.41148E0));
#6893=VERTEX_POINT('',#6892);
#6894=CARTESIAN_POINT('',(-2.875E1,5.354000244E1,-9.41148E0));
#6895=VERTEX_POINT('',#6894);
#6896=CARTESIAN_POINT('',(-9.95E0,5.100000244E1,-1.41148E0));
#6897=CARTESIAN_POINT('',(-9.95E0,5.000000244E1,-1.41148E0));
#6898=VERTEX_POINT('',#6896);
#6899=VERTEX_POINT('',#6897);
#6900=CARTESIAN_POINT('',(-1.095E1,5.000000244E1,-1.41148E0));
#6901=VERTEX_POINT('',#6900);
#6902=CARTESIAN_POINT('',(-1.095E1,5.100000244E1,-1.41148E0));
#6903=VERTEX_POINT('',#6902);
#6904=CARTESIAN_POINT('',(-2.775E1,5.100000244E1,-1.41148E0));
#6905=CARTESIAN_POINT('',(-2.775E1,5.000000244E1,-1.41148E0));
#6906=VERTEX_POINT('',#6904);
#6907=VERTEX_POINT('',#6905);
#6908=CARTESIAN_POINT('',(-2.875E1,5.000000244E1,-1.41148E0));
#6909=VERTEX_POINT('',#6908);
#6910=CARTESIAN_POINT('',(-2.875E1,5.100000244E1,-1.41148E0));
#6911=VERTEX_POINT('',#6910);
#6912=CARTESIAN_POINT('',(-9.95E0,5.100000244E1,-9.41148E0));
#6913=CARTESIAN_POINT('',(-9.95E0,5.000000244E1,-9.41148E0));
#6914=VERTEX_POINT('',#6912);
#6915=VERTEX_POINT('',#6913);
#6916=CARTESIAN_POINT('',(-1.095E1,5.000000244E1,-9.41148E0));
#6917=VERTEX_POINT('',#6916);
#6918=CARTESIAN_POINT('',(-1.095E1,5.100000244E1,-9.41148E0));
#6919=VERTEX_POINT('',#6918);
#6920=CARTESIAN_POINT('',(-2.775E1,5.100000244E1,-9.41148E0));
#6921=CARTESIAN_POINT('',(-2.775E1,5.000000244E1,-9.41148E0));
#6922=VERTEX_POINT('',#6920);
#6923=VERTEX_POINT('',#6921);
#6924=CARTESIAN_POINT('',(-2.875E1,5.000000244E1,-9.41148E0));
#6925=VERTEX_POINT('',#6924);
#6926=CARTESIAN_POINT('',(-2.875E1,5.100000244E1,-9.41148E0));
#6927=VERTEX_POINT('',#6926);
#6928=CARTESIAN_POINT('',(-9.95E0,4.846000244E1,-1.41148E0));
#6929=CARTESIAN_POINT('',(-9.95E0,4.746000244E1,-1.41148E0));
#6930=VERTEX_POINT('',#6928);
#6931=VERTEX_POINT('',#6929);
#6932=CARTESIAN_POINT('',(-1.095E1,4.746000244E1,-1.41148E0));
#6933=VERTEX_POINT('',#6932);
#6934=CARTESIAN_POINT('',(-1.095E1,4.846000244E1,-1.41148E0));
#6935=VERTEX_POINT('',#6934);
#6936=CARTESIAN_POINT('',(-2.775E1,4.846000244E1,-1.41148E0));
#6937=CARTESIAN_POINT('',(-2.775E1,4.746000244E1,-1.41148E0));
#6938=VERTEX_POINT('',#6936);
#6939=VERTEX_POINT('',#6937);
#6940=CARTESIAN_POINT('',(-2.875E1,4.746000244E1,-1.41148E0));
#6941=VERTEX_POINT('',#6940);
#6942=CARTESIAN_POINT('',(-2.875E1,4.846000244E1,-1.41148E0));
#6943=VERTEX_POINT('',#6942);
#6944=CARTESIAN_POINT('',(-9.95E0,4.846000244E1,-9.41148E0));
#6945=CARTESIAN_POINT('',(-9.95E0,4.746000244E1,-9.41148E0));
#6946=VERTEX_POINT('',#6944);
#6947=VERTEX_POINT('',#6945);
#6948=CARTESIAN_POINT('',(-1.095E1,4.746000244E1,-9.41148E0));
#6949=VERTEX_POINT('',#6948);
#6950=CARTESIAN_POINT('',(-1.095E1,4.846000244E1,-9.41148E0));
#6951=VERTEX_POINT('',#6950);
#6952=CARTESIAN_POINT('',(-2.775E1,4.846000244E1,-9.41148E0));
#6953=CARTESIAN_POINT('',(-2.775E1,4.746000244E1,-9.41148E0));
#6954=VERTEX_POINT('',#6952);
#6955=VERTEX_POINT('',#6953);
#6956=CARTESIAN_POINT('',(-2.875E1,4.746000244E1,-9.41148E0));
#6957=VERTEX_POINT('',#6956);
#6958=CARTESIAN_POINT('',(-2.875E1,4.846000244E1,-9.41148E0));
#6959=VERTEX_POINT('',#6958);
#6960=CARTESIAN_POINT('',(-9.95E0,4.592000244E1,-1.41148E0));
#6961=CARTESIAN_POINT('',(-9.95E0,4.492000244E1,-1.41148E0));
#6962=VERTEX_POINT('',#6960);
#6963=VERTEX_POINT('',#6961);
#6964=CARTESIAN_POINT('',(-1.095E1,4.492000244E1,-1.41148E0));
#6965=VERTEX_POINT('',#6964);
#6966=CARTESIAN_POINT('',(-1.095E1,4.592000244E1,-1.41148E0));
#6967=VERTEX_POINT('',#6966);
#6968=CARTESIAN_POINT('',(-2.775E1,4.592000244E1,-1.41148E0));
#6969=CARTESIAN_POINT('',(-2.775E1,4.492000244E1,-1.41148E0));
#6970=VERTEX_POINT('',#6968);
#6971=VERTEX_POINT('',#6969);
#6972=CARTESIAN_POINT('',(-2.875E1,4.492000244E1,-1.41148E0));
#6973=VERTEX_POINT('',#6972);
#6974=CARTESIAN_POINT('',(-2.875E1,4.592000244E1,-1.41148E0));
#6975=VERTEX_POINT('',#6974);
#6976=CARTESIAN_POINT('',(-9.95E0,4.592000244E1,-9.41148E0));
#6977=CARTESIAN_POINT('',(-9.95E0,4.492000244E1,-9.41148E0));
#6978=VERTEX_POINT('',#6976);
#6979=VERTEX_POINT('',#6977);
#6980=CARTESIAN_POINT('',(-1.095E1,4.492000244E1,-9.41148E0));
#6981=VERTEX_POINT('',#6980);
#6982=CARTESIAN_POINT('',(-1.095E1,4.592000244E1,-9.41148E0));
#6983=VERTEX_POINT('',#6982);
#6984=CARTESIAN_POINT('',(-2.775E1,4.592000244E1,-9.41148E0));
#6985=CARTESIAN_POINT('',(-2.775E1,4.492000244E1,-9.41148E0));
#6986=VERTEX_POINT('',#6984);
#6987=VERTEX_POINT('',#6985);
#6988=CARTESIAN_POINT('',(-2.875E1,4.492000244E1,-9.41148E0));
#6989=VERTEX_POINT('',#6988);
#6990=CARTESIAN_POINT('',(-2.875E1,4.592000244E1,-9.41148E0));
#6991=VERTEX_POINT('',#6990);
#6992=CARTESIAN_POINT('',(-9.95E0,4.338000244E1,-1.41148E0));
#6993=CARTESIAN_POINT('',(-9.95E0,4.238000244E1,-1.41148E0));
#6994=VERTEX_POINT('',#6992);
#6995=VERTEX_POINT('',#6993);
#6996=CARTESIAN_POINT('',(-1.095E1,4.238000244E1,-1.41148E0));
#6997=VERTEX_POINT('',#6996);
#6998=CARTESIAN_POINT('',(-1.095E1,4.338000244E1,-1.41148E0));
#6999=VERTEX_POINT('',#6998);
#7000=CARTESIAN_POINT('',(-2.775E1,4.338000244E1,-1.41148E0));
#7001=CARTESIAN_POINT('',(-2.775E1,4.238000244E1,-1.41148E0));
#7002=VERTEX_POINT('',#7000);
#7003=VERTEX_POINT('',#7001);
#7004=CARTESIAN_POINT('',(-2.875E1,4.238000244E1,-1.41148E0));
#7005=VERTEX_POINT('',#7004);
#7006=CARTESIAN_POINT('',(-2.875E1,4.338000244E1,-1.41148E0));
#7007=VERTEX_POINT('',#7006);
#7008=CARTESIAN_POINT('',(-9.95E0,4.338000244E1,-9.41148E0));
#7009=CARTESIAN_POINT('',(-9.95E0,4.238000244E1,-9.41148E0));
#7010=VERTEX_POINT('',#7008);
#7011=VERTEX_POINT('',#7009);
#7012=CARTESIAN_POINT('',(-1.095E1,4.238000244E1,-9.41148E0));
#7013=VERTEX_POINT('',#7012);
#7014=CARTESIAN_POINT('',(-1.095E1,4.338000244E1,-9.41148E0));
#7015=VERTEX_POINT('',#7014);
#7016=CARTESIAN_POINT('',(-2.775E1,4.338000244E1,-9.41148E0));
#7017=CARTESIAN_POINT('',(-2.775E1,4.238000244E1,-9.41148E0));
#7018=VERTEX_POINT('',#7016);
#7019=VERTEX_POINT('',#7017);
#7020=CARTESIAN_POINT('',(-2.875E1,4.238000244E1,-9.41148E0));
#7021=VERTEX_POINT('',#7020);
#7022=CARTESIAN_POINT('',(-2.875E1,4.338000244E1,-9.41148E0));
#7023=VERTEX_POINT('',#7022);
#7024=CARTESIAN_POINT('',(-9.95E0,4.084000244E1,-1.41148E0));
#7025=CARTESIAN_POINT('',(-9.95E0,3.984000244E1,-1.41148E0));
#7026=VERTEX_POINT('',#7024);
#7027=VERTEX_POINT('',#7025);
#7028=CARTESIAN_POINT('',(-1.095E1,3.984000244E1,-1.41148E0));
#7029=VERTEX_POINT('',#7028);
#7030=CARTESIAN_POINT('',(-1.095E1,4.084000244E1,-1.41148E0));
#7031=VERTEX_POINT('',#7030);
#7032=CARTESIAN_POINT('',(-2.775E1,4.084000244E1,-1.41148E0));
#7033=CARTESIAN_POINT('',(-2.775E1,3.984000244E1,-1.41148E0));
#7034=VERTEX_POINT('',#7032);
#7035=VERTEX_POINT('',#7033);
#7036=CARTESIAN_POINT('',(-2.875E1,3.984000244E1,-1.41148E0));
#7037=VERTEX_POINT('',#7036);
#7038=CARTESIAN_POINT('',(-2.875E1,4.084000244E1,-1.41148E0));
#7039=VERTEX_POINT('',#7038);
#7040=CARTESIAN_POINT('',(-9.95E0,4.084000244E1,-9.41148E0));
#7041=CARTESIAN_POINT('',(-9.95E0,3.984000244E1,-9.41148E0));
#7042=VERTEX_POINT('',#7040);
#7043=VERTEX_POINT('',#7041);
#7044=CARTESIAN_POINT('',(-1.095E1,3.984000244E1,-9.41148E0));
#7045=VERTEX_POINT('',#7044);
#7046=CARTESIAN_POINT('',(-1.095E1,4.084000244E1,-9.41148E0));
#7047=VERTEX_POINT('',#7046);
#7048=CARTESIAN_POINT('',(-2.775E1,4.084000244E1,-9.41148E0));
#7049=CARTESIAN_POINT('',(-2.775E1,3.984000244E1,-9.41148E0));
#7050=VERTEX_POINT('',#7048);
#7051=VERTEX_POINT('',#7049);
#7052=CARTESIAN_POINT('',(-2.875E1,3.984000244E1,-9.41148E0));
#7053=VERTEX_POINT('',#7052);
#7054=CARTESIAN_POINT('',(-2.875E1,4.084000244E1,-9.41148E0));
#7055=VERTEX_POINT('',#7054);
#7056=CARTESIAN_POINT('',(-9.95E0,3.830000244E1,-1.41148E0));
#7057=CARTESIAN_POINT('',(-9.95E0,3.730000244E1,-1.41148E0));
#7058=VERTEX_POINT('',#7056);
#7059=VERTEX_POINT('',#7057);
#7060=CARTESIAN_POINT('',(-1.095E1,3.730000244E1,-1.41148E0));
#7061=VERTEX_POINT('',#7060);
#7062=CARTESIAN_POINT('',(-1.095E1,3.830000244E1,-1.41148E0));
#7063=VERTEX_POINT('',#7062);
#7064=CARTESIAN_POINT('',(-2.775E1,3.830000244E1,-1.41148E0));
#7065=CARTESIAN_POINT('',(-2.775E1,3.730000244E1,-1.41148E0));
#7066=VERTEX_POINT('',#7064);
#7067=VERTEX_POINT('',#7065);
#7068=CARTESIAN_POINT('',(-2.875E1,3.730000244E1,-1.41148E0));
#7069=VERTEX_POINT('',#7068);
#7070=CARTESIAN_POINT('',(-2.875E1,3.830000244E1,-1.41148E0));
#7071=VERTEX_POINT('',#7070);
#7072=CARTESIAN_POINT('',(-9.95E0,3.830000244E1,-9.41148E0));
#7073=CARTESIAN_POINT('',(-9.95E0,3.730000244E1,-9.41148E0));
#7074=VERTEX_POINT('',#7072);
#7075=VERTEX_POINT('',#7073);
#7076=CARTESIAN_POINT('',(-1.095E1,3.730000244E1,-9.41148E0));
#7077=VERTEX_POINT('',#7076);
#7078=CARTESIAN_POINT('',(-1.095E1,3.830000244E1,-9.41148E0));
#7079=VERTEX_POINT('',#7078);
#7080=CARTESIAN_POINT('',(-2.775E1,3.830000244E1,-9.41148E0));
#7081=CARTESIAN_POINT('',(-2.775E1,3.730000244E1,-9.41148E0));
#7082=VERTEX_POINT('',#7080);
#7083=VERTEX_POINT('',#7081);
#7084=CARTESIAN_POINT('',(-2.875E1,3.730000244E1,-9.41148E0));
#7085=VERTEX_POINT('',#7084);
#7086=CARTESIAN_POINT('',(-2.875E1,3.830000244E1,-9.41148E0));
#7087=VERTEX_POINT('',#7086);
#7088=CARTESIAN_POINT('',(-9.95E0,3.576000244E1,-1.41148E0));
#7089=CARTESIAN_POINT('',(-9.95E0,3.476000244E1,-1.41148E0));
#7090=VERTEX_POINT('',#7088);
#7091=VERTEX_POINT('',#7089);
#7092=CARTESIAN_POINT('',(-1.095E1,3.476000244E1,-1.41148E0));
#7093=VERTEX_POINT('',#7092);
#7094=CARTESIAN_POINT('',(-1.095E1,3.576000244E1,-1.41148E0));
#7095=VERTEX_POINT('',#7094);
#7096=CARTESIAN_POINT('',(-2.775E1,3.576000244E1,-1.41148E0));
#7097=CARTESIAN_POINT('',(-2.775E1,3.476000244E1,-1.41148E0));
#7098=VERTEX_POINT('',#7096);
#7099=VERTEX_POINT('',#7097);
#7100=CARTESIAN_POINT('',(-2.875E1,3.476000244E1,-1.41148E0));
#7101=VERTEX_POINT('',#7100);
#7102=CARTESIAN_POINT('',(-2.875E1,3.576000244E1,-1.41148E0));
#7103=VERTEX_POINT('',#7102);
#7104=CARTESIAN_POINT('',(-9.95E0,3.576000244E1,-9.41148E0));
#7105=CARTESIAN_POINT('',(-9.95E0,3.476000244E1,-9.41148E0));
#7106=VERTEX_POINT('',#7104);
#7107=VERTEX_POINT('',#7105);
#7108=CARTESIAN_POINT('',(-1.095E1,3.476000244E1,-9.41148E0));
#7109=VERTEX_POINT('',#7108);
#7110=CARTESIAN_POINT('',(-1.095E1,3.576000244E1,-9.41148E0));
#7111=VERTEX_POINT('',#7110);
#7112=CARTESIAN_POINT('',(-2.775E1,3.576000244E1,-9.41148E0));
#7113=CARTESIAN_POINT('',(-2.775E1,3.476000244E1,-9.41148E0));
#7114=VERTEX_POINT('',#7112);
#7115=VERTEX_POINT('',#7113);
#7116=CARTESIAN_POINT('',(-2.875E1,3.476000244E1,-9.41148E0));
#7117=VERTEX_POINT('',#7116);
#7118=CARTESIAN_POINT('',(-2.875E1,3.576000244E1,-9.41148E0));
#7119=VERTEX_POINT('',#7118);
#7120=CARTESIAN_POINT('',(-9.95E0,3.322000244E1,-1.41148E0));
#7121=CARTESIAN_POINT('',(-9.95E0,3.222000244E1,-1.41148E0));
#7122=VERTEX_POINT('',#7120);
#7123=VERTEX_POINT('',#7121);
#7124=CARTESIAN_POINT('',(-1.095E1,3.222000244E1,-1.41148E0));
#7125=VERTEX_POINT('',#7124);
#7126=CARTESIAN_POINT('',(-1.095E1,3.322000244E1,-1.41148E0));
#7127=VERTEX_POINT('',#7126);
#7128=CARTESIAN_POINT('',(-2.775E1,3.322000244E1,-1.41148E0));
#7129=CARTESIAN_POINT('',(-2.775E1,3.222000244E1,-1.41148E0));
#7130=VERTEX_POINT('',#7128);
#7131=VERTEX_POINT('',#7129);
#7132=CARTESIAN_POINT('',(-2.875E1,3.222000244E1,-1.41148E0));
#7133=VERTEX_POINT('',#7132);
#7134=CARTESIAN_POINT('',(-2.875E1,3.322000244E1,-1.41148E0));
#7135=VERTEX_POINT('',#7134);
#7136=CARTESIAN_POINT('',(-9.95E0,3.322000244E1,-9.41148E0));
#7137=CARTESIAN_POINT('',(-9.95E0,3.222000244E1,-9.41148E0));
#7138=VERTEX_POINT('',#7136);
#7139=VERTEX_POINT('',#7137);
#7140=CARTESIAN_POINT('',(-1.095E1,3.222000244E1,-9.41148E0));
#7141=VERTEX_POINT('',#7140);
#7142=CARTESIAN_POINT('',(-1.095E1,3.322000244E1,-9.41148E0));
#7143=VERTEX_POINT('',#7142);
#7144=CARTESIAN_POINT('',(-2.775E1,3.322000244E1,-9.41148E0));
#7145=CARTESIAN_POINT('',(-2.775E1,3.222000244E1,-9.41148E0));
#7146=VERTEX_POINT('',#7144);
#7147=VERTEX_POINT('',#7145);
#7148=CARTESIAN_POINT('',(-2.875E1,3.222000244E1,-9.41148E0));
#7149=VERTEX_POINT('',#7148);
#7150=CARTESIAN_POINT('',(-2.875E1,3.322000244E1,-9.41148E0));
#7151=VERTEX_POINT('',#7150);
#7152=CARTESIAN_POINT('',(-9.95E0,3.068000244E1,-1.41148E0));
#7153=CARTESIAN_POINT('',(-9.95E0,2.968000244E1,-1.41148E0));
#7154=VERTEX_POINT('',#7152);
#7155=VERTEX_POINT('',#7153);
#7156=CARTESIAN_POINT('',(-1.095E1,2.968000244E1,-1.41148E0));
#7157=VERTEX_POINT('',#7156);
#7158=CARTESIAN_POINT('',(-1.095E1,3.068000244E1,-1.41148E0));
#7159=VERTEX_POINT('',#7158);
#7160=CARTESIAN_POINT('',(-2.775E1,3.068000244E1,-1.41148E0));
#7161=CARTESIAN_POINT('',(-2.775E1,2.968000244E1,-1.41148E0));
#7162=VERTEX_POINT('',#7160);
#7163=VERTEX_POINT('',#7161);
#7164=CARTESIAN_POINT('',(-2.875E1,2.968000244E1,-1.41148E0));
#7165=VERTEX_POINT('',#7164);
#7166=CARTESIAN_POINT('',(-2.875E1,3.068000244E1,-1.41148E0));
#7167=VERTEX_POINT('',#7166);
#7168=CARTESIAN_POINT('',(-9.95E0,3.068000244E1,-9.41148E0));
#7169=CARTESIAN_POINT('',(-9.95E0,2.968000244E1,-9.41148E0));
#7170=VERTEX_POINT('',#7168);
#7171=VERTEX_POINT('',#7169);
#7172=CARTESIAN_POINT('',(-1.095E1,2.968000244E1,-9.41148E0));
#7173=VERTEX_POINT('',#7172);
#7174=CARTESIAN_POINT('',(-1.095E1,3.068000244E1,-9.41148E0));
#7175=VERTEX_POINT('',#7174);
#7176=CARTESIAN_POINT('',(-2.775E1,3.068000244E1,-9.41148E0));
#7177=CARTESIAN_POINT('',(-2.775E1,2.968000244E1,-9.41148E0));
#7178=VERTEX_POINT('',#7176);
#7179=VERTEX_POINT('',#7177);
#7180=CARTESIAN_POINT('',(-2.875E1,2.968000244E1,-9.41148E0));
#7181=VERTEX_POINT('',#7180);
#7182=CARTESIAN_POINT('',(-2.875E1,3.068000244E1,-9.41148E0));
#7183=VERTEX_POINT('',#7182);
#7184=CARTESIAN_POINT('',(-9.95E0,2.814000244E1,-1.41148E0));
#7185=CARTESIAN_POINT('',(-9.95E0,2.714000244E1,-1.41148E0));
#7186=VERTEX_POINT('',#7184);
#7187=VERTEX_POINT('',#7185);
#7188=CARTESIAN_POINT('',(-1.095E1,2.714000244E1,-1.41148E0));
#7189=VERTEX_POINT('',#7188);
#7190=CARTESIAN_POINT('',(-1.095E1,2.814000244E1,-1.41148E0));
#7191=VERTEX_POINT('',#7190);
#7192=CARTESIAN_POINT('',(-2.775E1,2.814000244E1,-1.41148E0));
#7193=CARTESIAN_POINT('',(-2.775E1,2.714000244E1,-1.41148E0));
#7194=VERTEX_POINT('',#7192);
#7195=VERTEX_POINT('',#7193);
#7196=CARTESIAN_POINT('',(-2.875E1,2.714000244E1,-1.41148E0));
#7197=VERTEX_POINT('',#7196);
#7198=CARTESIAN_POINT('',(-2.875E1,2.814000244E1,-1.41148E0));
#7199=VERTEX_POINT('',#7198);
#7200=CARTESIAN_POINT('',(-9.95E0,2.814000244E1,-9.41148E0));
#7201=CARTESIAN_POINT('',(-9.95E0,2.714000244E1,-9.41148E0));
#7202=VERTEX_POINT('',#7200);
#7203=VERTEX_POINT('',#7201);
#7204=CARTESIAN_POINT('',(-1.095E1,2.714000244E1,-9.41148E0));
#7205=VERTEX_POINT('',#7204);
#7206=CARTESIAN_POINT('',(-1.095E1,2.814000244E1,-9.41148E0));
#7207=VERTEX_POINT('',#7206);
#7208=CARTESIAN_POINT('',(-2.775E1,2.814000244E1,-9.41148E0));
#7209=CARTESIAN_POINT('',(-2.775E1,2.714000244E1,-9.41148E0));
#7210=VERTEX_POINT('',#7208);
#7211=VERTEX_POINT('',#7209);
#7212=CARTESIAN_POINT('',(-2.875E1,2.714000244E1,-9.41148E0));
#7213=VERTEX_POINT('',#7212);
#7214=CARTESIAN_POINT('',(-2.875E1,2.814000244E1,-9.41148E0));
#7215=VERTEX_POINT('',#7214);
#7216=CARTESIAN_POINT('',(-9.95E0,2.560000244E1,-1.41148E0));
#7217=CARTESIAN_POINT('',(-9.95E0,2.460000244E1,-1.41148E0));
#7218=VERTEX_POINT('',#7216);
#7219=VERTEX_POINT('',#7217);
#7220=CARTESIAN_POINT('',(-1.095E1,2.460000244E1,-1.41148E0));
#7221=VERTEX_POINT('',#7220);
#7222=CARTESIAN_POINT('',(-1.095E1,2.560000244E1,-1.41148E0));
#7223=VERTEX_POINT('',#7222);
#7224=CARTESIAN_POINT('',(-2.775E1,2.560000244E1,-1.41148E0));
#7225=CARTESIAN_POINT('',(-2.775E1,2.460000244E1,-1.41148E0));
#7226=VERTEX_POINT('',#7224);
#7227=VERTEX_POINT('',#7225);
#7228=CARTESIAN_POINT('',(-2.875E1,2.460000244E1,-1.41148E0));
#7229=VERTEX_POINT('',#7228);
#7230=CARTESIAN_POINT('',(-2.875E1,2.560000244E1,-1.41148E0));
#7231=VERTEX_POINT('',#7230);
#7232=CARTESIAN_POINT('',(-9.95E0,2.560000244E1,-9.41148E0));
#7233=CARTESIAN_POINT('',(-9.95E0,2.460000244E1,-9.41148E0));
#7234=VERTEX_POINT('',#7232);
#7235=VERTEX_POINT('',#7233);
#7236=CARTESIAN_POINT('',(-1.095E1,2.460000244E1,-9.41148E0));
#7237=VERTEX_POINT('',#7236);
#7238=CARTESIAN_POINT('',(-1.095E1,2.560000244E1,-9.41148E0));
#7239=VERTEX_POINT('',#7238);
#7240=CARTESIAN_POINT('',(-2.775E1,2.560000244E1,-9.41148E0));
#7241=CARTESIAN_POINT('',(-2.775E1,2.460000244E1,-9.41148E0));
#7242=VERTEX_POINT('',#7240);
#7243=VERTEX_POINT('',#7241);
#7244=CARTESIAN_POINT('',(-2.875E1,2.460000244E1,-9.41148E0));
#7245=VERTEX_POINT('',#7244);
#7246=CARTESIAN_POINT('',(-2.875E1,2.560000244E1,-9.41148E0));
#7247=VERTEX_POINT('',#7246);
#7248=CARTESIAN_POINT('',(-9.95E0,2.306000244E1,-1.41148E0));
#7249=CARTESIAN_POINT('',(-9.95E0,2.206000244E1,-1.41148E0));
#7250=VERTEX_POINT('',#7248);
#7251=VERTEX_POINT('',#7249);
#7252=CARTESIAN_POINT('',(-1.095E1,2.206000244E1,-1.41148E0));
#7253=VERTEX_POINT('',#7252);
#7254=CARTESIAN_POINT('',(-1.095E1,2.306000244E1,-1.41148E0));
#7255=VERTEX_POINT('',#7254);
#7256=CARTESIAN_POINT('',(-2.775E1,2.306000244E1,-1.41148E0));
#7257=CARTESIAN_POINT('',(-2.775E1,2.206000244E1,-1.41148E0));
#7258=VERTEX_POINT('',#7256);
#7259=VERTEX_POINT('',#7257);
#7260=CARTESIAN_POINT('',(-2.875E1,2.206000244E1,-1.41148E0));
#7261=VERTEX_POINT('',#7260);
#7262=CARTESIAN_POINT('',(-2.875E1,2.306000244E1,-1.41148E0));
#7263=VERTEX_POINT('',#7262);
#7264=CARTESIAN_POINT('',(-9.95E0,2.306000244E1,-9.41148E0));
#7265=CARTESIAN_POINT('',(-9.95E0,2.206000244E1,-9.41148E0));
#7266=VERTEX_POINT('',#7264);
#7267=VERTEX_POINT('',#7265);
#7268=CARTESIAN_POINT('',(-1.095E1,2.206000244E1,-9.41148E0));
#7269=VERTEX_POINT('',#7268);
#7270=CARTESIAN_POINT('',(-1.095E1,2.306000244E1,-9.41148E0));
#7271=VERTEX_POINT('',#7270);
#7272=CARTESIAN_POINT('',(-2.775E1,2.306000244E1,-9.41148E0));
#7273=CARTESIAN_POINT('',(-2.775E1,2.206000244E1,-9.41148E0));
#7274=VERTEX_POINT('',#7272);
#7275=VERTEX_POINT('',#7273);
#7276=CARTESIAN_POINT('',(-2.875E1,2.206000244E1,-9.41148E0));
#7277=VERTEX_POINT('',#7276);
#7278=CARTESIAN_POINT('',(-2.875E1,2.306000244E1,-9.41148E0));
#7279=VERTEX_POINT('',#7278);
#7280=CARTESIAN_POINT('',(-9.95E0,2.052000244E1,-1.41148E0));
#7281=CARTESIAN_POINT('',(-9.95E0,1.952000244E1,-1.41148E0));
#7282=VERTEX_POINT('',#7280);
#7283=VERTEX_POINT('',#7281);
#7284=CARTESIAN_POINT('',(-1.095E1,1.952000244E1,-1.41148E0));
#7285=VERTEX_POINT('',#7284);
#7286=CARTESIAN_POINT('',(-1.095E1,2.052000244E1,-1.41148E0));
#7287=VERTEX_POINT('',#7286);
#7288=CARTESIAN_POINT('',(-2.775E1,2.052000244E1,-1.41148E0));
#7289=CARTESIAN_POINT('',(-2.775E1,1.952000244E1,-1.41148E0));
#7290=VERTEX_POINT('',#7288);
#7291=VERTEX_POINT('',#7289);
#7292=CARTESIAN_POINT('',(-2.875E1,1.952000244E1,-1.41148E0));
#7293=VERTEX_POINT('',#7292);
#7294=CARTESIAN_POINT('',(-2.875E1,2.052000244E1,-1.41148E0));
#7295=VERTEX_POINT('',#7294);
#7296=CARTESIAN_POINT('',(-9.95E0,2.052000244E1,-9.41148E0));
#7297=CARTESIAN_POINT('',(-9.95E0,1.952000244E1,-9.41148E0));
#7298=VERTEX_POINT('',#7296);
#7299=VERTEX_POINT('',#7297);
#7300=CARTESIAN_POINT('',(-1.095E1,1.952000244E1,-9.41148E0));
#7301=VERTEX_POINT('',#7300);
#7302=CARTESIAN_POINT('',(-1.095E1,2.052000244E1,-9.41148E0));
#7303=VERTEX_POINT('',#7302);
#7304=CARTESIAN_POINT('',(-2.775E1,2.052000244E1,-9.41148E0));
#7305=CARTESIAN_POINT('',(-2.775E1,1.952000244E1,-9.41148E0));
#7306=VERTEX_POINT('',#7304);
#7307=VERTEX_POINT('',#7305);
#7308=CARTESIAN_POINT('',(-2.875E1,1.952000244E1,-9.41148E0));
#7309=VERTEX_POINT('',#7308);
#7310=CARTESIAN_POINT('',(-2.875E1,2.052000244E1,-9.41148E0));
#7311=VERTEX_POINT('',#7310);
#7312=CARTESIAN_POINT('',(-9.95E0,1.798000244E1,-1.41148E0));
#7313=CARTESIAN_POINT('',(-9.95E0,1.698000244E1,-1.41148E0));
#7314=VERTEX_POINT('',#7312);
#7315=VERTEX_POINT('',#7313);
#7316=CARTESIAN_POINT('',(-1.095E1,1.698000244E1,-1.41148E0));
#7317=VERTEX_POINT('',#7316);
#7318=CARTESIAN_POINT('',(-1.095E1,1.798000244E1,-1.41148E0));
#7319=VERTEX_POINT('',#7318);
#7320=CARTESIAN_POINT('',(-2.775E1,1.798000244E1,-1.41148E0));
#7321=CARTESIAN_POINT('',(-2.775E1,1.698000244E1,-1.41148E0));
#7322=VERTEX_POINT('',#7320);
#7323=VERTEX_POINT('',#7321);
#7324=CARTESIAN_POINT('',(-2.875E1,1.698000244E1,-1.41148E0));
#7325=VERTEX_POINT('',#7324);
#7326=CARTESIAN_POINT('',(-2.875E1,1.798000244E1,-1.41148E0));
#7327=VERTEX_POINT('',#7326);
#7328=CARTESIAN_POINT('',(-9.95E0,1.798000244E1,-9.41148E0));
#7329=CARTESIAN_POINT('',(-9.95E0,1.698000244E1,-9.41148E0));
#7330=VERTEX_POINT('',#7328);
#7331=VERTEX_POINT('',#7329);
#7332=CARTESIAN_POINT('',(-1.095E1,1.698000244E1,-9.41148E0));
#7333=VERTEX_POINT('',#7332);
#7334=CARTESIAN_POINT('',(-1.095E1,1.798000244E1,-9.41148E0));
#7335=VERTEX_POINT('',#7334);
#7336=CARTESIAN_POINT('',(-2.775E1,1.798000244E1,-9.41148E0));
#7337=CARTESIAN_POINT('',(-2.775E1,1.698000244E1,-9.41148E0));
#7338=VERTEX_POINT('',#7336);
#7339=VERTEX_POINT('',#7337);
#7340=CARTESIAN_POINT('',(-2.875E1,1.698000244E1,-9.41148E0));
#7341=VERTEX_POINT('',#7340);
#7342=CARTESIAN_POINT('',(-2.875E1,1.798000244E1,-9.41148E0));
#7343=VERTEX_POINT('',#7342);
#7344=CARTESIAN_POINT('',(-9.95E0,1.544000244E1,-1.41148E0));
#7345=CARTESIAN_POINT('',(-9.95E0,1.444000244E1,-1.41148E0));
#7346=VERTEX_POINT('',#7344);
#7347=VERTEX_POINT('',#7345);
#7348=CARTESIAN_POINT('',(-1.095E1,1.444000244E1,-1.41148E0));
#7349=VERTEX_POINT('',#7348);
#7350=CARTESIAN_POINT('',(-1.095E1,1.544000244E1,-1.41148E0));
#7351=VERTEX_POINT('',#7350);
#7352=CARTESIAN_POINT('',(-2.775E1,1.544000244E1,-1.41148E0));
#7353=CARTESIAN_POINT('',(-2.775E1,1.444000244E1,-1.41148E0));
#7354=VERTEX_POINT('',#7352);
#7355=VERTEX_POINT('',#7353);
#7356=CARTESIAN_POINT('',(-2.875E1,1.444000244E1,-1.41148E0));
#7357=VERTEX_POINT('',#7356);
#7358=CARTESIAN_POINT('',(-2.875E1,1.544000244E1,-1.41148E0));
#7359=VERTEX_POINT('',#7358);
#7360=CARTESIAN_POINT('',(-9.95E0,1.544000244E1,-9.41148E0));
#7361=CARTESIAN_POINT('',(-9.95E0,1.444000244E1,-9.41148E0));
#7362=VERTEX_POINT('',#7360);
#7363=VERTEX_POINT('',#7361);
#7364=CARTESIAN_POINT('',(-1.095E1,1.444000244E1,-9.41148E0));
#7365=VERTEX_POINT('',#7364);
#7366=CARTESIAN_POINT('',(-1.095E1,1.544000244E1,-9.41148E0));
#7367=VERTEX_POINT('',#7366);
#7368=CARTESIAN_POINT('',(-2.775E1,1.544000244E1,-9.41148E0));
#7369=CARTESIAN_POINT('',(-2.775E1,1.444000244E1,-9.41148E0));
#7370=VERTEX_POINT('',#7368);
#7371=VERTEX_POINT('',#7369);
#7372=CARTESIAN_POINT('',(-2.875E1,1.444000244E1,-9.41148E0));
#7373=VERTEX_POINT('',#7372);
#7374=CARTESIAN_POINT('',(-2.875E1,1.544000244E1,-9.41148E0));
#7375=VERTEX_POINT('',#7374);
#7376=CARTESIAN_POINT('',(-9.95E0,1.290000244E1,-1.41148E0));
#7377=CARTESIAN_POINT('',(-9.95E0,1.190000244E1,-1.41148E0));
#7378=VERTEX_POINT('',#7376);
#7379=VERTEX_POINT('',#7377);
#7380=CARTESIAN_POINT('',(-1.095E1,1.190000244E1,-1.41148E0));
#7381=VERTEX_POINT('',#7380);
#7382=CARTESIAN_POINT('',(-1.095E1,1.290000244E1,-1.41148E0));
#7383=VERTEX_POINT('',#7382);
#7384=CARTESIAN_POINT('',(-2.775E1,1.290000244E1,-1.41148E0));
#7385=CARTESIAN_POINT('',(-2.775E1,1.190000244E1,-1.41148E0));
#7386=VERTEX_POINT('',#7384);
#7387=VERTEX_POINT('',#7385);
#7388=CARTESIAN_POINT('',(-2.875E1,1.190000244E1,-1.41148E0));
#7389=VERTEX_POINT('',#7388);
#7390=CARTESIAN_POINT('',(-2.875E1,1.290000244E1,-1.41148E0));
#7391=VERTEX_POINT('',#7390);
#7392=CARTESIAN_POINT('',(-9.95E0,1.290000244E1,-9.41148E0));
#7393=CARTESIAN_POINT('',(-9.95E0,1.190000244E1,-9.41148E0));
#7394=VERTEX_POINT('',#7392);
#7395=VERTEX_POINT('',#7393);
#7396=CARTESIAN_POINT('',(-1.095E1,1.190000244E1,-9.41148E0));
#7397=VERTEX_POINT('',#7396);
#7398=CARTESIAN_POINT('',(-1.095E1,1.290000244E1,-9.41148E0));
#7399=VERTEX_POINT('',#7398);
#7400=CARTESIAN_POINT('',(-2.775E1,1.290000244E1,-9.41148E0));
#7401=CARTESIAN_POINT('',(-2.775E1,1.190000244E1,-9.41148E0));
#7402=VERTEX_POINT('',#7400);
#7403=VERTEX_POINT('',#7401);
#7404=CARTESIAN_POINT('',(-2.875E1,1.190000244E1,-9.41148E0));
#7405=VERTEX_POINT('',#7404);
#7406=CARTESIAN_POINT('',(-2.875E1,1.290000244E1,-9.41148E0));
#7407=VERTEX_POINT('',#7406);
#7408=CARTESIAN_POINT('',(-9.95E0,1.036000244E1,-1.41148E0));
#7409=CARTESIAN_POINT('',(-9.95E0,9.36000244E0,-1.41148E0));
#7410=VERTEX_POINT('',#7408);
#7411=VERTEX_POINT('',#7409);
#7412=CARTESIAN_POINT('',(-1.095E1,9.36000244E0,-1.41148E0));
#7413=VERTEX_POINT('',#7412);
#7414=CARTESIAN_POINT('',(-1.095E1,1.036000244E1,-1.41148E0));
#7415=VERTEX_POINT('',#7414);
#7416=CARTESIAN_POINT('',(-2.775E1,1.036000244E1,-1.41148E0));
#7417=CARTESIAN_POINT('',(-2.775E1,9.36000244E0,-1.41148E0));
#7418=VERTEX_POINT('',#7416);
#7419=VERTEX_POINT('',#7417);
#7420=CARTESIAN_POINT('',(-2.875E1,9.36000244E0,-1.41148E0));
#7421=VERTEX_POINT('',#7420);
#7422=CARTESIAN_POINT('',(-2.875E1,1.036000244E1,-1.41148E0));
#7423=VERTEX_POINT('',#7422);
#7424=CARTESIAN_POINT('',(-9.95E0,1.036000244E1,-9.41148E0));
#7425=CARTESIAN_POINT('',(-9.95E0,9.36000244E0,-9.41148E0));
#7426=VERTEX_POINT('',#7424);
#7427=VERTEX_POINT('',#7425);
#7428=CARTESIAN_POINT('',(-1.095E1,9.36000244E0,-9.41148E0));
#7429=VERTEX_POINT('',#7428);
#7430=CARTESIAN_POINT('',(-1.095E1,1.036000244E1,-9.41148E0));
#7431=VERTEX_POINT('',#7430);
#7432=CARTESIAN_POINT('',(-2.775E1,1.036000244E1,-9.41148E0));
#7433=CARTESIAN_POINT('',(-2.775E1,9.36000244E0,-9.41148E0));
#7434=VERTEX_POINT('',#7432);
#7435=VERTEX_POINT('',#7433);
#7436=CARTESIAN_POINT('',(-2.875E1,9.36000244E0,-9.41148E0));
#7437=VERTEX_POINT('',#7436);
#7438=CARTESIAN_POINT('',(-2.875E1,1.036000244E1,-9.41148E0));
#7439=VERTEX_POINT('',#7438);
#7440=CARTESIAN_POINT('',(-9.95E0,7.82000244E0,-1.41148E0));
#7441=CARTESIAN_POINT('',(-9.95E0,6.82000244E0,-1.41148E0));
#7442=VERTEX_POINT('',#7440);
#7443=VERTEX_POINT('',#7441);
#7444=CARTESIAN_POINT('',(-1.095E1,6.82000244E0,-1.41148E0));
#7445=VERTEX_POINT('',#7444);
#7446=CARTESIAN_POINT('',(-1.095E1,7.82000244E0,-1.41148E0));
#7447=VERTEX_POINT('',#7446);
#7448=CARTESIAN_POINT('',(-2.775E1,7.82000244E0,-1.41148E0));
#7449=CARTESIAN_POINT('',(-2.775E1,6.82000244E0,-1.41148E0));
#7450=VERTEX_POINT('',#7448);
#7451=VERTEX_POINT('',#7449);
#7452=CARTESIAN_POINT('',(-2.875E1,6.82000244E0,-1.41148E0));
#7453=VERTEX_POINT('',#7452);
#7454=CARTESIAN_POINT('',(-2.875E1,7.82000244E0,-1.41148E0));
#7455=VERTEX_POINT('',#7454);
#7456=CARTESIAN_POINT('',(-9.95E0,7.82000244E0,-9.41148E0));
#7457=CARTESIAN_POINT('',(-9.95E0,6.82000244E0,-9.41148E0));
#7458=VERTEX_POINT('',#7456);
#7459=VERTEX_POINT('',#7457);
#7460=CARTESIAN_POINT('',(-1.095E1,6.82000244E0,-9.41148E0));
#7461=VERTEX_POINT('',#7460);
#7462=CARTESIAN_POINT('',(-1.095E1,7.82000244E0,-9.41148E0));
#7463=VERTEX_POINT('',#7462);
#7464=CARTESIAN_POINT('',(-2.775E1,7.82000244E0,-9.41148E0));
#7465=CARTESIAN_POINT('',(-2.775E1,6.82000244E0,-9.41148E0));
#7466=VERTEX_POINT('',#7464);
#7467=VERTEX_POINT('',#7465);
#7468=CARTESIAN_POINT('',(-2.875E1,6.82000244E0,-9.41148E0));
#7469=VERTEX_POINT('',#7468);
#7470=CARTESIAN_POINT('',(-2.875E1,7.82000244E0,-9.41148E0));
#7471=VERTEX_POINT('',#7470);
#7472=CARTESIAN_POINT('',(-3.962837069E1,5.611563687E1,-3.91148E0));
#7473=CARTESIAN_POINT('',(-3.962837069E1,5.381563687E1,-3.91148E0));
#7474=VERTEX_POINT('',#7472);
#7475=VERTEX_POINT('',#7473);
#7476=CARTESIAN_POINT('',(-4.662837069E1,5.381563687E1,-3.91148E0));
#7477=VERTEX_POINT('',#7476);
#7478=CARTESIAN_POINT('',(-4.662837069E1,5.611563687E1,-3.91148E0));
#7479=VERTEX_POINT('',#7478);
#7480=CARTESIAN_POINT('',(-3.962837069E1,5.611563687E1,-4.1148E-1));
#7481=CARTESIAN_POINT('',(-3.962837069E1,5.381563687E1,-4.1148E-1));
#7482=VERTEX_POINT('',#7480);
#7483=VERTEX_POINT('',#7481);
#7484=CARTESIAN_POINT('',(-4.662837069E1,5.381563687E1,-4.1148E-1));
#7485=VERTEX_POINT('',#7484);
#7486=CARTESIAN_POINT('',(-4.662837069E1,5.611563687E1,-4.1148E-1));
#7487=VERTEX_POINT('',#7486);
#7488=CARTESIAN_POINT('',(-4.462837069E1,5.711563687E1,-2.91148E0));
#7489=CARTESIAN_POINT('',(-4.462837069E1,5.711563687E1,-1.41148E0));
#7490=VERTEX_POINT('',#7488);
#7491=VERTEX_POINT('',#7489);
#7492=CARTESIAN_POINT('',(-4.162837069E1,5.711563687E1,-1.41148E0));
#7493=VERTEX_POINT('',#7492);
#7494=CARTESIAN_POINT('',(-4.162837069E1,5.711563687E1,-2.91148E0));
#7495=VERTEX_POINT('',#7494);
#7496=CARTESIAN_POINT('',(-4.462837069E1,5.611563687E1,-2.91148E0));
#7497=CARTESIAN_POINT('',(-4.462837069E1,5.611563687E1,-1.41148E0));
#7498=VERTEX_POINT('',#7496);
#7499=VERTEX_POINT('',#7497);
#7500=CARTESIAN_POINT('',(-4.162837069E1,5.611563687E1,-1.41148E0));
#7501=VERTEX_POINT('',#7500);
#7502=CARTESIAN_POINT('',(-4.162837069E1,5.611563687E1,-2.91148E0));
#7503=VERTEX_POINT('',#7502);
#7504=CARTESIAN_POINT('',(-4.537837069E1,5.661563687E1,-2.91148E0));
#7505=CARTESIAN_POINT('',(-4.637837069E1,5.661563687E1,-2.91148E0));
#7506=VERTEX_POINT('',#7504);
#7507=VERTEX_POINT('',#7505);
#7508=CARTESIAN_POINT('',(-4.637837069E1,5.661563687E1,-1.41148E0));
#7509=VERTEX_POINT('',#7508);
#7510=CARTESIAN_POINT('',(-4.537837069E1,5.661563687E1,-1.41148E0));
#7511=VERTEX_POINT('',#7510);
#7512=CARTESIAN_POINT('',(-4.087837069E1,5.661563687E1,-2.91148E0));
#7513=CARTESIAN_POINT('',(-4.087837069E1,5.661563687E1,-1.41148E0));
#7514=VERTEX_POINT('',#7512);
#7515=VERTEX_POINT('',#7513);
#7516=CARTESIAN_POINT('',(-3.987837069E1,5.661563687E1,-1.41148E0));
#7517=VERTEX_POINT('',#7516);
#7518=CARTESIAN_POINT('',(-3.987837069E1,5.661563687E1,-2.91148E0));
#7519=VERTEX_POINT('',#7518);
#7520=CARTESIAN_POINT('',(-4.537837069E1,5.611563687E1,-2.91148E0));
#7521=CARTESIAN_POINT('',(-4.637837069E1,5.611563687E1,-2.91148E0));
#7522=VERTEX_POINT('',#7520);
#7523=VERTEX_POINT('',#7521);
#7524=CARTESIAN_POINT('',(-4.637837069E1,5.611563687E1,-1.41148E0));
#7525=VERTEX_POINT('',#7524);
#7526=CARTESIAN_POINT('',(-4.537837069E1,5.611563687E1,-1.41148E0));
#7527=VERTEX_POINT('',#7526);
#7528=CARTESIAN_POINT('',(-4.087837069E1,5.611563687E1,-2.91148E0));
#7529=CARTESIAN_POINT('',(-4.087837069E1,5.611563687E1,-1.41148E0));
#7530=VERTEX_POINT('',#7528);
#7531=VERTEX_POINT('',#7529);
#7532=CARTESIAN_POINT('',(-3.987837069E1,5.611563687E1,-1.41148E0));
#7533=VERTEX_POINT('',#7532);
#7534=CARTESIAN_POINT('',(-3.987837069E1,5.611563687E1,-2.91148E0));
#7535=VERTEX_POINT('',#7534);
#7536=CARTESIAN_POINT('',(-5.34960064E0,5.30956012E1,-4.1148E-1));
#7537=CARTESIAN_POINT('',(-2.84960064E0,5.30956012E1,-4.1148E-1));
#7538=VERTEX_POINT('',#7536);
#7539=VERTEX_POINT('',#7537);
#7540=CARTESIAN_POINT('',(-8.314960252E1,5.30956012E1,-4.1148E-1));
#7541=CARTESIAN_POINT('',(-8.064960252E1,5.30956012E1,-4.1148E-1));
#7542=VERTEX_POINT('',#7540);
#7543=VERTEX_POINT('',#7541);
#7544=CARTESIAN_POINT('',(-8.314960252E1,4.09859988E0,-4.1148E-1));
#7545=CARTESIAN_POINT('',(-8.064960252E1,4.09859988E0,-4.1148E-1));
#7546=VERTEX_POINT('',#7544);
#7547=VERTEX_POINT('',#7545);
#7548=CARTESIAN_POINT('',(-5.34960064E0,4.09859988E0,-4.1148E-1));
#7549=CARTESIAN_POINT('',(-2.84960064E0,4.09859988E0,-4.1148E-1));
#7550=VERTEX_POINT('',#7548);
#7551=VERTEX_POINT('',#7549);
#7552=CARTESIAN_POINT('',(-5.34960064E0,5.30956012E1,-4.41148E0));
#7553=CARTESIAN_POINT('',(-2.84960064E0,5.30956012E1,-4.41148E0));
#7554=VERTEX_POINT('',#7552);
#7555=VERTEX_POINT('',#7553);
#7556=CARTESIAN_POINT('',(-6.84960064E0,5.30956012E1,-4.41148E0));
#7557=CARTESIAN_POINT('',(-1.34960064E0,5.30956012E1,-4.41148E0));
#7558=VERTEX_POINT('',#7556);
#7559=VERTEX_POINT('',#7557);
#7560=CARTESIAN_POINT('',(-8.314960252E1,5.30956012E1,-4.41148E0));
#7561=CARTESIAN_POINT('',(-8.064960252E1,5.30956012E1,-4.41148E0));
#7562=VERTEX_POINT('',#7560);
#7563=VERTEX_POINT('',#7561);
#7564=CARTESIAN_POINT('',(-8.464960252E1,5.30956012E1,-4.41148E0));
#7565=CARTESIAN_POINT('',(-7.914960252E1,5.30956012E1,-4.41148E0));
#7566=VERTEX_POINT('',#7564);
#7567=VERTEX_POINT('',#7565);
#7568=CARTESIAN_POINT('',(-8.314960252E1,4.09859988E0,-4.41148E0));
#7569=CARTESIAN_POINT('',(-8.064960252E1,4.09859988E0,-4.41148E0));
#7570=VERTEX_POINT('',#7568);
#7571=VERTEX_POINT('',#7569);
#7572=CARTESIAN_POINT('',(-8.464960252E1,4.09859988E0,-4.41148E0));
#7573=CARTESIAN_POINT('',(-7.914960252E1,4.09859988E0,-4.41148E0));
#7574=VERTEX_POINT('',#7572);
#7575=VERTEX_POINT('',#7573);
#7576=CARTESIAN_POINT('',(-5.34960064E0,4.09859988E0,-4.41148E0));
#7577=CARTESIAN_POINT('',(-2.84960064E0,4.09859988E0,-4.41148E0));
#7578=VERTEX_POINT('',#7576);
#7579=VERTEX_POINT('',#7577);
#7580=CARTESIAN_POINT('',(-6.84960064E0,4.09859988E0,-4.41148E0));
#7581=CARTESIAN_POINT('',(-1.34960064E0,4.09859988E0,-4.41148E0));
#7582=VERTEX_POINT('',#7580);
#7583=VERTEX_POINT('',#7581);
#7584=CARTESIAN_POINT('',(-6.84960064E0,5.30956012E1,-4.1148E-1));
#7585=CARTESIAN_POINT('',(-1.34960064E0,5.30956012E1,-4.1148E-1));
#7586=VERTEX_POINT('',#7584);
#7587=VERTEX_POINT('',#7585);
#7588=CARTESIAN_POINT('',(-8.464960252E1,5.30956012E1,-4.1148E-1));
#7589=CARTESIAN_POINT('',(-7.914960252E1,5.30956012E1,-4.1148E-1));
#7590=VERTEX_POINT('',#7588);
#7591=VERTEX_POINT('',#7589);
#7592=CARTESIAN_POINT('',(-8.464960252E1,4.09859988E0,-4.1148E-1));
#7593=CARTESIAN_POINT('',(-7.914960252E1,4.09859988E0,-4.1148E-1));
#7594=VERTEX_POINT('',#7592);
#7595=VERTEX_POINT('',#7593);
#7596=CARTESIAN_POINT('',(-6.84960064E0,4.09859988E0,-4.1148E-1));
#7597=CARTESIAN_POINT('',(-1.34960064E0,4.09859988E0,-4.1148E-1));
#7598=VERTEX_POINT('',#7596);
#7599=VERTEX_POINT('',#7597);
#7600=CARTESIAN_POINT('',(-1.9496024E0,5.30956012E1,-4.1148E-1));
#7601=CARTESIAN_POINT('',(-6.24959888E0,5.30956012E1,-4.1148E-1));
#7602=VERTEX_POINT('',#7600);
#7603=VERTEX_POINT('',#7601);
#7604=CARTESIAN_POINT('',(-7.974960428E1,5.30956012E1,-4.1148E-1));
#7605=CARTESIAN_POINT('',(-8.404960076E1,5.30956012E1,-4.1148E-1));
#7606=VERTEX_POINT('',#7604);
#7607=VERTEX_POINT('',#7605);
#7608=CARTESIAN_POINT('',(-7.974960428E1,4.09859988E0,-4.1148E-1));
#7609=CARTESIAN_POINT('',(-8.404960076E1,4.09859988E0,-4.1148E-1));
#7610=VERTEX_POINT('',#7608);
#7611=VERTEX_POINT('',#7609);
#7612=CARTESIAN_POINT('',(-1.9496024E0,4.09859988E0,-4.1148E-1));
#7613=CARTESIAN_POINT('',(-6.24959888E0,4.09859988E0,-4.1148E-1));
#7614=VERTEX_POINT('',#7612);
#7615=VERTEX_POINT('',#7613);
#7616=CARTESIAN_POINT('',(-4.002480072E1,3.953600084E1,-2.71148E0));
#7617=CARTESIAN_POINT('',(-4.002480072E1,1.753600084E1,-2.71148E0));
#7618=VERTEX_POINT('',#7616);
#7619=VERTEX_POINT('',#7617);
#7620=CARTESIAN_POINT('',(-4.082480072E1,1.753600084E1,-2.71148E0));
#7621=VERTEX_POINT('',#7620);
#7622=CARTESIAN_POINT('',(-4.082480072E1,1.678600084E1,-2.71148E0));
#7623=VERTEX_POINT('',#7622);
#7624=CARTESIAN_POINT('',(-4.582480072E1,1.678600084E1,-2.71148E0));
#7625=VERTEX_POINT('',#7624);
#7626=CARTESIAN_POINT('',(-4.582480072E1,1.828600084E1,-2.71148E0));
#7627=VERTEX_POINT('',#7626);
#7628=CARTESIAN_POINT('',(-4.532480072E1,1.828600084E1,-2.71148E0));
#7629=VERTEX_POINT('',#7628);
#7630=CARTESIAN_POINT('',(-4.532480072E1,3.878600084E1,-2.71148E0));
#7631=VERTEX_POINT('',#7630);
#7632=CARTESIAN_POINT('',(-4.582480072E1,3.878600084E1,-2.71148E0));
#7633=VERTEX_POINT('',#7632);
#7634=CARTESIAN_POINT('',(-4.582480072E1,4.028600084E1,-2.71148E0));
#7635=VERTEX_POINT('',#7634);
#7636=CARTESIAN_POINT('',(-4.082480072E1,4.028600084E1,-2.71148E0));
#7637=VERTEX_POINT('',#7636);
#7638=CARTESIAN_POINT('',(-4.082480072E1,3.953600084E1,-2.71148E0));
#7639=VERTEX_POINT('',#7638);
#7640=CARTESIAN_POINT('',(-4.002480072E1,3.953600084E1,-4.1148E-1));
#7641=CARTESIAN_POINT('',(-4.002480072E1,1.753600084E1,-4.1148E-1));
#7642=VERTEX_POINT('',#7640);
#7643=VERTEX_POINT('',#7641);
#7644=CARTESIAN_POINT('',(-4.082480072E1,1.753600084E1,-4.1148E-1));
#7645=VERTEX_POINT('',#7644);
#7646=CARTESIAN_POINT('',(-4.082480072E1,1.678600084E1,-4.1148E-1));
#7647=VERTEX_POINT('',#7646);
#7648=CARTESIAN_POINT('',(-4.582480072E1,1.678600084E1,-4.1148E-1));
#7649=VERTEX_POINT('',#7648);
#7650=CARTESIAN_POINT('',(-4.582480072E1,1.828600084E1,-4.1148E-1));
#7651=VERTEX_POINT('',#7650);
#7652=CARTESIAN_POINT('',(-4.532480072E1,1.828600084E1,-4.1148E-1));
#7653=VERTEX_POINT('',#7652);
#7654=CARTESIAN_POINT('',(-4.532480072E1,3.878600084E1,-4.1148E-1));
#7655=VERTEX_POINT('',#7654);
#7656=CARTESIAN_POINT('',(-4.582480072E1,3.878600084E1,-4.1148E-1));
#7657=VERTEX_POINT('',#7656);
#7658=CARTESIAN_POINT('',(-4.582480072E1,4.028600084E1,-4.1148E-1));
#7659=VERTEX_POINT('',#7658);
#7660=CARTESIAN_POINT('',(-4.082480072E1,4.028600084E1,-4.1148E-1));
#7661=VERTEX_POINT('',#7660);
#7662=CARTESIAN_POINT('',(-4.082480072E1,3.953600084E1,-4.1148E-1));
#7663=VERTEX_POINT('',#7662);
#7664=CARTESIAN_POINT('',(-8.42E1,1.50000244E0,5.38852E0));
#7665=CARTESIAN_POINT('',(-1.2E0,1.50000244E0,5.38852E0));
#7666=VERTEX_POINT('',#7664);
#7667=VERTEX_POINT('',#7665);
#7668=CARTESIAN_POINT('',(-1.2E0,5.600000244E1,5.38852E0));
#7669=VERTEX_POINT('',#7668);
#7670=CARTESIAN_POINT('',(-8.42E1,5.600000244E1,5.38852E0));
#7671=VERTEX_POINT('',#7670);
#7672=CARTESIAN_POINT('',(-1.9496024E0,5.30956012E1,1.18852E0));
#7673=CARTESIAN_POINT('',(-6.24959888E0,5.30956012E1,1.18852E0));
#7674=VERTEX_POINT('',#7672);
#7675=VERTEX_POINT('',#7673);
#7676=CARTESIAN_POINT('',(-6.24959888E0,4.09859988E0,1.18852E0));
#7677=CARTESIAN_POINT('',(-1.9496024E0,4.09859988E0,1.18852E0));
#7678=VERTEX_POINT('',#7676);
#7679=VERTEX_POINT('',#7677);
#7680=CARTESIAN_POINT('',(-7.974960428E1,5.30956012E1,1.18852E0));
#7681=VERTEX_POINT('',#7680);
#7682=CARTESIAN_POINT('',(-7.974960428E1,4.09859988E0,1.18852E0));
#7683=VERTEX_POINT('',#7682);
#7684=CARTESIAN_POINT('',(-1.7E0,5.550000244E1,1.18852E0));
#7685=CARTESIAN_POINT('',(-1.7E0,2.00000244E0,1.18852E0));
#7686=VERTEX_POINT('',#7684);
#7687=VERTEX_POINT('',#7685);
#7688=CARTESIAN_POINT('',(-8.37E1,5.550000244E1,1.18852E0));
#7689=VERTEX_POINT('',#7688);
#7690=CARTESIAN_POINT('',(-1.7E0,5.550000244E1,3.18852E0));
#7691=CARTESIAN_POINT('',(-1.7E0,2.00000244E0,3.18852E0));
#7692=VERTEX_POINT('',#7690);
#7693=VERTEX_POINT('',#7691);
#7694=CARTESIAN_POINT('',(-8.37E1,2.00000244E0,3.18852E0));
#7695=VERTEX_POINT('',#7694);
#7696=CARTESIAN_POINT('',(-8.37E1,5.550000244E1,3.18852E0));
#7697=VERTEX_POINT('',#7696);
#7698=CARTESIAN_POINT('',(-8.37E1,2.00000244E0,1.18852E0));
#7699=VERTEX_POINT('',#7698);
#7700=CARTESIAN_POINT('',(-8.37E1,5.192041553551E1,1.18852E0));
#7701=CARTESIAN_POINT('',(-8.404960076E1,5.30956012E1,1.18852E0));
#7702=VERTEX_POINT('',#7700);
#7703=VERTEX_POINT('',#7701);
#7704=CARTESIAN_POINT('',(-8.37E1,5.427078686449E1,1.18852E0));
#7705=VERTEX_POINT('',#7704);
#7706=CARTESIAN_POINT('',(-8.143228975875E1,2.00000244E0,1.18852E0));
#7707=CARTESIAN_POINT('',(-8.236691528125E1,2.00000244E0,1.18852E0));
#7708=VERTEX_POINT('',#7706);
#7709=VERTEX_POINT('',#7707);
#7710=CARTESIAN_POINT('',(-8.37E1,2.923414215514E0,1.18852E0));
#7711=CARTESIAN_POINT('',(-8.404960076E1,4.09859988E0,1.18852E0));
#7712=VERTEX_POINT('',#7710);
#7713=VERTEX_POINT('',#7711);
#7714=CARTESIAN_POINT('',(-8.37E1,5.273785544486E0,1.18852E0));
#7715=VERTEX_POINT('',#7714);
#7716=CARTESIAN_POINT('',(-3.632287878748E0,2.00000244E0,1.18852E0));
#7717=CARTESIAN_POINT('',(-4.566913401252E0,2.00000244E0,1.18852E0));
#7718=VERTEX_POINT('',#7716);
#7719=VERTEX_POINT('',#7717);
#7720=CARTESIAN_POINT('',(-8.42E1,1.50000244E0,3.18852E0));
#7721=CARTESIAN_POINT('',(-1.2E0,1.50000244E0,3.18852E0));
#7722=VERTEX_POINT('',#7720);
#7723=VERTEX_POINT('',#7721);
#7724=CARTESIAN_POINT('',(-1.2E0,5.600000244E1,3.18852E0));
#7725=VERTEX_POINT('',#7724);
#7726=CARTESIAN_POINT('',(-8.42E1,5.600000244E1,3.18852E0));
#7727=VERTEX_POINT('',#7726);
#7728=CARTESIAN_POINT('',(-1.4E0,1.70000244E0,6.38852E0));
#7729=CARTESIAN_POINT('',(-1.4E0,5.580000244E1,6.38852E0));
#7730=VERTEX_POINT('',#7728);
#7731=VERTEX_POINT('',#7729);
#7732=CARTESIAN_POINT('',(-8.4E1,5.580000244E1,6.38852E0));
#7733=VERTEX_POINT('',#7732);
#7734=CARTESIAN_POINT('',(-8.4E1,1.70000244E0,6.38852E0));
#7735=VERTEX_POINT('',#7734);
#7736=CARTESIAN_POINT('',(-1.4E0,1.70000244E0,5.38852E0));
#7737=CARTESIAN_POINT('',(-1.4E0,5.580000244E1,5.38852E0));
#7738=VERTEX_POINT('',#7736);
#7739=VERTEX_POINT('',#7737);
#7740=CARTESIAN_POINT('',(-8.4E1,5.580000244E1,5.38852E0));
#7741=VERTEX_POINT('',#7740);
#7742=CARTESIAN_POINT('',(-8.4E1,1.70000244E0,5.38852E0));
#7743=VERTEX_POINT('',#7742);
#7744=CARTESIAN_POINT('',(-8.12E1,6.50000244E0,5.38852E0));
#7745=CARTESIAN_POINT('',(-8.12E1,5.100000244E1,5.38852E0));
#7746=VERTEX_POINT('',#7744);
#7747=VERTEX_POINT('',#7745);
#7748=CARTESIAN_POINT('',(-8.42E1,5.100000244E1,5.38852E0));
#7749=CARTESIAN_POINT('',(-8.4E1,5.100000244E1,5.38852E0));
#7750=VERTEX_POINT('',#7748);
#7751=VERTEX_POINT('',#7749);
#7752=CARTESIAN_POINT('',(-8.42E1,6.50000244E0,5.38852E0));
#7753=CARTESIAN_POINT('',(-8.4E1,6.50000244E0,5.38852E0));
#7754=VERTEX_POINT('',#7752);
#7755=VERTEX_POINT('',#7753);
#7756=CARTESIAN_POINT('',(-8.42E1,5.100000244E1,3.18852E0));
#7757=VERTEX_POINT('',#7756);
#7758=CARTESIAN_POINT('',(-8.42E1,6.50000244E0,3.18852E0));
#7759=VERTEX_POINT('',#7758);
#7760=CARTESIAN_POINT('',(-5.746678046047E1,3.878600084E1,1.874947640472E0));
#7761=CARTESIAN_POINT('',(-5.676488363670E1,3.878600084E1,-2.885414194166E-1));
#7762=VERTEX_POINT('',#7760);
#7763=VERTEX_POINT('',#7761);
#7764=CARTESIAN_POINT('',(-5.519541382652E1,3.878600084E1,-1.429361181257E0));
#7765=VERTEX_POINT('',#7764);
#7766=CARTESIAN_POINT('',(-5.519541382652E1,3.878600084E1,-1.279361181257E0));
#7767=CARTESIAN_POINT('',(-5.662220456305E1,3.878600084E1,-2.422523068566E-1));
#7768=VERTEX_POINT('',#7766);
#7769=VERTEX_POINT('',#7767);
#7770=CARTESIAN_POINT('',(-5.732410138682E1,3.878600084E1,1.921236753032E0));
#7771=VERTEX_POINT('',#7770);
#7772=CARTESIAN_POINT('',(-5.746678046047E1,1.828600084E1,1.874947640472E0));
#7773=CARTESIAN_POINT('',(-5.676488363670E1,1.828600084E1,-2.885414194166E-1));
#7774=VERTEX_POINT('',#7772);
#7775=VERTEX_POINT('',#7773);
#7776=CARTESIAN_POINT('',(-5.519541382652E1,1.828600084E1,-1.429361181257E0));
#7777=VERTEX_POINT('',#7776);
#7778=CARTESIAN_POINT('',(-5.519541382652E1,1.828600084E1,-1.279361181257E0));
#7779=CARTESIAN_POINT('',(-5.662220456305E1,1.828600084E1,-2.422523068566E-1));
#7780=VERTEX_POINT('',#7778);
#7781=VERTEX_POINT('',#7779);
#7782=CARTESIAN_POINT('',(-5.732410138682E1,1.828600084E1,1.921236753032E0));
#7783=VERTEX_POINT('',#7782);
#7784=CARTESIAN_POINT('',(-4.582480072E1,1.828600084E1,-1.279361181257E0));
#7785=CARTESIAN_POINT('',(-4.582480072E1,1.828600084E1,-1.429361181257E0));
#7786=VERTEX_POINT('',#7784);
#7787=VERTEX_POINT('',#7785);
#7788=CARTESIAN_POINT('',(-4.532480072E1,1.828600084E1,-1.429361181257E0));
#7789=VERTEX_POINT('',#7788);
#7790=CARTESIAN_POINT('',(-4.532480072E1,1.828600084E1,-1.279361181257E0));
#7791=VERTEX_POINT('',#7790);
#7792=CARTESIAN_POINT('',(-4.532480072E1,3.878600084E1,-1.429361181257E0));
#7793=VERTEX_POINT('',#7792);
#7794=CARTESIAN_POINT('',(-4.532480072E1,3.878600084E1,-1.279361181257E0));
#7795=VERTEX_POINT('',#7794);
#7796=CARTESIAN_POINT('',(-4.582480072E1,3.878600084E1,-1.429361181257E0));
#7797=VERTEX_POINT('',#7796);
#7798=CARTESIAN_POINT('',(-4.582480072E1,3.878600084E1,-1.279361181257E0));
#7799=VERTEX_POINT('',#7798);
#7800=CARTESIAN_POINT('',(-5.830479579849E1,3.878600084E1,2.484086122864E0));
#7801=VERTEX_POINT('',#7800);
#7802=CARTESIAN_POINT('',(-5.830479579849E1,3.878600084E1,2.634086122864E0));
#7803=VERTEX_POINT('',#7802);
#7804=CARTESIAN_POINT('',(-5.830479579849E1,1.828600084E1,2.484086122864E0));
#7805=VERTEX_POINT('',#7804);
#7806=CARTESIAN_POINT('',(-5.830479579849E1,1.828600084E1,2.634086122864E0));
#7807=VERTEX_POINT('',#7806);
#7808=CARTESIAN_POINT('',(-1.37E1,5.100000244E1,3.18852E0));
#7809=CARTESIAN_POINT('',(-1.37E1,5.100000244E1,1.18852E0));
#7810=VERTEX_POINT('',#7808);
#7811=VERTEX_POINT('',#7809);
#7812=CARTESIAN_POINT('',(-1.37E1,6.50000244E0,1.18852E0));
#7813=VERTEX_POINT('',#7812);
#7814=CARTESIAN_POINT('',(-1.37E1,6.50000244E0,3.18852E0));
#7815=VERTEX_POINT('',#7814);
#7816=CARTESIAN_POINT('',(-8.141902134154E1,5.100000244E1,1.18852E0));
#7817=CARTESIAN_POINT('',(-8.238018369846E1,5.100000244E1,1.18852E0));
#7818=VERTEX_POINT('',#7816);
#7819=VERTEX_POINT('',#7817);
#7820=CARTESIAN_POINT('',(-5.582480072E1,4.061370084E1,1.18852E0));
#7821=CARTESIAN_POINT('',(-5.943160072E1,4.061370084E1,1.18852E0));
#7822=VERTEX_POINT('',#7820);
#7823=VERTEX_POINT('',#7821);
#7824=CARTESIAN_POINT('',(-5.943160072E1,1.645830084E1,1.18852E0));
#7825=VERTEX_POINT('',#7824);
#7826=CARTESIAN_POINT('',(-5.582480072E1,1.645830084E1,1.18852E0));
#7827=VERTEX_POINT('',#7826);
#7828=CARTESIAN_POINT('',(-8.37E1,5.100000244E1,1.18852E0));
#7829=CARTESIAN_POINT('',(-8.37E1,5.100000244E1,3.18852E0));
#7830=VERTEX_POINT('',#7828);
#7831=VERTEX_POINT('',#7829);
#7832=CARTESIAN_POINT('',(-8.37E1,6.50000244E0,1.18852E0));
#7833=CARTESIAN_POINT('',(-8.37E1,6.50000244E0,3.18852E0));
#7834=VERTEX_POINT('',#7832);
#7835=VERTEX_POINT('',#7833);
#7836=CARTESIAN_POINT('',(-8.12E1,5.100000244E1,3.18852E0));
#7837=CARTESIAN_POINT('',(-8.12E1,6.50000244E0,3.18852E0));
#7838=VERTEX_POINT('',#7836);
#7839=VERTEX_POINT('',#7837);
#7840=VERTEX_POINT('',#1933);
#7841=VERTEX_POINT('',#1941);
#7842=CARTESIAN_POINT('',(-8.065437939788E1,8.53600084E0,2.634086122864E0));
#7843=VERTEX_POINT('',#7842);
#7844=CARTESIAN_POINT('',(-8.065437939788E1,8.53600084E0,2.484086122864E0));
#7845=VERTEX_POINT('',#7844);
#7846=CARTESIAN_POINT('',(-8.293939676169E1,8.53600084E0,2.484086122864E0));
#7847=VERTEX_POINT('',#7846);
#7848=VERTEX_POINT('',#1987);
#7849=VERTEX_POINT('',#2059);
#7850=VERTEX_POINT('',#2067);
#7851=CARTESIAN_POINT('',(-8.065437939788E1,4.253600084E1,2.634086122864E0));
#7852=VERTEX_POINT('',#7851);
#7853=CARTESIAN_POINT('',(-8.065437939788E1,4.253600084E1,2.484086122864E0));
#7854=VERTEX_POINT('',#7853);
#7855=CARTESIAN_POINT('',(-8.293939676169E1,4.253600084E1,2.484086122864E0));
#7856=VERTEX_POINT('',#7855);
#7857=VERTEX_POINT('',#2033);
#7858=CARTESIAN_POINT('',(-8.12E1,8.53600084E0,4.756223518087E0));
#7859=CARTESIAN_POINT('',(-8.12E1,8.53600084E0,4.906223518087E0));
#7860=VERTEX_POINT('',#7858);
#7861=VERTEX_POINT('',#7859);
#7862=CARTESIAN_POINT('',(-8.12E1,4.253600084E1,4.756223518087E0));
#7863=CARTESIAN_POINT('',(-8.12E1,4.253600084E1,4.906223518087E0));
#7864=VERTEX_POINT('',#7862);
#7865=VERTEX_POINT('',#7863);
#7866=CARTESIAN_POINT('',(-8.065437939788E1,3.878600084E1,2.634086122864E0));
#7867=CARTESIAN_POINT('',(-8.065437939788E1,3.878600084E1,2.484086122864E0));
#7868=VERTEX_POINT('',#7866);
#7869=VERTEX_POINT('',#7867);
#7870=VERTEX_POINT('',#2100);
#7871=VERTEX_POINT('',#2120);
#7872=CARTESIAN_POINT('',(-8.065437939788E1,1.828600084E1,2.634086122864E0));
#7873=CARTESIAN_POINT('',(-8.065437939788E1,1.828600084E1,2.484086122864E0));
#7874=VERTEX_POINT('',#7872);
#7875=VERTEX_POINT('',#7873);
#7876=VERTEX_POINT('',#2132);
#7877=VERTEX_POINT('',#2152);
#7878=CARTESIAN_POINT('',(-7.704E1,5.323000244E1,6.33852E0));
#7879=CARTESIAN_POINT('',(-7.704E1,4.27000244E0,6.33852E0));
#7880=VERTEX_POINT('',#7878);
#7881=VERTEX_POINT('',#7879);
#7882=CARTESIAN_POINT('',(-3.6E0,4.27000244E0,6.33852E0));
#7883=VERTEX_POINT('',#7882);
#7884=CARTESIAN_POINT('',(-3.6E0,5.323000244E1,6.33852E0));
#7885=VERTEX_POINT('',#7884);
#7886=CARTESIAN_POINT('',(-7.704E1,5.323000244E1,6.38852E0));
#7887=CARTESIAN_POINT('',(-7.704E1,4.27000244E0,6.38852E0));
#7888=VERTEX_POINT('',#7886);
#7889=VERTEX_POINT('',#7887);
#7890=CARTESIAN_POINT('',(-3.6E0,4.27000244E0,6.38852E0));
#7891=VERTEX_POINT('',#7890);
#7892=CARTESIAN_POINT('',(-3.6E0,5.323000244E1,6.38852E0));
#7893=VERTEX_POINT('',#7892);
#7894=CARTESIAN_POINT('',(0.E0,0.E0,-4.1148E-1));
#7895=DIRECTION('',(0.E0,0.E0,-1.E0));
#7896=DIRECTION('',(-1.E0,0.E0,0.E0));
#7897=AXIS2_PLACEMENT_3D('',#7894,#7895,#7896);
#7898=PLANE('',#7897);
#7900=ORIENTED_EDGE('',*,*,#7899,.F.);
#7902=ORIENTED_EDGE('',*,*,#7901,.F.);
#7904=ORIENTED_EDGE('',*,*,#7903,.F.);
#7906=ORIENTED_EDGE('',*,*,#7905,.F.);
#7908=ORIENTED_EDGE('',*,*,#7907,.F.);
#7910=ORIENTED_EDGE('',*,*,#7909,.F.);
#7912=ORIENTED_EDGE('',*,*,#7911,.F.);
#7914=ORIENTED_EDGE('',*,*,#7913,.F.);
#7916=ORIENTED_EDGE('',*,*,#7915,.F.);
#7918=ORIENTED_EDGE('',*,*,#7917,.F.);
#7920=ORIENTED_EDGE('',*,*,#7919,.F.);
#7922=ORIENTED_EDGE('',*,*,#7921,.F.);
#7924=ORIENTED_EDGE('',*,*,#7923,.F.);
#7926=ORIENTED_EDGE('',*,*,#7925,.F.);
#7928=ORIENTED_EDGE('',*,*,#7927,.F.);
#7930=ORIENTED_EDGE('',*,*,#7929,.F.);
#7931=EDGE_LOOP('',(#7900,#7902,#7904,#7906,#7908,#7910,#7912,#7914,#7916,#7918,
#7920,#7922,#7924,#7926,#7928,#7930));
#7932=FACE_OUTER_BOUND('',#7931,.F.);
#7934=ORIENTED_EDGE('',*,*,#7933,.F.);
#7936=ORIENTED_EDGE('',*,*,#7935,.F.);
#7938=ORIENTED_EDGE('',*,*,#7937,.F.);
#7940=ORIENTED_EDGE('',*,*,#7939,.F.);
#7941=EDGE_LOOP('',(#7934,#7936,#7938,#7940));
#7942=FACE_BOUND('',#7941,.F.);
#7944=ORIENTED_EDGE('',*,*,#7943,.T.);
#7946=ORIENTED_EDGE('',*,*,#7945,.T.);
#7948=ORIENTED_EDGE('',*,*,#7947,.T.);
#7950=ORIENTED_EDGE('',*,*,#7949,.T.);
#7952=ORIENTED_EDGE('',*,*,#7951,.T.);
#7954=ORIENTED_EDGE('',*,*,#7953,.T.);
#7955=EDGE_LOOP('',(#7944,#7946,#7948,#7950,#7952,#7954));
#7956=FACE_BOUND('',#7955,.F.);
#7958=ORIENTED_EDGE('',*,*,#7957,.T.);
#7960=ORIENTED_EDGE('',*,*,#7959,.T.);
#7962=ORIENTED_EDGE('',*,*,#7961,.T.);
#7964=ORIENTED_EDGE('',*,*,#7963,.T.);
#7965=EDGE_LOOP('',(#7958,#7960,#7962,#7964));
#7966=FACE_BOUND('',#7965,.F.);
#7968=ORIENTED_EDGE('',*,*,#7967,.T.);
#7970=ORIENTED_EDGE('',*,*,#7969,.T.);
#7972=ORIENTED_EDGE('',*,*,#7971,.T.);
#7974=ORIENTED_EDGE('',*,*,#7973,.T.);
#7975=EDGE_LOOP('',(#7968,#7970,#7972,#7974));
#7976=FACE_BOUND('',#7975,.F.);
#7978=ORIENTED_EDGE('',*,*,#7977,.T.);
#7980=ORIENTED_EDGE('',*,*,#7979,.T.);
#7982=ORIENTED_EDGE('',*,*,#7981,.T.);
#7984=ORIENTED_EDGE('',*,*,#7983,.T.);
#7985=EDGE_LOOP('',(#7978,#7980,#7982,#7984));
#7986=FACE_BOUND('',#7985,.F.);
#7988=ORIENTED_EDGE('',*,*,#7987,.T.);
#7990=ORIENTED_EDGE('',*,*,#7989,.T.);
#7991=EDGE_LOOP('',(#7988,#7990));
#7992=FACE_BOUND('',#7991,.F.);
#7994=ORIENTED_EDGE('',*,*,#7993,.T.);
#7996=ORIENTED_EDGE('',*,*,#7995,.T.);
#7997=EDGE_LOOP('',(#7994,#7996));
#7998=FACE_BOUND('',#7997,.F.);
#8000=ORIENTED_EDGE('',*,*,#7999,.T.);
#8002=ORIENTED_EDGE('',*,*,#8001,.T.);
#8003=EDGE_LOOP('',(#8000,#8002));
#8004=FACE_BOUND('',#8003,.F.);
#8006=ORIENTED_EDGE('',*,*,#8005,.T.);
#8008=ORIENTED_EDGE('',*,*,#8007,.T.);
#8009=EDGE_LOOP('',(#8006,#8008));
#8010=FACE_BOUND('',#8009,.F.);
#8012=ORIENTED_EDGE('',*,*,#8011,.T.);
#8014=ORIENTED_EDGE('',*,*,#8013,.T.);
#8016=ORIENTED_EDGE('',*,*,#8015,.T.);
#8018=ORIENTED_EDGE('',*,*,#8017,.T.);
#8020=ORIENTED_EDGE('',*,*,#8019,.T.);
#8022=ORIENTED_EDGE('',*,*,#8021,.T.);
#8024=ORIENTED_EDGE('',*,*,#8023,.T.);
#8026=ORIENTED_EDGE('',*,*,#8025,.T.);
#8028=ORIENTED_EDGE('',*,*,#8027,.T.);
#8030=ORIENTED_EDGE('',*,*,#8029,.T.);
#8032=ORIENTED_EDGE('',*,*,#8031,.T.);
#8034=ORIENTED_EDGE('',*,*,#8033,.T.);
#8035=EDGE_LOOP('',(#8012,#8014,#8016,#8018,#8020,#8022,#8024,#8026,#8028,#8030,
#8032,#8034));
#8036=FACE_BOUND('',#8035,.F.);
#8037=ADVANCED_FACE('',(#7932,#7942,#7956,#7966,#7976,#7986,#7992,#7998,#8004,
#8010,#8036),#7898,.T.);
#8038=FILL_AREA_STYLE_COLOUR('',#6);
#8039=FILL_AREA_STYLE('',(#8038));
#8040=SURFACE_STYLE_FILL_AREA(#8039);
#8041=SURFACE_SIDE_STYLE('',(#8040));
#8042=SURFACE_STYLE_USAGE(.POSITIVE.,#8041);
#8043=FILL_AREA_STYLE_COLOUR('',#9);
#8044=FILL_AREA_STYLE('',(#8043));
#8045=SURFACE_STYLE_FILL_AREA(#8044);
#8046=SURFACE_SIDE_STYLE('',(#8045));
#8047=SURFACE_STYLE_USAGE(.NEGATIVE.,#8046);
#8048=PRESENTATION_STYLE_ASSIGNMENT((#8042,#8047));
#8049=OVER_RIDING_STYLED_ITEM('',(#8048),#8037,#38);
#8050=CARTESIAN_POINT('',(-3.8641401E1,5.720000244E1,-4.1148E-1));
#8051=DIRECTION('',(0.E0,1.E0,0.E0));
#8052=DIRECTION('',(1.E0,0.E0,0.E0));
#8053=AXIS2_PLACEMENT_3D('',#8050,#8051,#8052);
#8054=PLANE('',#8053);
#8055=ORIENTED_EDGE('',*,*,#7899,.T.);
#8057=ORIENTED_EDGE('',*,*,#8056,.T.);
#8059=ORIENTED_EDGE('',*,*,#8058,.F.);
#8061=ORIENTED_EDGE('',*,*,#8060,.F.);
#8062=EDGE_LOOP('',(#8055,#8057,#8059,#8061));
#8063=FACE_OUTER_BOUND('',#8062,.F.);
#8064=ADVANCED_FACE('',(#8063),#8054,.T.);
#8065=FILL_AREA_STYLE_COLOUR('',#6);
#8066=FILL_AREA_STYLE('',(#8065));
#8067=SURFACE_STYLE_FILL_AREA(#8066);
#8068=SURFACE_SIDE_STYLE('',(#8067));
#8069=SURFACE_STYLE_USAGE(.POSITIVE.,#8068);
#8070=FILL_AREA_STYLE_COLOUR('',#9);
#8071=FILL_AREA_STYLE('',(#8070));
#8072=SURFACE_STYLE_FILL_AREA(#8071);
#8073=SURFACE_SIDE_STYLE('',(#8072));
#8074=SURFACE_STYLE_USAGE(.NEGATIVE.,#8073);
#8075=PRESENTATION_STYLE_ASSIGNMENT((#8069,#8074));
#8076=OVER_RIDING_STYLED_ITEM('',(#8075),#8064,#38);
#8077=CARTESIAN_POINT('',(-1.000023493772E0,5.619997894623E1,-4.1148E-1));
#8078=DIRECTION('',(0.E0,0.E0,-1.E0));
#8079=DIRECTION('',(-1.E0,0.E0,0.E0));
#8080=AXIS2_PLACEMENT_3D('',#8077,#8078,#8079);
#8081=CYLINDRICAL_SURFACE('',#8080,1.000023493802E0);
#8082=ORIENTED_EDGE('',*,*,#7929,.T.);
#8084=ORIENTED_EDGE('',*,*,#8083,.T.);
#8086=ORIENTED_EDGE('',*,*,#8085,.F.);
#8087=ORIENTED_EDGE('',*,*,#8056,.F.);
#8088=EDGE_LOOP('',(#8082,#8084,#8086,#8087));
#8089=FACE_OUTER_BOUND('',#8088,.F.);
#8090=ADVANCED_FACE('',(#8089),#8081,.T.);
#8091=FILL_AREA_STYLE_COLOUR('',#6);
#8092=FILL_AREA_STYLE('',(#8091));
#8093=SURFACE_STYLE_FILL_AREA(#8092);
#8094=SURFACE_SIDE_STYLE('',(#8093));
#8095=SURFACE_STYLE_USAGE(.POSITIVE.,#8094);
#8096=FILL_AREA_STYLE_COLOUR('',#9);
#8097=FILL_AREA_STYLE('',(#8096));
#8098=SURFACE_STYLE_FILL_AREA(#8097);
#8099=SURFACE_SIDE_STYLE('',(#8098));
#8100=SURFACE_STYLE_USAGE(.NEGATIVE.,#8099);
#8101=PRESENTATION_STYLE_ASSIGNMENT((#8095,#8100));
#8102=OVER_RIDING_STYLED_ITEM('',(#8101),#8090,#38);
#8103=CARTESIAN_POINT('',(0.E0,5.619998666E1,-4.1148E-1));
#8104=DIRECTION('',(1.E0,0.E0,0.E0));
#8105=DIRECTION('',(0.E0,-1.E0,0.E0));
#8106=AXIS2_PLACEMENT_3D('',#8103,#8104,#8105);
#8107=PLANE('',#8106);
#8108=ORIENTED_EDGE('',*,*,#7927,.T.);
#8110=ORIENTED_EDGE('',*,*,#8109,.T.);
#8112=ORIENTED_EDGE('',*,*,#8111,.F.);
#8113=ORIENTED_EDGE('',*,*,#8083,.F.);
#8114=EDGE_LOOP('',(#8108,#8110,#8112,#8113));
#8115=FACE_OUTER_BOUND('',#8114,.F.);
#8116=ADVANCED_FACE('',(#8115),#8107,.T.);
#8117=FILL_AREA_STYLE_COLOUR('',#6);
#8118=FILL_AREA_STYLE('',(#8117));
#8119=SURFACE_STYLE_FILL_AREA(#8118);
#8120=SURFACE_SIDE_STYLE('',(#8119));
#8121=SURFACE_STYLE_USAGE(.POSITIVE.,#8120);
#8122=FILL_AREA_STYLE_COLOUR('',#9);
#8123=FILL_AREA_STYLE('',(#8122));
#8124=SURFACE_STYLE_FILL_AREA(#8123);
#8125=SURFACE_SIDE_STYLE('',(#8124));
#8126=SURFACE_STYLE_USAGE(.NEGATIVE.,#8125);
#8127=PRESENTATION_STYLE_ASSIGNMENT((#8121,#8126));
#8128=OVER_RIDING_STYLED_ITEM('',(#8127),#8116,#38);
#8129=CARTESIAN_POINT('',(-9.999974775440E-1,9.999847775440E-1,-4.1148E-1));
#8130=DIRECTION('',(0.E0,0.E0,-1.E0));
#8131=DIRECTION('',(-1.E0,0.E0,0.E0));
#8132=AXIS2_PLACEMENT_3D('',#8129,#8130,#8131);
#8133=CYLINDRICAL_SURFACE('',#8132,9.999974775490E-1);
#8134=ORIENTED_EDGE('',*,*,#7925,.T.);
#8136=ORIENTED_EDGE('',*,*,#8135,.T.);
#8138=ORIENTED_EDGE('',*,*,#8137,.F.);
#8139=ORIENTED_EDGE('',*,*,#8109,.F.);
#8140=EDGE_LOOP('',(#8134,#8136,#8138,#8139));
#8141=FACE_OUTER_BOUND('',#8140,.F.);
#8142=ADVANCED_FACE('',(#8141),#8133,.T.);
#8143=FILL_AREA_STYLE_COLOUR('',#6);
#8144=FILL_AREA_STYLE('',(#8143));
#8145=SURFACE_STYLE_FILL_AREA(#8144);
#8146=SURFACE_SIDE_STYLE('',(#8145));
#8147=SURFACE_STYLE_USAGE(.POSITIVE.,#8146);
#8148=FILL_AREA_STYLE_COLOUR('',#9);
#8149=FILL_AREA_STYLE('',(#8148));
#8150=SURFACE_STYLE_FILL_AREA(#8149);
#8151=SURFACE_SIDE_STYLE('',(#8150));
#8152=SURFACE_STYLE_USAGE(.NEGATIVE.,#8151);
#8153=PRESENTATION_STYLE_ASSIGNMENT((#8147,#8152));
#8154=OVER_RIDING_STYLED_ITEM('',(#8153),#8142,#38);
#8155=CARTESIAN_POINT('',(-1.00000054E0,-1.27E-5,-4.1148E-1));
#8156=DIRECTION('',(-1.511904539799E-7,-1.E0,0.E0));
#8157=DIRECTION('',(-1.E0,1.511904539799E-7,0.E0));
#8158=AXIS2_PLACEMENT_3D('',#8155,#8156,#8157);
#8159=PLANE('',#8158);
#8160=ORIENTED_EDGE('',*,*,#7923,.T.);
#8162=ORIENTED_EDGE('',*,*,#8161,.T.);
#8164=ORIENTED_EDGE('',*,*,#8163,.F.);
#8165=ORIENTED_EDGE('',*,*,#8135,.F.);
#8166=EDGE_LOOP('',(#8160,#8162,#8164,#8165));
#8167=FACE_OUTER_BOUND('',#8166,.F.);
#8168=ADVANCED_FACE('',(#8167),#8159,.T.);
#8169=FILL_AREA_STYLE_COLOUR('',#6);
#8170=FILL_AREA_STYLE('',(#8169));
#8171=SURFACE_STYLE_FILL_AREA(#8170);
#8172=SURFACE_SIDE_STYLE('',(#8171));
#8173=SURFACE_STYLE_USAGE(.POSITIVE.,#8172);
#8174=FILL_AREA_STYLE_COLOUR('',#9);
#8175=FILL_AREA_STYLE('',(#8174));
#8176=SURFACE_STYLE_FILL_AREA(#8175);
#8177=SURFACE_SIDE_STYLE('',(#8176));
#8178=SURFACE_STYLE_USAGE(.NEGATIVE.,#8177);
#8179=PRESENTATION_STYLE_ASSIGNMENT((#8173,#8178));
#8180=OVER_RIDING_STYLED_ITEM('',(#8179),#8168,#38);
#8181=CARTESIAN_POINT('',(-8.500003762224E1,9.999757975200E-1,-4.1148E-1));
#8182=DIRECTION('',(0.E0,0.E0,-1.E0));
#8183=DIRECTION('',(-1.E0,0.E0,0.E0));
#8184=AXIS2_PLACEMENT_3D('',#8181,#8182,#8183);
#8185=CYLINDRICAL_SURFACE('',#8184,9.999757978260E-1);
#8186=ORIENTED_EDGE('',*,*,#7921,.T.);
#8188=ORIENTED_EDGE('',*,*,#8187,.T.);
#8190=ORIENTED_EDGE('',*,*,#8189,.F.);
#8191=ORIENTED_EDGE('',*,*,#8161,.F.);
#8192=EDGE_LOOP('',(#8186,#8188,#8190,#8191));
#8193=FACE_OUTER_BOUND('',#8192,.F.);
#8194=ADVANCED_FACE('',(#8193),#8185,.T.);
#8195=FILL_AREA_STYLE_COLOUR('',#6);
#8196=FILL_AREA_STYLE('',(#8195));
#8197=SURFACE_STYLE_FILL_AREA(#8196);
#8198=SURFACE_SIDE_STYLE('',(#8197));
#8199=SURFACE_STYLE_USAGE(.POSITIVE.,#8198);
#8200=FILL_AREA_STYLE_COLOUR('',#9);
#8201=FILL_AREA_STYLE('',(#8200));
#8202=SURFACE_STYLE_FILL_AREA(#8201);
#8203=SURFACE_SIDE_STYLE('',(#8202));
#8204=SURFACE_STYLE_USAGE(.NEGATIVE.,#8203);
#8205=PRESENTATION_STYLE_ASSIGNMENT((#8199,#8204));
#8206=OVER_RIDING_STYLED_ITEM('',(#8205),#8194,#38);
#8207=CARTESIAN_POINT('',(-8.600001342E1,9.9998784E-1,-4.1148E-1));
#8208=DIRECTION('',(-1.E0,0.E0,0.E0));
#8209=DIRECTION('',(0.E0,1.E0,0.E0));
#8210=AXIS2_PLACEMENT_3D('',#8207,#8208,#8209);
#8211=PLANE('',#8210);
#8212=ORIENTED_EDGE('',*,*,#7919,.T.);
#8214=ORIENTED_EDGE('',*,*,#8213,.T.);
#8216=ORIENTED_EDGE('',*,*,#8215,.F.);
#8217=ORIENTED_EDGE('',*,*,#8187,.F.);
#8218=EDGE_LOOP('',(#8212,#8214,#8216,#8217));
#8219=FACE_OUTER_BOUND('',#8218,.F.);
#8220=ADVANCED_FACE('',(#8219),#8211,.T.);
#8221=FILL_AREA_STYLE_COLOUR('',#6);
#8222=FILL_AREA_STYLE('',(#8221));
#8223=SURFACE_STYLE_FILL_AREA(#8222);
#8224=SURFACE_SIDE_STYLE('',(#8223));
#8225=SURFACE_STYLE_USAGE(.POSITIVE.,#8224);
#8226=FILL_AREA_STYLE_COLOUR('',#9);
#8227=FILL_AREA_STYLE('',(#8226));
#8228=SURFACE_STYLE_FILL_AREA(#8227);
#8229=SURFACE_SIDE_STYLE('',(#8228));
#8230=SURFACE_STYLE_USAGE(.NEGATIVE.,#8229);
#8231=PRESENTATION_STYLE_ASSIGNMENT((#8225,#8230));
#8232=OVER_RIDING_STYLED_ITEM('',(#8231),#8220,#38);
#8233=CARTESIAN_POINT('',(-8.500001594245E1,5.620000496246E1,-4.1148E-1));
#8234=DIRECTION('',(0.E0,0.E0,-1.E0));
#8235=DIRECTION('',(-1.E0,0.E0,0.E0));
#8236=AXIS2_PLACEMENT_3D('',#8233,#8234,#8235);
#8237=CYLINDRICAL_SURFACE('',#8236,9.999974775490E-1);
#8238=ORIENTED_EDGE('',*,*,#7917,.T.);
#8240=ORIENTED_EDGE('',*,*,#8239,.T.);
#8242=ORIENTED_EDGE('',*,*,#8241,.F.);
#8243=ORIENTED_EDGE('',*,*,#8213,.F.);
#8244=EDGE_LOOP('',(#8238,#8240,#8242,#8243));
#8245=FACE_OUTER_BOUND('',#8244,.F.);
#8246=ADVANCED_FACE('',(#8245),#8237,.T.);
#8247=CARTESIAN_POINT('',(-8.500001288E1,5.720000244E1,-4.1148E-1));
#8248=DIRECTION('',(0.E0,1.E0,0.E0));
#8249=DIRECTION('',(1.E0,0.E0,0.E0));
#8250=AXIS2_PLACEMENT_3D('',#8247,#8248,#8249);
#8251=PLANE('',#8250);
#8252=ORIENTED_EDGE('',*,*,#7915,.T.);
#8254=ORIENTED_EDGE('',*,*,#8253,.T.);
#8256=ORIENTED_EDGE('',*,*,#8255,.F.);
#8257=ORIENTED_EDGE('',*,*,#8239,.F.);
#8258=EDGE_LOOP('',(#8252,#8254,#8256,#8257));
#8259=FACE_OUTER_BOUND('',#8258,.F.);
#8260=ADVANCED_FACE('',(#8259),#8251,.T.);
#8261=FILL_AREA_STYLE_COLOUR('',#6);
#8262=FILL_AREA_STYLE('',(#8261));
#8263=SURFACE_STYLE_FILL_AREA(#8262);
#8264=SURFACE_SIDE_STYLE('',(#8263));
#8265=SURFACE_STYLE_USAGE(.POSITIVE.,#8264);
#8266=FILL_AREA_STYLE_COLOUR('',#9);
#8267=FILL_AREA_STYLE('',(#8266));
#8268=SURFACE_STYLE_FILL_AREA(#8267);
#8269=SURFACE_SIDE_STYLE('',(#8268));
#8270=SURFACE_STYLE_USAGE(.NEGATIVE.,#8269);
#8271=PRESENTATION_STYLE_ASSIGNMENT((#8265,#8270));
#8272=OVER_RIDING_STYLED_ITEM('',(#8271),#8260,#38);
#8273=CARTESIAN_POINT('',(-7.695139804E1,5.720000244E1,-4.1148E-1));
#8274=DIRECTION('',(7.071067811865E-1,7.071067811866E-1,0.E0));
#8275=DIRECTION('',(7.071067811866E-1,-7.071067811865E-1,0.E0));
#8276=AXIS2_PLACEMENT_3D('',#8273,#8274,#8275);
#8277=PLANE('',#8276);
#8278=ORIENTED_EDGE('',*,*,#7913,.T.);
#8280=ORIENTED_EDGE('',*,*,#8279,.T.);
#8282=ORIENTED_EDGE('',*,*,#8281,.F.);
#8283=ORIENTED_EDGE('',*,*,#8253,.F.);
#8284=EDGE_LOOP('',(#8278,#8280,#8282,#8283));
#8285=FACE_OUTER_BOUND('',#8284,.F.);
#8286=ADVANCED_FACE('',(#8285),#8277,.T.);
#8287=FILL_AREA_STYLE_COLOUR('',#6);
#8288=FILL_AREA_STYLE('',(#8287));
#8289=SURFACE_STYLE_FILL_AREA(#8288);
#8290=SURFACE_SIDE_STYLE('',(#8289));
#8291=SURFACE_STYLE_USAGE(.POSITIVE.,#8290);
#8292=FILL_AREA_STYLE_COLOUR('',#9);
#8293=FILL_AREA_STYLE('',(#8292));
#8294=SURFACE_STYLE_FILL_AREA(#8293);
#8295=SURFACE_SIDE_STYLE('',(#8294));
#8296=SURFACE_STYLE_USAGE(.NEGATIVE.,#8295);
#8297=PRESENTATION_STYLE_ASSIGNMENT((#8291,#8296));
#8298=OVER_RIDING_STYLED_ITEM('',(#8297),#8286,#38);
#8299=CARTESIAN_POINT('',(-7.596702612E1,5.621563052E1,-4.1148E-1));
#8300=DIRECTION('',(0.E0,1.E0,0.E0));
#8301=DIRECTION('',(1.E0,0.E0,0.E0));
#8302=AXIS2_PLACEMENT_3D('',#8299,#8300,#8301);
#8303=PLANE('',#8302);
#8304=ORIENTED_EDGE('',*,*,#7911,.T.);
#8306=ORIENTED_EDGE('',*,*,#8305,.T.);
#8308=ORIENTED_EDGE('',*,*,#8307,.F.);
#8309=ORIENTED_EDGE('',*,*,#8279,.F.);
#8310=EDGE_LOOP('',(#8304,#8306,#8308,#8309));
#8311=FACE_OUTER_BOUND('',#8310,.F.);
#8312=ADVANCED_FACE('',(#8311),#8303,.T.);
#8313=FILL_AREA_STYLE_COLOUR('',#6);
#8314=FILL_AREA_STYLE('',(#8313));
#8315=SURFACE_STYLE_FILL_AREA(#8314);
#8316=SURFACE_SIDE_STYLE('',(#8315));
#8317=SURFACE_STYLE_USAGE(.POSITIVE.,#8316);
#8318=FILL_AREA_STYLE_COLOUR('',#9);
#8319=FILL_AREA_STYLE('',(#8318));
#8320=SURFACE_STYLE_FILL_AREA(#8319);
#8321=SURFACE_SIDE_STYLE('',(#8320));
#8322=SURFACE_STYLE_USAGE(.NEGATIVE.,#8321);
#8323=PRESENTATION_STYLE_ASSIGNMENT((#8317,#8322));
#8324=OVER_RIDING_STYLED_ITEM('',(#8323),#8312,#38);
#8325=CARTESIAN_POINT('',(-6.204502704E1,5.621563052E1,-4.1148E-1));
#8326=DIRECTION('',(-7.071067811865E-1,7.071067811865E-1,0.E0));
#8327=DIRECTION('',(7.071067811865E-1,7.071067811865E-1,0.E0));
#8328=AXIS2_PLACEMENT_3D('',#8325,#8326,#8327);
#8329=PLANE('',#8328);
#8330=ORIENTED_EDGE('',*,*,#7909,.T.);
#8332=ORIENTED_EDGE('',*,*,#8331,.T.);
#8334=ORIENTED_EDGE('',*,*,#8333,.F.);
#8335=ORIENTED_EDGE('',*,*,#8305,.F.);
#8336=EDGE_LOOP('',(#8330,#8332,#8334,#8335));
#8337=FACE_OUTER_BOUND('',#8336,.F.);
#8338=ADVANCED_FACE('',(#8337),#8329,.T.);
#8339=FILL_AREA_STYLE_COLOUR('',#6);
#8340=FILL_AREA_STYLE('',(#8339));
#8341=SURFACE_STYLE_FILL_AREA(#8340);
#8342=SURFACE_SIDE_STYLE('',(#8341));
#8343=SURFACE_STYLE_USAGE(.POSITIVE.,#8342);
#8344=FILL_AREA_STYLE_COLOUR('',#9);
#8345=FILL_AREA_STYLE('',(#8344));
#8346=SURFACE_STYLE_FILL_AREA(#8345);
#8347=SURFACE_SIDE_STYLE('',(#8346));
#8348=SURFACE_STYLE_USAGE(.NEGATIVE.,#8347);
#8349=PRESENTATION_STYLE_ASSIGNMENT((#8343,#8348));
#8350=OVER_RIDING_STYLED_ITEM('',(#8349),#8338,#38);
#8351=CARTESIAN_POINT('',(-6.106065512E1,5.720000244E1,-4.1148E-1));
#8352=DIRECTION('',(0.E0,1.E0,0.E0));
#8353=DIRECTION('',(1.E0,0.E0,0.E0));
#8354=AXIS2_PLACEMENT_3D('',#8351,#8352,#8353);
#8355=PLANE('',#8354);
#8356=ORIENTED_EDGE('',*,*,#7907,.T.);
#8358=ORIENTED_EDGE('',*,*,#8357,.T.);
#8360=ORIENTED_EDGE('',*,*,#8359,.F.);
#8361=ORIENTED_EDGE('',*,*,#8331,.F.);
#8362=EDGE_LOOP('',(#8356,#8358,#8360,#8361));
#8363=FACE_OUTER_BOUND('',#8362,.F.);
#8364=ADVANCED_FACE('',(#8363),#8355,.T.);
#8365=FILL_AREA_STYLE_COLOUR('',#6);
#8366=FILL_AREA_STYLE('',(#8365));
#8367=SURFACE_STYLE_FILL_AREA(#8366);
#8368=SURFACE_SIDE_STYLE('',(#8367));
#8369=SURFACE_STYLE_USAGE(.POSITIVE.,#8368);
#8370=FILL_AREA_STYLE_COLOUR('',#9);
#8371=FILL_AREA_STYLE('',(#8370));
#8372=SURFACE_STYLE_FILL_AREA(#8371);
#8373=SURFACE_SIDE_STYLE('',(#8372));
#8374=SURFACE_STYLE_USAGE(.NEGATIVE.,#8373);
#8375=PRESENTATION_STYLE_ASSIGNMENT((#8369,#8374));
#8376=OVER_RIDING_STYLED_ITEM('',(#8375),#8364,#38);
#8377=CARTESIAN_POINT('',(-4.761532768E1,5.720000244E1,-4.1148E-1));
#8378=DIRECTION('',(7.071067811865E-1,7.071067811865E-1,0.E0));
#8379=DIRECTION('',(7.071067811865E-1,-7.071067811865E-1,0.E0));
#8380=AXIS2_PLACEMENT_3D('',#8377,#8378,#8379);
#8381=PLANE('',#8380);
#8382=ORIENTED_EDGE('',*,*,#7905,.T.);
#8384=ORIENTED_EDGE('',*,*,#8383,.T.);
#8386=ORIENTED_EDGE('',*,*,#8385,.F.);
#8387=ORIENTED_EDGE('',*,*,#8357,.F.);
#8388=EDGE_LOOP('',(#8382,#8384,#8386,#8387));
#8389=FACE_OUTER_BOUND('',#8388,.F.);
#8390=ADVANCED_FACE('',(#8389),#8381,.T.);
#8391=FILL_AREA_STYLE_COLOUR('',#6);
#8392=FILL_AREA_STYLE('',(#8391));
#8393=SURFACE_STYLE_FILL_AREA(#8392);
#8394=SURFACE_SIDE_STYLE('',(#8393));
#8395=SURFACE_STYLE_USAGE(.POSITIVE.,#8394);
#8396=FILL_AREA_STYLE_COLOUR('',#9);
#8397=FILL_AREA_STYLE('',(#8396));
#8398=SURFACE_STYLE_FILL_AREA(#8397);
#8399=SURFACE_SIDE_STYLE('',(#8398));
#8400=SURFACE_STYLE_USAGE(.NEGATIVE.,#8399);
#8401=PRESENTATION_STYLE_ASSIGNMENT((#8395,#8400));
#8402=OVER_RIDING_STYLED_ITEM('',(#8401),#8390,#38);
#8403=CARTESIAN_POINT('',(-4.663096846E1,5.621564322E1,-4.1148E-1));
#8404=DIRECTION('',(1.812940113757E-6,9.999999999984E-1,0.E0));
#8405=DIRECTION('',(9.999999999984E-1,-1.812940113757E-6,0.E0));
#8406=AXIS2_PLACEMENT_3D('',#8403,#8404,#8405);
#8407=PLANE('',#8406);
#8408=ORIENTED_EDGE('',*,*,#7903,.T.);
#8410=ORIENTED_EDGE('',*,*,#8409,.T.);
#8412=ORIENTED_EDGE('',*,*,#8411,.F.);
#8413=ORIENTED_EDGE('',*,*,#8383,.F.);
#8414=EDGE_LOOP('',(#8408,#8410,#8412,#8413));
#8415=FACE_OUTER_BOUND('',#8414,.F.);
#8416=ADVANCED_FACE('',(#8415),#8407,.T.);
#8417=FILL_AREA_STYLE_COLOUR('',#6);
#8418=FILL_AREA_STYLE('',(#8417));
#8419=SURFACE_STYLE_FILL_AREA(#8418);
#8420=SURFACE_SIDE_STYLE('',(#8419));
#8421=SURFACE_STYLE_USAGE(.POSITIVE.,#8420);
#8422=FILL_AREA_STYLE_COLOUR('',#9);
#8423=FILL_AREA_STYLE('',(#8422));
#8424=SURFACE_STYLE_FILL_AREA(#8423);
#8425=SURFACE_SIDE_STYLE('',(#8424));
#8426=SURFACE_STYLE_USAGE(.NEGATIVE.,#8425);
#8427=PRESENTATION_STYLE_ASSIGNMENT((#8421,#8426));
#8428=OVER_RIDING_STYLED_ITEM('',(#8427),#8416,#38);
#8429=CARTESIAN_POINT('',(-3.962577292E1,5.621563052E1,-4.1148E-1));
#8430=DIRECTION('',(-7.071067811865E-1,7.071067811865E-1,0.E0));
#8431=DIRECTION('',(7.071067811865E-1,7.071067811865E-1,0.E0));
#8432=AXIS2_PLACEMENT_3D('',#8429,#8430,#8431);
#8433=PLANE('',#8432);
#8434=ORIENTED_EDGE('',*,*,#7901,.T.);
#8435=ORIENTED_EDGE('',*,*,#8060,.T.);
#8437=ORIENTED_EDGE('',*,*,#8436,.F.);
#8438=ORIENTED_EDGE('',*,*,#8409,.F.);
#8439=EDGE_LOOP('',(#8434,#8435,#8437,#8438));
#8440=FACE_OUTER_BOUND('',#8439,.F.);
#8441=ADVANCED_FACE('',(#8440),#8433,.T.);
#8442=FILL_AREA_STYLE_COLOUR('',#6);
#8443=FILL_AREA_STYLE('',(#8442));
#8444=SURFACE_STYLE_FILL_AREA(#8443);
#8445=SURFACE_SIDE_STYLE('',(#8444));
#8446=SURFACE_STYLE_USAGE(.POSITIVE.,#8445);
#8447=FILL_AREA_STYLE_COLOUR('',#9);
#8448=FILL_AREA_STYLE('',(#8447));
#8449=SURFACE_STYLE_FILL_AREA(#8448);
#8450=SURFACE_SIDE_STYLE('',(#8449));
#8451=SURFACE_STYLE_USAGE(.NEGATIVE.,#8450);
#8452=PRESENTATION_STYLE_ASSIGNMENT((#8446,#8451));
#8453=OVER_RIDING_STYLED_ITEM('',(#8452),#8441,#38);
#8454=CARTESIAN_POINT('',(0.E0,0.E0,1.18852E0));
#8455=DIRECTION('',(0.E0,0.E0,-1.E0));
#8456=DIRECTION('',(-1.E0,0.E0,0.E0));
#8457=AXIS2_PLACEMENT_3D('',#8454,#8455,#8456);
#8458=PLANE('',#8457);
#8459=ORIENTED_EDGE('',*,*,#8058,.T.);
#8460=ORIENTED_EDGE('',*,*,#8085,.T.);
#8461=ORIENTED_EDGE('',*,*,#8111,.T.);
#8462=ORIENTED_EDGE('',*,*,#8137,.T.);
#8463=ORIENTED_EDGE('',*,*,#8163,.T.);
#8464=ORIENTED_EDGE('',*,*,#8189,.T.);
#8465=ORIENTED_EDGE('',*,*,#8215,.T.);
#8466=ORIENTED_EDGE('',*,*,#8241,.T.);
#8467=ORIENTED_EDGE('',*,*,#8255,.T.);
#8468=ORIENTED_EDGE('',*,*,#8281,.T.);
#8469=ORIENTED_EDGE('',*,*,#8307,.T.);
#8470=ORIENTED_EDGE('',*,*,#8333,.T.);
#8471=ORIENTED_EDGE('',*,*,#8359,.T.);
#8472=ORIENTED_EDGE('',*,*,#8385,.T.);
#8473=ORIENTED_EDGE('',*,*,#8411,.T.);
#8474=ORIENTED_EDGE('',*,*,#8436,.T.);
#8475=EDGE_LOOP('',(#8459,#8460,#8461,#8462,#8463,#8464,#8465,#8466,#8467,#8468,
#8469,#8470,#8471,#8472,#8473,#8474));
#8476=FACE_OUTER_BOUND('',#8475,.F.);
#8478=ORIENTED_EDGE('',*,*,#8477,.T.);
#8480=ORIENTED_EDGE('',*,*,#8479,.T.);
#8482=ORIENTED_EDGE('',*,*,#8481,.T.);
#8484=ORIENTED_EDGE('',*,*,#8483,.T.);
#8485=EDGE_LOOP('',(#8478,#8480,#8482,#8484));
#8486=FACE_BOUND('',#8485,.F.);
#8488=ORIENTED_EDGE('',*,*,#8487,.F.);
#8490=ORIENTED_EDGE('',*,*,#8489,.T.);
#8492=ORIENTED_EDGE('',*,*,#8491,.F.);
#8494=ORIENTED_EDGE('',*,*,#8493,.T.);
#8496=ORIENTED_EDGE('',*,*,#8495,.T.);
#8498=ORIENTED_EDGE('',*,*,#8497,.F.);
#8500=ORIENTED_EDGE('',*,*,#8499,.F.);
#8502=ORIENTED_EDGE('',*,*,#8501,.F.);
#8504=ORIENTED_EDGE('',*,*,#8503,.F.);
#8506=ORIENTED_EDGE('',*,*,#8505,.F.);
#8508=ORIENTED_EDGE('',*,*,#8507,.F.);
#8510=ORIENTED_EDGE('',*,*,#8509,.F.);
#8512=ORIENTED_EDGE('',*,*,#8511,.F.);
#8514=ORIENTED_EDGE('',*,*,#8513,.F.);
#8516=ORIENTED_EDGE('',*,*,#8515,.F.);
#8518=ORIENTED_EDGE('',*,*,#8517,.F.);
#8520=ORIENTED_EDGE('',*,*,#8519,.F.);
#8522=ORIENTED_EDGE('',*,*,#8521,.F.);
#8524=ORIENTED_EDGE('',*,*,#8523,.F.);
#8526=ORIENTED_EDGE('',*,*,#8525,.F.);
#8527=EDGE_LOOP('',(#8488,#8490,#8492,#8494,#8496,#8498,#8500,#8502,#8504,#8506,
#8508,#8510,#8512,#8514,#8516,#8518,#8520,#8522,#8524,#8526));
#8528=FACE_BOUND('',#8527,.F.);
#8529=ADVANCED_FACE('',(#8476,#8486,#8528),#8458,.F.);
#8530=FILL_AREA_STYLE_COLOUR('',#6);
#8531=FILL_AREA_STYLE('',(#8530));
#8532=SURFACE_STYLE_FILL_AREA(#8531);
#8533=SURFACE_SIDE_STYLE('',(#8532));
#8534=SURFACE_STYLE_USAGE(.POSITIVE.,#8533);
#8535=FILL_AREA_STYLE_COLOUR('',#9);
#8536=FILL_AREA_STYLE('',(#8535));
#8537=SURFACE_STYLE_FILL_AREA(#8536);
#8538=SURFACE_SIDE_STYLE('',(#8537));
#8539=SURFACE_STYLE_USAGE(.NEGATIVE.,#8538);
#8540=PRESENTATION_STYLE_ASSIGNMENT((#8534,#8539));
#8541=OVER_RIDING_STYLED_ITEM('',(#8540),#8529,#38);
#8542=CARTESIAN_POINT('',(-5.582480072E1,4.061370084E1,-4.1148E-1));
#8543=DIRECTION('',(0.E0,-1.E0,0.E0));
#8544=DIRECTION('',(-1.E0,0.E0,0.E0));
#8545=AXIS2_PLACEMENT_3D('',#8542,#8543,#8544);
#8546=PLANE('',#8545);
#8547=ORIENTED_EDGE('',*,*,#8477,.F.);
#8549=ORIENTED_EDGE('',*,*,#8548,.F.);
#8550=ORIENTED_EDGE('',*,*,#7933,.T.);
#8552=ORIENTED_EDGE('',*,*,#8551,.T.);
#8553=EDGE_LOOP('',(#8547,#8549,#8550,#8552));
#8554=FACE_OUTER_BOUND('',#8553,.F.);
#8555=ADVANCED_FACE('',(#8554),#8546,.T.);
#8556=FILL_AREA_STYLE_COLOUR('',#6);
#8557=FILL_AREA_STYLE('',(#8556));
#8558=SURFACE_STYLE_FILL_AREA(#8557);
#8559=SURFACE_SIDE_STYLE('',(#8558));
#8560=SURFACE_STYLE_USAGE(.POSITIVE.,#8559);
#8561=FILL_AREA_STYLE_COLOUR('',#9);
#8562=FILL_AREA_STYLE('',(#8561));
#8563=SURFACE_STYLE_FILL_AREA(#8562);
#8564=SURFACE_SIDE_STYLE('',(#8563));
#8565=SURFACE_STYLE_USAGE(.NEGATIVE.,#8564);
#8566=PRESENTATION_STYLE_ASSIGNMENT((#8560,#8565));
#8567=OVER_RIDING_STYLED_ITEM('',(#8566),#8555,#38);
#8568=CARTESIAN_POINT('',(-5.582480072E1,1.645830084E1,-4.1148E-1));
#8569=DIRECTION('',(-1.E0,0.E0,0.E0));
#8570=DIRECTION('',(0.E0,1.E0,0.E0));
#8571=AXIS2_PLACEMENT_3D('',#8568,#8569,#8570);
#8572=PLANE('',#8571);
#8573=ORIENTED_EDGE('',*,*,#8483,.F.);
#8575=ORIENTED_EDGE('',*,*,#8574,.F.);
#8576=ORIENTED_EDGE('',*,*,#7935,.T.);
#8577=ORIENTED_EDGE('',*,*,#8548,.T.);
#8578=EDGE_LOOP('',(#8573,#8575,#8576,#8577));
#8579=FACE_OUTER_BOUND('',#8578,.F.);
#8580=ADVANCED_FACE('',(#8579),#8572,.T.);
#8581=FILL_AREA_STYLE_COLOUR('',#6);
#8582=FILL_AREA_STYLE('',(#8581));
#8583=SURFACE_STYLE_FILL_AREA(#8582);
#8584=SURFACE_SIDE_STYLE('',(#8583));
#8585=SURFACE_STYLE_USAGE(.POSITIVE.,#8584);
#8586=FILL_AREA_STYLE_COLOUR('',#9);
#8587=FILL_AREA_STYLE('',(#8586));
#8588=SURFACE_STYLE_FILL_AREA(#8587);
#8589=SURFACE_SIDE_STYLE('',(#8588));
#8590=SURFACE_STYLE_USAGE(.NEGATIVE.,#8589);
#8591=PRESENTATION_STYLE_ASSIGNMENT((#8585,#8590));
#8592=OVER_RIDING_STYLED_ITEM('',(#8591),#8580,#38);
#8593=CARTESIAN_POINT('',(-5.943160072E1,1.645830084E1,-4.1148E-1));
#8594=DIRECTION('',(0.E0,1.E0,0.E0));
#8595=DIRECTION('',(1.E0,0.E0,0.E0));
#8596=AXIS2_PLACEMENT_3D('',#8593,#8594,#8595);
#8597=PLANE('',#8596);
#8598=ORIENTED_EDGE('',*,*,#8481,.F.);
#8600=ORIENTED_EDGE('',*,*,#8599,.F.);
#8601=ORIENTED_EDGE('',*,*,#7937,.T.);
#8602=ORIENTED_EDGE('',*,*,#8574,.T.);
#8603=EDGE_LOOP('',(#8598,#8600,#8601,#8602));
#8604=FACE_OUTER_BOUND('',#8603,.F.);
#8605=ADVANCED_FACE('',(#8604),#8597,.T.);
#8606=FILL_AREA_STYLE_COLOUR('',#6);
#8607=FILL_AREA_STYLE('',(#8606));
#8608=SURFACE_STYLE_FILL_AREA(#8607);
#8609=SURFACE_SIDE_STYLE('',(#8608));
#8610=SURFACE_STYLE_USAGE(.POSITIVE.,#8609);
#8611=FILL_AREA_STYLE_COLOUR('',#9);
#8612=FILL_AREA_STYLE('',(#8611));
#8613=SURFACE_STYLE_FILL_AREA(#8612);
#8614=SURFACE_SIDE_STYLE('',(#8613));
#8615=SURFACE_STYLE_USAGE(.NEGATIVE.,#8614);
#8616=PRESENTATION_STYLE_ASSIGNMENT((#8610,#8615));
#8617=OVER_RIDING_STYLED_ITEM('',(#8616),#8605,#38);
#8618=CARTESIAN_POINT('',(-5.943160072E1,4.061370084E1,-4.1148E-1));
#8619=DIRECTION('',(1.E0,0.E0,0.E0));
#8620=DIRECTION('',(0.E0,-1.E0,0.E0));
#8621=AXIS2_PLACEMENT_3D('',#8618,#8619,#8620);
#8622=PLANE('',#8621);
#8623=ORIENTED_EDGE('',*,*,#8479,.F.);
#8624=ORIENTED_EDGE('',*,*,#8551,.F.);
#8625=ORIENTED_EDGE('',*,*,#7939,.T.);
#8626=ORIENTED_EDGE('',*,*,#8599,.T.);
#8627=EDGE_LOOP('',(#8623,#8624,#8625,#8626));
#8628=FACE_OUTER_BOUND('',#8627,.F.);
#8629=ADVANCED_FACE('',(#8628),#8622,.T.);
#8630=FILL_AREA_STYLE_COLOUR('',#6);
#8631=FILL_AREA_STYLE('',(#8630));
#8632=SURFACE_STYLE_FILL_AREA(#8631);
#8633=SURFACE_SIDE_STYLE('',(#8632));
#8634=SURFACE_STYLE_USAGE(.POSITIVE.,#8633);
#8635=FILL_AREA_STYLE_COLOUR('',#9);
#8636=FILL_AREA_STYLE('',(#8635));
#8637=SURFACE_STYLE_FILL_AREA(#8636);
#8638=SURFACE_SIDE_STYLE('',(#8637));
#8639=SURFACE_STYLE_USAGE(.NEGATIVE.,#8638);
#8640=PRESENTATION_STYLE_ASSIGNMENT((#8634,#8639));
#8641=OVER_RIDING_STYLED_ITEM('',(#8640),#8629,#38);
#8642=CARTESIAN_POINT('',(-8.37E1,2.00000244E0,1.18852E0));
#8643=DIRECTION('',(1.E0,0.E0,0.E0));
#8644=DIRECTION('',(0.E0,1.E0,0.E0));
#8645=AXIS2_PLACEMENT_3D('',#8642,#8643,#8644);
#8646=PLANE('',#8645);
#8648=ORIENTED_EDGE('',*,*,#8647,.F.);
#8649=ORIENTED_EDGE('',*,*,#8487,.T.);
#8651=ORIENTED_EDGE('',*,*,#8650,.F.);
#8652=ORIENTED_EDGE('',*,*,#8521,.T.);
#8654=ORIENTED_EDGE('',*,*,#8653,.T.);
#8656=ORIENTED_EDGE('',*,*,#8655,.F.);
#8657=EDGE_LOOP('',(#8648,#8649,#8651,#8652,#8654,#8656));
#8658=FACE_OUTER_BOUND('',#8657,.F.);
#8659=ADVANCED_FACE('',(#8658),#8646,.F.);
#8660=CARTESIAN_POINT('',(-8.37E1,2.00000244E0,1.18852E0));
#8661=DIRECTION('',(1.E0,0.E0,0.E0));
#8662=DIRECTION('',(0.E0,1.E0,0.E0));
#8663=AXIS2_PLACEMENT_3D('',#8660,#8661,#8662);
#8664=PLANE('',#8663);
#8666=ORIENTED_EDGE('',*,*,#8665,.T.);
#8668=ORIENTED_EDGE('',*,*,#8667,.F.);
#8670=ORIENTED_EDGE('',*,*,#8669,.F.);
#8671=ORIENTED_EDGE('',*,*,#8505,.T.);
#8673=ORIENTED_EDGE('',*,*,#8672,.F.);
#8674=ORIENTED_EDGE('',*,*,#8499,.T.);
#8675=EDGE_LOOP('',(#8666,#8668,#8670,#8671,#8673,#8674));
#8676=FACE_OUTER_BOUND('',#8675,.F.);
#8677=ADVANCED_FACE('',(#8676),#8664,.F.);
#8678=CARTESIAN_POINT('',(-8.42E1,5.100000244E1,5.38852E0));
#8679=DIRECTION('',(0.E0,1.E0,0.E0));
#8680=DIRECTION('',(0.E0,0.E0,-1.E0));
#8681=AXIS2_PLACEMENT_3D('',#8678,#8679,#8680);
#8682=PLANE('',#8681);
#8684=ORIENTED_EDGE('',*,*,#8683,.T.);
#8686=ORIENTED_EDGE('',*,*,#8685,.T.);
#8688=ORIENTED_EDGE('',*,*,#8687,.T.);
#8689=ORIENTED_EDGE('',*,*,#8493,.F.);
#8691=ORIENTED_EDGE('',*,*,#8690,.F.);
#8692=ORIENTED_EDGE('',*,*,#8489,.F.);
#8693=ORIENTED_EDGE('',*,*,#8647,.T.);
#8695=ORIENTED_EDGE('',*,*,#8694,.F.);
#8697=ORIENTED_EDGE('',*,*,#8696,.T.);
#8699=ORIENTED_EDGE('',*,*,#8698,.T.);
#8701=ORIENTED_EDGE('',*,*,#8700,.T.);
#8702=EDGE_LOOP('',(#8684,#8686,#8688,#8689,#8691,#8692,#8693,#8695,#8697,#8699,
#8701));
#8703=FACE_OUTER_BOUND('',#8702,.F.);
#8704=ADVANCED_FACE('',(#8703),#8682,.F.);
#8705=CARTESIAN_POINT('',(-8.12E1,0.E0,1.18852E0));
#8706=DIRECTION('',(-1.E0,0.E0,0.E0));
#8707=DIRECTION('',(0.E0,-1.E0,0.E0));
#8708=AXIS2_PLACEMENT_3D('',#8705,#8706,#8707);
#8709=PLANE('',#8708);
#8711=ORIENTED_EDGE('',*,*,#8710,.F.);
#8712=ORIENTED_EDGE('',*,*,#8683,.F.);
#8714=ORIENTED_EDGE('',*,*,#8713,.F.);
#8716=ORIENTED_EDGE('',*,*,#8715,.F.);
#8717=EDGE_LOOP('',(#8711,#8712,#8714,#8716));
#8718=FACE_OUTER_BOUND('',#8717,.F.);
#8720=ORIENTED_EDGE('',*,*,#8719,.T.);
#8722=ORIENTED_EDGE('',*,*,#8721,.F.);
#8724=ORIENTED_EDGE('',*,*,#8723,.F.);
#8726=ORIENTED_EDGE('',*,*,#8725,.F.);
#8727=EDGE_LOOP('',(#8720,#8722,#8724,#8726));
#8728=FACE_BOUND('',#8727,.F.);
#8729=ADVANCED_FACE('',(#8718,#8728),#8709,.T.);
#8730=CARTESIAN_POINT('',(-8.37E1,6.50000244E0,3.18852E0));
#8731=DIRECTION('',(0.E0,0.E0,1.E0));
#8732=DIRECTION('',(0.E0,1.E0,0.E0));
#8733=AXIS2_PLACEMENT_3D('',#8730,#8731,#8732);
#8734=PLANE('',#8733);
#8735=ORIENTED_EDGE('',*,*,#8710,.T.);
#8737=ORIENTED_EDGE('',*,*,#8736,.T.);
#8739=ORIENTED_EDGE('',*,*,#8738,.T.);
#8740=ORIENTED_EDGE('',*,*,#8685,.F.);
#8741=EDGE_LOOP('',(#8735,#8737,#8739,#8740));
#8742=FACE_OUTER_BOUND('',#8741,.F.);
#8743=ADVANCED_FACE('',(#8742),#8734,.F.);
#8744=CARTESIAN_POINT('',(-8.42E1,6.50000244E0,3.18852E0));
#8745=DIRECTION('',(0.E0,-1.E0,0.E0));
#8746=DIRECTION('',(0.E0,0.E0,1.E0));
#8747=AXIS2_PLACEMENT_3D('',#8744,#8745,#8746);
#8748=PLANE('',#8747);
#8750=ORIENTED_EDGE('',*,*,#8749,.T.);
#8751=ORIENTED_EDGE('',*,*,#8665,.F.);
#8752=ORIENTED_EDGE('',*,*,#8497,.T.);
#8754=ORIENTED_EDGE('',*,*,#8753,.T.);
#8755=ORIENTED_EDGE('',*,*,#8736,.F.);
#8756=ORIENTED_EDGE('',*,*,#8715,.T.);
#8758=ORIENTED_EDGE('',*,*,#8757,.F.);
#8760=ORIENTED_EDGE('',*,*,#8759,.F.);
#8762=ORIENTED_EDGE('',*,*,#8761,.F.);
#8763=EDGE_LOOP('',(#8750,#8751,#8752,#8754,#8755,#8756,#8758,#8760,#8762));
#8764=FACE_OUTER_BOUND('',#8763,.F.);
#8765=ADVANCED_FACE('',(#8764),#8748,.F.);
#8766=CARTESIAN_POINT('',(0.E0,0.E0,3.18852E0));
#8767=DIRECTION('',(0.E0,0.E0,1.E0));
#8768=DIRECTION('',(1.E0,0.E0,0.E0));
#8769=AXIS2_PLACEMENT_3D('',#8766,#8767,#8768);
#8770=PLANE('',#8769);
#8771=ORIENTED_EDGE('',*,*,#8694,.T.);
#8772=ORIENTED_EDGE('',*,*,#8655,.T.);
#8774=ORIENTED_EDGE('',*,*,#8773,.T.);
#8776=ORIENTED_EDGE('',*,*,#8775,.T.);
#8778=ORIENTED_EDGE('',*,*,#8777,.T.);
#8779=ORIENTED_EDGE('',*,*,#8667,.T.);
#8780=ORIENTED_EDGE('',*,*,#8749,.F.);
#8782=ORIENTED_EDGE('',*,*,#8781,.T.);
#8784=ORIENTED_EDGE('',*,*,#8783,.T.);
#8786=ORIENTED_EDGE('',*,*,#8785,.T.);
#8788=ORIENTED_EDGE('',*,*,#8787,.T.);
#8790=ORIENTED_EDGE('',*,*,#8789,.T.);
#8791=EDGE_LOOP('',(#8771,#8772,#8774,#8776,#8778,#8779,#8780,#8782,#8784,#8786,
#8788,#8790));
#8792=FACE_OUTER_BOUND('',#8791,.F.);
#8793=ADVANCED_FACE('',(#8792),#8770,.F.);
#8794=FILL_AREA_STYLE_COLOUR('',#27);
#8795=FILL_AREA_STYLE('',(#8794));
#8796=SURFACE_STYLE_FILL_AREA(#8795);
#8797=SURFACE_SIDE_STYLE('',(#8796));
#8798=SURFACE_STYLE_USAGE(.POSITIVE.,#8797);
#8799=FILL_AREA_STYLE_COLOUR('',#9);
#8800=FILL_AREA_STYLE('',(#8799));
#8801=SURFACE_STYLE_FILL_AREA(#8800);
#8802=SURFACE_SIDE_STYLE('',(#8801));
#8803=SURFACE_STYLE_USAGE(.NEGATIVE.,#8802);
#8804=PRESENTATION_STYLE_ASSIGNMENT((#8798,#8803));
#8805=OVER_RIDING_STYLED_ITEM('',(#8804),#8793,#38);
#8806=CARTESIAN_POINT('',(-8.37E1,5.550000244E1,1.18852E0));
#8807=DIRECTION('',(0.E0,-1.E0,0.E0));
#8808=DIRECTION('',(1.E0,0.E0,0.E0));
#8809=AXIS2_PLACEMENT_3D('',#8806,#8807,#8808);
#8810=PLANE('',#8809);
#8811=ORIENTED_EDGE('',*,*,#8519,.T.);
#8813=ORIENTED_EDGE('',*,*,#8812,.T.);
#8814=ORIENTED_EDGE('',*,*,#8773,.F.);
#8815=ORIENTED_EDGE('',*,*,#8653,.F.);
#8816=EDGE_LOOP('',(#8811,#8813,#8814,#8815));
#8817=FACE_OUTER_BOUND('',#8816,.F.);
#8818=ADVANCED_FACE('',(#8817),#8810,.F.);
#8819=CARTESIAN_POINT('',(-1.7E0,5.550000244E1,1.18852E0));
#8820=DIRECTION('',(-1.E0,0.E0,0.E0));
#8821=DIRECTION('',(0.E0,-1.E0,0.E0));
#8822=AXIS2_PLACEMENT_3D('',#8819,#8820,#8821);
#8823=PLANE('',#8822);
#8824=ORIENTED_EDGE('',*,*,#8517,.T.);
#8826=ORIENTED_EDGE('',*,*,#8825,.T.);
#8827=ORIENTED_EDGE('',*,*,#8775,.F.);
#8828=ORIENTED_EDGE('',*,*,#8812,.F.);
#8829=EDGE_LOOP('',(#8824,#8826,#8827,#8828));
#8830=FACE_OUTER_BOUND('',#8829,.F.);
#8831=ADVANCED_FACE('',(#8830),#8823,.F.);
#8832=CARTESIAN_POINT('',(-1.7E0,2.00000244E0,1.18852E0));
#8833=DIRECTION('',(0.E0,1.E0,0.E0));
#8834=DIRECTION('',(-1.E0,0.E0,0.E0));
#8835=AXIS2_PLACEMENT_3D('',#8832,#8833,#8834);
#8836=PLANE('',#8835);
#8838=ORIENTED_EDGE('',*,*,#8837,.T.);
#8839=ORIENTED_EDGE('',*,*,#8511,.T.);
#8841=ORIENTED_EDGE('',*,*,#8840,.T.);
#8842=ORIENTED_EDGE('',*,*,#8507,.T.);
#8843=ORIENTED_EDGE('',*,*,#8669,.T.);
#8844=ORIENTED_EDGE('',*,*,#8777,.F.);
#8845=ORIENTED_EDGE('',*,*,#8825,.F.);
#8846=ORIENTED_EDGE('',*,*,#8515,.T.);
#8847=EDGE_LOOP('',(#8838,#8839,#8841,#8842,#8843,#8844,#8845,#8846));
#8848=FACE_OUTER_BOUND('',#8847,.F.);
#8849=ADVANCED_FACE('',(#8848),#8836,.F.);
#8850=CARTESIAN_POINT('',(0.E0,0.E0,1.18852E0));
#8851=DIRECTION('',(0.E0,0.E0,1.E0));
#8852=DIRECTION('',(1.E0,0.E0,0.E0));
#8853=AXIS2_PLACEMENT_3D('',#8850,#8851,#8852);
#8854=PLANE('',#8853);
#8856=ORIENTED_EDGE('',*,*,#8855,.F.);
#8858=ORIENTED_EDGE('',*,*,#8857,.F.);
#8859=EDGE_LOOP('',(#8856,#8858));
#8860=FACE_OUTER_BOUND('',#8859,.F.);
#8861=ADVANCED_FACE('',(#8860),#8854,.F.);
#8862=CARTESIAN_POINT('',(0.E0,0.E0,1.18852E0));
#8863=DIRECTION('',(0.E0,0.E0,1.E0));
#8864=DIRECTION('',(1.E0,0.E0,0.E0));
#8865=AXIS2_PLACEMENT_3D('',#8862,#8863,#8864);
#8866=PLANE('',#8865);
#8867=ORIENTED_EDGE('',*,*,#8837,.F.);
#8869=ORIENTED_EDGE('',*,*,#8868,.F.);
#8871=ORIENTED_EDGE('',*,*,#8870,.F.);
#8873=ORIENTED_EDGE('',*,*,#8872,.F.);
#8874=EDGE_LOOP('',(#8867,#8869,#8871,#8873));
#8875=FACE_OUTER_BOUND('',#8874,.F.);
#8876=ADVANCED_FACE('',(#8875),#8866,.F.);
#8877=CARTESIAN_POINT('',(0.E0,0.E0,1.18852E0));
#8878=DIRECTION('',(0.E0,0.E0,1.E0));
#8879=DIRECTION('',(1.E0,0.E0,0.E0));
#8880=AXIS2_PLACEMENT_3D('',#8877,#8878,#8879);
#8881=PLANE('',#8880);
#8882=ORIENTED_EDGE('',*,*,#8840,.F.);
#8884=ORIENTED_EDGE('',*,*,#8883,.F.);
#8886=ORIENTED_EDGE('',*,*,#8885,.F.);
#8887=ORIENTED_EDGE('',*,*,#8672,.T.);
#8889=ORIENTED_EDGE('',*,*,#8888,.F.);
#8890=EDGE_LOOP('',(#8882,#8884,#8886,#8887,#8889));
#8891=FACE_OUTER_BOUND('',#8890,.F.);
#8892=ADVANCED_FACE('',(#8891),#8881,.F.);
#8893=CARTESIAN_POINT('',(0.E0,0.E0,1.18852E0));
#8894=DIRECTION('',(0.E0,0.E0,1.E0));
#8895=DIRECTION('',(1.E0,0.E0,0.E0));
#8896=AXIS2_PLACEMENT_3D('',#8893,#8894,#8895);
#8897=PLANE('',#8896);
#8898=ORIENTED_EDGE('',*,*,#8690,.T.);
#8900=ORIENTED_EDGE('',*,*,#8899,.F.);
#8902=ORIENTED_EDGE('',*,*,#8901,.F.);
#8903=ORIENTED_EDGE('',*,*,#8650,.T.);
#8905=ORIENTED_EDGE('',*,*,#8904,.F.);
#8906=EDGE_LOOP('',(#8898,#8900,#8902,#8903,#8905));
#8907=FACE_OUTER_BOUND('',#8906,.F.);
#8908=ADVANCED_FACE('',(#8907),#8897,.F.);
#8909=CARTESIAN_POINT('',(-4.09960064E0,5.30956012E1,-4.1148E-1));
#8910=DIRECTION('',(0.E0,0.E0,-1.E0));
#8911=DIRECTION('',(-1.E0,0.E0,0.E0));
#8912=AXIS2_PLACEMENT_3D('',#8909,#8910,#8911);
#8913=CYLINDRICAL_SURFACE('',#8912,2.14999824E0);
#8914=ORIENTED_EDGE('',*,*,#8855,.T.);
#8916=ORIENTED_EDGE('',*,*,#8915,.F.);
#8918=ORIENTED_EDGE('',*,*,#8917,.F.);
#8920=ORIENTED_EDGE('',*,*,#8919,.T.);
#8921=EDGE_LOOP('',(#8914,#8916,#8918,#8920));
#8922=FACE_OUTER_BOUND('',#8921,.F.);
#8923=ADVANCED_FACE('',(#8922),#8913,.F.);
#8924=CARTESIAN_POINT('',(-4.09960064E0,5.30956012E1,-4.1148E-1));
#8925=DIRECTION('',(0.E0,0.E0,-1.E0));
#8926=DIRECTION('',(-1.E0,0.E0,0.E0));
#8927=AXIS2_PLACEMENT_3D('',#8924,#8925,#8926);
#8928=CYLINDRICAL_SURFACE('',#8927,2.14999824E0);
#8929=ORIENTED_EDGE('',*,*,#8857,.T.);
#8930=ORIENTED_EDGE('',*,*,#8919,.F.);
#8932=ORIENTED_EDGE('',*,*,#8931,.F.);
#8933=ORIENTED_EDGE('',*,*,#8915,.T.);
#8934=EDGE_LOOP('',(#8929,#8930,#8932,#8933));
#8935=FACE_OUTER_BOUND('',#8934,.F.);
#8936=ADVANCED_FACE('',(#8935),#8928,.F.);
#8937=CARTESIAN_POINT('',(0.E0,0.E0,-4.1148E-1));
#8938=DIRECTION('',(0.E0,0.E0,-1.E0));
#8939=DIRECTION('',(-1.E0,0.E0,0.E0));
#8940=AXIS2_PLACEMENT_3D('',#8937,#8938,#8939);
#8941=PLANE('',#8940);
#8942=ORIENTED_EDGE('',*,*,#8917,.T.);
#8943=ORIENTED_EDGE('',*,*,#8931,.T.);
#8944=EDGE_LOOP('',(#8942,#8943));
#8945=FACE_OUTER_BOUND('',#8944,.F.);
#8947=ORIENTED_EDGE('',*,*,#8946,.T.);
#8949=ORIENTED_EDGE('',*,*,#8948,.T.);
#8950=EDGE_LOOP('',(#8947,#8949));
#8951=FACE_BOUND('',#8950,.F.);
#8952=ADVANCED_FACE('',(#8945,#8951),#8941,.F.);
#8953=CARTESIAN_POINT('',(0.E0,0.E0,-4.1148E-1));
#8954=DIRECTION('',(0.E0,0.E0,-1.E0));
#8955=DIRECTION('',(-1.E0,0.E0,0.E0));
#8956=AXIS2_PLACEMENT_3D('',#8953,#8954,#8955);
#8957=PLANE('',#8956);
#8959=ORIENTED_EDGE('',*,*,#8958,.T.);
#8961=ORIENTED_EDGE('',*,*,#8960,.T.);
#8962=EDGE_LOOP('',(#8959,#8961));
#8963=FACE_OUTER_BOUND('',#8962,.F.);
#8965=ORIENTED_EDGE('',*,*,#8964,.T.);
#8967=ORIENTED_EDGE('',*,*,#8966,.T.);
#8968=EDGE_LOOP('',(#8965,#8967));
#8969=FACE_BOUND('',#8968,.F.);
#8970=ADVANCED_FACE('',(#8963,#8969),#8957,.F.);
#8971=CARTESIAN_POINT('',(0.E0,0.E0,-4.1148E-1));
#8972=DIRECTION('',(0.E0,0.E0,-1.E0));
#8973=DIRECTION('',(-1.E0,0.E0,0.E0));
#8974=AXIS2_PLACEMENT_3D('',#8971,#8972,#8973);
#8975=PLANE('',#8974);
#8977=ORIENTED_EDGE('',*,*,#8976,.T.);
#8979=ORIENTED_EDGE('',*,*,#8978,.T.);
#8980=EDGE_LOOP('',(#8977,#8979));
#8981=FACE_OUTER_BOUND('',#8980,.F.);
#8983=ORIENTED_EDGE('',*,*,#8982,.T.);
#8985=ORIENTED_EDGE('',*,*,#8984,.T.);
#8986=EDGE_LOOP('',(#8983,#8985));
#8987=FACE_BOUND('',#8986,.F.);
#8988=ADVANCED_FACE('',(#8981,#8987),#8975,.F.);
#8989=CARTESIAN_POINT('',(0.E0,0.E0,-4.1148E-1));
#8990=DIRECTION('',(0.E0,0.E0,-1.E0));
#8991=DIRECTION('',(-1.E0,0.E0,0.E0));
#8992=AXIS2_PLACEMENT_3D('',#8989,#8990,#8991);
#8993=PLANE('',#8992);
#8995=ORIENTED_EDGE('',*,*,#8994,.T.);
#8997=ORIENTED_EDGE('',*,*,#8996,.T.);
#8998=EDGE_LOOP('',(#8995,#8997));
#8999=FACE_OUTER_BOUND('',#8998,.F.);
#9001=ORIENTED_EDGE('',*,*,#9000,.T.);
#9003=ORIENTED_EDGE('',*,*,#9002,.T.);
#9004=EDGE_LOOP('',(#9001,#9003));
#9005=FACE_BOUND('',#9004,.F.);
#9006=ADVANCED_FACE('',(#8999,#9005),#8993,.F.);
#9007=CARTESIAN_POINT('',(-4.09960064E0,5.30956012E1,-4.1148E-1));
#9008=DIRECTION('',(0.E0,0.E0,-1.E0));
#9009=DIRECTION('',(-1.E0,0.E0,0.E0));
#9010=AXIS2_PLACEMENT_3D('',#9007,#9008,#9009);
#9011=CYLINDRICAL_SURFACE('',#9010,1.25E0);
#9012=ORIENTED_EDGE('',*,*,#8946,.F.);
#9014=ORIENTED_EDGE('',*,*,#9013,.T.);
#9016=ORIENTED_EDGE('',*,*,#9015,.T.);
#9018=ORIENTED_EDGE('',*,*,#9017,.F.);
#9019=EDGE_LOOP('',(#9012,#9014,#9016,#9018));
#9020=FACE_OUTER_BOUND('',#9019,.F.);
#9021=ADVANCED_FACE('',(#9020),#9011,.F.);
#9022=FILL_AREA_STYLE_COLOUR('',#26);
#9023=FILL_AREA_STYLE('',(#9022));
#9024=SURFACE_STYLE_FILL_AREA(#9023);
#9025=SURFACE_SIDE_STYLE('',(#9024));
#9026=SURFACE_STYLE_USAGE(.POSITIVE.,#9025);
#9027=FILL_AREA_STYLE_COLOUR('',#9);
#9028=FILL_AREA_STYLE('',(#9027));
#9029=SURFACE_STYLE_FILL_AREA(#9028);
#9030=SURFACE_SIDE_STYLE('',(#9029));
#9031=SURFACE_STYLE_USAGE(.NEGATIVE.,#9030);
#9032=PRESENTATION_STYLE_ASSIGNMENT((#9026,#9031));
#9033=OVER_RIDING_STYLED_ITEM('',(#9032),#9021,#38);
#9034=CARTESIAN_POINT('',(-4.09960064E0,5.30956012E1,-4.1148E-1));
#9035=DIRECTION('',(0.E0,0.E0,-1.E0));
#9036=DIRECTION('',(-1.E0,0.E0,0.E0));
#9037=AXIS2_PLACEMENT_3D('',#9034,#9035,#9036);
#9038=CYLINDRICAL_SURFACE('',#9037,1.25E0);
#9039=ORIENTED_EDGE('',*,*,#8948,.F.);
#9040=ORIENTED_EDGE('',*,*,#9017,.T.);
#9042=ORIENTED_EDGE('',*,*,#9041,.T.);
#9043=ORIENTED_EDGE('',*,*,#9013,.F.);
#9044=EDGE_LOOP('',(#9039,#9040,#9042,#9043));
#9045=FACE_OUTER_BOUND('',#9044,.F.);
#9046=ADVANCED_FACE('',(#9045),#9038,.F.);
#9047=FILL_AREA_STYLE_COLOUR('',#26);
#9048=FILL_AREA_STYLE('',(#9047));
#9049=SURFACE_STYLE_FILL_AREA(#9048);
#9050=SURFACE_SIDE_STYLE('',(#9049));
#9051=SURFACE_STYLE_USAGE(.POSITIVE.,#9050);
#9052=FILL_AREA_STYLE_COLOUR('',#9);
#9053=FILL_AREA_STYLE('',(#9052));
#9054=SURFACE_STYLE_FILL_AREA(#9053);
#9055=SURFACE_SIDE_STYLE('',(#9054));
#9056=SURFACE_STYLE_USAGE(.NEGATIVE.,#9055);
#9057=PRESENTATION_STYLE_ASSIGNMENT((#9051,#9056));
#9058=OVER_RIDING_STYLED_ITEM('',(#9057),#9046,#38);
#9059=CARTESIAN_POINT('',(0.E0,0.E0,-4.41148E0));
#9060=DIRECTION('',(0.E0,0.E0,-1.E0));
#9061=DIRECTION('',(-1.E0,0.E0,0.E0));
#9062=AXIS2_PLACEMENT_3D('',#9059,#9060,#9061);
#9063=PLANE('',#9062);
#9065=ORIENTED_EDGE('',*,*,#9064,.F.);
#9067=ORIENTED_EDGE('',*,*,#9066,.F.);
#9068=EDGE_LOOP('',(#9065,#9067));
#9069=FACE_OUTER_BOUND('',#9068,.F.);
#9070=ORIENTED_EDGE('',*,*,#9015,.F.);
#9071=ORIENTED_EDGE('',*,*,#9041,.F.);
#9072=EDGE_LOOP('',(#9070,#9071));
#9073=FACE_BOUND('',#9072,.F.);
#9074=ADVANCED_FACE('',(#9069,#9073),#9063,.T.);
#9075=FILL_AREA_STYLE_COLOUR('',#26);
#9076=FILL_AREA_STYLE('',(#9075));
#9077=SURFACE_STYLE_FILL_AREA(#9076);
#9078=SURFACE_SIDE_STYLE('',(#9077));
#9079=SURFACE_STYLE_USAGE(.POSITIVE.,#9078);
#9080=FILL_AREA_STYLE_COLOUR('',#9);
#9081=FILL_AREA_STYLE('',(#9080));
#9082=SURFACE_STYLE_FILL_AREA(#9081);
#9083=SURFACE_SIDE_STYLE('',(#9082));
#9084=SURFACE_STYLE_USAGE(.NEGATIVE.,#9083);
#9085=PRESENTATION_STYLE_ASSIGNMENT((#9079,#9084));
#9086=OVER_RIDING_STYLED_ITEM('',(#9085),#9074,#38);
#9087=CARTESIAN_POINT('',(0.E0,0.E0,-4.41148E0));
#9088=DIRECTION('',(0.E0,0.E0,-1.E0));
#9089=DIRECTION('',(-1.E0,0.E0,0.E0));
#9090=AXIS2_PLACEMENT_3D('',#9087,#9088,#9089);
#9091=PLANE('',#9090);
#9093=ORIENTED_EDGE('',*,*,#9092,.F.);
#9095=ORIENTED_EDGE('',*,*,#9094,.F.);
#9096=EDGE_LOOP('',(#9093,#9095));
#9097=FACE_OUTER_BOUND('',#9096,.F.);
#9099=ORIENTED_EDGE('',*,*,#9098,.F.);
#9101=ORIENTED_EDGE('',*,*,#9100,.F.);
#9102=EDGE_LOOP('',(#9099,#9101));
#9103=FACE_BOUND('',#9102,.F.);
#9104=ADVANCED_FACE('',(#9097,#9103),#9091,.T.);
#9105=FILL_AREA_STYLE_COLOUR('',#26);
#9106=FILL_AREA_STYLE('',(#9105));
#9107=SURFACE_STYLE_FILL_AREA(#9106);
#9108=SURFACE_SIDE_STYLE('',(#9107));
#9109=SURFACE_STYLE_USAGE(.POSITIVE.,#9108);
#9110=FILL_AREA_STYLE_COLOUR('',#9);
#9111=FILL_AREA_STYLE('',(#9110));
#9112=SURFACE_STYLE_FILL_AREA(#9111);
#9113=SURFACE_SIDE_STYLE('',(#9112));
#9114=SURFACE_STYLE_USAGE(.NEGATIVE.,#9113);
#9115=PRESENTATION_STYLE_ASSIGNMENT((#9109,#9114));
#9116=OVER_RIDING_STYLED_ITEM('',(#9115),#9104,#38);
#9117=CARTESIAN_POINT('',(0.E0,0.E0,-4.41148E0));
#9118=DIRECTION('',(0.E0,0.E0,-1.E0));
#9119=DIRECTION('',(-1.E0,0.E0,0.E0));
#9120=AXIS2_PLACEMENT_3D('',#9117,#9118,#9119);
#9121=PLANE('',#9120);
#9123=ORIENTED_EDGE('',*,*,#9122,.F.);
#9125=ORIENTED_EDGE('',*,*,#9124,.F.);
#9126=EDGE_LOOP('',(#9123,#9125));
#9127=FACE_OUTER_BOUND('',#9126,.F.);
#9129=ORIENTED_EDGE('',*,*,#9128,.F.);
#9131=ORIENTED_EDGE('',*,*,#9130,.F.);
#9132=EDGE_LOOP('',(#9129,#9131));
#9133=FACE_BOUND('',#9132,.F.);
#9134=ADVANCED_FACE('',(#9127,#9133),#9121,.T.);
#9135=FILL_AREA_STYLE_COLOUR('',#26);
#9136=FILL_AREA_STYLE('',(#9135));
#9137=SURFACE_STYLE_FILL_AREA(#9136);
#9138=SURFACE_SIDE_STYLE('',(#9137));
#9139=SURFACE_STYLE_USAGE(.POSITIVE.,#9138);
#9140=FILL_AREA_STYLE_COLOUR('',#9);
#9141=FILL_AREA_STYLE('',(#9140));
#9142=SURFACE_STYLE_FILL_AREA(#9141);
#9143=SURFACE_SIDE_STYLE('',(#9142));
#9144=SURFACE_STYLE_USAGE(.NEGATIVE.,#9143);
#9145=PRESENTATION_STYLE_ASSIGNMENT((#9139,#9144));
#9146=OVER_RIDING_STYLED_ITEM('',(#9145),#9134,#38);
#9147=CARTESIAN_POINT('',(0.E0,0.E0,-4.41148E0));
#9148=DIRECTION('',(0.E0,0.E0,-1.E0));
#9149=DIRECTION('',(-1.E0,0.E0,0.E0));
#9150=AXIS2_PLACEMENT_3D('',#9147,#9148,#9149);
#9151=PLANE('',#9150);
#9153=ORIENTED_EDGE('',*,*,#9152,.F.);
#9155=ORIENTED_EDGE('',*,*,#9154,.F.);
#9156=EDGE_LOOP('',(#9153,#9155));
#9157=FACE_OUTER_BOUND('',#9156,.F.);
#9159=ORIENTED_EDGE('',*,*,#9158,.F.);
#9161=ORIENTED_EDGE('',*,*,#9160,.F.);
#9162=EDGE_LOOP('',(#9159,#9161));
#9163=FACE_BOUND('',#9162,.F.);
#9164=ADVANCED_FACE('',(#9157,#9163),#9151,.T.);
#9165=FILL_AREA_STYLE_COLOUR('',#26);
#9166=FILL_AREA_STYLE('',(#9165));
#9167=SURFACE_STYLE_FILL_AREA(#9166);
#9168=SURFACE_SIDE_STYLE('',(#9167));
#9169=SURFACE_STYLE_USAGE(.POSITIVE.,#9168);
#9170=FILL_AREA_STYLE_COLOUR('',#9);
#9171=FILL_AREA_STYLE('',(#9170));
#9172=SURFACE_STYLE_FILL_AREA(#9171);
#9173=SURFACE_SIDE_STYLE('',(#9172));
#9174=SURFACE_STYLE_USAGE(.NEGATIVE.,#9173);
#9175=PRESENTATION_STYLE_ASSIGNMENT((#9169,#9174));
#9176=OVER_RIDING_STYLED_ITEM('',(#9175),#9164,#38);
#9177=CARTESIAN_POINT('',(-4.09960064E0,5.30956012E1,-4.1148E-1));
#9178=DIRECTION('',(0.E0,0.E0,-1.E0));
#9179=DIRECTION('',(-1.E0,0.E0,0.E0));
#9180=AXIS2_PLACEMENT_3D('',#9177,#9178,#9179);
#9181=CYLINDRICAL_SURFACE('',#9180,2.75E0);
#9182=ORIENTED_EDGE('',*,*,#7987,.F.);
#9184=ORIENTED_EDGE('',*,*,#9183,.T.);
#9185=ORIENTED_EDGE('',*,*,#9064,.T.);
#9187=ORIENTED_EDGE('',*,*,#9186,.F.);
#9188=EDGE_LOOP('',(#9182,#9184,#9185,#9187));
#9189=FACE_OUTER_BOUND('',#9188,.F.);
#9190=ADVANCED_FACE('',(#9189),#9181,.T.);
#9191=FILL_AREA_STYLE_COLOUR('',#26);
#9192=FILL_AREA_STYLE('',(#9191));
#9193=SURFACE_STYLE_FILL_AREA(#9192);
#9194=SURFACE_SIDE_STYLE('',(#9193));
#9195=SURFACE_STYLE_USAGE(.POSITIVE.,#9194);
#9196=FILL_AREA_STYLE_COLOUR('',#9);
#9197=FILL_AREA_STYLE('',(#9196));
#9198=SURFACE_STYLE_FILL_AREA(#9197);
#9199=SURFACE_SIDE_STYLE('',(#9198));
#9200=SURFACE_STYLE_USAGE(.NEGATIVE.,#9199);
#9201=PRESENTATION_STYLE_ASSIGNMENT((#9195,#9200));
#9202=OVER_RIDING_STYLED_ITEM('',(#9201),#9190,#38);
#9203=CARTESIAN_POINT('',(-4.09960064E0,5.30956012E1,-4.1148E-1));
#9204=DIRECTION('',(0.E0,0.E0,-1.E0));
#9205=DIRECTION('',(-1.E0,0.E0,0.E0));
#9206=AXIS2_PLACEMENT_3D('',#9203,#9204,#9205);
#9207=CYLINDRICAL_SURFACE('',#9206,2.75E0);
#9208=ORIENTED_EDGE('',*,*,#7989,.F.);
#9209=ORIENTED_EDGE('',*,*,#9186,.T.);
#9210=ORIENTED_EDGE('',*,*,#9066,.T.);
#9211=ORIENTED_EDGE('',*,*,#9183,.F.);
#9212=EDGE_LOOP('',(#9208,#9209,#9210,#9211));
#9213=FACE_OUTER_BOUND('',#9212,.F.);
#9214=ADVANCED_FACE('',(#9213),#9207,.T.);
#9215=FILL_AREA_STYLE_COLOUR('',#26);
#9216=FILL_AREA_STYLE('',(#9215));
#9217=SURFACE_STYLE_FILL_AREA(#9216);
#9218=SURFACE_SIDE_STYLE('',(#9217));
#9219=SURFACE_STYLE_USAGE(.POSITIVE.,#9218);
#9220=FILL_AREA_STYLE_COLOUR('',#9);
#9221=FILL_AREA_STYLE('',(#9220));
#9222=SURFACE_STYLE_FILL_AREA(#9221);
#9223=SURFACE_SIDE_STYLE('',(#9222));
#9224=SURFACE_STYLE_USAGE(.NEGATIVE.,#9223);
#9225=PRESENTATION_STYLE_ASSIGNMENT((#9219,#9224));
#9226=OVER_RIDING_STYLED_ITEM('',(#9225),#9214,#38);
#9227=CARTESIAN_POINT('',(-8.189960252E1,5.30956012E1,-4.1148E-1));
#9228=DIRECTION('',(0.E0,0.E0,-1.E0));
#9229=DIRECTION('',(-1.E0,0.E0,0.E0));
#9230=AXIS2_PLACEMENT_3D('',#9227,#9228,#9229);
#9231=CYLINDRICAL_SURFACE('',#9230,1.25E0);
#9232=ORIENTED_EDGE('',*,*,#8964,.F.);
#9234=ORIENTED_EDGE('',*,*,#9233,.T.);
#9235=ORIENTED_EDGE('',*,*,#9098,.T.);
#9237=ORIENTED_EDGE('',*,*,#9236,.F.);
#9238=EDGE_LOOP('',(#9232,#9234,#9235,#9237));
#9239=FACE_OUTER_BOUND('',#9238,.F.);
#9240=ADVANCED_FACE('',(#9239),#9231,.F.);
#9241=FILL_AREA_STYLE_COLOUR('',#26);
#9242=FILL_AREA_STYLE('',(#9241));
#9243=SURFACE_STYLE_FILL_AREA(#9242);
#9244=SURFACE_SIDE_STYLE('',(#9243));
#9245=SURFACE_STYLE_USAGE(.POSITIVE.,#9244);
#9246=FILL_AREA_STYLE_COLOUR('',#9);
#9247=FILL_AREA_STYLE('',(#9246));
#9248=SURFACE_STYLE_FILL_AREA(#9247);
#9249=SURFACE_SIDE_STYLE('',(#9248));
#9250=SURFACE_STYLE_USAGE(.NEGATIVE.,#9249);
#9251=PRESENTATION_STYLE_ASSIGNMENT((#9245,#9250));
#9252=OVER_RIDING_STYLED_ITEM('',(#9251),#9240,#38);
#9253=CARTESIAN_POINT('',(-8.189960252E1,5.30956012E1,-4.1148E-1));
#9254=DIRECTION('',(0.E0,0.E0,-1.E0));
#9255=DIRECTION('',(-1.E0,0.E0,0.E0));
#9256=AXIS2_PLACEMENT_3D('',#9253,#9254,#9255);
#9257=CYLINDRICAL_SURFACE('',#9256,1.25E0);
#9258=ORIENTED_EDGE('',*,*,#8966,.F.);
#9259=ORIENTED_EDGE('',*,*,#9236,.T.);
#9260=ORIENTED_EDGE('',*,*,#9100,.T.);
#9261=ORIENTED_EDGE('',*,*,#9233,.F.);
#9262=EDGE_LOOP('',(#9258,#9259,#9260,#9261));
#9263=FACE_OUTER_BOUND('',#9262,.F.);
#9264=ADVANCED_FACE('',(#9263),#9257,.F.);
#9265=FILL_AREA_STYLE_COLOUR('',#26);
#9266=FILL_AREA_STYLE('',(#9265));
#9267=SURFACE_STYLE_FILL_AREA(#9266);
#9268=SURFACE_SIDE_STYLE('',(#9267));
#9269=SURFACE_STYLE_USAGE(.POSITIVE.,#9268);
#9270=FILL_AREA_STYLE_COLOUR('',#9);
#9271=FILL_AREA_STYLE('',(#9270));
#9272=SURFACE_STYLE_FILL_AREA(#9271);
#9273=SURFACE_SIDE_STYLE('',(#9272));
#9274=SURFACE_STYLE_USAGE(.NEGATIVE.,#9273);
#9275=PRESENTATION_STYLE_ASSIGNMENT((#9269,#9274));
#9276=OVER_RIDING_STYLED_ITEM('',(#9275),#9264,#38);
#9277=CARTESIAN_POINT('',(-8.189960252E1,5.30956012E1,-4.1148E-1));
#9278=DIRECTION('',(0.E0,0.E0,-1.E0));
#9279=DIRECTION('',(-1.E0,0.E0,0.E0));
#9280=AXIS2_PLACEMENT_3D('',#9277,#9278,#9279);
#9281=CYLINDRICAL_SURFACE('',#9280,2.75E0);
#9282=ORIENTED_EDGE('',*,*,#7993,.F.);
#9284=ORIENTED_EDGE('',*,*,#9283,.T.);
#9285=ORIENTED_EDGE('',*,*,#9092,.T.);
#9287=ORIENTED_EDGE('',*,*,#9286,.F.);
#9288=EDGE_LOOP('',(#9282,#9284,#9285,#9287));
#9289=FACE_OUTER_BOUND('',#9288,.F.);
#9290=ADVANCED_FACE('',(#9289),#9281,.T.);
#9291=FILL_AREA_STYLE_COLOUR('',#26);
#9292=FILL_AREA_STYLE('',(#9291));
#9293=SURFACE_STYLE_FILL_AREA(#9292);
#9294=SURFACE_SIDE_STYLE('',(#9293));
#9295=SURFACE_STYLE_USAGE(.POSITIVE.,#9294);
#9296=FILL_AREA_STYLE_COLOUR('',#9);
#9297=FILL_AREA_STYLE('',(#9296));
#9298=SURFACE_STYLE_FILL_AREA(#9297);
#9299=SURFACE_SIDE_STYLE('',(#9298));
#9300=SURFACE_STYLE_USAGE(.NEGATIVE.,#9299);
#9301=PRESENTATION_STYLE_ASSIGNMENT((#9295,#9300));
#9302=OVER_RIDING_STYLED_ITEM('',(#9301),#9290,#38);
#9303=CARTESIAN_POINT('',(-8.189960252E1,5.30956012E1,-4.1148E-1));
#9304=DIRECTION('',(0.E0,0.E0,-1.E0));
#9305=DIRECTION('',(-1.E0,0.E0,0.E0));
#9306=AXIS2_PLACEMENT_3D('',#9303,#9304,#9305);
#9307=CYLINDRICAL_SURFACE('',#9306,2.75E0);
#9308=ORIENTED_EDGE('',*,*,#7995,.F.);
#9309=ORIENTED_EDGE('',*,*,#9286,.T.);
#9310=ORIENTED_EDGE('',*,*,#9094,.T.);
#9311=ORIENTED_EDGE('',*,*,#9283,.F.);
#9312=EDGE_LOOP('',(#9308,#9309,#9310,#9311));
#9313=FACE_OUTER_BOUND('',#9312,.F.);
#9314=ADVANCED_FACE('',(#9313),#9307,.T.);
#9315=FILL_AREA_STYLE_COLOUR('',#26);
#9316=FILL_AREA_STYLE('',(#9315));
#9317=SURFACE_STYLE_FILL_AREA(#9316);
#9318=SURFACE_SIDE_STYLE('',(#9317));
#9319=SURFACE_STYLE_USAGE(.POSITIVE.,#9318);
#9320=FILL_AREA_STYLE_COLOUR('',#9);
#9321=FILL_AREA_STYLE('',(#9320));
#9322=SURFACE_STYLE_FILL_AREA(#9321);
#9323=SURFACE_SIDE_STYLE('',(#9322));
#9324=SURFACE_STYLE_USAGE(.NEGATIVE.,#9323);
#9325=PRESENTATION_STYLE_ASSIGNMENT((#9319,#9324));
#9326=OVER_RIDING_STYLED_ITEM('',(#9325),#9314,#38);
#9327=CARTESIAN_POINT('',(-8.189960252E1,4.09859988E0,-4.1148E-1));
#9328=DIRECTION('',(0.E0,0.E0,-1.E0));
#9329=DIRECTION('',(-1.E0,0.E0,0.E0));
#9330=AXIS2_PLACEMENT_3D('',#9327,#9328,#9329);
#9331=CYLINDRICAL_SURFACE('',#9330,1.25E0);
#9332=ORIENTED_EDGE('',*,*,#8982,.F.);
#9334=ORIENTED_EDGE('',*,*,#9333,.T.);
#9335=ORIENTED_EDGE('',*,*,#9128,.T.);
#9337=ORIENTED_EDGE('',*,*,#9336,.F.);
#9338=EDGE_LOOP('',(#9332,#9334,#9335,#9337));
#9339=FACE_OUTER_BOUND('',#9338,.F.);
#9340=ADVANCED_FACE('',(#9339),#9331,.F.);
#9341=FILL_AREA_STYLE_COLOUR('',#26);
#9342=FILL_AREA_STYLE('',(#9341));
#9343=SURFACE_STYLE_FILL_AREA(#9342);
#9344=SURFACE_SIDE_STYLE('',(#9343));
#9345=SURFACE_STYLE_USAGE(.POSITIVE.,#9344);
#9346=FILL_AREA_STYLE_COLOUR('',#9);
#9347=FILL_AREA_STYLE('',(#9346));
#9348=SURFACE_STYLE_FILL_AREA(#9347);
#9349=SURFACE_SIDE_STYLE('',(#9348));
#9350=SURFACE_STYLE_USAGE(.NEGATIVE.,#9349);
#9351=PRESENTATION_STYLE_ASSIGNMENT((#9345,#9350));
#9352=OVER_RIDING_STYLED_ITEM('',(#9351),#9340,#38);
#9353=CARTESIAN_POINT('',(-8.189960252E1,4.09859988E0,-4.1148E-1));
#9354=DIRECTION('',(0.E0,0.E0,-1.E0));
#9355=DIRECTION('',(-1.E0,0.E0,0.E0));
#9356=AXIS2_PLACEMENT_3D('',#9353,#9354,#9355);
#9357=CYLINDRICAL_SURFACE('',#9356,1.25E0);
#9358=ORIENTED_EDGE('',*,*,#8984,.F.);
#9359=ORIENTED_EDGE('',*,*,#9336,.T.);
#9360=ORIENTED_EDGE('',*,*,#9130,.T.);
#9361=ORIENTED_EDGE('',*,*,#9333,.F.);
#9362=EDGE_LOOP('',(#9358,#9359,#9360,#9361));
#9363=FACE_OUTER_BOUND('',#9362,.F.);
#9364=ADVANCED_FACE('',(#9363),#9357,.F.);
#9365=FILL_AREA_STYLE_COLOUR('',#26);
#9366=FILL_AREA_STYLE('',(#9365));
#9367=SURFACE_STYLE_FILL_AREA(#9366);
#9368=SURFACE_SIDE_STYLE('',(#9367));
#9369=SURFACE_STYLE_USAGE(.POSITIVE.,#9368);
#9370=FILL_AREA_STYLE_COLOUR('',#9);
#9371=FILL_AREA_STYLE('',(#9370));
#9372=SURFACE_STYLE_FILL_AREA(#9371);
#9373=SURFACE_SIDE_STYLE('',(#9372));
#9374=SURFACE_STYLE_USAGE(.NEGATIVE.,#9373);
#9375=PRESENTATION_STYLE_ASSIGNMENT((#9369,#9374));
#9376=OVER_RIDING_STYLED_ITEM('',(#9375),#9364,#38);
#9377=CARTESIAN_POINT('',(-8.189960252E1,4.09859988E0,-4.1148E-1));
#9378=DIRECTION('',(0.E0,0.E0,-1.E0));
#9379=DIRECTION('',(-1.E0,0.E0,0.E0));
#9380=AXIS2_PLACEMENT_3D('',#9377,#9378,#9379);
#9381=CYLINDRICAL_SURFACE('',#9380,2.75E0);
#9382=ORIENTED_EDGE('',*,*,#7999,.F.);
#9384=ORIENTED_EDGE('',*,*,#9383,.T.);
#9385=ORIENTED_EDGE('',*,*,#9122,.T.);
#9387=ORIENTED_EDGE('',*,*,#9386,.F.);
#9388=EDGE_LOOP('',(#9382,#9384,#9385,#9387));
#9389=FACE_OUTER_BOUND('',#9388,.F.);
#9390=ADVANCED_FACE('',(#9389),#9381,.T.);
#9391=FILL_AREA_STYLE_COLOUR('',#26);
#9392=FILL_AREA_STYLE('',(#9391));
#9393=SURFACE_STYLE_FILL_AREA(#9392);
#9394=SURFACE_SIDE_STYLE('',(#9393));
#9395=SURFACE_STYLE_USAGE(.POSITIVE.,#9394);
#9396=FILL_AREA_STYLE_COLOUR('',#9);
#9397=FILL_AREA_STYLE('',(#9396));
#9398=SURFACE_STYLE_FILL_AREA(#9397);
#9399=SURFACE_SIDE_STYLE('',(#9398));
#9400=SURFACE_STYLE_USAGE(.NEGATIVE.,#9399);
#9401=PRESENTATION_STYLE_ASSIGNMENT((#9395,#9400));
#9402=OVER_RIDING_STYLED_ITEM('',(#9401),#9390,#38);
#9403=CARTESIAN_POINT('',(-8.189960252E1,4.09859988E0,-4.1148E-1));
#9404=DIRECTION('',(0.E0,0.E0,-1.E0));
#9405=DIRECTION('',(-1.E0,0.E0,0.E0));
#9406=AXIS2_PLACEMENT_3D('',#9403,#9404,#9405);
#9407=CYLINDRICAL_SURFACE('',#9406,2.75E0);
#9408=ORIENTED_EDGE('',*,*,#8001,.F.);
#9409=ORIENTED_EDGE('',*,*,#9386,.T.);
#9410=ORIENTED_EDGE('',*,*,#9124,.T.);
#9411=ORIENTED_EDGE('',*,*,#9383,.F.);
#9412=EDGE_LOOP('',(#9408,#9409,#9410,#9411));
#9413=FACE_OUTER_BOUND('',#9412,.F.);
#9414=ADVANCED_FACE('',(#9413),#9407,.T.);
#9415=FILL_AREA_STYLE_COLOUR('',#26);
#9416=FILL_AREA_STYLE('',(#9415));
#9417=SURFACE_STYLE_FILL_AREA(#9416);
#9418=SURFACE_SIDE_STYLE('',(#9417));
#9419=SURFACE_STYLE_USAGE(.POSITIVE.,#9418);
#9420=FILL_AREA_STYLE_COLOUR('',#9);
#9421=FILL_AREA_STYLE('',(#9420));
#9422=SURFACE_STYLE_FILL_AREA(#9421);
#9423=SURFACE_SIDE_STYLE('',(#9422));
#9424=SURFACE_STYLE_USAGE(.NEGATIVE.,#9423);
#9425=PRESENTATION_STYLE_ASSIGNMENT((#9419,#9424));
#9426=OVER_RIDING_STYLED_ITEM('',(#9425),#9414,#38);
#9427=CARTESIAN_POINT('',(-4.09960064E0,4.09859988E0,-4.1148E-1));
#9428=DIRECTION('',(0.E0,0.E0,-1.E0));
#9429=DIRECTION('',(-1.E0,0.E0,0.E0));
#9430=AXIS2_PLACEMENT_3D('',#9427,#9428,#9429);
#9431=CYLINDRICAL_SURFACE('',#9430,1.25E0);
#9432=ORIENTED_EDGE('',*,*,#9000,.F.);
#9434=ORIENTED_EDGE('',*,*,#9433,.T.);
#9435=ORIENTED_EDGE('',*,*,#9158,.T.);
#9437=ORIENTED_EDGE('',*,*,#9436,.F.);
#9438=EDGE_LOOP('',(#9432,#9434,#9435,#9437));
#9439=FACE_OUTER_BOUND('',#9438,.F.);
#9440=ADVANCED_FACE('',(#9439),#9431,.F.);
#9441=FILL_AREA_STYLE_COLOUR('',#26);
#9442=FILL_AREA_STYLE('',(#9441));
#9443=SURFACE_STYLE_FILL_AREA(#9442);
#9444=SURFACE_SIDE_STYLE('',(#9443));
#9445=SURFACE_STYLE_USAGE(.POSITIVE.,#9444);
#9446=FILL_AREA_STYLE_COLOUR('',#9);
#9447=FILL_AREA_STYLE('',(#9446));
#9448=SURFACE_STYLE_FILL_AREA(#9447);
#9449=SURFACE_SIDE_STYLE('',(#9448));
#9450=SURFACE_STYLE_USAGE(.NEGATIVE.,#9449);
#9451=PRESENTATION_STYLE_ASSIGNMENT((#9445,#9450));
#9452=OVER_RIDING_STYLED_ITEM('',(#9451),#9440,#38);
#9453=CARTESIAN_POINT('',(-4.09960064E0,4.09859988E0,-4.1148E-1));
#9454=DIRECTION('',(0.E0,0.E0,-1.E0));
#9455=DIRECTION('',(-1.E0,0.E0,0.E0));
#9456=AXIS2_PLACEMENT_3D('',#9453,#9454,#9455);
#9457=CYLINDRICAL_SURFACE('',#9456,1.25E0);
#9458=ORIENTED_EDGE('',*,*,#9002,.F.);
#9459=ORIENTED_EDGE('',*,*,#9436,.T.);
#9460=ORIENTED_EDGE('',*,*,#9160,.T.);
#9461=ORIENTED_EDGE('',*,*,#9433,.F.);
#9462=EDGE_LOOP('',(#9458,#9459,#9460,#9461));
#9463=FACE_OUTER_BOUND('',#9462,.F.);
#9464=ADVANCED_FACE('',(#9463),#9457,.F.);
#9465=FILL_AREA_STYLE_COLOUR('',#26);
#9466=FILL_AREA_STYLE('',(#9465));
#9467=SURFACE_STYLE_FILL_AREA(#9466);
#9468=SURFACE_SIDE_STYLE('',(#9467));
#9469=SURFACE_STYLE_USAGE(.POSITIVE.,#9468);
#9470=FILL_AREA_STYLE_COLOUR('',#9);
#9471=FILL_AREA_STYLE('',(#9470));
#9472=SURFACE_STYLE_FILL_AREA(#9471);
#9473=SURFACE_SIDE_STYLE('',(#9472));
#9474=SURFACE_STYLE_USAGE(.NEGATIVE.,#9473);
#9475=PRESENTATION_STYLE_ASSIGNMENT((#9469,#9474));
#9476=OVER_RIDING_STYLED_ITEM('',(#9475),#9464,#38);
#9477=CARTESIAN_POINT('',(-4.09960064E0,4.09859988E0,-4.1148E-1));
#9478=DIRECTION('',(0.E0,0.E0,-1.E0));
#9479=DIRECTION('',(-1.E0,0.E0,0.E0));
#9480=AXIS2_PLACEMENT_3D('',#9477,#9478,#9479);
#9481=CYLINDRICAL_SURFACE('',#9480,2.75E0);
#9482=ORIENTED_EDGE('',*,*,#8005,.F.);
#9484=ORIENTED_EDGE('',*,*,#9483,.T.);
#9485=ORIENTED_EDGE('',*,*,#9152,.T.);
#9487=ORIENTED_EDGE('',*,*,#9486,.F.);
#9488=EDGE_LOOP('',(#9482,#9484,#9485,#9487));
#9489=FACE_OUTER_BOUND('',#9488,.F.);
#9490=ADVANCED_FACE('',(#9489),#9481,.T.);
#9491=FILL_AREA_STYLE_COLOUR('',#26);
#9492=FILL_AREA_STYLE('',(#9491));
#9493=SURFACE_STYLE_FILL_AREA(#9492);
#9494=SURFACE_SIDE_STYLE('',(#9493));
#9495=SURFACE_STYLE_USAGE(.POSITIVE.,#9494);
#9496=FILL_AREA_STYLE_COLOUR('',#9);
#9497=FILL_AREA_STYLE('',(#9496));
#9498=SURFACE_STYLE_FILL_AREA(#9497);
#9499=SURFACE_SIDE_STYLE('',(#9498));
#9500=SURFACE_STYLE_USAGE(.NEGATIVE.,#9499);
#9501=PRESENTATION_STYLE_ASSIGNMENT((#9495,#9500));
#9502=OVER_RIDING_STYLED_ITEM('',(#9501),#9490,#38);
#9503=CARTESIAN_POINT('',(-4.09960064E0,4.09859988E0,-4.1148E-1));
#9504=DIRECTION('',(0.E0,0.E0,-1.E0));
#9505=DIRECTION('',(-1.E0,0.E0,0.E0));
#9506=AXIS2_PLACEMENT_3D('',#9503,#9504,#9505);
#9507=CYLINDRICAL_SURFACE('',#9506,2.75E0);
#9508=ORIENTED_EDGE('',*,*,#8007,.F.);
#9509=ORIENTED_EDGE('',*,*,#9486,.T.);
#9510=ORIENTED_EDGE('',*,*,#9154,.T.);
#9511=ORIENTED_EDGE('',*,*,#9483,.F.);
#9512=EDGE_LOOP('',(#9508,#9509,#9510,#9511));
#9513=FACE_OUTER_BOUND('',#9512,.F.);
#9514=ADVANCED_FACE('',(#9513),#9507,.T.);
#9515=FILL_AREA_STYLE_COLOUR('',#26);
#9516=FILL_AREA_STYLE('',(#9515));
#9517=SURFACE_STYLE_FILL_AREA(#9516);
#9518=SURFACE_SIDE_STYLE('',(#9517));
#9519=SURFACE_STYLE_USAGE(.POSITIVE.,#9518);
#9520=FILL_AREA_STYLE_COLOUR('',#9);
#9521=FILL_AREA_STYLE('',(#9520));
#9522=SURFACE_STYLE_FILL_AREA(#9521);
#9523=SURFACE_SIDE_STYLE('',(#9522));
#9524=SURFACE_STYLE_USAGE(.NEGATIVE.,#9523);
#9525=PRESENTATION_STYLE_ASSIGNMENT((#9519,#9524));
#9526=OVER_RIDING_STYLED_ITEM('',(#9525),#9514,#38);
#9527=CARTESIAN_POINT('',(-8.189960252E1,5.30956012E1,-4.1148E-1));
#9528=DIRECTION('',(0.E0,0.E0,-1.E0));
#9529=DIRECTION('',(-1.E0,0.E0,0.E0));
#9530=AXIS2_PLACEMENT_3D('',#9527,#9528,#9529);
#9531=CYLINDRICAL_SURFACE('',#9530,2.14999824E0);
#9532=ORIENTED_EDGE('',*,*,#8491,.T.);
#9533=ORIENTED_EDGE('',*,*,#8904,.T.);
#9534=ORIENTED_EDGE('',*,*,#8525,.T.);
#9536=ORIENTED_EDGE('',*,*,#9535,.F.);
#9537=ORIENTED_EDGE('',*,*,#8958,.F.);
#9539=ORIENTED_EDGE('',*,*,#9538,.T.);
#9540=ORIENTED_EDGE('',*,*,#8899,.T.);
#9541=EDGE_LOOP('',(#9532,#9533,#9534,#9536,#9537,#9539,#9540));
#9542=FACE_OUTER_BOUND('',#9541,.F.);
#9543=ADVANCED_FACE('',(#9542),#9531,.F.);
#9544=CARTESIAN_POINT('',(-8.189960252E1,5.30956012E1,-4.1148E-1));
#9545=DIRECTION('',(0.E0,0.E0,-1.E0));
#9546=DIRECTION('',(-1.E0,0.E0,0.E0));
#9547=AXIS2_PLACEMENT_3D('',#9544,#9545,#9546);
#9548=CYLINDRICAL_SURFACE('',#9547,2.14999824E0);
#9549=ORIENTED_EDGE('',*,*,#8523,.T.);
#9550=ORIENTED_EDGE('',*,*,#8901,.T.);
#9551=ORIENTED_EDGE('',*,*,#9538,.F.);
#9552=ORIENTED_EDGE('',*,*,#8960,.F.);
#9553=ORIENTED_EDGE('',*,*,#9535,.T.);
#9554=EDGE_LOOP('',(#9549,#9550,#9551,#9552,#9553));
#9555=FACE_OUTER_BOUND('',#9554,.F.);
#9556=ADVANCED_FACE('',(#9555),#9548,.F.);
#9557=CARTESIAN_POINT('',(-8.189960252E1,4.09859988E0,-4.1148E-1));
#9558=DIRECTION('',(0.E0,0.E0,-1.E0));
#9559=DIRECTION('',(-1.E0,0.E0,0.E0));
#9560=AXIS2_PLACEMENT_3D('',#9557,#9558,#9559);
#9561=CYLINDRICAL_SURFACE('',#9560,2.14999824E0);
#9562=ORIENTED_EDGE('',*,*,#8509,.T.);
#9563=ORIENTED_EDGE('',*,*,#8888,.T.);
#9564=ORIENTED_EDGE('',*,*,#8503,.T.);
#9566=ORIENTED_EDGE('',*,*,#9565,.F.);
#9567=ORIENTED_EDGE('',*,*,#8976,.F.);
#9569=ORIENTED_EDGE('',*,*,#9568,.T.);
#9570=ORIENTED_EDGE('',*,*,#8883,.T.);
#9571=EDGE_LOOP('',(#9562,#9563,#9564,#9566,#9567,#9569,#9570));
#9572=FACE_OUTER_BOUND('',#9571,.F.);
#9573=ADVANCED_FACE('',(#9572),#9561,.F.);
#9574=CARTESIAN_POINT('',(-8.189960252E1,4.09859988E0,-4.1148E-1));
#9575=DIRECTION('',(0.E0,0.E0,-1.E0));
#9576=DIRECTION('',(-1.E0,0.E0,0.E0));
#9577=AXIS2_PLACEMENT_3D('',#9574,#9575,#9576);
#9578=CYLINDRICAL_SURFACE('',#9577,2.14999824E0);
#9579=ORIENTED_EDGE('',*,*,#8501,.T.);
#9580=ORIENTED_EDGE('',*,*,#8885,.T.);
#9581=ORIENTED_EDGE('',*,*,#9568,.F.);
#9582=ORIENTED_EDGE('',*,*,#8978,.F.);
#9583=ORIENTED_EDGE('',*,*,#9565,.T.);
#9584=EDGE_LOOP('',(#9579,#9580,#9581,#9582,#9583));
#9585=FACE_OUTER_BOUND('',#9584,.F.);
#9586=ADVANCED_FACE('',(#9585),#9578,.F.);
#9587=CARTESIAN_POINT('',(-4.09960064E0,4.09859988E0,-4.1148E-1));
#9588=DIRECTION('',(0.E0,0.E0,-1.E0));
#9589=DIRECTION('',(-1.E0,0.E0,0.E0));
#9590=AXIS2_PLACEMENT_3D('',#9587,#9588,#9589);
#9591=CYLINDRICAL_SURFACE('',#9590,2.14999824E0);
#9592=ORIENTED_EDGE('',*,*,#8513,.T.);
#9593=ORIENTED_EDGE('',*,*,#8872,.T.);
#9595=ORIENTED_EDGE('',*,*,#9594,.F.);
#9596=ORIENTED_EDGE('',*,*,#8994,.F.);
#9598=ORIENTED_EDGE('',*,*,#9597,.T.);
#9599=ORIENTED_EDGE('',*,*,#8868,.T.);
#9600=EDGE_LOOP('',(#9592,#9593,#9595,#9596,#9598,#9599));
#9601=FACE_OUTER_BOUND('',#9600,.F.);
#9602=ADVANCED_FACE('',(#9601),#9591,.F.);
#9603=CARTESIAN_POINT('',(-4.09960064E0,4.09859988E0,-4.1148E-1));
#9604=DIRECTION('',(0.E0,0.E0,-1.E0));
#9605=DIRECTION('',(-1.E0,0.E0,0.E0));
#9606=AXIS2_PLACEMENT_3D('',#9603,#9604,#9605);
#9607=CYLINDRICAL_SURFACE('',#9606,2.14999824E0);
#9608=ORIENTED_EDGE('',*,*,#8870,.T.);
#9609=ORIENTED_EDGE('',*,*,#9597,.F.);
#9610=ORIENTED_EDGE('',*,*,#8996,.F.);
#9611=ORIENTED_EDGE('',*,*,#9594,.T.);
#9612=EDGE_LOOP('',(#9608,#9609,#9610,#9611));
#9613=FACE_OUTER_BOUND('',#9612,.F.);
#9614=ADVANCED_FACE('',(#9613),#9607,.F.);
#9615=CARTESIAN_POINT('',(-8.42E1,5.600000244E1,1.18852E0));
#9616=DIRECTION('',(-1.E0,0.E0,0.E0));
#9617=DIRECTION('',(0.E0,-1.E0,0.E0));
#9618=AXIS2_PLACEMENT_3D('',#9615,#9616,#9617);
#9619=PLANE('',#9618);
#9620=ORIENTED_EDGE('',*,*,#8696,.F.);
#9621=ORIENTED_EDGE('',*,*,#8789,.F.);
#9623=ORIENTED_EDGE('',*,*,#9622,.T.);
#9625=ORIENTED_EDGE('',*,*,#9624,.T.);
#9626=EDGE_LOOP('',(#9620,#9621,#9623,#9625));
#9627=FACE_OUTER_BOUND('',#9626,.F.);
#9628=ADVANCED_FACE('',(#9627),#9619,.T.);
#9629=FILL_AREA_STYLE_COLOUR('',#27);
#9630=FILL_AREA_STYLE('',(#9629));
#9631=SURFACE_STYLE_FILL_AREA(#9630);
#9632=SURFACE_SIDE_STYLE('',(#9631));
#9633=SURFACE_STYLE_USAGE(.POSITIVE.,#9632);
#9634=FILL_AREA_STYLE_COLOUR('',#9);
#9635=FILL_AREA_STYLE('',(#9634));
#9636=SURFACE_STYLE_FILL_AREA(#9635);
#9637=SURFACE_SIDE_STYLE('',(#9636));
#9638=SURFACE_STYLE_USAGE(.NEGATIVE.,#9637);
#9639=PRESENTATION_STYLE_ASSIGNMENT((#9633,#9638));
#9640=OVER_RIDING_STYLED_ITEM('',(#9639),#9628,#38);
#9641=CARTESIAN_POINT('',(-8.42E1,5.600000244E1,1.18852E0));
#9642=DIRECTION('',(-1.E0,0.E0,0.E0));
#9643=DIRECTION('',(0.E0,-1.E0,0.E0));
#9644=AXIS2_PLACEMENT_3D('',#9641,#9642,#9643);
#9645=PLANE('',#9644);
#9646=ORIENTED_EDGE('',*,*,#8761,.T.);
#9648=ORIENTED_EDGE('',*,*,#9647,.T.);
#9650=ORIENTED_EDGE('',*,*,#9649,.F.);
#9651=ORIENTED_EDGE('',*,*,#8781,.F.);
#9652=EDGE_LOOP('',(#9646,#9648,#9650,#9651));
#9653=FACE_OUTER_BOUND('',#9652,.F.);
#9654=ADVANCED_FACE('',(#9653),#9645,.T.);
#9655=FILL_AREA_STYLE_COLOUR('',#27);
#9656=FILL_AREA_STYLE('',(#9655));
#9657=SURFACE_STYLE_FILL_AREA(#9656);
#9658=SURFACE_SIDE_STYLE('',(#9657));
#9659=SURFACE_STYLE_USAGE(.POSITIVE.,#9658);
#9660=FILL_AREA_STYLE_COLOUR('',#9);
#9661=FILL_AREA_STYLE('',(#9660));
#9662=SURFACE_STYLE_FILL_AREA(#9661);
#9663=SURFACE_SIDE_STYLE('',(#9662));
#9664=SURFACE_STYLE_USAGE(.NEGATIVE.,#9663);
#9665=PRESENTATION_STYLE_ASSIGNMENT((#9659,#9664));
#9666=OVER_RIDING_STYLED_ITEM('',(#9665),#9654,#38);
#9667=CARTESIAN_POINT('',(-1.2E0,5.600000244E1,1.18852E0));
#9668=DIRECTION('',(0.E0,1.E0,0.E0));
#9669=DIRECTION('',(-1.E0,0.E0,0.E0));
#9670=AXIS2_PLACEMENT_3D('',#9667,#9668,#9669);
#9671=PLANE('',#9670);
#9672=ORIENTED_EDGE('',*,*,#8787,.F.);
#9674=ORIENTED_EDGE('',*,*,#9673,.T.);
#9676=ORIENTED_EDGE('',*,*,#9675,.T.);
#9677=ORIENTED_EDGE('',*,*,#9622,.F.);
#9678=EDGE_LOOP('',(#9672,#9674,#9676,#9677));
#9679=FACE_OUTER_BOUND('',#9678,.F.);
#9680=ADVANCED_FACE('',(#9679),#9671,.T.);
#9681=FILL_AREA_STYLE_COLOUR('',#27);
#9682=FILL_AREA_STYLE('',(#9681));
#9683=SURFACE_STYLE_FILL_AREA(#9682);
#9684=SURFACE_SIDE_STYLE('',(#9683));
#9685=SURFACE_STYLE_USAGE(.POSITIVE.,#9684);
#9686=FILL_AREA_STYLE_COLOUR('',#9);
#9687=FILL_AREA_STYLE('',(#9686));
#9688=SURFACE_STYLE_FILL_AREA(#9687);
#9689=SURFACE_SIDE_STYLE('',(#9688));
#9690=SURFACE_STYLE_USAGE(.NEGATIVE.,#9689);
#9691=PRESENTATION_STYLE_ASSIGNMENT((#9685,#9690));
#9692=OVER_RIDING_STYLED_ITEM('',(#9691),#9680,#38);
#9693=CARTESIAN_POINT('',(-1.2E0,1.50000244E0,1.18852E0));
#9694=DIRECTION('',(1.E0,0.E0,0.E0));
#9695=DIRECTION('',(0.E0,1.E0,0.E0));
#9696=AXIS2_PLACEMENT_3D('',#9693,#9694,#9695);
#9697=PLANE('',#9696);
#9698=ORIENTED_EDGE('',*,*,#8785,.F.);
#9700=ORIENTED_EDGE('',*,*,#9699,.T.);
#9702=ORIENTED_EDGE('',*,*,#9701,.T.);
#9703=ORIENTED_EDGE('',*,*,#9673,.F.);
#9704=EDGE_LOOP('',(#9698,#9700,#9702,#9703));
#9705=FACE_OUTER_BOUND('',#9704,.F.);
#9706=ADVANCED_FACE('',(#9705),#9697,.T.);
#9707=FILL_AREA_STYLE_COLOUR('',#27);
#9708=FILL_AREA_STYLE('',(#9707));
#9709=SURFACE_STYLE_FILL_AREA(#9708);
#9710=SURFACE_SIDE_STYLE('',(#9709));
#9711=SURFACE_STYLE_USAGE(.POSITIVE.,#9710);
#9712=FILL_AREA_STYLE_COLOUR('',#9);
#9713=FILL_AREA_STYLE('',(#9712));
#9714=SURFACE_STYLE_FILL_AREA(#9713);
#9715=SURFACE_SIDE_STYLE('',(#9714));
#9716=SURFACE_STYLE_USAGE(.NEGATIVE.,#9715);
#9717=PRESENTATION_STYLE_ASSIGNMENT((#9711,#9716));
#9718=OVER_RIDING_STYLED_ITEM('',(#9717),#9706,#38);
#9719=CARTESIAN_POINT('',(-8.42E1,1.50000244E0,1.18852E0));
#9720=DIRECTION('',(0.E0,-1.E0,0.E0));
#9721=DIRECTION('',(1.E0,0.E0,0.E0));
#9722=AXIS2_PLACEMENT_3D('',#9719,#9720,#9721);
#9723=PLANE('',#9722);
#9724=ORIENTED_EDGE('',*,*,#8783,.F.);
#9725=ORIENTED_EDGE('',*,*,#9649,.T.);
#9727=ORIENTED_EDGE('',*,*,#9726,.T.);
#9728=ORIENTED_EDGE('',*,*,#9699,.F.);
#9729=EDGE_LOOP('',(#9724,#9725,#9727,#9728));
#9730=FACE_OUTER_BOUND('',#9729,.F.);
#9731=ADVANCED_FACE('',(#9730),#9723,.T.);
#9732=FILL_AREA_STYLE_COLOUR('',#27);
#9733=FILL_AREA_STYLE('',(#9732));
#9734=SURFACE_STYLE_FILL_AREA(#9733);
#9735=SURFACE_SIDE_STYLE('',(#9734));
#9736=SURFACE_STYLE_USAGE(.POSITIVE.,#9735);
#9737=FILL_AREA_STYLE_COLOUR('',#9);
#9738=FILL_AREA_STYLE('',(#9737));
#9739=SURFACE_STYLE_FILL_AREA(#9738);
#9740=SURFACE_SIDE_STYLE('',(#9739));
#9741=SURFACE_STYLE_USAGE(.NEGATIVE.,#9740);
#9742=PRESENTATION_STYLE_ASSIGNMENT((#9736,#9741));
#9743=OVER_RIDING_STYLED_ITEM('',(#9742),#9731,#38);
#9744=CARTESIAN_POINT('',(0.E0,0.E0,5.38852E0));
#9745=DIRECTION('',(0.E0,0.E0,1.E0));
#9746=DIRECTION('',(1.E0,0.E0,0.E0));
#9747=AXIS2_PLACEMENT_3D('',#9744,#9745,#9746);
#9748=PLANE('',#9747);
#9749=ORIENTED_EDGE('',*,*,#8698,.F.);
#9750=ORIENTED_EDGE('',*,*,#9624,.F.);
#9751=ORIENTED_EDGE('',*,*,#9675,.F.);
#9752=ORIENTED_EDGE('',*,*,#9701,.F.);
#9753=ORIENTED_EDGE('',*,*,#9726,.F.);
#9754=ORIENTED_EDGE('',*,*,#9647,.F.);
#9755=ORIENTED_EDGE('',*,*,#8759,.T.);
#9757=ORIENTED_EDGE('',*,*,#9756,.T.);
#9759=ORIENTED_EDGE('',*,*,#9758,.T.);
#9761=ORIENTED_EDGE('',*,*,#9760,.T.);
#9763=ORIENTED_EDGE('',*,*,#9762,.T.);
#9765=ORIENTED_EDGE('',*,*,#9764,.T.);
#9766=EDGE_LOOP('',(#9749,#9750,#9751,#9752,#9753,#9754,#9755,#9757,#9759,#9761,
#9763,#9765));
#9767=FACE_OUTER_BOUND('',#9766,.F.);
#9768=ADVANCED_FACE('',(#9767),#9748,.T.);
#9769=FILL_AREA_STYLE_COLOUR('',#27);
#9770=FILL_AREA_STYLE('',(#9769));
#9771=SURFACE_STYLE_FILL_AREA(#9770);
#9772=SURFACE_SIDE_STYLE('',(#9771));
#9773=SURFACE_STYLE_USAGE(.POSITIVE.,#9772);
#9774=FILL_AREA_STYLE_COLOUR('',#9);
#9775=FILL_AREA_STYLE('',(#9774));
#9776=SURFACE_STYLE_FILL_AREA(#9775);
#9777=SURFACE_SIDE_STYLE('',(#9776));
#9778=SURFACE_STYLE_USAGE(.NEGATIVE.,#9777);
#9779=PRESENTATION_STYLE_ASSIGNMENT((#9773,#9778));
#9780=OVER_RIDING_STYLED_ITEM('',(#9779),#9768,#38);
#9781=CARTESIAN_POINT('',(-8.4E1,5.580000244E1,5.38852E0));
#9782=DIRECTION('',(-1.E0,0.E0,0.E0));
#9783=DIRECTION('',(0.E0,-1.E0,0.E0));
#9784=AXIS2_PLACEMENT_3D('',#9781,#9782,#9783);
#9785=PLANE('',#9784);
#9787=ORIENTED_EDGE('',*,*,#9786,.T.);
#9788=ORIENTED_EDGE('',*,*,#9764,.F.);
#9790=ORIENTED_EDGE('',*,*,#9789,.T.);
#9792=ORIENTED_EDGE('',*,*,#9791,.T.);
#9794=ORIENTED_EDGE('',*,*,#9793,.F.);
#9795=ORIENTED_EDGE('',*,*,#9756,.F.);
#9796=EDGE_LOOP('',(#9787,#9788,#9790,#9792,#9794,#9795));
#9797=FACE_OUTER_BOUND('',#9796,.F.);
#9798=ADVANCED_FACE('',(#9797),#9785,.T.);
#9799=CARTESIAN_POINT('',(-8.42E1,6.50000244E0,5.38852E0));
#9800=DIRECTION('',(0.E0,0.E0,1.E0));
#9801=DIRECTION('',(0.E0,1.E0,0.E0));
#9802=AXIS2_PLACEMENT_3D('',#9799,#9800,#9801);
#9803=PLANE('',#9802);
#9804=ORIENTED_EDGE('',*,*,#9786,.F.);
#9805=ORIENTED_EDGE('',*,*,#8757,.T.);
#9806=ORIENTED_EDGE('',*,*,#8713,.T.);
#9807=ORIENTED_EDGE('',*,*,#8700,.F.);
#9808=EDGE_LOOP('',(#9804,#9805,#9806,#9807));
#9809=FACE_OUTER_BOUND('',#9808,.F.);
#9810=ADVANCED_FACE('',(#9809),#9803,.F.);
#9811=CARTESIAN_POINT('',(-1.4E0,5.580000244E1,5.38852E0));
#9812=DIRECTION('',(0.E0,1.E0,0.E0));
#9813=DIRECTION('',(-1.E0,0.E0,0.E0));
#9814=AXIS2_PLACEMENT_3D('',#9811,#9812,#9813);
#9815=PLANE('',#9814);
#9816=ORIENTED_EDGE('',*,*,#9762,.F.);
#9818=ORIENTED_EDGE('',*,*,#9817,.T.);
#9820=ORIENTED_EDGE('',*,*,#9819,.T.);
#9821=ORIENTED_EDGE('',*,*,#9789,.F.);
#9822=EDGE_LOOP('',(#9816,#9818,#9820,#9821));
#9823=FACE_OUTER_BOUND('',#9822,.F.);
#9824=ADVANCED_FACE('',(#9823),#9815,.T.);
#9825=CARTESIAN_POINT('',(-1.4E0,1.70000244E0,5.38852E0));
#9826=DIRECTION('',(1.E0,0.E0,0.E0));
#9827=DIRECTION('',(0.E0,1.E0,0.E0));
#9828=AXIS2_PLACEMENT_3D('',#9825,#9826,#9827);
#9829=PLANE('',#9828);
#9830=ORIENTED_EDGE('',*,*,#9760,.F.);
#9832=ORIENTED_EDGE('',*,*,#9831,.T.);
#9834=ORIENTED_EDGE('',*,*,#9833,.T.);
#9835=ORIENTED_EDGE('',*,*,#9817,.F.);
#9836=EDGE_LOOP('',(#9830,#9832,#9834,#9835));
#9837=FACE_OUTER_BOUND('',#9836,.F.);
#9838=ADVANCED_FACE('',(#9837),#9829,.T.);
#9839=CARTESIAN_POINT('',(-8.4E1,1.70000244E0,5.38852E0));
#9840=DIRECTION('',(0.E0,-1.E0,0.E0));
#9841=DIRECTION('',(1.E0,0.E0,0.E0));
#9842=AXIS2_PLACEMENT_3D('',#9839,#9840,#9841);
#9843=PLANE('',#9842);
#9844=ORIENTED_EDGE('',*,*,#9758,.F.);
#9845=ORIENTED_EDGE('',*,*,#9793,.T.);
#9847=ORIENTED_EDGE('',*,*,#9846,.T.);
#9848=ORIENTED_EDGE('',*,*,#9831,.F.);
#9849=EDGE_LOOP('',(#9844,#9845,#9847,#9848));
#9850=FACE_OUTER_BOUND('',#9849,.F.);
#9851=ADVANCED_FACE('',(#9850),#9843,.T.);
#9852=CARTESIAN_POINT('',(0.E0,0.E0,6.38852E0));
#9853=DIRECTION('',(0.E0,0.E0,1.E0));
#9854=DIRECTION('',(1.E0,0.E0,0.E0));
#9855=AXIS2_PLACEMENT_3D('',#9852,#9853,#9854);
#9856=PLANE('',#9855);
#9857=ORIENTED_EDGE('',*,*,#9833,.F.);
#9858=ORIENTED_EDGE('',*,*,#9846,.F.);
#9859=ORIENTED_EDGE('',*,*,#9791,.F.);
#9860=ORIENTED_EDGE('',*,*,#9819,.F.);
#9861=EDGE_LOOP('',(#9857,#9858,#9859,#9860));
#9862=FACE_OUTER_BOUND('',#9861,.F.);
#9864=ORIENTED_EDGE('',*,*,#9863,.T.);
#9866=ORIENTED_EDGE('',*,*,#9865,.T.);
#9868=ORIENTED_EDGE('',*,*,#9867,.T.);
#9870=ORIENTED_EDGE('',*,*,#9869,.T.);
#9871=EDGE_LOOP('',(#9864,#9866,#9868,#9870));
#9872=FACE_BOUND('',#9871,.F.);
#9873=ADVANCED_FACE('',(#9862,#9872),#9856,.T.);
#9874=CARTESIAN_POINT('',(-7.704E1,5.323000244E1,6.38852E0));
#9875=DIRECTION('',(-1.E0,0.E0,0.E0));
#9876=DIRECTION('',(0.E0,-1.E0,0.E0));
#9877=AXIS2_PLACEMENT_3D('',#9874,#9875,#9876);
#9878=PLANE('',#9877);
#9879=ORIENTED_EDGE('',*,*,#9863,.F.);
#9881=ORIENTED_EDGE('',*,*,#9880,.T.);
#9883=ORIENTED_EDGE('',*,*,#9882,.T.);
#9885=ORIENTED_EDGE('',*,*,#9884,.F.);
#9886=EDGE_LOOP('',(#9879,#9881,#9883,#9885));
#9887=FACE_OUTER_BOUND('',#9886,.F.);
#9888=ADVANCED_FACE('',(#9887),#9878,.F.);
#9889=CARTESIAN_POINT('',(-3.6E0,5.323000244E1,6.38852E0));
#9890=DIRECTION('',(0.E0,1.E0,0.E0));
#9891=DIRECTION('',(-1.E0,0.E0,0.E0));
#9892=AXIS2_PLACEMENT_3D('',#9889,#9890,#9891);
#9893=PLANE('',#9892);
#9894=ORIENTED_EDGE('',*,*,#9869,.F.);
#9896=ORIENTED_EDGE('',*,*,#9895,.T.);
#9898=ORIENTED_EDGE('',*,*,#9897,.T.);
#9899=ORIENTED_EDGE('',*,*,#9880,.F.);
#9900=EDGE_LOOP('',(#9894,#9896,#9898,#9899));
#9901=FACE_OUTER_BOUND('',#9900,.F.);
#9902=ADVANCED_FACE('',(#9901),#9893,.F.);
#9903=CARTESIAN_POINT('',(-3.6E0,4.27000244E0,6.38852E0));
#9904=DIRECTION('',(1.E0,0.E0,0.E0));
#9905=DIRECTION('',(0.E0,1.E0,0.E0));
#9906=AXIS2_PLACEMENT_3D('',#9903,#9904,#9905);
#9907=PLANE('',#9906);
#9908=ORIENTED_EDGE('',*,*,#9867,.F.);
#9910=ORIENTED_EDGE('',*,*,#9909,.T.);
#9912=ORIENTED_EDGE('',*,*,#9911,.T.);
#9913=ORIENTED_EDGE('',*,*,#9895,.F.);
#9914=EDGE_LOOP('',(#9908,#9910,#9912,#9913));
#9915=FACE_OUTER_BOUND('',#9914,.F.);
#9916=ADVANCED_FACE('',(#9915),#9907,.F.);
#9917=CARTESIAN_POINT('',(-7.704E1,4.27000244E0,6.38852E0));
#9918=DIRECTION('',(0.E0,-1.E0,0.E0));
#9919=DIRECTION('',(1.E0,0.E0,0.E0));
#9920=AXIS2_PLACEMENT_3D('',#9917,#9918,#9919);
#9921=PLANE('',#9920);
#9922=ORIENTED_EDGE('',*,*,#9865,.F.);
#9923=ORIENTED_EDGE('',*,*,#9884,.T.);
#9925=ORIENTED_EDGE('',*,*,#9924,.T.);
#9926=ORIENTED_EDGE('',*,*,#9909,.F.);
#9927=EDGE_LOOP('',(#9922,#9923,#9925,#9926));
#9928=FACE_OUTER_BOUND('',#9927,.F.);
#9929=ADVANCED_FACE('',(#9928),#9921,.F.);
#9930=CARTESIAN_POINT('',(0.E0,0.E0,6.33852E0));
#9931=DIRECTION('',(0.E0,0.E0,1.E0));
#9932=DIRECTION('',(1.E0,0.E0,0.E0));
#9933=AXIS2_PLACEMENT_3D('',#9930,#9931,#9932);
#9934=PLANE('',#9933);
#9935=ORIENTED_EDGE('',*,*,#9882,.F.);
#9936=ORIENTED_EDGE('',*,*,#9897,.F.);
#9937=ORIENTED_EDGE('',*,*,#9911,.F.);
#9938=ORIENTED_EDGE('',*,*,#9924,.F.);
#9939=EDGE_LOOP('',(#9935,#9936,#9937,#9938));
#9940=FACE_OUTER_BOUND('',#9939,.F.);
#9941=ADVANCED_FACE('',(#9940),#9934,.T.);
#9942=FILL_AREA_STYLE_COLOUR('',#16);
#9943=FILL_AREA_STYLE('',(#9942));
#9944=SURFACE_STYLE_FILL_AREA(#9943);
#9945=SURFACE_SIDE_STYLE('',(#9944));
#9946=SURFACE_STYLE_USAGE(.POSITIVE.,#9945);
#9947=FILL_AREA_STYLE_COLOUR('',#9);
#9948=FILL_AREA_STYLE('',(#9947));
#9949=SURFACE_STYLE_FILL_AREA(#9948);
#9950=SURFACE_SIDE_STYLE('',(#9949));
#9951=SURFACE_STYLE_USAGE(.NEGATIVE.,#9950);
#9952=PRESENTATION_STYLE_ASSIGNMENT((#9946,#9951));
#9953=OVER_RIDING_STYLED_ITEM('',(#9952),#9941,#38);
#9954=CARTESIAN_POINT('',(-1.37E1,0.E0,3.18852E0));
#9955=DIRECTION('',(-1.E0,0.E0,0.E0));
#9956=DIRECTION('',(0.E0,-1.E0,0.E0));
#9957=AXIS2_PLACEMENT_3D('',#9954,#9955,#9956);
#9958=PLANE('',#9957);
#9959=ORIENTED_EDGE('',*,*,#8687,.F.);
#9960=ORIENTED_EDGE('',*,*,#8738,.F.);
#9961=ORIENTED_EDGE('',*,*,#8753,.F.);
#9962=ORIENTED_EDGE('',*,*,#8495,.F.);
#9963=EDGE_LOOP('',(#9959,#9960,#9961,#9962));
#9964=FACE_OUTER_BOUND('',#9963,.F.);
#9965=ADVANCED_FACE('',(#9964),#9958,.T.);
#9966=CARTESIAN_POINT('',(0.E0,8.53600084E0,0.E0));
#9967=DIRECTION('',(0.E0,1.E0,0.E0));
#9968=DIRECTION('',(-1.E0,0.E0,0.E0));
#9969=AXIS2_PLACEMENT_3D('',#9966,#9967,#9968);
#9970=PLANE('',#9969);
#9971=ORIENTED_EDGE('',*,*,#8719,.F.);
#9973=ORIENTED_EDGE('',*,*,#9972,.T.);
#9975=ORIENTED_EDGE('',*,*,#9974,.T.);
#9977=ORIENTED_EDGE('',*,*,#9976,.T.);
#9979=ORIENTED_EDGE('',*,*,#9978,.T.);
#9981=ORIENTED_EDGE('',*,*,#9980,.T.);
#9983=ORIENTED_EDGE('',*,*,#9982,.T.);
#9985=ORIENTED_EDGE('',*,*,#9984,.T.);
#9986=EDGE_LOOP('',(#9971,#9973,#9975,#9977,#9979,#9981,#9983,#9985));
#9987=FACE_OUTER_BOUND('',#9986,.F.);
#9988=ADVANCED_FACE('',(#9987),#9970,.F.);
#9989=FILL_AREA_STYLE_COLOUR('',#24);
#9990=FILL_AREA_STYLE('',(#9989));
#9991=SURFACE_STYLE_FILL_AREA(#9990);
#9992=SURFACE_SIDE_STYLE('',(#9991));
#9993=SURFACE_STYLE_USAGE(.POSITIVE.,#9992);
#9994=FILL_AREA_STYLE_COLOUR('',#9);
#9995=FILL_AREA_STYLE('',(#9994));
#9996=SURFACE_STYLE_FILL_AREA(#9995);
#9997=SURFACE_SIDE_STYLE('',(#9996));
#9998=SURFACE_STYLE_USAGE(.NEGATIVE.,#9997);
#9999=PRESENTATION_STYLE_ASSIGNMENT((#9993,#9998));
#10000=OVER_RIDING_STYLED_ITEM('',(#9999),#9988,#38);
#10001=CARTESIAN_POINT('',(-8.321545319748E1,3.878600084E1,4.756223518087E0));
#10002=DIRECTION('',(0.E0,0.E0,-1.E0));
#10003=DIRECTION('',(1.E0,0.E0,0.E0));
#10004=AXIS2_PLACEMENT_3D('',#10001,#10002,#10003);
#10005=PLANE('',#10004);
#10006=ORIENTED_EDGE('',*,*,#8725,.T.);
#10008=ORIENTED_EDGE('',*,*,#10007,.T.);
#10010=ORIENTED_EDGE('',*,*,#10009,.F.);
#10011=ORIENTED_EDGE('',*,*,#9972,.F.);
#10012=EDGE_LOOP('',(#10006,#10008,#10010,#10011));
#10013=FACE_OUTER_BOUND('',#10012,.F.);
#10014=ADVANCED_FACE('',(#10013),#10005,.T.);
#10015=FILL_AREA_STYLE_COLOUR('',#24);
#10016=FILL_AREA_STYLE('',(#10015));
#10017=SURFACE_STYLE_FILL_AREA(#10016);
#10018=SURFACE_SIDE_STYLE('',(#10017));
#10019=SURFACE_STYLE_USAGE(.POSITIVE.,#10018);
#10020=FILL_AREA_STYLE_COLOUR('',#9);
#10021=FILL_AREA_STYLE('',(#10020));
#10022=SURFACE_STYLE_FILL_AREA(#10021);
#10023=SURFACE_SIDE_STYLE('',(#10022));
#10024=SURFACE_STYLE_USAGE(.NEGATIVE.,#10023);
#10025=PRESENTATION_STYLE_ASSIGNMENT((#10019,#10024));
#10026=OVER_RIDING_STYLED_ITEM('',(#10025),#10014,#38);
#10027=CARTESIAN_POINT('',(0.E0,4.253600084E1,0.E0));
#10028=DIRECTION('',(0.E0,1.E0,0.E0));
#10029=DIRECTION('',(-1.E0,0.E0,0.E0));
#10030=AXIS2_PLACEMENT_3D('',#10027,#10028,#10029);
#10031=PLANE('',#10030);
#10032=ORIENTED_EDGE('',*,*,#8723,.T.);
#10034=ORIENTED_EDGE('',*,*,#10033,.F.);
#10036=ORIENTED_EDGE('',*,*,#10035,.F.);
#10038=ORIENTED_EDGE('',*,*,#10037,.F.);
#10040=ORIENTED_EDGE('',*,*,#10039,.F.);
#10042=ORIENTED_EDGE('',*,*,#10041,.F.);
#10044=ORIENTED_EDGE('',*,*,#10043,.F.);
#10045=ORIENTED_EDGE('',*,*,#10007,.F.);
#10046=EDGE_LOOP('',(#10032,#10034,#10036,#10038,#10040,#10042,#10044,#10045));
#10047=FACE_OUTER_BOUND('',#10046,.F.);
#10048=ADVANCED_FACE('',(#10047),#10031,.T.);
#10049=FILL_AREA_STYLE_COLOUR('',#24);
#10050=FILL_AREA_STYLE('',(#10049));
#10051=SURFACE_STYLE_FILL_AREA(#10050);
#10052=SURFACE_SIDE_STYLE('',(#10051));
#10053=SURFACE_STYLE_USAGE(.POSITIVE.,#10052);
#10054=FILL_AREA_STYLE_COLOUR('',#9);
#10055=FILL_AREA_STYLE('',(#10054));
#10056=SURFACE_STYLE_FILL_AREA(#10055);
#10057=SURFACE_SIDE_STYLE('',(#10056));
#10058=SURFACE_STYLE_USAGE(.NEGATIVE.,#10057);
#10059=PRESENTATION_STYLE_ASSIGNMENT((#10053,#10058));
#10060=OVER_RIDING_STYLED_ITEM('',(#10059),#10048,#38);
#10061=CARTESIAN_POINT('',(-7.961631223252E1,3.878600084E1,4.906223518087E0));
#10062=DIRECTION('',(0.E0,0.E0,1.E0));
#10063=DIRECTION('',(-1.E0,0.E0,0.E0));
#10064=AXIS2_PLACEMENT_3D('',#10061,#10062,#10063);
#10065=PLANE('',#10064);
#10067=ORIENTED_EDGE('',*,*,#10066,.F.);
#10069=ORIENTED_EDGE('',*,*,#10068,.T.);
#10070=ORIENTED_EDGE('',*,*,#10033,.T.);
#10071=ORIENTED_EDGE('',*,*,#8721,.T.);
#10072=ORIENTED_EDGE('',*,*,#9984,.F.);
#10074=ORIENTED_EDGE('',*,*,#10073,.T.);
#10075=EDGE_LOOP('',(#10067,#10069,#10070,#10071,#10072,#10074));
#10076=FACE_OUTER_BOUND('',#10075,.F.);
#10077=ADVANCED_FACE('',(#10076),#10065,.T.);
#10078=CARTESIAN_POINT('',(-8.317116454779E1,3.878600084E1,4.905288026716E0));
#10079=CARTESIAN_POINT('',(-8.318570190893E1,3.878600084E1,4.905913501062E0));
#10080=CARTESIAN_POINT('',(-8.332818703659E1,3.878600084E1,4.908904256701E0));
#10081=CARTESIAN_POINT('',(-8.363575290256E1,3.878600084E1,4.859862454374E0));
#10082=CARTESIAN_POINT('',(-8.400849942402E1,3.878600084E1,4.704810845135E0));
#10083=CARTESIAN_POINT('',(-8.425497396143E1,3.878600084E1,4.521186605702E0));
#10084=CARTESIAN_POINT('',(-8.443705886311E1,3.878600084E1,4.318612039581E0));
#10085=CARTESIAN_POINT('',(-8.457452005650E1,3.878600084E1,4.026849274670E0));
#10086=CARTESIAN_POINT('',(-8.461822372956E1,3.878600084E1,3.687734684922E0));
#10087=CARTESIAN_POINT('',(-8.458053456142E1,3.878600084E1,3.374586023847E0));
#10088=CARTESIAN_POINT('',(-8.449100829637E1,3.878600084E1,3.106735558614E0));
#10089=CARTESIAN_POINT('',(-8.437002681590E1,3.878600084E1,2.907056961498E0));
#10090=CARTESIAN_POINT('',(-8.424425669278E1,3.878600084E1,2.771475924173E0));
#10091=CARTESIAN_POINT('',(-8.414469718157E1,3.878600084E1,2.692833942099E0));
#10092=CARTESIAN_POINT('',(-8.404680080861E1,3.878600084E1,2.636709727430E0));
#10093=CARTESIAN_POINT('',(-8.392785338884E1,3.878600084E1,2.584777087781E0));
#10094=CARTESIAN_POINT('',(-8.377435619855E1,3.878600084E1,2.541738439694E0));
#10095=CARTESIAN_POINT('',(-8.358903857689E1,3.878600084E1,2.513594874277E0));
#10096=CARTESIAN_POINT('',(-8.338628537847E1,3.878600084E1,2.497300633125E0));
#10097=CARTESIAN_POINT('',(-8.316988598648E1,3.878600084E1,2.486552333226E0));
#10098=CARTESIAN_POINT('',(-8.300016550260E1,3.878600084E1,2.483846760639E0));
#10099=CARTESIAN_POINT('',(-8.291003452188E1,3.878600084E1,2.484132586277E0));
#10100=CARTESIAN_POINT('',(-8.289544632502E1,3.878600084E1,2.484224632871E0));
#10102=CURVE_STYLE('',#43,POSITIVE_LENGTH_MEASURE(2.E-2),#24);
#10103=PRESENTATION_STYLE_ASSIGNMENT((#10102));
#10104=STYLED_ITEM('',(#10103),#10101);
#10105=DIRECTION('',(0.E0,-1.E0,0.E0));
#10106=VECTOR('',#10105,1.E0);
#10107=SURFACE_OF_LINEAR_EXTRUSION('',#10101,#10106);
#10109=ORIENTED_EDGE('',*,*,#10108,.F.);
#10110=ORIENTED_EDGE('',*,*,#10066,.T.);
#10112=ORIENTED_EDGE('',*,*,#10111,.T.);
#10114=ORIENTED_EDGE('',*,*,#10113,.F.);
#10115=EDGE_LOOP('',(#10109,#10110,#10112,#10114));
#10116=FACE_OUTER_BOUND('',#10115,.F.);
#10117=ADVANCED_FACE('',(#10116),#10107,.T.);
#10118=FILL_AREA_STYLE_COLOUR('',#24);
#10119=FILL_AREA_STYLE('',(#10118));
#10120=SURFACE_STYLE_FILL_AREA(#10119);
#10121=SURFACE_SIDE_STYLE('',(#10120));
#10122=SURFACE_STYLE_USAGE(.POSITIVE.,#10121);
#10123=FILL_AREA_STYLE_COLOUR('',#9);
#10124=FILL_AREA_STYLE('',(#10123));
#10125=SURFACE_STYLE_FILL_AREA(#10124);
#10126=SURFACE_SIDE_STYLE('',(#10125));
#10127=SURFACE_STYLE_USAGE(.NEGATIVE.,#10126);
#10128=PRESENTATION_STYLE_ASSIGNMENT((#10122,#10127));
#10129=OVER_RIDING_STYLED_ITEM('',(#10128),#10117,#38);
#10130=CARTESIAN_POINT('',(-8.317116454779E1,8.53600084E0,4.905288026716E0));
#10131=CARTESIAN_POINT('',(-8.318570190893E1,8.53600084E0,4.905913501062E0));
#10132=CARTESIAN_POINT('',(-8.332818703659E1,8.53600084E0,4.908904256701E0));
#10133=CARTESIAN_POINT('',(-8.363575290256E1,8.53600084E0,4.859862454374E0));
#10134=CARTESIAN_POINT('',(-8.400849942402E1,8.53600084E0,4.704810845135E0));
#10135=CARTESIAN_POINT('',(-8.425497396143E1,8.53600084E0,4.521186605702E0));
#10136=CARTESIAN_POINT('',(-8.443705886311E1,8.53600084E0,4.318612039581E0));
#10137=CARTESIAN_POINT('',(-8.457452005650E1,8.53600084E0,4.026849274670E0));
#10138=CARTESIAN_POINT('',(-8.461822372956E1,8.53600084E0,3.687734684922E0));
#10139=CARTESIAN_POINT('',(-8.458053456142E1,8.53600084E0,3.374586023847E0));
#10140=CARTESIAN_POINT('',(-8.449100829637E1,8.53600084E0,3.106735558614E0));
#10141=CARTESIAN_POINT('',(-8.437002681590E1,8.53600084E0,2.907056961498E0));
#10142=CARTESIAN_POINT('',(-8.424425669278E1,8.53600084E0,2.771475924173E0));
#10143=CARTESIAN_POINT('',(-8.414469718157E1,8.53600084E0,2.692833942099E0));
#10144=CARTESIAN_POINT('',(-8.404680080861E1,8.53600084E0,2.636709727430E0));
#10145=CARTESIAN_POINT('',(-8.392785338884E1,8.53600084E0,2.584777087781E0));
#10146=CARTESIAN_POINT('',(-8.377435619855E1,8.53600084E0,2.541738439694E0));
#10147=CARTESIAN_POINT('',(-8.358903857689E1,8.53600084E0,2.513594874277E0));
#10148=CARTESIAN_POINT('',(-8.338628537847E1,8.53600084E0,2.497300633125E0));
#10149=CARTESIAN_POINT('',(-8.316988598648E1,8.53600084E0,2.486552333226E0));
#10150=CARTESIAN_POINT('',(-8.300016550260E1,8.53600084E0,2.483846760639E0));
#10151=CARTESIAN_POINT('',(-8.291003452188E1,8.53600084E0,2.484132586277E0));
#10152=CARTESIAN_POINT('',(-8.289544632502E1,8.53600084E0,2.484224632871E0));
#10154=CURVE_STYLE('',#43,POSITIVE_LENGTH_MEASURE(2.E-2),#24);
#10155=PRESENTATION_STYLE_ASSIGNMENT((#10154));
#10156=STYLED_ITEM('',(#10155),#10153);
#10157=DIRECTION('',(0.E0,1.E0,0.E0));
#10158=VECTOR('',#10157,1.E0);
#10159=SURFACE_OF_LINEAR_EXTRUSION('',#10153,#10158);
#10160=ORIENTED_EDGE('',*,*,#10108,.T.);
#10162=ORIENTED_EDGE('',*,*,#10161,.T.);
#10163=ORIENTED_EDGE('',*,*,#10035,.T.);
#10164=ORIENTED_EDGE('',*,*,#10068,.F.);
#10165=EDGE_LOOP('',(#10160,#10162,#10163,#10164));
#10166=FACE_OUTER_BOUND('',#10165,.F.);
#10167=ADVANCED_FACE('',(#10166),#10159,.F.);
#10168=FILL_AREA_STYLE_COLOUR('',#24);
#10169=FILL_AREA_STYLE('',(#10168));
#10170=SURFACE_STYLE_FILL_AREA(#10169);
#10171=SURFACE_SIDE_STYLE('',(#10170));
#10172=SURFACE_STYLE_USAGE(.POSITIVE.,#10171);
#10173=FILL_AREA_STYLE_COLOUR('',#9);
#10174=FILL_AREA_STYLE('',(#10173));
#10175=SURFACE_STYLE_FILL_AREA(#10174);
#10176=SURFACE_SIDE_STYLE('',(#10175));
#10177=SURFACE_STYLE_USAGE(.NEGATIVE.,#10176);
#10178=PRESENTATION_STYLE_ASSIGNMENT((#10172,#10177));
#10179=OVER_RIDING_STYLED_ITEM('',(#10178),#10167,#38);
#10180=CARTESIAN_POINT('',(-8.317116454779E1,8.53600084E0,4.905288026716E0));
#10181=CARTESIAN_POINT('',(-8.318570190893E1,8.53600084E0,4.905913501062E0));
#10182=CARTESIAN_POINT('',(-8.332818703659E1,8.53600084E0,4.908904256701E0));
#10183=CARTESIAN_POINT('',(-8.363575290256E1,8.53600084E0,4.859862454374E0));
#10184=CARTESIAN_POINT('',(-8.400849942402E1,8.53600084E0,4.704810845135E0));
#10185=CARTESIAN_POINT('',(-8.425497396143E1,8.53600084E0,4.521186605702E0));
#10186=CARTESIAN_POINT('',(-8.443705886311E1,8.53600084E0,4.318612039581E0));
#10187=CARTESIAN_POINT('',(-8.457452005650E1,8.53600084E0,4.026849274670E0));
#10188=CARTESIAN_POINT('',(-8.461822372956E1,8.53600084E0,3.687734684922E0));
#10189=CARTESIAN_POINT('',(-8.458053456142E1,8.53600084E0,3.374586023847E0));
#10190=CARTESIAN_POINT('',(-8.449100829637E1,8.53600084E0,3.106735558614E0));
#10191=CARTESIAN_POINT('',(-8.437002681590E1,8.53600084E0,2.907056961498E0));
#10192=CARTESIAN_POINT('',(-8.424425669278E1,8.53600084E0,2.771475924173E0));
#10193=CARTESIAN_POINT('',(-8.414469718157E1,8.53600084E0,2.692833942099E0));
#10194=CARTESIAN_POINT('',(-8.404680080861E1,8.53600084E0,2.636709727430E0));
#10195=CARTESIAN_POINT('',(-8.392785338884E1,8.53600084E0,2.584777087781E0));
#10196=CARTESIAN_POINT('',(-8.377435619855E1,8.53600084E0,2.541738439694E0));
#10197=CARTESIAN_POINT('',(-8.358903857689E1,8.53600084E0,2.513594874277E0));
#10198=CARTESIAN_POINT('',(-8.338628537847E1,8.53600084E0,2.497300633125E0));
#10199=CARTESIAN_POINT('',(-8.316988598648E1,8.53600084E0,2.486552333226E0));
#10200=CARTESIAN_POINT('',(-8.300016550260E1,8.53600084E0,2.483846760639E0));
#10201=CARTESIAN_POINT('',(-8.291003452188E1,8.53600084E0,2.484132586277E0));
#10202=CARTESIAN_POINT('',(-8.289544632502E1,8.53600084E0,2.484224632871E0));
#10204=CURVE_STYLE('',#43,POSITIVE_LENGTH_MEASURE(2.E-2),#24);
#10205=PRESENTATION_STYLE_ASSIGNMENT((#10204));
#10206=STYLED_ITEM('',(#10205),#10203);
#10207=DIRECTION('',(0.E0,1.E0,0.E0));
#10208=VECTOR('',#10207,1.E0);
#10209=SURFACE_OF_LINEAR_EXTRUSION('',#10203,#10208);
#10210=ORIENTED_EDGE('',*,*,#10111,.F.);
#10211=ORIENTED_EDGE('',*,*,#10073,.F.);
#10212=ORIENTED_EDGE('',*,*,#9982,.F.);
#10214=ORIENTED_EDGE('',*,*,#10213,.T.);
#10215=EDGE_LOOP('',(#10210,#10211,#10212,#10214));
#10216=FACE_OUTER_BOUND('',#10215,.F.);
#10217=ADVANCED_FACE('',(#10216),#10209,.F.);
#10218=FILL_AREA_STYLE_COLOUR('',#24);
#10219=FILL_AREA_STYLE('',(#10218));
#10220=SURFACE_STYLE_FILL_AREA(#10219);
#10221=SURFACE_SIDE_STYLE('',(#10220));
#10222=SURFACE_STYLE_USAGE(.POSITIVE.,#10221);
#10223=FILL_AREA_STYLE_COLOUR('',#9);
#10224=FILL_AREA_STYLE('',(#10223));
#10225=SURFACE_STYLE_FILL_AREA(#10224);
#10226=SURFACE_SIDE_STYLE('',(#10225));
#10227=SURFACE_STYLE_USAGE(.NEGATIVE.,#10226);
#10228=PRESENTATION_STYLE_ASSIGNMENT((#10222,#10227));
#10229=OVER_RIDING_STYLED_ITEM('',(#10228),#10217,#38);
#10230=CARTESIAN_POINT('',(-8.293939676169E1,3.878600084E1,2.484086122864E0));
#10231=DIRECTION('',(0.E0,0.E0,-1.E0));
#10232=DIRECTION('',(1.E0,0.E0,0.E0));
#10233=AXIS2_PLACEMENT_3D('',#10230,#10231,#10232);
#10234=PLANE('',#10233);
#10235=ORIENTED_EDGE('',*,*,#10113,.T.);
#10236=ORIENTED_EDGE('',*,*,#10213,.F.);
#10237=ORIENTED_EDGE('',*,*,#9980,.F.);
#10239=ORIENTED_EDGE('',*,*,#10238,.T.);
#10241=ORIENTED_EDGE('',*,*,#10240,.T.);
#10243=ORIENTED_EDGE('',*,*,#10242,.F.);
#10245=ORIENTED_EDGE('',*,*,#10244,.F.);
#10247=ORIENTED_EDGE('',*,*,#10246,.T.);
#10248=ORIENTED_EDGE('',*,*,#10037,.T.);
#10249=ORIENTED_EDGE('',*,*,#10161,.F.);
#10250=EDGE_LOOP('',(#10235,#10236,#10237,#10239,#10241,#10243,#10245,#10247,
#10248,#10249));
#10251=FACE_OUTER_BOUND('',#10250,.F.);
#10252=ADVANCED_FACE('',(#10251),#10234,.T.);
#10253=FILL_AREA_STYLE_COLOUR('',#24);
#10254=FILL_AREA_STYLE('',(#10253));
#10255=SURFACE_STYLE_FILL_AREA(#10254);
#10256=SURFACE_SIDE_STYLE('',(#10255));
#10257=SURFACE_STYLE_USAGE(.POSITIVE.,#10256);
#10258=FILL_AREA_STYLE_COLOUR('',#9);
#10259=FILL_AREA_STYLE('',(#10258));
#10260=SURFACE_STYLE_FILL_AREA(#10259);
#10261=SURFACE_SIDE_STYLE('',(#10260));
#10262=SURFACE_STYLE_USAGE(.NEGATIVE.,#10261);
#10263=PRESENTATION_STYLE_ASSIGNMENT((#10257,#10262));
#10264=OVER_RIDING_STYLED_ITEM('',(#10263),#10252,#38);
#10265=CARTESIAN_POINT('',(-8.065437939788E1,8.53600084E0,2.634086122864E0));
#10266=DIRECTION('',(1.E0,0.E0,0.E0));
#10267=DIRECTION('',(0.E0,0.E0,-1.E0));
#10268=AXIS2_PLACEMENT_3D('',#10265,#10266,#10267);
#10269=PLANE('',#10268);
#10271=ORIENTED_EDGE('',*,*,#10270,.F.);
#10273=ORIENTED_EDGE('',*,*,#10272,.T.);
#10274=ORIENTED_EDGE('',*,*,#10039,.T.);
#10275=ORIENTED_EDGE('',*,*,#10246,.F.);
#10276=EDGE_LOOP('',(#10271,#10273,#10274,#10275));
#10277=FACE_OUTER_BOUND('',#10276,.F.);
#10278=ADVANCED_FACE('',(#10277),#10269,.T.);
#10279=CARTESIAN_POINT('',(-8.065437939788E1,8.53600084E0,2.634086122864E0));
#10280=DIRECTION('',(1.E0,0.E0,0.E0));
#10281=DIRECTION('',(0.E0,0.E0,-1.E0));
#10282=AXIS2_PLACEMENT_3D('',#10279,#10280,#10281);
#10283=PLANE('',#10282);
#10285=ORIENTED_EDGE('',*,*,#10284,.T.);
#10286=ORIENTED_EDGE('',*,*,#10238,.F.);
#10287=ORIENTED_EDGE('',*,*,#9978,.F.);
#10289=ORIENTED_EDGE('',*,*,#10288,.T.);
#10290=EDGE_LOOP('',(#10285,#10286,#10287,#10289));
#10291=FACE_OUTER_BOUND('',#10290,.F.);
#10292=ADVANCED_FACE('',(#10291),#10283,.T.);
#10293=CARTESIAN_POINT('',(0.E0,3.878600084E1,0.E0));
#10294=DIRECTION('',(0.E0,-1.E0,0.E0));
#10295=DIRECTION('',(1.E0,0.E0,0.E0));
#10296=AXIS2_PLACEMENT_3D('',#10293,#10294,#10295);
#10297=PLANE('',#10296);
#10298=ORIENTED_EDGE('',*,*,#10270,.T.);
#10299=ORIENTED_EDGE('',*,*,#10244,.T.);
#10301=ORIENTED_EDGE('',*,*,#10300,.T.);
#10303=ORIENTED_EDGE('',*,*,#10302,.T.);
#10305=ORIENTED_EDGE('',*,*,#10304,.T.);
#10307=ORIENTED_EDGE('',*,*,#10306,.T.);
#10309=ORIENTED_EDGE('',*,*,#10308,.F.);
#10311=ORIENTED_EDGE('',*,*,#10310,.T.);
#10313=ORIENTED_EDGE('',*,*,#10312,.T.);
#10315=ORIENTED_EDGE('',*,*,#10314,.T.);
#10317=ORIENTED_EDGE('',*,*,#10316,.T.);
#10319=ORIENTED_EDGE('',*,*,#10318,.T.);
#10320=EDGE_LOOP('',(#10298,#10299,#10301,#10303,#10305,#10307,#10309,#10311,
#10313,#10315,#10317,#10319));
#10321=FACE_OUTER_BOUND('',#10320,.F.);
#10322=ADVANCED_FACE('',(#10321),#10297,.F.);
#10323=FILL_AREA_STYLE_COLOUR('',#24);
#10324=FILL_AREA_STYLE('',(#10323));
#10325=SURFACE_STYLE_FILL_AREA(#10324);
#10326=SURFACE_SIDE_STYLE('',(#10325));
#10327=SURFACE_STYLE_USAGE(.POSITIVE.,#10326);
#10328=FILL_AREA_STYLE_COLOUR('',#9);
#10329=FILL_AREA_STYLE('',(#10328));
#10330=SURFACE_STYLE_FILL_AREA(#10329);
#10331=SURFACE_SIDE_STYLE('',(#10330));
#10332=SURFACE_STYLE_USAGE(.NEGATIVE.,#10331);
#10333=PRESENTATION_STYLE_ASSIGNMENT((#10327,#10332));
#10334=OVER_RIDING_STYLED_ITEM('',(#10333),#10322,#38);
#10335=CARTESIAN_POINT('',(-5.830479579849E1,3.878600084E1,1.603071847370E0));
#10336=DIRECTION('',(0.E0,-1.E0,0.E0));
#10337=DIRECTION('',(1.E0,0.E0,0.E0));
#10338=AXIS2_PLACEMENT_3D('',#10335,#10336,#10337);
#10339=CYLINDRICAL_SURFACE('',#10338,8.810142754941E-1);
#10340=ORIENTED_EDGE('',*,*,#10300,.F.);
#10341=ORIENTED_EDGE('',*,*,#10242,.T.);
#10343=ORIENTED_EDGE('',*,*,#10342,.T.);
#10345=ORIENTED_EDGE('',*,*,#10344,.F.);
#10346=EDGE_LOOP('',(#10340,#10341,#10343,#10345));
#10347=FACE_OUTER_BOUND('',#10346,.F.);
#10348=ADVANCED_FACE('',(#10347),#10339,.F.);
#10349=FILL_AREA_STYLE_COLOUR('',#24);
#10350=FILL_AREA_STYLE('',(#10349));
#10351=SURFACE_STYLE_FILL_AREA(#10350);
#10352=SURFACE_SIDE_STYLE('',(#10351));
#10353=SURFACE_STYLE_USAGE(.POSITIVE.,#10352);
#10354=FILL_AREA_STYLE_COLOUR('',#9);
#10355=FILL_AREA_STYLE('',(#10354));
#10356=SURFACE_STYLE_FILL_AREA(#10355);
#10357=SURFACE_SIDE_STYLE('',(#10356));
#10358=SURFACE_STYLE_USAGE(.NEGATIVE.,#10357);
#10359=PRESENTATION_STYLE_ASSIGNMENT((#10353,#10358));
#10360=OVER_RIDING_STYLED_ITEM('',(#10359),#10348,#38);
#10361=CARTESIAN_POINT('',(0.E0,1.828600084E1,0.E0));
#10362=DIRECTION('',(0.E0,-1.E0,0.E0));
#10363=DIRECTION('',(1.E0,0.E0,0.E0));
#10364=AXIS2_PLACEMENT_3D('',#10361,#10362,#10363);
#10365=PLANE('',#10364);
#10366=ORIENTED_EDGE('',*,*,#10284,.F.);
#10368=ORIENTED_EDGE('',*,*,#10367,.F.);
#10370=ORIENTED_EDGE('',*,*,#10369,.F.);
#10372=ORIENTED_EDGE('',*,*,#10371,.F.);
#10374=ORIENTED_EDGE('',*,*,#10373,.F.);
#10376=ORIENTED_EDGE('',*,*,#10375,.F.);
#10378=ORIENTED_EDGE('',*,*,#10377,.T.);
#10380=ORIENTED_EDGE('',*,*,#10379,.F.);
#10382=ORIENTED_EDGE('',*,*,#10381,.F.);
#10384=ORIENTED_EDGE('',*,*,#10383,.F.);
#10385=ORIENTED_EDGE('',*,*,#10342,.F.);
#10386=ORIENTED_EDGE('',*,*,#10240,.F.);
#10387=EDGE_LOOP('',(#10366,#10368,#10370,#10372,#10374,#10376,#10378,#10380,
#10382,#10384,#10385,#10386));
#10388=FACE_OUTER_BOUND('',#10387,.F.);
#10389=ADVANCED_FACE('',(#10388),#10365,.T.);
#10390=FILL_AREA_STYLE_COLOUR('',#24);
#10391=FILL_AREA_STYLE('',(#10390));
#10392=SURFACE_STYLE_FILL_AREA(#10391);
#10393=SURFACE_SIDE_STYLE('',(#10392));
#10394=SURFACE_STYLE_USAGE(.POSITIVE.,#10393);
#10395=FILL_AREA_STYLE_COLOUR('',#9);
#10396=FILL_AREA_STYLE('',(#10395));
#10397=SURFACE_STYLE_FILL_AREA(#10396);
#10398=SURFACE_SIDE_STYLE('',(#10397));
#10399=SURFACE_STYLE_USAGE(.NEGATIVE.,#10398);
#10400=PRESENTATION_STYLE_ASSIGNMENT((#10394,#10399));
#10401=OVER_RIDING_STYLED_ITEM('',(#10400),#10389,#38);
#10402=CARTESIAN_POINT('',(-5.830479579849E1,3.878600084E1,2.634086122864E0));
#10403=DIRECTION('',(0.E0,0.E0,1.E0));
#10404=DIRECTION('',(-1.E0,0.E0,0.E0));
#10405=AXIS2_PLACEMENT_3D('',#10402,#10403,#10404);
#10406=PLANE('',#10405);
#10407=ORIENTED_EDGE('',*,*,#10367,.T.);
#10408=ORIENTED_EDGE('',*,*,#10288,.F.);
#10409=ORIENTED_EDGE('',*,*,#9976,.F.);
#10411=ORIENTED_EDGE('',*,*,#10410,.T.);
#10412=ORIENTED_EDGE('',*,*,#10041,.T.);
#10413=ORIENTED_EDGE('',*,*,#10272,.F.);
#10414=ORIENTED_EDGE('',*,*,#10318,.F.);
#10416=ORIENTED_EDGE('',*,*,#10415,.T.);
#10417=EDGE_LOOP('',(#10407,#10408,#10409,#10411,#10412,#10413,#10414,#10416));
#10418=FACE_OUTER_BOUND('',#10417,.F.);
#10419=ADVANCED_FACE('',(#10418),#10406,.T.);
#10420=CARTESIAN_POINT('',(-8.289980428339E1,3.878600084E1,2.634200120949E0));
#10421=CARTESIAN_POINT('',(-8.291295579794E1,3.878600084E1,2.634124383609E0));
#10422=CARTESIAN_POINT('',(-8.307398007017E1,3.878600084E1,2.633657574472E0));
#10423=CARTESIAN_POINT('',(-8.346593354597E1,3.878600084E1,2.645874966918E0));
#10424=CARTESIAN_POINT('',(-8.419970869873E1,3.878600084E1,2.732470417488E0));
#10425=CARTESIAN_POINT('',(-8.454749259691E1,3.878600084E1,3.560886033349E0));
#10426=CARTESIAN_POINT('',(-8.436024708406E1,3.878600084E1,4.224472888108E0));
#10427=CARTESIAN_POINT('',(-8.390277422347E1,3.878600084E1,4.633419130280E0));
#10428=CARTESIAN_POINT('',(-8.341884833717E1,3.878600084E1,4.761044461416E0));
#10429=CARTESIAN_POINT('',(-8.318999817895E1,3.878600084E1,4.755943312719E0));
#10430=CARTESIAN_POINT('',(-8.317777416066E1,3.878600084E1,4.755379621713E0));
#10432=CURVE_STYLE('',#43,POSITIVE_LENGTH_MEASURE(2.E-2),#24);
#10433=PRESENTATION_STYLE_ASSIGNMENT((#10432));
#10434=STYLED_ITEM('',(#10433),#10431);
#10435=DIRECTION('',(0.E0,-1.E0,0.E0));
#10436=VECTOR('',#10435,1.E0);
#10437=SURFACE_OF_LINEAR_EXTRUSION('',#10431,#10436);
#10438=ORIENTED_EDGE('',*,*,#10410,.F.);
#10439=ORIENTED_EDGE('',*,*,#9974,.F.);
#10440=ORIENTED_EDGE('',*,*,#10009,.T.);
#10441=ORIENTED_EDGE('',*,*,#10043,.T.);
#10442=EDGE_LOOP('',(#10438,#10439,#10440,#10441));
#10443=FACE_OUTER_BOUND('',#10442,.F.);
#10444=ADVANCED_FACE('',(#10443),#10437,.T.);
#10445=FILL_AREA_STYLE_COLOUR('',#24);
#10446=FILL_AREA_STYLE('',(#10445));
#10447=SURFACE_STYLE_FILL_AREA(#10446);
#10448=SURFACE_SIDE_STYLE('',(#10447));
#10449=SURFACE_STYLE_USAGE(.POSITIVE.,#10448);
#10450=FILL_AREA_STYLE_COLOUR('',#9);
#10451=FILL_AREA_STYLE('',(#10450));
#10452=SURFACE_STYLE_FILL_AREA(#10451);
#10453=SURFACE_SIDE_STYLE('',(#10452));
#10454=SURFACE_STYLE_USAGE(.NEGATIVE.,#10453);
#10455=PRESENTATION_STYLE_ASSIGNMENT((#10449,#10454));
#10456=OVER_RIDING_STYLED_ITEM('',(#10455),#10444,#38);
#10457=CARTESIAN_POINT('',(-5.830479579849E1,3.878600084E1,1.603071847370E0));
#10458=DIRECTION('',(0.E0,-1.E0,0.E0));
#10459=DIRECTION('',(1.E0,0.E0,0.E0));
#10460=AXIS2_PLACEMENT_3D('',#10457,#10458,#10459);
#10461=CYLINDRICAL_SURFACE('',#10460,1.031014275494E0);
#10462=ORIENTED_EDGE('',*,*,#10316,.F.);
#10464=ORIENTED_EDGE('',*,*,#10463,.T.);
#10465=ORIENTED_EDGE('',*,*,#10369,.T.);
#10466=ORIENTED_EDGE('',*,*,#10415,.F.);
#10467=EDGE_LOOP('',(#10462,#10464,#10465,#10466));
#10468=FACE_OUTER_BOUND('',#10467,.F.);
#10469=ADVANCED_FACE('',(#10468),#10461,.T.);
#10470=CARTESIAN_POINT('',(-5.662220456305E1,3.878600084E1,-2.422523068566E-1));
#10471=DIRECTION('',(9.511938243517E-1,0.E0,3.085940837333E-1));
#10472=DIRECTION('',(-3.085940837333E-1,0.E0,9.511938243517E-1));
#10473=AXIS2_PLACEMENT_3D('',#10470,#10471,#10472);
#10474=PLANE('',#10473);
#10475=ORIENTED_EDGE('',*,*,#10314,.F.);
#10477=ORIENTED_EDGE('',*,*,#10476,.T.);
#10478=ORIENTED_EDGE('',*,*,#10371,.T.);
#10479=ORIENTED_EDGE('',*,*,#10463,.F.);
#10480=EDGE_LOOP('',(#10475,#10477,#10478,#10479));
#10481=FACE_OUTER_BOUND('',#10480,.F.);
#10482=ADVANCED_FACE('',(#10481),#10474,.T.);
#10483=FILL_AREA_STYLE_COLOUR('',#24);
#10484=FILL_AREA_STYLE('',(#10483));
#10485=SURFACE_STYLE_FILL_AREA(#10484);
#10486=SURFACE_SIDE_STYLE('',(#10485));
#10487=SURFACE_STYLE_USAGE(.POSITIVE.,#10486);
#10488=FILL_AREA_STYLE_COLOUR('',#9);
#10489=FILL_AREA_STYLE('',(#10488));
#10490=SURFACE_STYLE_FILL_AREA(#10489);
#10491=SURFACE_SIDE_STYLE('',(#10490));
#10492=SURFACE_STYLE_USAGE(.NEGATIVE.,#10491);
#10493=PRESENTATION_STYLE_ASSIGNMENT((#10487,#10492));
#10494=OVER_RIDING_STYLED_ITEM('',(#10493),#10482,#38);
#10495=CARTESIAN_POINT('',(-5.519541382652E1,3.878600084E1,2.206388187435E-1));
#10496=DIRECTION('',(0.E0,-1.E0,0.E0));
#10497=DIRECTION('',(1.E0,0.E0,0.E0));
#10498=AXIS2_PLACEMENT_3D('',#10495,#10496,#10497);
#10499=CYLINDRICAL_SURFACE('',#10498,1.5E0);
#10500=ORIENTED_EDGE('',*,*,#10312,.F.);
#10502=ORIENTED_EDGE('',*,*,#10501,.T.);
#10503=ORIENTED_EDGE('',*,*,#10373,.T.);
#10504=ORIENTED_EDGE('',*,*,#10476,.F.);
#10505=EDGE_LOOP('',(#10500,#10502,#10503,#10504));
#10506=FACE_OUTER_BOUND('',#10505,.F.);
#10507=ADVANCED_FACE('',(#10506),#10499,.F.);
#10508=FILL_AREA_STYLE_COLOUR('',#24);
#10509=FILL_AREA_STYLE('',(#10508));
#10510=SURFACE_STYLE_FILL_AREA(#10509);
#10511=SURFACE_SIDE_STYLE('',(#10510));
#10512=SURFACE_STYLE_USAGE(.POSITIVE.,#10511);
#10513=FILL_AREA_STYLE_COLOUR('',#9);
#10514=FILL_AREA_STYLE('',(#10513));
#10515=SURFACE_STYLE_FILL_AREA(#10514);
#10516=SURFACE_SIDE_STYLE('',(#10515));
#10517=SURFACE_STYLE_USAGE(.NEGATIVE.,#10516);
#10518=PRESENTATION_STYLE_ASSIGNMENT((#10512,#10517));
#10519=OVER_RIDING_STYLED_ITEM('',(#10518),#10507,#38);
#10520=CARTESIAN_POINT('',(-4.446703294587E1,3.878600084E1,-1.279361181257E0));
#10521=DIRECTION('',(0.E0,0.E0,1.E0));
#10522=DIRECTION('',(-1.E0,0.E0,0.E0));
#10523=AXIS2_PLACEMENT_3D('',#10520,#10521,#10522);
#10524=PLANE('',#10523);
#10526=ORIENTED_EDGE('',*,*,#10525,.F.);
#10527=ORIENTED_EDGE('',*,*,#10375,.T.);
#10528=ORIENTED_EDGE('',*,*,#10501,.F.);
#10529=ORIENTED_EDGE('',*,*,#10310,.F.);
#10531=ORIENTED_EDGE('',*,*,#10530,.F.);
#10533=ORIENTED_EDGE('',*,*,#10532,.F.);
#10534=EDGE_LOOP('',(#10526,#10527,#10528,#10529,#10531,#10533));
#10535=FACE_OUTER_BOUND('',#10534,.F.);
#10536=ADVANCED_FACE('',(#10535),#10524,.T.);
#10537=FILL_AREA_STYLE_COLOUR('',#24);
#10538=FILL_AREA_STYLE('',(#10537));
#10539=SURFACE_STYLE_FILL_AREA(#10538);
#10540=SURFACE_SIDE_STYLE('',(#10539));
#10541=SURFACE_STYLE_USAGE(.POSITIVE.,#10540);
#10542=FILL_AREA_STYLE_COLOUR('',#9);
#10543=FILL_AREA_STYLE('',(#10542));
#10544=SURFACE_STYLE_FILL_AREA(#10543);
#10545=SURFACE_SIDE_STYLE('',(#10544));
#10546=SURFACE_STYLE_USAGE(.NEGATIVE.,#10545);
#10547=PRESENTATION_STYLE_ASSIGNMENT((#10541,#10546));
#10548=OVER_RIDING_STYLED_ITEM('',(#10547),#10536,#38);
#10549=CARTESIAN_POINT('',(-4.582480072E1,1.828600084E1,-4.1148E-1));
#10550=DIRECTION('',(0.E0,1.E0,0.E0));
#10551=DIRECTION('',(1.E0,0.E0,0.E0));
#10552=AXIS2_PLACEMENT_3D('',#10549,#10550,#10551);
#10553=PLANE('',#10552);
#10555=ORIENTED_EDGE('',*,*,#10554,.F.);
#10557=ORIENTED_EDGE('',*,*,#10556,.T.);
#10559=ORIENTED_EDGE('',*,*,#10558,.T.);
#10561=ORIENTED_EDGE('',*,*,#10560,.F.);
#10562=EDGE_LOOP('',(#10555,#10557,#10559,#10561));
#10563=FACE_OUTER_BOUND('',#10562,.F.);
#10564=ADVANCED_FACE('',(#10563),#10553,.T.);
#10565=FILL_AREA_STYLE_COLOUR('',#36);
#10566=FILL_AREA_STYLE('',(#10565));
#10567=SURFACE_STYLE_FILL_AREA(#10566);
#10568=SURFACE_SIDE_STYLE('',(#10567));
#10569=SURFACE_STYLE_USAGE(.POSITIVE.,#10568);
#10570=FILL_AREA_STYLE_COLOUR('',#9);
#10571=FILL_AREA_STYLE('',(#10570));
#10572=SURFACE_STYLE_FILL_AREA(#10571);
#10573=SURFACE_SIDE_STYLE('',(#10572));
#10574=SURFACE_STYLE_USAGE(.NEGATIVE.,#10573);
#10575=PRESENTATION_STYLE_ASSIGNMENT((#10569,#10574));
#10576=OVER_RIDING_STYLED_ITEM('',(#10575),#10564,#38);
#10577=CARTESIAN_POINT('',(-4.582480072E1,1.828600084E1,-4.1148E-1));
#10578=DIRECTION('',(0.E0,1.E0,0.E0));
#10579=DIRECTION('',(1.E0,0.E0,0.E0));
#10580=AXIS2_PLACEMENT_3D('',#10577,#10578,#10579);
#10581=PLANE('',#10580);
#10582=ORIENTED_EDGE('',*,*,#10525,.T.);
#10584=ORIENTED_EDGE('',*,*,#10583,.F.);
#10585=ORIENTED_EDGE('',*,*,#8021,.F.);
#10587=ORIENTED_EDGE('',*,*,#10586,.T.);
#10588=EDGE_LOOP('',(#10582,#10584,#10585,#10587));
#10589=FACE_OUTER_BOUND('',#10588,.F.);
#10590=ADVANCED_FACE('',(#10589),#10581,.T.);
#10591=FILL_AREA_STYLE_COLOUR('',#36);
#10592=FILL_AREA_STYLE('',(#10591));
#10593=SURFACE_STYLE_FILL_AREA(#10592);
#10594=SURFACE_SIDE_STYLE('',(#10593));
#10595=SURFACE_STYLE_USAGE(.POSITIVE.,#10594);
#10596=FILL_AREA_STYLE_COLOUR('',#9);
#10597=FILL_AREA_STYLE('',(#10596));
#10598=SURFACE_STYLE_FILL_AREA(#10597);
#10599=SURFACE_SIDE_STYLE('',(#10598));
#10600=SURFACE_STYLE_USAGE(.NEGATIVE.,#10599);
#10601=PRESENTATION_STYLE_ASSIGNMENT((#10595,#10600));
#10602=OVER_RIDING_STYLED_ITEM('',(#10601),#10590,#38);
#10603=CARTESIAN_POINT('',(-5.519541382652E1,3.878600084E1,-1.429361181257E0));
#10604=DIRECTION('',(0.E0,0.E0,-1.E0));
#10605=DIRECTION('',(1.E0,0.E0,0.E0));
#10606=AXIS2_PLACEMENT_3D('',#10603,#10604,#10605);
#10607=PLANE('',#10606);
#10608=ORIENTED_EDGE('',*,*,#10554,.T.);
#10610=ORIENTED_EDGE('',*,*,#10609,.T.);
#10612=ORIENTED_EDGE('',*,*,#10611,.T.);
#10613=ORIENTED_EDGE('',*,*,#10306,.F.);
#10615=ORIENTED_EDGE('',*,*,#10614,.T.);
#10616=ORIENTED_EDGE('',*,*,#10379,.T.);
#10617=EDGE_LOOP('',(#10608,#10610,#10612,#10613,#10615,#10616));
#10618=FACE_OUTER_BOUND('',#10617,.F.);
#10619=ADVANCED_FACE('',(#10618),#10607,.T.);
#10620=FILL_AREA_STYLE_COLOUR('',#24);
#10621=FILL_AREA_STYLE('',(#10620));
#10622=SURFACE_STYLE_FILL_AREA(#10621);
#10623=SURFACE_SIDE_STYLE('',(#10622));
#10624=SURFACE_STYLE_USAGE(.POSITIVE.,#10623);
#10625=FILL_AREA_STYLE_COLOUR('',#9);
#10626=FILL_AREA_STYLE('',(#10625));
#10627=SURFACE_STYLE_FILL_AREA(#10626);
#10628=SURFACE_SIDE_STYLE('',(#10627));
#10629=SURFACE_STYLE_USAGE(.NEGATIVE.,#10628);
#10630=PRESENTATION_STYLE_ASSIGNMENT((#10624,#10629));
#10631=OVER_RIDING_STYLED_ITEM('',(#10630),#10619,#38);
#10632=CARTESIAN_POINT('',(-4.532480072E1,1.828600084E1,-4.1148E-1));
#10633=DIRECTION('',(-1.E0,0.E0,0.E0));
#10634=DIRECTION('',(0.E0,1.E0,0.E0));
#10635=AXIS2_PLACEMENT_3D('',#10632,#10633,#10634);
#10636=PLANE('',#10635);
#10637=ORIENTED_EDGE('',*,*,#10609,.F.);
#10638=ORIENTED_EDGE('',*,*,#10560,.T.);
#10640=ORIENTED_EDGE('',*,*,#10639,.T.);
#10642=ORIENTED_EDGE('',*,*,#10641,.F.);
#10643=EDGE_LOOP('',(#10637,#10638,#10640,#10642));
#10644=FACE_OUTER_BOUND('',#10643,.F.);
#10645=ADVANCED_FACE('',(#10644),#10636,.T.);
#10646=FILL_AREA_STYLE_COLOUR('',#36);
#10647=FILL_AREA_STYLE('',(#10646));
#10648=SURFACE_STYLE_FILL_AREA(#10647);
#10649=SURFACE_SIDE_STYLE('',(#10648));
#10650=SURFACE_STYLE_USAGE(.POSITIVE.,#10649);
#10651=FILL_AREA_STYLE_COLOUR('',#9);
#10652=FILL_AREA_STYLE('',(#10651));
#10653=SURFACE_STYLE_FILL_AREA(#10652);
#10654=SURFACE_SIDE_STYLE('',(#10653));
#10655=SURFACE_STYLE_USAGE(.NEGATIVE.,#10654);
#10656=PRESENTATION_STYLE_ASSIGNMENT((#10650,#10655));
#10657=OVER_RIDING_STYLED_ITEM('',(#10656),#10645,#38);
#10658=CARTESIAN_POINT('',(-4.532480072E1,1.828600084E1,-4.1148E-1));
#10659=DIRECTION('',(-1.E0,0.E0,0.E0));
#10660=DIRECTION('',(0.E0,1.E0,0.E0));
#10661=AXIS2_PLACEMENT_3D('',#10658,#10659,#10660);
#10662=PLANE('',#10661);
#10663=ORIENTED_EDGE('',*,*,#10532,.T.);
#10665=ORIENTED_EDGE('',*,*,#10664,.F.);
#10666=ORIENTED_EDGE('',*,*,#8023,.F.);
#10667=ORIENTED_EDGE('',*,*,#10583,.T.);
#10668=EDGE_LOOP('',(#10663,#10665,#10666,#10667));
#10669=FACE_OUTER_BOUND('',#10668,.F.);
#10670=ADVANCED_FACE('',(#10669),#10662,.T.);
#10671=FILL_AREA_STYLE_COLOUR('',#36);
#10672=FILL_AREA_STYLE('',(#10671));
#10673=SURFACE_STYLE_FILL_AREA(#10672);
#10674=SURFACE_SIDE_STYLE('',(#10673));
#10675=SURFACE_STYLE_USAGE(.POSITIVE.,#10674);
#10676=FILL_AREA_STYLE_COLOUR('',#9);
#10677=FILL_AREA_STYLE('',(#10676));
#10678=SURFACE_STYLE_FILL_AREA(#10677);
#10679=SURFACE_SIDE_STYLE('',(#10678));
#10680=SURFACE_STYLE_USAGE(.NEGATIVE.,#10679);
#10681=PRESENTATION_STYLE_ASSIGNMENT((#10675,#10680));
#10682=OVER_RIDING_STYLED_ITEM('',(#10681),#10670,#38);
#10683=CARTESIAN_POINT('',(0.E0,0.E0,-2.71148E0));
#10684=DIRECTION('',(0.E0,0.E0,-1.E0));
#10685=DIRECTION('',(-1.E0,0.E0,0.E0));
#10686=AXIS2_PLACEMENT_3D('',#10683,#10684,#10685);
#10687=PLANE('',#10686);
#10689=ORIENTED_EDGE('',*,*,#10688,.F.);
#10691=ORIENTED_EDGE('',*,*,#10690,.F.);
#10693=ORIENTED_EDGE('',*,*,#10692,.F.);
#10695=ORIENTED_EDGE('',*,*,#10694,.F.);
#10697=ORIENTED_EDGE('',*,*,#10696,.F.);
#10699=ORIENTED_EDGE('',*,*,#10698,.F.);
#10700=ORIENTED_EDGE('',*,*,#10639,.F.);
#10701=ORIENTED_EDGE('',*,*,#10558,.F.);
#10703=ORIENTED_EDGE('',*,*,#10702,.F.);
#10705=ORIENTED_EDGE('',*,*,#10704,.F.);
#10707=ORIENTED_EDGE('',*,*,#10706,.F.);
#10709=ORIENTED_EDGE('',*,*,#10708,.F.);
#10710=EDGE_LOOP('',(#10689,#10691,#10693,#10695,#10697,#10699,#10700,#10701,
#10703,#10705,#10707,#10709));
#10711=FACE_OUTER_BOUND('',#10710,.F.);
#10712=ADVANCED_FACE('',(#10711),#10687,.T.);
#10713=FILL_AREA_STYLE_COLOUR('',#36);
#10714=FILL_AREA_STYLE('',(#10713));
#10715=SURFACE_STYLE_FILL_AREA(#10714);
#10716=SURFACE_SIDE_STYLE('',(#10715));
#10717=SURFACE_STYLE_USAGE(.POSITIVE.,#10716);
#10718=FILL_AREA_STYLE_COLOUR('',#9);
#10719=FILL_AREA_STYLE('',(#10718));
#10720=SURFACE_STYLE_FILL_AREA(#10719);
#10721=SURFACE_SIDE_STYLE('',(#10720));
#10722=SURFACE_STYLE_USAGE(.NEGATIVE.,#10721);
#10723=PRESENTATION_STYLE_ASSIGNMENT((#10717,#10722));
#10724=OVER_RIDING_STYLED_ITEM('',(#10723),#10712,#38);
#10725=CARTESIAN_POINT('',(-4.002480072E1,3.953600084E1,-4.1148E-1));
#10726=DIRECTION('',(1.E0,0.E0,0.E0));
#10727=DIRECTION('',(0.E0,-1.E0,0.E0));
#10728=AXIS2_PLACEMENT_3D('',#10725,#10726,#10727);
#10729=PLANE('',#10728);
#10730=ORIENTED_EDGE('',*,*,#8011,.F.);
#10732=ORIENTED_EDGE('',*,*,#10731,.T.);
#10733=ORIENTED_EDGE('',*,*,#10688,.T.);
#10735=ORIENTED_EDGE('',*,*,#10734,.F.);
#10736=EDGE_LOOP('',(#10730,#10732,#10733,#10735));
#10737=FACE_OUTER_BOUND('',#10736,.F.);
#10738=ADVANCED_FACE('',(#10737),#10729,.T.);
#10739=CARTESIAN_POINT('',(-4.082480072E1,3.953600084E1,-4.1148E-1));
#10740=DIRECTION('',(0.E0,1.E0,0.E0));
#10741=DIRECTION('',(1.E0,0.E0,0.E0));
#10742=AXIS2_PLACEMENT_3D('',#10739,#10740,#10741);
#10743=PLANE('',#10742);
#10744=ORIENTED_EDGE('',*,*,#8033,.F.);
#10746=ORIENTED_EDGE('',*,*,#10745,.T.);
#10747=ORIENTED_EDGE('',*,*,#10690,.T.);
#10748=ORIENTED_EDGE('',*,*,#10731,.F.);
#10749=EDGE_LOOP('',(#10744,#10746,#10747,#10748));
#10750=FACE_OUTER_BOUND('',#10749,.F.);
#10751=ADVANCED_FACE('',(#10750),#10743,.T.);
#10752=CARTESIAN_POINT('',(-4.082480072E1,4.028600084E1,-4.1148E-1));
#10753=DIRECTION('',(1.E0,0.E0,0.E0));
#10754=DIRECTION('',(0.E0,-1.E0,0.E0));
#10755=AXIS2_PLACEMENT_3D('',#10752,#10753,#10754);
#10756=PLANE('',#10755);
#10757=ORIENTED_EDGE('',*,*,#8031,.F.);
#10759=ORIENTED_EDGE('',*,*,#10758,.T.);
#10760=ORIENTED_EDGE('',*,*,#10692,.T.);
#10761=ORIENTED_EDGE('',*,*,#10745,.F.);
#10762=EDGE_LOOP('',(#10757,#10759,#10760,#10761));
#10763=FACE_OUTER_BOUND('',#10762,.F.);
#10764=ADVANCED_FACE('',(#10763),#10756,.T.);
#10765=CARTESIAN_POINT('',(-4.582480072E1,4.028600084E1,-4.1148E-1));
#10766=DIRECTION('',(0.E0,1.E0,0.E0));
#10767=DIRECTION('',(1.E0,0.E0,0.E0));
#10768=AXIS2_PLACEMENT_3D('',#10765,#10766,#10767);
#10769=PLANE('',#10768);
#10770=ORIENTED_EDGE('',*,*,#8029,.F.);
#10772=ORIENTED_EDGE('',*,*,#10771,.T.);
#10773=ORIENTED_EDGE('',*,*,#10694,.T.);
#10774=ORIENTED_EDGE('',*,*,#10758,.F.);
#10775=EDGE_LOOP('',(#10770,#10772,#10773,#10774));
#10776=FACE_OUTER_BOUND('',#10775,.F.);
#10777=ADVANCED_FACE('',(#10776),#10769,.T.);
#10778=FILL_AREA_STYLE_COLOUR('',#36);
#10779=FILL_AREA_STYLE('',(#10778));
#10780=SURFACE_STYLE_FILL_AREA(#10779);
#10781=SURFACE_SIDE_STYLE('',(#10780));
#10782=SURFACE_STYLE_USAGE(.POSITIVE.,#10781);
#10783=FILL_AREA_STYLE_COLOUR('',#9);
#10784=FILL_AREA_STYLE('',(#10783));
#10785=SURFACE_STYLE_FILL_AREA(#10784);
#10786=SURFACE_SIDE_STYLE('',(#10785));
#10787=SURFACE_STYLE_USAGE(.NEGATIVE.,#10786);
#10788=PRESENTATION_STYLE_ASSIGNMENT((#10782,#10787));
#10789=OVER_RIDING_STYLED_ITEM('',(#10788),#10777,#38);
#10790=CARTESIAN_POINT('',(-4.582480072E1,3.878600084E1,-4.1148E-1));
#10791=DIRECTION('',(-1.E0,0.E0,0.E0));
#10792=DIRECTION('',(0.E0,1.E0,0.E0));
#10793=AXIS2_PLACEMENT_3D('',#10790,#10791,#10792);
#10794=PLANE('',#10793);
#10795=ORIENTED_EDGE('',*,*,#10308,.T.);
#10797=ORIENTED_EDGE('',*,*,#10796,.T.);
#10798=ORIENTED_EDGE('',*,*,#10696,.T.);
#10799=ORIENTED_EDGE('',*,*,#10771,.F.);
#10800=ORIENTED_EDGE('',*,*,#8027,.F.);
#10802=ORIENTED_EDGE('',*,*,#10801,.T.);
#10803=EDGE_LOOP('',(#10795,#10797,#10798,#10799,#10800,#10802));
#10804=FACE_OUTER_BOUND('',#10803,.F.);
#10805=ADVANCED_FACE('',(#10804),#10794,.T.);
#10806=FILL_AREA_STYLE_COLOUR('',#36);
#10807=FILL_AREA_STYLE('',(#10806));
#10808=SURFACE_STYLE_FILL_AREA(#10807);
#10809=SURFACE_SIDE_STYLE('',(#10808));
#10810=SURFACE_STYLE_USAGE(.POSITIVE.,#10809);
#10811=FILL_AREA_STYLE_COLOUR('',#9);
#10812=FILL_AREA_STYLE('',(#10811));
#10813=SURFACE_STYLE_FILL_AREA(#10812);
#10814=SURFACE_SIDE_STYLE('',(#10813));
#10815=SURFACE_STYLE_USAGE(.NEGATIVE.,#10814);
#10816=PRESENTATION_STYLE_ASSIGNMENT((#10810,#10815));
#10817=OVER_RIDING_STYLED_ITEM('',(#10816),#10805,#38);
#10818=CARTESIAN_POINT('',(-4.532480072E1,3.878600084E1,-4.1148E-1));
#10819=DIRECTION('',(-1.421085471520E-14,-1.E0,0.E0));
#10820=DIRECTION('',(-1.E0,1.421085471520E-14,0.E0));
#10821=AXIS2_PLACEMENT_3D('',#10818,#10819,#10820);
#10822=PLANE('',#10821);
#10823=ORIENTED_EDGE('',*,*,#10611,.F.);
#10824=ORIENTED_EDGE('',*,*,#10641,.T.);
#10825=ORIENTED_EDGE('',*,*,#10698,.T.);
#10826=ORIENTED_EDGE('',*,*,#10796,.F.);
#10827=EDGE_LOOP('',(#10823,#10824,#10825,#10826));
#10828=FACE_OUTER_BOUND('',#10827,.F.);
#10829=ADVANCED_FACE('',(#10828),#10822,.T.);
#10830=FILL_AREA_STYLE_COLOUR('',#36);
#10831=FILL_AREA_STYLE('',(#10830));
#10832=SURFACE_STYLE_FILL_AREA(#10831);
#10833=SURFACE_SIDE_STYLE('',(#10832));
#10834=SURFACE_STYLE_USAGE(.POSITIVE.,#10833);
#10835=FILL_AREA_STYLE_COLOUR('',#9);
#10836=FILL_AREA_STYLE('',(#10835));
#10837=SURFACE_STYLE_FILL_AREA(#10836);
#10838=SURFACE_SIDE_STYLE('',(#10837));
#10839=SURFACE_STYLE_USAGE(.NEGATIVE.,#10838);
#10840=PRESENTATION_STYLE_ASSIGNMENT((#10834,#10839));
#10841=OVER_RIDING_STYLED_ITEM('',(#10840),#10829,#38);
#10842=CARTESIAN_POINT('',(-4.532480072E1,3.878600084E1,-4.1148E-1));
#10843=DIRECTION('',(-1.421085471520E-14,-1.E0,0.E0));
#10844=DIRECTION('',(-1.E0,1.421085471520E-14,0.E0));
#10845=AXIS2_PLACEMENT_3D('',#10842,#10843,#10844);
#10846=PLANE('',#10845);
#10847=ORIENTED_EDGE('',*,*,#10530,.T.);
#10848=ORIENTED_EDGE('',*,*,#10801,.F.);
#10849=ORIENTED_EDGE('',*,*,#8025,.F.);
#10850=ORIENTED_EDGE('',*,*,#10664,.T.);
#10851=EDGE_LOOP('',(#10847,#10848,#10849,#10850));
#10852=FACE_OUTER_BOUND('',#10851,.F.);
#10853=ADVANCED_FACE('',(#10852),#10846,.T.);
#10854=FILL_AREA_STYLE_COLOUR('',#36);
#10855=FILL_AREA_STYLE('',(#10854));
#10856=SURFACE_STYLE_FILL_AREA(#10855);
#10857=SURFACE_SIDE_STYLE('',(#10856));
#10858=SURFACE_STYLE_USAGE(.POSITIVE.,#10857);
#10859=FILL_AREA_STYLE_COLOUR('',#9);
#10860=FILL_AREA_STYLE('',(#10859));
#10861=SURFACE_STYLE_FILL_AREA(#10860);
#10862=SURFACE_SIDE_STYLE('',(#10861));
#10863=SURFACE_STYLE_USAGE(.NEGATIVE.,#10862);
#10864=PRESENTATION_STYLE_ASSIGNMENT((#10858,#10863));
#10865=OVER_RIDING_STYLED_ITEM('',(#10864),#10853,#38);
#10866=CARTESIAN_POINT('',(-4.002480072E1,1.753600084E1,-4.1148E-1));
#10867=DIRECTION('',(0.E0,-1.E0,0.E0));
#10868=DIRECTION('',(-1.E0,0.E0,0.E0));
#10869=AXIS2_PLACEMENT_3D('',#10866,#10867,#10868);
#10870=PLANE('',#10869);
#10871=ORIENTED_EDGE('',*,*,#8013,.F.);
#10872=ORIENTED_EDGE('',*,*,#10734,.T.);
#10873=ORIENTED_EDGE('',*,*,#10708,.T.);
#10875=ORIENTED_EDGE('',*,*,#10874,.F.);
#10876=EDGE_LOOP('',(#10871,#10872,#10873,#10875));
#10877=FACE_OUTER_BOUND('',#10876,.F.);
#10878=ADVANCED_FACE('',(#10877),#10870,.T.);
#10879=CARTESIAN_POINT('',(-4.082480072E1,1.753600084E1,-4.1148E-1));
#10880=DIRECTION('',(1.E0,0.E0,0.E0));
#10881=DIRECTION('',(0.E0,-1.E0,0.E0));
#10882=AXIS2_PLACEMENT_3D('',#10879,#10880,#10881);
#10883=PLANE('',#10882);
#10884=ORIENTED_EDGE('',*,*,#8015,.F.);
#10885=ORIENTED_EDGE('',*,*,#10874,.T.);
#10886=ORIENTED_EDGE('',*,*,#10706,.T.);
#10888=ORIENTED_EDGE('',*,*,#10887,.F.);
#10889=EDGE_LOOP('',(#10884,#10885,#10886,#10888));
#10890=FACE_OUTER_BOUND('',#10889,.F.);
#10891=ADVANCED_FACE('',(#10890),#10883,.T.);
#10892=CARTESIAN_POINT('',(-4.082480072E1,1.678600084E1,-4.1148E-1));
#10893=DIRECTION('',(0.E0,-1.E0,0.E0));
#10894=DIRECTION('',(-1.E0,0.E0,0.E0));
#10895=AXIS2_PLACEMENT_3D('',#10892,#10893,#10894);
#10896=PLANE('',#10895);
#10897=ORIENTED_EDGE('',*,*,#8017,.F.);
#10898=ORIENTED_EDGE('',*,*,#10887,.T.);
#10899=ORIENTED_EDGE('',*,*,#10704,.T.);
#10901=ORIENTED_EDGE('',*,*,#10900,.F.);
#10902=EDGE_LOOP('',(#10897,#10898,#10899,#10901));
#10903=FACE_OUTER_BOUND('',#10902,.F.);
#10904=ADVANCED_FACE('',(#10903),#10896,.T.);
#10905=CARTESIAN_POINT('',(-4.582480072E1,1.678600084E1,-4.1148E-1));
#10906=DIRECTION('',(-1.E0,0.E0,0.E0));
#10907=DIRECTION('',(0.E0,1.E0,0.E0));
#10908=AXIS2_PLACEMENT_3D('',#10905,#10906,#10907);
#10909=PLANE('',#10908);
#10910=ORIENTED_EDGE('',*,*,#10377,.F.);
#10911=ORIENTED_EDGE('',*,*,#10586,.F.);
#10912=ORIENTED_EDGE('',*,*,#8019,.F.);
#10913=ORIENTED_EDGE('',*,*,#10900,.T.);
#10914=ORIENTED_EDGE('',*,*,#10702,.T.);
#10915=ORIENTED_EDGE('',*,*,#10556,.F.);
#10916=EDGE_LOOP('',(#10910,#10911,#10912,#10913,#10914,#10915));
#10917=FACE_OUTER_BOUND('',#10916,.F.);
#10918=ADVANCED_FACE('',(#10917),#10909,.T.);
#10919=FILL_AREA_STYLE_COLOUR('',#36);
#10920=FILL_AREA_STYLE('',(#10919));
#10921=SURFACE_STYLE_FILL_AREA(#10920);
#10922=SURFACE_SIDE_STYLE('',(#10921));
#10923=SURFACE_STYLE_USAGE(.POSITIVE.,#10922);
#10924=FILL_AREA_STYLE_COLOUR('',#9);
#10925=FILL_AREA_STYLE('',(#10924));
#10926=SURFACE_STYLE_FILL_AREA(#10925);
#10927=SURFACE_SIDE_STYLE('',(#10926));
#10928=SURFACE_STYLE_USAGE(.NEGATIVE.,#10927);
#10929=PRESENTATION_STYLE_ASSIGNMENT((#10923,#10928));
#10930=OVER_RIDING_STYLED_ITEM('',(#10929),#10918,#38);
#10931=CARTESIAN_POINT('',(-5.519541382652E1,3.878600084E1,2.206388187435E-1));
#10932=DIRECTION('',(0.E0,-1.E0,0.E0));
#10933=DIRECTION('',(1.E0,0.E0,0.E0));
#10934=AXIS2_PLACEMENT_3D('',#10931,#10932,#10933);
#10935=CYLINDRICAL_SURFACE('',#10934,1.65E0);
#10936=ORIENTED_EDGE('',*,*,#10304,.F.);
#10938=ORIENTED_EDGE('',*,*,#10937,.T.);
#10939=ORIENTED_EDGE('',*,*,#10381,.T.);
#10940=ORIENTED_EDGE('',*,*,#10614,.F.);
#10941=EDGE_LOOP('',(#10936,#10938,#10939,#10940));
#10942=FACE_OUTER_BOUND('',#10941,.F.);
#10943=ADVANCED_FACE('',(#10942),#10935,.T.);
#10944=FILL_AREA_STYLE_COLOUR('',#24);
#10945=FILL_AREA_STYLE('',(#10944));
#10946=SURFACE_STYLE_FILL_AREA(#10945);
#10947=SURFACE_SIDE_STYLE('',(#10946));
#10948=SURFACE_STYLE_USAGE(.POSITIVE.,#10947);
#10949=FILL_AREA_STYLE_COLOUR('',#9);
#10950=FILL_AREA_STYLE('',(#10949));
#10951=SURFACE_STYLE_FILL_AREA(#10950);
#10952=SURFACE_SIDE_STYLE('',(#10951));
#10953=SURFACE_STYLE_USAGE(.NEGATIVE.,#10952);
#10954=PRESENTATION_STYLE_ASSIGNMENT((#10948,#10953));
#10955=OVER_RIDING_STYLED_ITEM('',(#10954),#10943,#38);
#10956=CARTESIAN_POINT('',(-5.746678046047E1,3.878600084E1,1.874947640472E0));
#10957=DIRECTION('',(-9.511938243517E-1,0.E0,-3.085940837333E-1));
#10958=DIRECTION('',(3.085940837333E-1,0.E0,-9.511938243517E-1));
#10959=AXIS2_PLACEMENT_3D('',#10956,#10957,#10958);
#10960=PLANE('',#10959);
#10961=ORIENTED_EDGE('',*,*,#10302,.F.);
#10962=ORIENTED_EDGE('',*,*,#10344,.T.);
#10963=ORIENTED_EDGE('',*,*,#10383,.T.);
#10964=ORIENTED_EDGE('',*,*,#10937,.F.);
#10965=EDGE_LOOP('',(#10961,#10962,#10963,#10964));
#10966=FACE_OUTER_BOUND('',#10965,.F.);
#10967=ADVANCED_FACE('',(#10966),#10960,.T.);
#10968=FILL_AREA_STYLE_COLOUR('',#24);
#10969=FILL_AREA_STYLE('',(#10968));
#10970=SURFACE_STYLE_FILL_AREA(#10969);
#10971=SURFACE_SIDE_STYLE('',(#10970));
#10972=SURFACE_STYLE_USAGE(.POSITIVE.,#10971);
#10973=FILL_AREA_STYLE_COLOUR('',#9);
#10974=FILL_AREA_STYLE('',(#10973));
#10975=SURFACE_STYLE_FILL_AREA(#10974);
#10976=SURFACE_SIDE_STYLE('',(#10975));
#10977=SURFACE_STYLE_USAGE(.NEGATIVE.,#10976);
#10978=PRESENTATION_STYLE_ASSIGNMENT((#10972,#10977));
#10979=OVER_RIDING_STYLED_ITEM('',(#10978),#10967,#38);
#10980=CARTESIAN_POINT('',(-6.186100208718E1,5.472960398053E1,-4.1148E-1));
#10981=DIRECTION('',(1.E0,0.E0,0.E0));
#10982=DIRECTION('',(0.E0,-1.E0,0.E0));
#10983=AXIS2_PLACEMENT_3D('',#10980,#10981,#10982);
#10984=PLANE('',#10983);
#10985=ORIENTED_EDGE('',*,*,#7943,.F.);
#10987=ORIENTED_EDGE('',*,*,#10986,.T.);
#10989=ORIENTED_EDGE('',*,*,#10988,.T.);
#10991=ORIENTED_EDGE('',*,*,#10990,.F.);
#10992=EDGE_LOOP('',(#10985,#10987,#10989,#10991));
#10993=FACE_OUTER_BOUND('',#10992,.F.);
#10994=ADVANCED_FACE('',(#10993),#10984,.T.);
#10995=FILL_AREA_STYLE_COLOUR('',#26);
#10996=FILL_AREA_STYLE('',(#10995));
#10997=SURFACE_STYLE_FILL_AREA(#10996);
#10998=SURFACE_SIDE_STYLE('',(#10997));
#10999=SURFACE_STYLE_USAGE(.POSITIVE.,#10998);
#11000=FILL_AREA_STYLE_COLOUR('',#9);
#11001=FILL_AREA_STYLE('',(#11000));
#11002=SURFACE_STYLE_FILL_AREA(#11001);
#11003=SURFACE_SIDE_STYLE('',(#11002));
#11004=SURFACE_STYLE_USAGE(.NEGATIVE.,#11003);
#11005=PRESENTATION_STYLE_ASSIGNMENT((#10999,#11004));
#11006=OVER_RIDING_STYLED_ITEM('',(#11005),#10994,#38);
#11007=CARTESIAN_POINT('',(-6.803320208718E1,5.472960398053E1,-4.1148E-1));
#11008=DIRECTION('',(0.E0,1.E0,0.E0));
#11009=DIRECTION('',(1.E0,0.E0,0.E0));
#11010=AXIS2_PLACEMENT_3D('',#11007,#11008,#11009);
#11011=PLANE('',#11010);
#11013=ORIENTED_EDGE('',*,*,#11012,.T.);
#11015=ORIENTED_EDGE('',*,*,#11014,.T.);
#11017=ORIENTED_EDGE('',*,*,#11016,.T.);
#11019=ORIENTED_EDGE('',*,*,#11018,.F.);
#11021=ORIENTED_EDGE('',*,*,#11020,.T.);
#11023=ORIENTED_EDGE('',*,*,#11022,.T.);
#11024=ORIENTED_EDGE('',*,*,#10986,.F.);
#11025=ORIENTED_EDGE('',*,*,#7953,.F.);
#11026=EDGE_LOOP('',(#11013,#11015,#11017,#11019,#11021,#11023,#11024,#11025));
#11027=FACE_OUTER_BOUND('',#11026,.F.);
#11028=ADVANCED_FACE('',(#11027),#11011,.T.);
#11029=FILL_AREA_STYLE_COLOUR('',#26);
#11030=FILL_AREA_STYLE('',(#11029));
#11031=SURFACE_STYLE_FILL_AREA(#11030);
#11032=SURFACE_SIDE_STYLE('',(#11031));
#11033=SURFACE_STYLE_USAGE(.POSITIVE.,#11032);
#11034=FILL_AREA_STYLE_COLOUR('',#9);
#11035=FILL_AREA_STYLE('',(#11034));
#11036=SURFACE_STYLE_FILL_AREA(#11035);
#11037=SURFACE_SIDE_STYLE('',(#11036));
#11038=SURFACE_STYLE_USAGE(.NEGATIVE.,#11037);
#11039=PRESENTATION_STYLE_ASSIGNMENT((#11033,#11038));
#11040=OVER_RIDING_STYLED_ITEM('',(#11039),#11028,#38);
#11041=CARTESIAN_POINT('',(-6.907460208718E1,5.368820398053E1,-4.1148E-1));
#11042=DIRECTION('',(-7.071067811866E-1,7.071067811865E-1,0.E0));
#11043=DIRECTION('',(7.071067811865E-1,7.071067811866E-1,0.E0));
#11044=AXIS2_PLACEMENT_3D('',#11041,#11042,#11043);
#11045=PLANE('',#11044);
#11047=ORIENTED_EDGE('',*,*,#11046,.T.);
#11048=ORIENTED_EDGE('',*,*,#11012,.F.);
#11049=ORIENTED_EDGE('',*,*,#7951,.F.);
#11051=ORIENTED_EDGE('',*,*,#11050,.T.);
#11052=EDGE_LOOP('',(#11047,#11048,#11049,#11051));
#11053=FACE_OUTER_BOUND('',#11052,.F.);
#11054=ADVANCED_FACE('',(#11053),#11045,.T.);
#11055=FILL_AREA_STYLE_COLOUR('',#26);
#11056=FILL_AREA_STYLE('',(#11055));
#11057=SURFACE_STYLE_FILL_AREA(#11056);
#11058=SURFACE_SIDE_STYLE('',(#11057));
#11059=SURFACE_STYLE_USAGE(.POSITIVE.,#11058);
#11060=FILL_AREA_STYLE_COLOUR('',#9);
#11061=FILL_AREA_STYLE('',(#11060));
#11062=SURFACE_STYLE_FILL_AREA(#11061);
#11063=SURFACE_SIDE_STYLE('',(#11062));
#11064=SURFACE_STYLE_USAGE(.NEGATIVE.,#11063);
#11065=PRESENTATION_STYLE_ASSIGNMENT((#11059,#11064));
#11066=OVER_RIDING_STYLED_ITEM('',(#11065),#11054,#38);
#11067=CARTESIAN_POINT('',(-6.907460208718E1,5.368820398053E1,-4.1148E-1));
#11068=DIRECTION('',(-7.071067811866E-1,7.071067811865E-1,0.E0));
#11069=DIRECTION('',(7.071067811865E-1,7.071067811866E-1,0.E0));
#11070=AXIS2_PLACEMENT_3D('',#11067,#11068,#11069);
#11071=PLANE('',#11070);
#11073=ORIENTED_EDGE('',*,*,#11072,.F.);
#11075=ORIENTED_EDGE('',*,*,#11074,.T.);
#11077=ORIENTED_EDGE('',*,*,#11076,.T.);
#11078=ORIENTED_EDGE('',*,*,#11020,.F.);
#11079=EDGE_LOOP('',(#11073,#11075,#11077,#11078));
#11080=FACE_OUTER_BOUND('',#11079,.F.);
#11081=ADVANCED_FACE('',(#11080),#11071,.T.);
#11082=FILL_AREA_STYLE_COLOUR('',#26);
#11083=FILL_AREA_STYLE('',(#11082));
#11084=SURFACE_STYLE_FILL_AREA(#11083);
#11085=SURFACE_SIDE_STYLE('',(#11084));
#11086=SURFACE_STYLE_USAGE(.POSITIVE.,#11085);
#11087=FILL_AREA_STYLE_COLOUR('',#9);
#11088=FILL_AREA_STYLE('',(#11087));
#11089=SURFACE_STYLE_FILL_AREA(#11088);
#11090=SURFACE_SIDE_STYLE('',(#11089));
#11091=SURFACE_STYLE_USAGE(.NEGATIVE.,#11090);
#11092=PRESENTATION_STYLE_ASSIGNMENT((#11086,#11091));
#11093=OVER_RIDING_STYLED_ITEM('',(#11092),#11081,#38);
#11094=CARTESIAN_POINT('',(-7.578020208718E1,5.472960398053E1,
-9.114785194400E-1));
#11095=DIRECTION('',(0.E0,0.E0,1.E0));
#11096=DIRECTION('',(1.E0,0.E0,0.E0));
#11097=AXIS2_PLACEMENT_3D('',#11094,#11095,#11096);
#11098=PLANE('',#11097);
#11100=ORIENTED_EDGE('',*,*,#11099,.T.);
#11102=ORIENTED_EDGE('',*,*,#11101,.F.);
#11104=ORIENTED_EDGE('',*,*,#11103,.F.);
#11106=ORIENTED_EDGE('',*,*,#11105,.F.);
#11107=ORIENTED_EDGE('',*,*,#11014,.F.);
#11108=ORIENTED_EDGE('',*,*,#11046,.F.);
#11109=EDGE_LOOP('',(#11100,#11102,#11104,#11106,#11107,#11108));
#11110=FACE_OUTER_BOUND('',#11109,.F.);
#11111=ADVANCED_FACE('',(#11110),#11098,.F.);
#11112=FILL_AREA_STYLE_COLOUR('',#26);
#11113=FILL_AREA_STYLE('',(#11112));
#11114=SURFACE_STYLE_FILL_AREA(#11113);
#11115=SURFACE_SIDE_STYLE('',(#11114));
#11116=SURFACE_STYLE_USAGE(.POSITIVE.,#11115);
#11117=FILL_AREA_STYLE_COLOUR('',#9);
#11118=FILL_AREA_STYLE('',(#11117));
#11119=SURFACE_STYLE_FILL_AREA(#11118);
#11120=SURFACE_SIDE_STYLE('',(#11119));
#11121=SURFACE_STYLE_USAGE(.NEGATIVE.,#11120);
#11122=PRESENTATION_STYLE_ASSIGNMENT((#11116,#11121));
#11123=OVER_RIDING_STYLED_ITEM('',(#11122),#11111,#38);
#11124=CARTESIAN_POINT('',(-7.631360208718E1,5.368820398053E1,-4.1148E-1));
#11125=DIRECTION('',(0.E0,1.E0,0.E0));
#11126=DIRECTION('',(1.E0,0.E0,0.E0));
#11127=AXIS2_PLACEMENT_3D('',#11124,#11125,#11126);
#11128=PLANE('',#11127);
#11129=ORIENTED_EDGE('',*,*,#11099,.F.);
#11130=ORIENTED_EDGE('',*,*,#11050,.F.);
#11131=ORIENTED_EDGE('',*,*,#7949,.F.);
#11133=ORIENTED_EDGE('',*,*,#11132,.T.);
#11135=ORIENTED_EDGE('',*,*,#11134,.T.);
#11136=ORIENTED_EDGE('',*,*,#11074,.F.);
#11138=ORIENTED_EDGE('',*,*,#11137,.T.);
#11140=ORIENTED_EDGE('',*,*,#11139,.T.);
#11141=EDGE_LOOP('',(#11129,#11130,#11131,#11133,#11135,#11136,#11138,#11140));
#11142=FACE_OUTER_BOUND('',#11141,.F.);
#11143=ADVANCED_FACE('',(#11142),#11128,.T.);
#11144=FILL_AREA_STYLE_COLOUR('',#26);
#11145=FILL_AREA_STYLE('',(#11144));
#11146=SURFACE_STYLE_FILL_AREA(#11145);
#11147=SURFACE_SIDE_STYLE('',(#11146));
#11148=SURFACE_STYLE_USAGE(.POSITIVE.,#11147);
#11149=FILL_AREA_STYLE_COLOUR('',#9);
#11150=FILL_AREA_STYLE('',(#11149));
#11151=SURFACE_STYLE_FILL_AREA(#11150);
#11152=SURFACE_SIDE_STYLE('',(#11151));
#11153=SURFACE_STYLE_USAGE(.NEGATIVE.,#11152);
#11154=PRESENTATION_STYLE_ASSIGNMENT((#11148,#11153));
#11155=OVER_RIDING_STYLED_ITEM('',(#11154),#11143,#38);
#11156=CARTESIAN_POINT('',(-7.631360208718E1,4.091200398053E1,-4.1148E-1));
#11157=DIRECTION('',(-1.E0,0.E0,0.E0));
#11158=DIRECTION('',(0.E0,1.E0,0.E0));
#11159=AXIS2_PLACEMENT_3D('',#11156,#11157,#11158);
#11160=PLANE('',#11159);
#11161=ORIENTED_EDGE('',*,*,#7947,.F.);
#11163=ORIENTED_EDGE('',*,*,#11162,.T.);
#11165=ORIENTED_EDGE('',*,*,#11164,.T.);
#11166=ORIENTED_EDGE('',*,*,#11132,.F.);
#11167=EDGE_LOOP('',(#11161,#11163,#11165,#11166));
#11168=FACE_OUTER_BOUND('',#11167,.F.);
#11169=ADVANCED_FACE('',(#11168),#11160,.T.);
#11170=FILL_AREA_STYLE_COLOUR('',#26);
#11171=FILL_AREA_STYLE('',(#11170));
#11172=SURFACE_STYLE_FILL_AREA(#11171);
#11173=SURFACE_SIDE_STYLE('',(#11172));
#11174=SURFACE_STYLE_USAGE(.POSITIVE.,#11173);
#11175=FILL_AREA_STYLE_COLOUR('',#9);
#11176=FILL_AREA_STYLE('',(#11175));
#11177=SURFACE_STYLE_FILL_AREA(#11176);
#11178=SURFACE_SIDE_STYLE('',(#11177));
#11179=SURFACE_STYLE_USAGE(.NEGATIVE.,#11178);
#11180=PRESENTATION_STYLE_ASSIGNMENT((#11174,#11179));
#11181=OVER_RIDING_STYLED_ITEM('',(#11180),#11169,#38);
#11182=CARTESIAN_POINT('',(-6.186100208718E1,4.091200398053E1,-4.1148E-1));
#11183=DIRECTION('',(0.E0,-1.E0,0.E0));
#11184=DIRECTION('',(-1.E0,0.E0,0.E0));
#11185=AXIS2_PLACEMENT_3D('',#11182,#11183,#11184);
#11186=PLANE('',#11185);
#11187=ORIENTED_EDGE('',*,*,#7945,.F.);
#11188=ORIENTED_EDGE('',*,*,#10990,.T.);
#11190=ORIENTED_EDGE('',*,*,#11189,.T.);
#11191=ORIENTED_EDGE('',*,*,#11162,.F.);
#11192=EDGE_LOOP('',(#11187,#11188,#11190,#11191));
#11193=FACE_OUTER_BOUND('',#11192,.F.);
#11194=ADVANCED_FACE('',(#11193),#11186,.T.);
#11195=FILL_AREA_STYLE_COLOUR('',#26);
#11196=FILL_AREA_STYLE('',(#11195));
#11197=SURFACE_STYLE_FILL_AREA(#11196);
#11198=SURFACE_SIDE_STYLE('',(#11197));
#11199=SURFACE_STYLE_USAGE(.POSITIVE.,#11198);
#11200=FILL_AREA_STYLE_COLOUR('',#9);
#11201=FILL_AREA_STYLE('',(#11200));
#11202=SURFACE_STYLE_FILL_AREA(#11201);
#11203=SURFACE_SIDE_STYLE('',(#11202));
#11204=SURFACE_STYLE_USAGE(.NEGATIVE.,#11203);
#11205=PRESENTATION_STYLE_ASSIGNMENT((#11199,#11204));
#11206=OVER_RIDING_STYLED_ITEM('',(#11205),#11194,#38);
#11207=CARTESIAN_POINT('',(-7.631360208718E1,5.368820398053E1,
-2.511479377747E0));
#11208=DIRECTION('',(0.E0,0.E0,-1.E0));
#11209=DIRECTION('',(-1.E0,0.E0,0.E0));
#11210=AXIS2_PLACEMENT_3D('',#11207,#11208,#11209);
#11211=PLANE('',#11210);
#11212=ORIENTED_EDGE('',*,*,#10988,.F.);
#11213=ORIENTED_EDGE('',*,*,#11022,.F.);
#11214=ORIENTED_EDGE('',*,*,#11076,.F.);
#11215=ORIENTED_EDGE('',*,*,#11134,.F.);
#11216=ORIENTED_EDGE('',*,*,#11164,.F.);
#11217=ORIENTED_EDGE('',*,*,#11189,.F.);
#11218=EDGE_LOOP('',(#11212,#11213,#11214,#11215,#11216,#11217));
#11219=FACE_OUTER_BOUND('',#11218,.F.);
#11220=ADVANCED_FACE('',(#11219),#11211,.T.);
#11221=FILL_AREA_STYLE_COLOUR('',#26);
#11222=FILL_AREA_STYLE('',(#11221));
#11223=SURFACE_STYLE_FILL_AREA(#11222);
#11224=SURFACE_SIDE_STYLE('',(#11223));
#11225=SURFACE_STYLE_USAGE(.POSITIVE.,#11224);
#11226=FILL_AREA_STYLE_COLOUR('',#9);
#11227=FILL_AREA_STYLE('',(#11226));
#11228=SURFACE_STYLE_FILL_AREA(#11227);
#11229=SURFACE_SIDE_STYLE('',(#11228));
#11230=SURFACE_STYLE_USAGE(.NEGATIVE.,#11229);
#11231=PRESENTATION_STYLE_ASSIGNMENT((#11225,#11230));
#11232=OVER_RIDING_STYLED_ITEM('',(#11231),#11220,#38);
#11233=CARTESIAN_POINT('',(-6.539160208718E1,5.472960398053E1,
-2.411479577747E0));
#11234=DIRECTION('',(0.E0,0.E0,-1.E0));
#11235=DIRECTION('',(-1.E0,0.E0,0.E0));
#11236=AXIS2_PLACEMENT_3D('',#11233,#11234,#11235);
#11237=PLANE('',#11236);
#11238=ORIENTED_EDGE('',*,*,#11137,.F.);
#11239=ORIENTED_EDGE('',*,*,#11072,.T.);
#11240=ORIENTED_EDGE('',*,*,#11018,.T.);
#11242=ORIENTED_EDGE('',*,*,#11241,.T.);
#11244=ORIENTED_EDGE('',*,*,#11243,.F.);
#11246=ORIENTED_EDGE('',*,*,#11245,.T.);
#11247=EDGE_LOOP('',(#11238,#11239,#11240,#11242,#11244,#11246));
#11248=FACE_OUTER_BOUND('',#11247,.F.);
#11249=ADVANCED_FACE('',(#11248),#11237,.F.);
#11250=FILL_AREA_STYLE_COLOUR('',#26);
#11251=FILL_AREA_STYLE('',(#11250));
#11252=SURFACE_STYLE_FILL_AREA(#11251);
#11253=SURFACE_SIDE_STYLE('',(#11252));
#11254=SURFACE_STYLE_USAGE(.POSITIVE.,#11253);
#11255=FILL_AREA_STYLE_COLOUR('',#9);
#11256=FILL_AREA_STYLE('',(#11255));
#11257=SURFACE_STYLE_FILL_AREA(#11256);
#11258=SURFACE_SIDE_STYLE('',(#11257));
#11259=SURFACE_STYLE_USAGE(.NEGATIVE.,#11258);
#11260=PRESENTATION_STYLE_ASSIGNMENT((#11254,#11259));
#11261=OVER_RIDING_STYLED_ITEM('',(#11260),#11249,#38);
#11262=CARTESIAN_POINT('',(-6.539160208718E1,5.472960398053E1,
-9.114785194400E-1));
#11263=DIRECTION('',(1.E0,0.E0,0.E0));
#11264=DIRECTION('',(0.E0,0.E0,-1.E0));
#11265=AXIS2_PLACEMENT_3D('',#11262,#11263,#11264);
#11266=PLANE('',#11265);
#11267=ORIENTED_EDGE('',*,*,#11016,.F.);
#11268=ORIENTED_EDGE('',*,*,#11105,.T.);
#11270=ORIENTED_EDGE('',*,*,#11269,.F.);
#11271=ORIENTED_EDGE('',*,*,#11241,.F.);
#11272=EDGE_LOOP('',(#11267,#11268,#11270,#11271));
#11273=FACE_OUTER_BOUND('',#11272,.F.);
#11274=ADVANCED_FACE('',(#11273),#11266,.F.);
#11275=FILL_AREA_STYLE_COLOUR('',#26);
#11276=FILL_AREA_STYLE('',(#11275));
#11277=SURFACE_STYLE_FILL_AREA(#11276);
#11278=SURFACE_SIDE_STYLE('',(#11277));
#11279=SURFACE_STYLE_USAGE(.POSITIVE.,#11278);
#11280=FILL_AREA_STYLE_COLOUR('',#9);
#11281=FILL_AREA_STYLE('',(#11280));
#11282=SURFACE_STYLE_FILL_AREA(#11281);
#11283=SURFACE_SIDE_STYLE('',(#11282));
#11284=SURFACE_STYLE_USAGE(.NEGATIVE.,#11283);
#11285=PRESENTATION_STYLE_ASSIGNMENT((#11279,#11284));
#11286=OVER_RIDING_STYLED_ITEM('',(#11285),#11274,#38);
#11287=CARTESIAN_POINT('',(0.E0,4.472960398053E1,-4.1148E-1));
#11288=DIRECTION('',(0.E0,1.E0,0.E0));
#11289=DIRECTION('',(1.E0,0.E0,0.E0));
#11290=AXIS2_PLACEMENT_3D('',#11287,#11288,#11289);
#11291=PLANE('',#11290);
#11292=ORIENTED_EDGE('',*,*,#11103,.T.);
#11294=ORIENTED_EDGE('',*,*,#11293,.T.);
#11295=ORIENTED_EDGE('',*,*,#11243,.T.);
#11296=ORIENTED_EDGE('',*,*,#11269,.T.);
#11297=EDGE_LOOP('',(#11292,#11294,#11295,#11296));
#11298=FACE_OUTER_BOUND('',#11297,.F.);
#11299=ADVANCED_FACE('',(#11298),#11291,.T.);
#11300=FILL_AREA_STYLE_COLOUR('',#26);
#11301=FILL_AREA_STYLE('',(#11300));
#11302=SURFACE_STYLE_FILL_AREA(#11301);
#11303=SURFACE_SIDE_STYLE('',(#11302));
#11304=SURFACE_STYLE_USAGE(.POSITIVE.,#11303);
#11305=FILL_AREA_STYLE_COLOUR('',#9);
#11306=FILL_AREA_STYLE('',(#11305));
#11307=SURFACE_STYLE_FILL_AREA(#11306);
#11308=SURFACE_SIDE_STYLE('',(#11307));
#11309=SURFACE_STYLE_USAGE(.NEGATIVE.,#11308);
#11310=PRESENTATION_STYLE_ASSIGNMENT((#11304,#11309));
#11311=OVER_RIDING_STYLED_ITEM('',(#11310),#11299,#38);
#11312=CARTESIAN_POINT('',(-7.578020208718E1,5.472960398053E1,
-2.411479577747E0));
#11313=DIRECTION('',(-1.E0,0.E0,0.E0));
#11314=DIRECTION('',(0.E0,0.E0,1.E0));
#11315=AXIS2_PLACEMENT_3D('',#11312,#11313,#11314);
#11316=PLANE('',#11315);
#11317=ORIENTED_EDGE('',*,*,#11139,.F.);
#11318=ORIENTED_EDGE('',*,*,#11245,.F.);
#11319=ORIENTED_EDGE('',*,*,#11293,.F.);
#11320=ORIENTED_EDGE('',*,*,#11101,.T.);
#11321=EDGE_LOOP('',(#11317,#11318,#11319,#11320));
#11322=FACE_OUTER_BOUND('',#11321,.F.);
#11323=ADVANCED_FACE('',(#11322),#11316,.F.);
#11324=FILL_AREA_STYLE_COLOUR('',#26);
#11325=FILL_AREA_STYLE('',(#11324));
#11326=SURFACE_STYLE_FILL_AREA(#11325);
#11327=SURFACE_SIDE_STYLE('',(#11326));
#11328=SURFACE_STYLE_USAGE(.POSITIVE.,#11327);
#11329=FILL_AREA_STYLE_COLOUR('',#9);
#11330=FILL_AREA_STYLE('',(#11329));
#11331=SURFACE_STYLE_FILL_AREA(#11330);
#11332=SURFACE_SIDE_STYLE('',(#11331));
#11333=SURFACE_STYLE_USAGE(.NEGATIVE.,#11332);
#11334=PRESENTATION_STYLE_ASSIGNMENT((#11328,#11333));
#11335=OVER_RIDING_STYLED_ITEM('',(#11334),#11323,#38);
#11336=CARTESIAN_POINT('',(-9.2E0,5.710000244E1,-4.1148E-1));
#11337=DIRECTION('',(1.E0,0.E0,0.E0));
#11338=DIRECTION('',(0.E0,-1.E0,0.E0));
#11339=AXIS2_PLACEMENT_3D('',#11336,#11337,#11338);
#11340=PLANE('',#11339);
#11341=ORIENTED_EDGE('',*,*,#7957,.F.);
#11343=ORIENTED_EDGE('',*,*,#11342,.T.);
#11345=ORIENTED_EDGE('',*,*,#11344,.T.);
#11347=ORIENTED_EDGE('',*,*,#11346,.F.);
#11348=EDGE_LOOP('',(#11341,#11343,#11345,#11347));
#11349=FACE_OUTER_BOUND('',#11348,.F.);
#11350=ADVANCED_FACE('',(#11349),#11340,.T.);
#11351=CARTESIAN_POINT('',(-1.17E1,5.710000244E1,-4.1148E-1));
#11352=DIRECTION('',(0.E0,1.E0,0.E0));
#11353=DIRECTION('',(1.E0,0.E0,0.E0));
#11354=AXIS2_PLACEMENT_3D('',#11351,#11352,#11353);
#11355=PLANE('',#11354);
#11356=ORIENTED_EDGE('',*,*,#7963,.F.);
#11358=ORIENTED_EDGE('',*,*,#11357,.T.);
#11360=ORIENTED_EDGE('',*,*,#11359,.T.);
#11361=ORIENTED_EDGE('',*,*,#11342,.F.);
#11362=EDGE_LOOP('',(#11356,#11358,#11360,#11361));
#11363=FACE_OUTER_BOUND('',#11362,.F.);
#11364=ADVANCED_FACE('',(#11363),#11355,.T.);
#11365=CARTESIAN_POINT('',(-1.17E1,5.80000244E0,-4.1148E-1));
#11366=DIRECTION('',(-1.E0,0.E0,0.E0));
#11367=DIRECTION('',(0.E0,1.E0,0.E0));
#11368=AXIS2_PLACEMENT_3D('',#11365,#11366,#11367);
#11369=PLANE('',#11368);
#11370=ORIENTED_EDGE('',*,*,#7961,.F.);
#11372=ORIENTED_EDGE('',*,*,#11371,.T.);
#11374=ORIENTED_EDGE('',*,*,#11373,.T.);
#11375=ORIENTED_EDGE('',*,*,#11357,.F.);
#11376=EDGE_LOOP('',(#11370,#11372,#11374,#11375));
#11377=FACE_OUTER_BOUND('',#11376,.F.);
#11378=ADVANCED_FACE('',(#11377),#11369,.T.);
#11379=CARTESIAN_POINT('',(-9.2E0,5.80000244E0,-4.1148E-1));
#11380=DIRECTION('',(0.E0,-1.E0,0.E0));
#11381=DIRECTION('',(-1.E0,0.E0,0.E0));
#11382=AXIS2_PLACEMENT_3D('',#11379,#11380,#11381);
#11383=PLANE('',#11382);
#11384=ORIENTED_EDGE('',*,*,#7959,.F.);
#11385=ORIENTED_EDGE('',*,*,#11346,.T.);
#11387=ORIENTED_EDGE('',*,*,#11386,.T.);
#11388=ORIENTED_EDGE('',*,*,#11371,.F.);
#11389=EDGE_LOOP('',(#11384,#11385,#11387,#11388));
#11390=FACE_OUTER_BOUND('',#11389,.F.);
#11391=ADVANCED_FACE('',(#11390),#11383,.T.);
#11392=CARTESIAN_POINT('',(0.E0,0.E0,-9.41148E0));
#11393=DIRECTION('',(0.E0,0.E0,-1.E0));
#11394=DIRECTION('',(-1.E0,0.E0,0.E0));
#11395=AXIS2_PLACEMENT_3D('',#11392,#11393,#11394);
#11396=PLANE('',#11395);
#11397=ORIENTED_EDGE('',*,*,#11344,.F.);
#11398=ORIENTED_EDGE('',*,*,#11359,.F.);
#11399=ORIENTED_EDGE('',*,*,#11373,.F.);
#11400=ORIENTED_EDGE('',*,*,#11386,.F.);
#11401=EDGE_LOOP('',(#11397,#11398,#11399,#11400));
#11402=FACE_OUTER_BOUND('',#11401,.F.);
#11404=ORIENTED_EDGE('',*,*,#11403,.T.);
#11406=ORIENTED_EDGE('',*,*,#11405,.T.);
#11408=ORIENTED_EDGE('',*,*,#11407,.T.);
#11410=ORIENTED_EDGE('',*,*,#11409,.T.);
#11411=EDGE_LOOP('',(#11404,#11406,#11408,#11410));
#11412=FACE_BOUND('',#11411,.F.);
#11414=ORIENTED_EDGE('',*,*,#11413,.T.);
#11416=ORIENTED_EDGE('',*,*,#11415,.T.);
#11418=ORIENTED_EDGE('',*,*,#11417,.T.);
#11420=ORIENTED_EDGE('',*,*,#11419,.T.);
#11421=EDGE_LOOP('',(#11414,#11416,#11418,#11420));
#11422=FACE_BOUND('',#11421,.F.);
#11424=ORIENTED_EDGE('',*,*,#11423,.T.);
#11426=ORIENTED_EDGE('',*,*,#11425,.T.);
#11428=ORIENTED_EDGE('',*,*,#11427,.T.);
#11430=ORIENTED_EDGE('',*,*,#11429,.T.);
#11431=EDGE_LOOP('',(#11424,#11426,#11428,#11430));
#11432=FACE_BOUND('',#11431,.F.);
#11434=ORIENTED_EDGE('',*,*,#11433,.T.);
#11436=ORIENTED_EDGE('',*,*,#11435,.T.);
#11438=ORIENTED_EDGE('',*,*,#11437,.T.);
#11440=ORIENTED_EDGE('',*,*,#11439,.T.);
#11441=EDGE_LOOP('',(#11434,#11436,#11438,#11440));
#11442=FACE_BOUND('',#11441,.F.);
#11444=ORIENTED_EDGE('',*,*,#11443,.T.);
#11446=ORIENTED_EDGE('',*,*,#11445,.T.);
#11448=ORIENTED_EDGE('',*,*,#11447,.T.);
#11450=ORIENTED_EDGE('',*,*,#11449,.T.);
#11451=EDGE_LOOP('',(#11444,#11446,#11448,#11450));
#11452=FACE_BOUND('',#11451,.F.);
#11454=ORIENTED_EDGE('',*,*,#11453,.T.);
#11456=ORIENTED_EDGE('',*,*,#11455,.T.);
#11458=ORIENTED_EDGE('',*,*,#11457,.T.);
#11460=ORIENTED_EDGE('',*,*,#11459,.T.);
#11461=EDGE_LOOP('',(#11454,#11456,#11458,#11460));
#11462=FACE_BOUND('',#11461,.F.);
#11464=ORIENTED_EDGE('',*,*,#11463,.T.);
#11466=ORIENTED_EDGE('',*,*,#11465,.T.);
#11468=ORIENTED_EDGE('',*,*,#11467,.T.);
#11470=ORIENTED_EDGE('',*,*,#11469,.T.);
#11471=EDGE_LOOP('',(#11464,#11466,#11468,#11470));
#11472=FACE_BOUND('',#11471,.F.);
#11474=ORIENTED_EDGE('',*,*,#11473,.T.);
#11476=ORIENTED_EDGE('',*,*,#11475,.T.);
#11478=ORIENTED_EDGE('',*,*,#11477,.T.);
#11480=ORIENTED_EDGE('',*,*,#11479,.T.);
#11481=EDGE_LOOP('',(#11474,#11476,#11478,#11480));
#11482=FACE_BOUND('',#11481,.F.);
#11484=ORIENTED_EDGE('',*,*,#11483,.T.);
#11486=ORIENTED_EDGE('',*,*,#11485,.T.);
#11488=ORIENTED_EDGE('',*,*,#11487,.T.);
#11490=ORIENTED_EDGE('',*,*,#11489,.T.);
#11491=EDGE_LOOP('',(#11484,#11486,#11488,#11490));
#11492=FACE_BOUND('',#11491,.F.);
#11494=ORIENTED_EDGE('',*,*,#11493,.T.);
#11496=ORIENTED_EDGE('',*,*,#11495,.T.);
#11498=ORIENTED_EDGE('',*,*,#11497,.T.);
#11500=ORIENTED_EDGE('',*,*,#11499,.T.);
#11501=EDGE_LOOP('',(#11494,#11496,#11498,#11500));
#11502=FACE_BOUND('',#11501,.F.);
#11504=ORIENTED_EDGE('',*,*,#11503,.T.);
#11506=ORIENTED_EDGE('',*,*,#11505,.T.);
#11508=ORIENTED_EDGE('',*,*,#11507,.T.);
#11510=ORIENTED_EDGE('',*,*,#11509,.T.);
#11511=EDGE_LOOP('',(#11504,#11506,#11508,#11510));
#11512=FACE_BOUND('',#11511,.F.);
#11514=ORIENTED_EDGE('',*,*,#11513,.T.);
#11516=ORIENTED_EDGE('',*,*,#11515,.T.);
#11518=ORIENTED_EDGE('',*,*,#11517,.T.);
#11520=ORIENTED_EDGE('',*,*,#11519,.T.);
#11521=EDGE_LOOP('',(#11514,#11516,#11518,#11520));
#11522=FACE_BOUND('',#11521,.F.);
#11524=ORIENTED_EDGE('',*,*,#11523,.T.);
#11526=ORIENTED_EDGE('',*,*,#11525,.T.);
#11528=ORIENTED_EDGE('',*,*,#11527,.T.);
#11530=ORIENTED_EDGE('',*,*,#11529,.T.);
#11531=EDGE_LOOP('',(#11524,#11526,#11528,#11530));
#11532=FACE_BOUND('',#11531,.F.);
#11534=ORIENTED_EDGE('',*,*,#11533,.T.);
#11536=ORIENTED_EDGE('',*,*,#11535,.T.);
#11538=ORIENTED_EDGE('',*,*,#11537,.T.);
#11540=ORIENTED_EDGE('',*,*,#11539,.T.);
#11541=EDGE_LOOP('',(#11534,#11536,#11538,#11540));
#11542=FACE_BOUND('',#11541,.F.);
#11544=ORIENTED_EDGE('',*,*,#11543,.T.);
#11546=ORIENTED_EDGE('',*,*,#11545,.T.);
#11548=ORIENTED_EDGE('',*,*,#11547,.T.);
#11550=ORIENTED_EDGE('',*,*,#11549,.T.);
#11551=EDGE_LOOP('',(#11544,#11546,#11548,#11550));
#11552=FACE_BOUND('',#11551,.F.);
#11554=ORIENTED_EDGE('',*,*,#11553,.T.);
#11556=ORIENTED_EDGE('',*,*,#11555,.T.);
#11558=ORIENTED_EDGE('',*,*,#11557,.T.);
#11560=ORIENTED_EDGE('',*,*,#11559,.T.);
#11561=EDGE_LOOP('',(#11554,#11556,#11558,#11560));
#11562=FACE_BOUND('',#11561,.F.);
#11564=ORIENTED_EDGE('',*,*,#11563,.T.);
#11566=ORIENTED_EDGE('',*,*,#11565,.T.);
#11568=ORIENTED_EDGE('',*,*,#11567,.T.);
#11570=ORIENTED_EDGE('',*,*,#11569,.T.);
#11571=EDGE_LOOP('',(#11564,#11566,#11568,#11570));
#11572=FACE_BOUND('',#11571,.F.);
#11574=ORIENTED_EDGE('',*,*,#11573,.T.);
#11576=ORIENTED_EDGE('',*,*,#11575,.T.);
#11578=ORIENTED_EDGE('',*,*,#11577,.T.);
#11580=ORIENTED_EDGE('',*,*,#11579,.T.);
#11581=EDGE_LOOP('',(#11574,#11576,#11578,#11580));
#11582=FACE_BOUND('',#11581,.F.);
#11584=ORIENTED_EDGE('',*,*,#11583,.T.);
#11586=ORIENTED_EDGE('',*,*,#11585,.T.);
#11588=ORIENTED_EDGE('',*,*,#11587,.T.);
#11590=ORIENTED_EDGE('',*,*,#11589,.T.);
#11591=EDGE_LOOP('',(#11584,#11586,#11588,#11590));
#11592=FACE_BOUND('',#11591,.F.);
#11594=ORIENTED_EDGE('',*,*,#11593,.T.);
#11596=ORIENTED_EDGE('',*,*,#11595,.T.);
#11598=ORIENTED_EDGE('',*,*,#11597,.T.);
#11600=ORIENTED_EDGE('',*,*,#11599,.T.);
#11601=EDGE_LOOP('',(#11594,#11596,#11598,#11600));
#11602=FACE_BOUND('',#11601,.F.);
#11603=ADVANCED_FACE('',(#11402,#11412,#11422,#11432,#11442,#11452,#11462,
#11472,#11482,#11492,#11502,#11512,#11522,#11532,#11542,#11552,#11562,#11572,
#11582,#11592,#11602),#11396,.T.);
#11604=CARTESIAN_POINT('',(0.E0,0.E0,-9.41148E0));
#11605=DIRECTION('',(0.E0,0.E0,-1.E0));
#11606=DIRECTION('',(-1.E0,0.E0,0.E0));
#11607=AXIS2_PLACEMENT_3D('',#11604,#11605,#11606);
#11608=PLANE('',#11607);
#11610=ORIENTED_EDGE('',*,*,#11609,.F.);
#11612=ORIENTED_EDGE('',*,*,#11611,.F.);
#11614=ORIENTED_EDGE('',*,*,#11613,.F.);
#11616=ORIENTED_EDGE('',*,*,#11615,.F.);
#11617=EDGE_LOOP('',(#11610,#11612,#11614,#11616));
#11618=FACE_OUTER_BOUND('',#11617,.F.);
#11620=ORIENTED_EDGE('',*,*,#11619,.T.);
#11622=ORIENTED_EDGE('',*,*,#11621,.T.);
#11624=ORIENTED_EDGE('',*,*,#11623,.T.);
#11626=ORIENTED_EDGE('',*,*,#11625,.T.);
#11627=EDGE_LOOP('',(#11620,#11622,#11624,#11626));
#11628=FACE_BOUND('',#11627,.F.);
#11630=ORIENTED_EDGE('',*,*,#11629,.T.);
#11632=ORIENTED_EDGE('',*,*,#11631,.T.);
#11634=ORIENTED_EDGE('',*,*,#11633,.T.);
#11636=ORIENTED_EDGE('',*,*,#11635,.T.);
#11637=EDGE_LOOP('',(#11630,#11632,#11634,#11636));
#11638=FACE_BOUND('',#11637,.F.);
#11640=ORIENTED_EDGE('',*,*,#11639,.T.);
#11642=ORIENTED_EDGE('',*,*,#11641,.T.);
#11644=ORIENTED_EDGE('',*,*,#11643,.T.);
#11646=ORIENTED_EDGE('',*,*,#11645,.T.);
#11647=EDGE_LOOP('',(#11640,#11642,#11644,#11646));
#11648=FACE_BOUND('',#11647,.F.);
#11650=ORIENTED_EDGE('',*,*,#11649,.T.);
#11652=ORIENTED_EDGE('',*,*,#11651,.T.);
#11654=ORIENTED_EDGE('',*,*,#11653,.T.);
#11656=ORIENTED_EDGE('',*,*,#11655,.T.);
#11657=EDGE_LOOP('',(#11650,#11652,#11654,#11656));
#11658=FACE_BOUND('',#11657,.F.);
#11660=ORIENTED_EDGE('',*,*,#11659,.T.);
#11662=ORIENTED_EDGE('',*,*,#11661,.T.);
#11664=ORIENTED_EDGE('',*,*,#11663,.T.);
#11666=ORIENTED_EDGE('',*,*,#11665,.T.);
#11667=EDGE_LOOP('',(#11660,#11662,#11664,#11666));
#11668=FACE_BOUND('',#11667,.F.);
#11670=ORIENTED_EDGE('',*,*,#11669,.T.);
#11672=ORIENTED_EDGE('',*,*,#11671,.T.);
#11674=ORIENTED_EDGE('',*,*,#11673,.T.);
#11676=ORIENTED_EDGE('',*,*,#11675,.T.);
#11677=EDGE_LOOP('',(#11670,#11672,#11674,#11676));
#11678=FACE_BOUND('',#11677,.F.);
#11680=ORIENTED_EDGE('',*,*,#11679,.T.);
#11682=ORIENTED_EDGE('',*,*,#11681,.T.);
#11684=ORIENTED_EDGE('',*,*,#11683,.T.);
#11686=ORIENTED_EDGE('',*,*,#11685,.T.);
#11687=EDGE_LOOP('',(#11680,#11682,#11684,#11686));
#11688=FACE_BOUND('',#11687,.F.);
#11690=ORIENTED_EDGE('',*,*,#11689,.T.);
#11692=ORIENTED_EDGE('',*,*,#11691,.T.);
#11694=ORIENTED_EDGE('',*,*,#11693,.T.);
#11696=ORIENTED_EDGE('',*,*,#11695,.T.);
#11697=EDGE_LOOP('',(#11690,#11692,#11694,#11696));
#11698=FACE_BOUND('',#11697,.F.);
#11700=ORIENTED_EDGE('',*,*,#11699,.T.);
#11702=ORIENTED_EDGE('',*,*,#11701,.T.);
#11704=ORIENTED_EDGE('',*,*,#11703,.T.);
#11706=ORIENTED_EDGE('',*,*,#11705,.T.);
#11707=EDGE_LOOP('',(#11700,#11702,#11704,#11706));
#11708=FACE_BOUND('',#11707,.F.);
#11710=ORIENTED_EDGE('',*,*,#11709,.T.);
#11712=ORIENTED_EDGE('',*,*,#11711,.T.);
#11714=ORIENTED_EDGE('',*,*,#11713,.T.);
#11716=ORIENTED_EDGE('',*,*,#11715,.T.);
#11717=EDGE_LOOP('',(#11710,#11712,#11714,#11716));
#11718=FACE_BOUND('',#11717,.F.);
#11720=ORIENTED_EDGE('',*,*,#11719,.T.);
#11722=ORIENTED_EDGE('',*,*,#11721,.T.);
#11724=ORIENTED_EDGE('',*,*,#11723,.T.);
#11726=ORIENTED_EDGE('',*,*,#11725,.T.);
#11727=EDGE_LOOP('',(#11720,#11722,#11724,#11726));
#11728=FACE_BOUND('',#11727,.F.);
#11730=ORIENTED_EDGE('',*,*,#11729,.T.);
#11732=ORIENTED_EDGE('',*,*,#11731,.T.);
#11734=ORIENTED_EDGE('',*,*,#11733,.T.);
#11736=ORIENTED_EDGE('',*,*,#11735,.T.);
#11737=EDGE_LOOP('',(#11730,#11732,#11734,#11736));
#11738=FACE_BOUND('',#11737,.F.);
#11740=ORIENTED_EDGE('',*,*,#11739,.T.);
#11742=ORIENTED_EDGE('',*,*,#11741,.T.);
#11744=ORIENTED_EDGE('',*,*,#11743,.T.);
#11746=ORIENTED_EDGE('',*,*,#11745,.T.);
#11747=EDGE_LOOP('',(#11740,#11742,#11744,#11746));
#11748=FACE_BOUND('',#11747,.F.);
#11750=ORIENTED_EDGE('',*,*,#11749,.T.);
#11752=ORIENTED_EDGE('',*,*,#11751,.T.);
#11754=ORIENTED_EDGE('',*,*,#11753,.T.);
#11756=ORIENTED_EDGE('',*,*,#11755,.T.);
#11757=EDGE_LOOP('',(#11750,#11752,#11754,#11756));
#11758=FACE_BOUND('',#11757,.F.);
#11760=ORIENTED_EDGE('',*,*,#11759,.T.);
#11762=ORIENTED_EDGE('',*,*,#11761,.T.);
#11764=ORIENTED_EDGE('',*,*,#11763,.T.);
#11766=ORIENTED_EDGE('',*,*,#11765,.T.);
#11767=EDGE_LOOP('',(#11760,#11762,#11764,#11766));
#11768=FACE_BOUND('',#11767,.F.);
#11770=ORIENTED_EDGE('',*,*,#11769,.T.);
#11772=ORIENTED_EDGE('',*,*,#11771,.T.);
#11774=ORIENTED_EDGE('',*,*,#11773,.T.);
#11776=ORIENTED_EDGE('',*,*,#11775,.T.);
#11777=EDGE_LOOP('',(#11770,#11772,#11774,#11776));
#11778=FACE_BOUND('',#11777,.F.);
#11780=ORIENTED_EDGE('',*,*,#11779,.T.);
#11782=ORIENTED_EDGE('',*,*,#11781,.T.);
#11784=ORIENTED_EDGE('',*,*,#11783,.T.);
#11786=ORIENTED_EDGE('',*,*,#11785,.T.);
#11787=EDGE_LOOP('',(#11780,#11782,#11784,#11786));
#11788=FACE_BOUND('',#11787,.F.);
#11790=ORIENTED_EDGE('',*,*,#11789,.T.);
#11792=ORIENTED_EDGE('',*,*,#11791,.T.);
#11794=ORIENTED_EDGE('',*,*,#11793,.T.);
#11796=ORIENTED_EDGE('',*,*,#11795,.T.);
#11797=EDGE_LOOP('',(#11790,#11792,#11794,#11796));
#11798=FACE_BOUND('',#11797,.F.);
#11800=ORIENTED_EDGE('',*,*,#11799,.T.);
#11802=ORIENTED_EDGE('',*,*,#11801,.T.);
#11804=ORIENTED_EDGE('',*,*,#11803,.T.);
#11806=ORIENTED_EDGE('',*,*,#11805,.T.);
#11807=EDGE_LOOP('',(#11800,#11802,#11804,#11806));
#11808=FACE_BOUND('',#11807,.F.);
#11810=ORIENTED_EDGE('',*,*,#11809,.T.);
#11812=ORIENTED_EDGE('',*,*,#11811,.T.);
#11814=ORIENTED_EDGE('',*,*,#11813,.T.);
#11816=ORIENTED_EDGE('',*,*,#11815,.T.);
#11817=EDGE_LOOP('',(#11810,#11812,#11814,#11816));
#11818=FACE_BOUND('',#11817,.F.);
#11819=ADVANCED_FACE('',(#11618,#11628,#11638,#11648,#11658,#11668,#11678,
#11688,#11698,#11708,#11718,#11728,#11738,#11748,#11758,#11768,#11778,#11788,
#11798,#11808,#11818),#11608,.T.);
#11820=CARTESIAN_POINT('',(-2.7E1,5.710000244E1,-4.1148E-1));
#11821=DIRECTION('',(1.E0,0.E0,0.E0));
#11822=DIRECTION('',(0.E0,-1.E0,0.E0));
#11823=AXIS2_PLACEMENT_3D('',#11820,#11821,#11822);
#11824=PLANE('',#11823);
#11825=ORIENTED_EDGE('',*,*,#7967,.F.);
#11827=ORIENTED_EDGE('',*,*,#11826,.T.);
#11828=ORIENTED_EDGE('',*,*,#11609,.T.);
#11830=ORIENTED_EDGE('',*,*,#11829,.F.);
#11831=EDGE_LOOP('',(#11825,#11827,#11828,#11830));
#11832=FACE_OUTER_BOUND('',#11831,.F.);
#11833=ADVANCED_FACE('',(#11832),#11824,.T.);
#11834=CARTESIAN_POINT('',(-2.95E1,5.710000244E1,-4.1148E-1));
#11835=DIRECTION('',(0.E0,1.E0,0.E0));
#11836=DIRECTION('',(1.E0,0.E0,0.E0));
#11837=AXIS2_PLACEMENT_3D('',#11834,#11835,#11836);
#11838=PLANE('',#11837);
#11839=ORIENTED_EDGE('',*,*,#7973,.F.);
#11841=ORIENTED_EDGE('',*,*,#11840,.T.);
#11842=ORIENTED_EDGE('',*,*,#11611,.T.);
#11843=ORIENTED_EDGE('',*,*,#11826,.F.);
#11844=EDGE_LOOP('',(#11839,#11841,#11842,#11843));
#11845=FACE_OUTER_BOUND('',#11844,.F.);
#11846=ADVANCED_FACE('',(#11845),#11838,.T.);
#11847=CARTESIAN_POINT('',(-2.95E1,5.80000244E0,-4.1148E-1));
#11848=DIRECTION('',(-1.E0,0.E0,0.E0));
#11849=DIRECTION('',(0.E0,1.E0,0.E0));
#11850=AXIS2_PLACEMENT_3D('',#11847,#11848,#11849);
#11851=PLANE('',#11850);
#11852=ORIENTED_EDGE('',*,*,#7971,.F.);
#11854=ORIENTED_EDGE('',*,*,#11853,.T.);
#11855=ORIENTED_EDGE('',*,*,#11613,.T.);
#11856=ORIENTED_EDGE('',*,*,#11840,.F.);
#11857=EDGE_LOOP('',(#11852,#11854,#11855,#11856));
#11858=FACE_OUTER_BOUND('',#11857,.F.);
#11859=ADVANCED_FACE('',(#11858),#11851,.T.);
#11860=CARTESIAN_POINT('',(-2.7E1,5.80000244E0,-4.1148E-1));
#11861=DIRECTION('',(0.E0,-1.E0,0.E0));
#11862=DIRECTION('',(-1.E0,0.E0,0.E0));
#11863=AXIS2_PLACEMENT_3D('',#11860,#11861,#11862);
#11864=PLANE('',#11863);
#11865=ORIENTED_EDGE('',*,*,#7969,.F.);
#11866=ORIENTED_EDGE('',*,*,#11829,.T.);
#11867=ORIENTED_EDGE('',*,*,#11615,.T.);
#11868=ORIENTED_EDGE('',*,*,#11853,.F.);
#11869=EDGE_LOOP('',(#11865,#11866,#11867,#11868));
#11870=FACE_OUTER_BOUND('',#11869,.F.);
#11871=ADVANCED_FACE('',(#11870),#11864,.T.);
#11872=CARTESIAN_POINT('',(-9.95E0,5.608000244E1,-9.41148E0));
#11873=DIRECTION('',(1.E0,0.E0,0.E0));
#11874=DIRECTION('',(0.E0,-1.E0,0.E0));
#11875=AXIS2_PLACEMENT_3D('',#11872,#11873,#11874);
#11876=PLANE('',#11875);
#11877=ORIENTED_EDGE('',*,*,#11403,.F.);
#11879=ORIENTED_EDGE('',*,*,#11878,.T.);
#11881=ORIENTED_EDGE('',*,*,#11880,.T.);
#11883=ORIENTED_EDGE('',*,*,#11882,.F.);
#11884=EDGE_LOOP('',(#11877,#11879,#11881,#11883));
#11885=FACE_OUTER_BOUND('',#11884,.F.);
#11886=ADVANCED_FACE('',(#11885),#11876,.F.);
#11887=CARTESIAN_POINT('',(-1.095E1,5.608000244E1,-9.41148E0));
#11888=DIRECTION('',(0.E0,1.E0,0.E0));
#11889=DIRECTION('',(1.E0,0.E0,0.E0));
#11890=AXIS2_PLACEMENT_3D('',#11887,#11888,#11889);
#11891=PLANE('',#11890);
#11892=ORIENTED_EDGE('',*,*,#11409,.F.);
#11894=ORIENTED_EDGE('',*,*,#11893,.T.);
#11896=ORIENTED_EDGE('',*,*,#11895,.T.);
#11897=ORIENTED_EDGE('',*,*,#11878,.F.);
#11898=EDGE_LOOP('',(#11892,#11894,#11896,#11897));
#11899=FACE_OUTER_BOUND('',#11898,.F.);
#11900=ADVANCED_FACE('',(#11899),#11891,.F.);
#11901=CARTESIAN_POINT('',(-1.095E1,5.508000244E1,-9.41148E0));
#11902=DIRECTION('',(-1.E0,0.E0,0.E0));
#11903=DIRECTION('',(0.E0,1.E0,0.E0));
#11904=AXIS2_PLACEMENT_3D('',#11901,#11902,#11903);
#11905=PLANE('',#11904);
#11906=ORIENTED_EDGE('',*,*,#11407,.F.);
#11908=ORIENTED_EDGE('',*,*,#11907,.T.);
#11910=ORIENTED_EDGE('',*,*,#11909,.T.);
#11911=ORIENTED_EDGE('',*,*,#11893,.F.);
#11912=EDGE_LOOP('',(#11906,#11908,#11910,#11911));
#11913=FACE_OUTER_BOUND('',#11912,.F.);
#11914=ADVANCED_FACE('',(#11913),#11905,.F.);
#11915=CARTESIAN_POINT('',(-9.95E0,5.508000244E1,-9.41148E0));
#11916=DIRECTION('',(0.E0,-1.E0,0.E0));
#11917=DIRECTION('',(-1.E0,0.E0,0.E0));
#11918=AXIS2_PLACEMENT_3D('',#11915,#11916,#11917);
#11919=PLANE('',#11918);
#11920=ORIENTED_EDGE('',*,*,#11405,.F.);
#11921=ORIENTED_EDGE('',*,*,#11882,.T.);
#11923=ORIENTED_EDGE('',*,*,#11922,.T.);
#11924=ORIENTED_EDGE('',*,*,#11907,.F.);
#11925=EDGE_LOOP('',(#11920,#11921,#11923,#11924));
#11926=FACE_OUTER_BOUND('',#11925,.F.);
#11927=ADVANCED_FACE('',(#11926),#11919,.F.);
#11928=CARTESIAN_POINT('',(0.E0,0.E0,-1.41148E0));
#11929=DIRECTION('',(0.E0,0.E0,-1.E0));
#11930=DIRECTION('',(-1.E0,0.E0,0.E0));
#11931=AXIS2_PLACEMENT_3D('',#11928,#11929,#11930);
#11932=PLANE('',#11931);
#11933=ORIENTED_EDGE('',*,*,#11880,.F.);
#11934=ORIENTED_EDGE('',*,*,#11895,.F.);
#11935=ORIENTED_EDGE('',*,*,#11909,.F.);
#11936=ORIENTED_EDGE('',*,*,#11922,.F.);
#11937=EDGE_LOOP('',(#11933,#11934,#11935,#11936));
#11938=FACE_OUTER_BOUND('',#11937,.F.);
#11939=ADVANCED_FACE('',(#11938),#11932,.T.);
#11940=CARTESIAN_POINT('',(0.E0,0.E0,-1.41148E0));
#11941=DIRECTION('',(0.E0,0.E0,-1.E0));
#11942=DIRECTION('',(-1.E0,0.E0,0.E0));
#11943=AXIS2_PLACEMENT_3D('',#11940,#11941,#11942);
#11944=PLANE('',#11943);
#11946=ORIENTED_EDGE('',*,*,#11945,.F.);
#11948=ORIENTED_EDGE('',*,*,#11947,.F.);
#11950=ORIENTED_EDGE('',*,*,#11949,.F.);
#11952=ORIENTED_EDGE('',*,*,#11951,.F.);
#11953=EDGE_LOOP('',(#11946,#11948,#11950,#11952));
#11954=FACE_OUTER_BOUND('',#11953,.F.);
#11955=ADVANCED_FACE('',(#11954),#11944,.T.);
#11956=CARTESIAN_POINT('',(-2.775E1,5.608000244E1,-9.41148E0));
#11957=DIRECTION('',(1.E0,0.E0,0.E0));
#11958=DIRECTION('',(0.E0,-1.E0,0.E0));
#11959=AXIS2_PLACEMENT_3D('',#11956,#11957,#11958);
#11960=PLANE('',#11959);
#11961=ORIENTED_EDGE('',*,*,#11619,.F.);
#11963=ORIENTED_EDGE('',*,*,#11962,.T.);
#11964=ORIENTED_EDGE('',*,*,#11945,.T.);
#11966=ORIENTED_EDGE('',*,*,#11965,.F.);
#11967=EDGE_LOOP('',(#11961,#11963,#11964,#11966));
#11968=FACE_OUTER_BOUND('',#11967,.F.);
#11969=ADVANCED_FACE('',(#11968),#11960,.F.);
#11970=CARTESIAN_POINT('',(-2.875E1,5.608000244E1,-9.41148E0));
#11971=DIRECTION('',(0.E0,1.E0,0.E0));
#11972=DIRECTION('',(1.E0,0.E0,0.E0));
#11973=AXIS2_PLACEMENT_3D('',#11970,#11971,#11972);
#11974=PLANE('',#11973);
#11975=ORIENTED_EDGE('',*,*,#11625,.F.);
#11977=ORIENTED_EDGE('',*,*,#11976,.T.);
#11978=ORIENTED_EDGE('',*,*,#11947,.T.);
#11979=ORIENTED_EDGE('',*,*,#11962,.F.);
#11980=EDGE_LOOP('',(#11975,#11977,#11978,#11979));
#11981=FACE_OUTER_BOUND('',#11980,.F.);
#11982=ADVANCED_FACE('',(#11981),#11974,.F.);
#11983=CARTESIAN_POINT('',(-2.875E1,5.508000244E1,-9.41148E0));
#11984=DIRECTION('',(-1.E0,0.E0,0.E0));
#11985=DIRECTION('',(0.E0,1.E0,0.E0));
#11986=AXIS2_PLACEMENT_3D('',#11983,#11984,#11985);
#11987=PLANE('',#11986);
#11988=ORIENTED_EDGE('',*,*,#11623,.F.);
#11990=ORIENTED_EDGE('',*,*,#11989,.T.);
#11991=ORIENTED_EDGE('',*,*,#11949,.T.);
#11992=ORIENTED_EDGE('',*,*,#11976,.F.);
#11993=EDGE_LOOP('',(#11988,#11990,#11991,#11992));
#11994=FACE_OUTER_BOUND('',#11993,.F.);
#11995=ADVANCED_FACE('',(#11994),#11987,.F.);
#11996=CARTESIAN_POINT('',(-2.775E1,5.508000244E1,-9.41148E0));
#11997=DIRECTION('',(0.E0,-1.E0,0.E0));
#11998=DIRECTION('',(-1.E0,0.E0,0.E0));
#11999=AXIS2_PLACEMENT_3D('',#11996,#11997,#11998);
#12000=PLANE('',#11999);
#12001=ORIENTED_EDGE('',*,*,#11621,.F.);
#12002=ORIENTED_EDGE('',*,*,#11965,.T.);
#12003=ORIENTED_EDGE('',*,*,#11951,.T.);
#12004=ORIENTED_EDGE('',*,*,#11989,.F.);
#12005=EDGE_LOOP('',(#12001,#12002,#12003,#12004));
#12006=FACE_OUTER_BOUND('',#12005,.F.);
#12007=ADVANCED_FACE('',(#12006),#12000,.F.);
#12008=CARTESIAN_POINT('',(-9.95E0,5.354000244E1,-9.41148E0));
#12009=DIRECTION('',(1.E0,0.E0,0.E0));
#12010=DIRECTION('',(0.E0,-1.E0,0.E0));
#12011=AXIS2_PLACEMENT_3D('',#12008,#12009,#12010);
#12012=PLANE('',#12011);
#12013=ORIENTED_EDGE('',*,*,#11413,.F.);
#12015=ORIENTED_EDGE('',*,*,#12014,.T.);
#12017=ORIENTED_EDGE('',*,*,#12016,.T.);
#12019=ORIENTED_EDGE('',*,*,#12018,.F.);
#12020=EDGE_LOOP('',(#12013,#12015,#12017,#12019));
#12021=FACE_OUTER_BOUND('',#12020,.F.);
#12022=ADVANCED_FACE('',(#12021),#12012,.F.);
#12023=CARTESIAN_POINT('',(-1.095E1,5.354000244E1,-9.41148E0));
#12024=DIRECTION('',(0.E0,1.E0,0.E0));
#12025=DIRECTION('',(1.E0,0.E0,0.E0));
#12026=AXIS2_PLACEMENT_3D('',#12023,#12024,#12025);
#12027=PLANE('',#12026);
#12028=ORIENTED_EDGE('',*,*,#11419,.F.);
#12030=ORIENTED_EDGE('',*,*,#12029,.T.);
#12032=ORIENTED_EDGE('',*,*,#12031,.T.);
#12033=ORIENTED_EDGE('',*,*,#12014,.F.);
#12034=EDGE_LOOP('',(#12028,#12030,#12032,#12033));
#12035=FACE_OUTER_BOUND('',#12034,.F.);
#12036=ADVANCED_FACE('',(#12035),#12027,.F.);
#12037=CARTESIAN_POINT('',(-1.095E1,5.254000244E1,-9.41148E0));
#12038=DIRECTION('',(-1.E0,0.E0,0.E0));
#12039=DIRECTION('',(0.E0,1.E0,0.E0));
#12040=AXIS2_PLACEMENT_3D('',#12037,#12038,#12039);
#12041=PLANE('',#12040);
#12042=ORIENTED_EDGE('',*,*,#11417,.F.);
#12044=ORIENTED_EDGE('',*,*,#12043,.T.);
#12046=ORIENTED_EDGE('',*,*,#12045,.T.);
#12047=ORIENTED_EDGE('',*,*,#12029,.F.);
#12048=EDGE_LOOP('',(#12042,#12044,#12046,#12047));
#12049=FACE_OUTER_BOUND('',#12048,.F.);
#12050=ADVANCED_FACE('',(#12049),#12041,.F.);
#12051=CARTESIAN_POINT('',(-9.95E0,5.254000244E1,-9.41148E0));
#12052=DIRECTION('',(0.E0,-1.E0,0.E0));
#12053=DIRECTION('',(-1.E0,0.E0,0.E0));
#12054=AXIS2_PLACEMENT_3D('',#12051,#12052,#12053);
#12055=PLANE('',#12054);
#12056=ORIENTED_EDGE('',*,*,#11415,.F.);
#12057=ORIENTED_EDGE('',*,*,#12018,.T.);
#12059=ORIENTED_EDGE('',*,*,#12058,.T.);
#12060=ORIENTED_EDGE('',*,*,#12043,.F.);
#12061=EDGE_LOOP('',(#12056,#12057,#12059,#12060));
#12062=FACE_OUTER_BOUND('',#12061,.F.);
#12063=ADVANCED_FACE('',(#12062),#12055,.F.);
#12064=CARTESIAN_POINT('',(0.E0,-2.54E0,-1.41148E0));
#12065=DIRECTION('',(0.E0,0.E0,-1.E0));
#12066=DIRECTION('',(-1.E0,0.E0,0.E0));
#12067=AXIS2_PLACEMENT_3D('',#12064,#12065,#12066);
#12068=PLANE('',#12067);
#12069=ORIENTED_EDGE('',*,*,#12016,.F.);
#12070=ORIENTED_EDGE('',*,*,#12031,.F.);
#12071=ORIENTED_EDGE('',*,*,#12045,.F.);
#12072=ORIENTED_EDGE('',*,*,#12058,.F.);
#12073=EDGE_LOOP('',(#12069,#12070,#12071,#12072));
#12074=FACE_OUTER_BOUND('',#12073,.F.);
#12075=ADVANCED_FACE('',(#12074),#12068,.T.);
#12076=CARTESIAN_POINT('',(0.E0,-2.54E0,-1.41148E0));
#12077=DIRECTION('',(0.E0,0.E0,-1.E0));
#12078=DIRECTION('',(-1.E0,0.E0,0.E0));
#12079=AXIS2_PLACEMENT_3D('',#12076,#12077,#12078);
#12080=PLANE('',#12079);
#12082=ORIENTED_EDGE('',*,*,#12081,.F.);
#12084=ORIENTED_EDGE('',*,*,#12083,.F.);
#12086=ORIENTED_EDGE('',*,*,#12085,.F.);
#12088=ORIENTED_EDGE('',*,*,#12087,.F.);
#12089=EDGE_LOOP('',(#12082,#12084,#12086,#12088));
#12090=FACE_OUTER_BOUND('',#12089,.F.);
#12091=ADVANCED_FACE('',(#12090),#12080,.T.);
#12092=CARTESIAN_POINT('',(-2.775E1,5.354000244E1,-9.41148E0));
#12093=DIRECTION('',(1.E0,0.E0,0.E0));
#12094=DIRECTION('',(0.E0,-1.E0,0.E0));
#12095=AXIS2_PLACEMENT_3D('',#12092,#12093,#12094);
#12096=PLANE('',#12095);
#12097=ORIENTED_EDGE('',*,*,#11629,.F.);
#12099=ORIENTED_EDGE('',*,*,#12098,.T.);
#12100=ORIENTED_EDGE('',*,*,#12081,.T.);
#12102=ORIENTED_EDGE('',*,*,#12101,.F.);
#12103=EDGE_LOOP('',(#12097,#12099,#12100,#12102));
#12104=FACE_OUTER_BOUND('',#12103,.F.);
#12105=ADVANCED_FACE('',(#12104),#12096,.F.);
#12106=CARTESIAN_POINT('',(-2.875E1,5.354000244E1,-9.41148E0));
#12107=DIRECTION('',(0.E0,1.E0,0.E0));
#12108=DIRECTION('',(1.E0,0.E0,0.E0));
#12109=AXIS2_PLACEMENT_3D('',#12106,#12107,#12108);
#12110=PLANE('',#12109);
#12111=ORIENTED_EDGE('',*,*,#11635,.F.);
#12113=ORIENTED_EDGE('',*,*,#12112,.T.);
#12114=ORIENTED_EDGE('',*,*,#12083,.T.);
#12115=ORIENTED_EDGE('',*,*,#12098,.F.);
#12116=EDGE_LOOP('',(#12111,#12113,#12114,#12115));
#12117=FACE_OUTER_BOUND('',#12116,.F.);
#12118=ADVANCED_FACE('',(#12117),#12110,.F.);
#12119=CARTESIAN_POINT('',(-2.875E1,5.254000244E1,-9.41148E0));
#12120=DIRECTION('',(-1.E0,0.E0,0.E0));
#12121=DIRECTION('',(0.E0,1.E0,0.E0));
#12122=AXIS2_PLACEMENT_3D('',#12119,#12120,#12121);
#12123=PLANE('',#12122);
#12124=ORIENTED_EDGE('',*,*,#11633,.F.);
#12126=ORIENTED_EDGE('',*,*,#12125,.T.);
#12127=ORIENTED_EDGE('',*,*,#12085,.T.);
#12128=ORIENTED_EDGE('',*,*,#12112,.F.);
#12129=EDGE_LOOP('',(#12124,#12126,#12127,#12128));
#12130=FACE_OUTER_BOUND('',#12129,.F.);
#12131=ADVANCED_FACE('',(#12130),#12123,.F.);
#12132=CARTESIAN_POINT('',(-2.775E1,5.254000244E1,-9.41148E0));
#12133=DIRECTION('',(0.E0,-1.E0,0.E0));
#12134=DIRECTION('',(-1.E0,0.E0,0.E0));
#12135=AXIS2_PLACEMENT_3D('',#12132,#12133,#12134);
#12136=PLANE('',#12135);
#12137=ORIENTED_EDGE('',*,*,#11631,.F.);
#12138=ORIENTED_EDGE('',*,*,#12101,.T.);
#12139=ORIENTED_EDGE('',*,*,#12087,.T.);
#12140=ORIENTED_EDGE('',*,*,#12125,.F.);
#12141=EDGE_LOOP('',(#12137,#12138,#12139,#12140));
#12142=FACE_OUTER_BOUND('',#12141,.F.);
#12143=ADVANCED_FACE('',(#12142),#12136,.F.);
#12144=CARTESIAN_POINT('',(-9.95E0,5.100000244E1,-9.41148E0));
#12145=DIRECTION('',(1.E0,0.E0,0.E0));
#12146=DIRECTION('',(0.E0,-1.E0,0.E0));
#12147=AXIS2_PLACEMENT_3D('',#12144,#12145,#12146);
#12148=PLANE('',#12147);
#12149=ORIENTED_EDGE('',*,*,#11423,.F.);
#12151=ORIENTED_EDGE('',*,*,#12150,.T.);
#12153=ORIENTED_EDGE('',*,*,#12152,.T.);
#12155=ORIENTED_EDGE('',*,*,#12154,.F.);
#12156=EDGE_LOOP('',(#12149,#12151,#12153,#12155));
#12157=FACE_OUTER_BOUND('',#12156,.F.);
#12158=ADVANCED_FACE('',(#12157),#12148,.F.);
#12159=CARTESIAN_POINT('',(-1.095E1,5.100000244E1,-9.41148E0));
#12160=DIRECTION('',(0.E0,1.E0,0.E0));
#12161=DIRECTION('',(1.E0,0.E0,0.E0));
#12162=AXIS2_PLACEMENT_3D('',#12159,#12160,#12161);
#12163=PLANE('',#12162);
#12164=ORIENTED_EDGE('',*,*,#11429,.F.);
#12166=ORIENTED_EDGE('',*,*,#12165,.T.);
#12168=ORIENTED_EDGE('',*,*,#12167,.T.);
#12169=ORIENTED_EDGE('',*,*,#12150,.F.);
#12170=EDGE_LOOP('',(#12164,#12166,#12168,#12169));
#12171=FACE_OUTER_BOUND('',#12170,.F.);
#12172=ADVANCED_FACE('',(#12171),#12163,.F.);
#12173=CARTESIAN_POINT('',(-1.095E1,5.000000244E1,-9.41148E0));
#12174=DIRECTION('',(-1.E0,0.E0,0.E0));
#12175=DIRECTION('',(0.E0,1.E0,0.E0));
#12176=AXIS2_PLACEMENT_3D('',#12173,#12174,#12175);
#12177=PLANE('',#12176);
#12178=ORIENTED_EDGE('',*,*,#11427,.F.);
#12180=ORIENTED_EDGE('',*,*,#12179,.T.);
#12182=ORIENTED_EDGE('',*,*,#12181,.T.);
#12183=ORIENTED_EDGE('',*,*,#12165,.F.);
#12184=EDGE_LOOP('',(#12178,#12180,#12182,#12183));
#12185=FACE_OUTER_BOUND('',#12184,.F.);
#12186=ADVANCED_FACE('',(#12185),#12177,.F.);
#12187=CARTESIAN_POINT('',(-9.95E0,5.000000244E1,-9.41148E0));
#12188=DIRECTION('',(0.E0,-1.E0,0.E0));
#12189=DIRECTION('',(-1.E0,0.E0,0.E0));
#12190=AXIS2_PLACEMENT_3D('',#12187,#12188,#12189);
#12191=PLANE('',#12190);
#12192=ORIENTED_EDGE('',*,*,#11425,.F.);
#12193=ORIENTED_EDGE('',*,*,#12154,.T.);
#12195=ORIENTED_EDGE('',*,*,#12194,.T.);
#12196=ORIENTED_EDGE('',*,*,#12179,.F.);
#12197=EDGE_LOOP('',(#12192,#12193,#12195,#12196));
#12198=FACE_OUTER_BOUND('',#12197,.F.);
#12199=ADVANCED_FACE('',(#12198),#12191,.F.);
#12200=CARTESIAN_POINT('',(0.E0,-5.08E0,-1.41148E0));
#12201=DIRECTION('',(0.E0,0.E0,-1.E0));
#12202=DIRECTION('',(-1.E0,0.E0,0.E0));
#12203=AXIS2_PLACEMENT_3D('',#12200,#12201,#12202);
#12204=PLANE('',#12203);
#12205=ORIENTED_EDGE('',*,*,#12152,.F.);
#12206=ORIENTED_EDGE('',*,*,#12167,.F.);
#12207=ORIENTED_EDGE('',*,*,#12181,.F.);
#12208=ORIENTED_EDGE('',*,*,#12194,.F.);
#12209=EDGE_LOOP('',(#12205,#12206,#12207,#12208));
#12210=FACE_OUTER_BOUND('',#12209,.F.);
#12211=ADVANCED_FACE('',(#12210),#12204,.T.);
#12212=CARTESIAN_POINT('',(0.E0,-5.08E0,-1.41148E0));
#12213=DIRECTION('',(0.E0,0.E0,-1.E0));
#12214=DIRECTION('',(-1.E0,0.E0,0.E0));
#12215=AXIS2_PLACEMENT_3D('',#12212,#12213,#12214);
#12216=PLANE('',#12215);
#12218=ORIENTED_EDGE('',*,*,#12217,.F.);
#12220=ORIENTED_EDGE('',*,*,#12219,.F.);
#12222=ORIENTED_EDGE('',*,*,#12221,.F.);
#12224=ORIENTED_EDGE('',*,*,#12223,.F.);
#12225=EDGE_LOOP('',(#12218,#12220,#12222,#12224));
#12226=FACE_OUTER_BOUND('',#12225,.F.);
#12227=ADVANCED_FACE('',(#12226),#12216,.T.);
#12228=CARTESIAN_POINT('',(-2.775E1,5.100000244E1,-9.41148E0));
#12229=DIRECTION('',(1.E0,0.E0,0.E0));
#12230=DIRECTION('',(0.E0,-1.E0,0.E0));
#12231=AXIS2_PLACEMENT_3D('',#12228,#12229,#12230);
#12232=PLANE('',#12231);
#12233=ORIENTED_EDGE('',*,*,#11639,.F.);
#12235=ORIENTED_EDGE('',*,*,#12234,.T.);
#12236=ORIENTED_EDGE('',*,*,#12217,.T.);
#12238=ORIENTED_EDGE('',*,*,#12237,.F.);
#12239=EDGE_LOOP('',(#12233,#12235,#12236,#12238));
#12240=FACE_OUTER_BOUND('',#12239,.F.);
#12241=ADVANCED_FACE('',(#12240),#12232,.F.);
#12242=CARTESIAN_POINT('',(-2.875E1,5.100000244E1,-9.41148E0));
#12243=DIRECTION('',(0.E0,1.E0,0.E0));
#12244=DIRECTION('',(1.E0,0.E0,0.E0));
#12245=AXIS2_PLACEMENT_3D('',#12242,#12243,#12244);
#12246=PLANE('',#12245);
#12247=ORIENTED_EDGE('',*,*,#11645,.F.);
#12249=ORIENTED_EDGE('',*,*,#12248,.T.);
#12250=ORIENTED_EDGE('',*,*,#12219,.T.);
#12251=ORIENTED_EDGE('',*,*,#12234,.F.);
#12252=EDGE_LOOP('',(#12247,#12249,#12250,#12251));
#12253=FACE_OUTER_BOUND('',#12252,.F.);
#12254=ADVANCED_FACE('',(#12253),#12246,.F.);
#12255=CARTESIAN_POINT('',(-2.875E1,5.000000244E1,-9.41148E0));
#12256=DIRECTION('',(-1.E0,0.E0,0.E0));
#12257=DIRECTION('',(0.E0,1.E0,0.E0));
#12258=AXIS2_PLACEMENT_3D('',#12255,#12256,#12257);
#12259=PLANE('',#12258);
#12260=ORIENTED_EDGE('',*,*,#11643,.F.);
#12262=ORIENTED_EDGE('',*,*,#12261,.T.);
#12263=ORIENTED_EDGE('',*,*,#12221,.T.);
#12264=ORIENTED_EDGE('',*,*,#12248,.F.);
#12265=EDGE_LOOP('',(#12260,#12262,#12263,#12264));
#12266=FACE_OUTER_BOUND('',#12265,.F.);
#12267=ADVANCED_FACE('',(#12266),#12259,.F.);
#12268=CARTESIAN_POINT('',(-2.775E1,5.000000244E1,-9.41148E0));
#12269=DIRECTION('',(0.E0,-1.E0,0.E0));
#12270=DIRECTION('',(-1.E0,0.E0,0.E0));
#12271=AXIS2_PLACEMENT_3D('',#12268,#12269,#12270);
#12272=PLANE('',#12271);
#12273=ORIENTED_EDGE('',*,*,#11641,.F.);
#12274=ORIENTED_EDGE('',*,*,#12237,.T.);
#12275=ORIENTED_EDGE('',*,*,#12223,.T.);
#12276=ORIENTED_EDGE('',*,*,#12261,.F.);
#12277=EDGE_LOOP('',(#12273,#12274,#12275,#12276));
#12278=FACE_OUTER_BOUND('',#12277,.F.);
#12279=ADVANCED_FACE('',(#12278),#12272,.F.);
#12280=CARTESIAN_POINT('',(-9.95E0,4.846000244E1,-9.41148E0));
#12281=DIRECTION('',(1.E0,0.E0,0.E0));
#12282=DIRECTION('',(0.E0,-1.E0,0.E0));
#12283=AXIS2_PLACEMENT_3D('',#12280,#12281,#12282);
#12284=PLANE('',#12283);
#12285=ORIENTED_EDGE('',*,*,#11433,.F.);
#12287=ORIENTED_EDGE('',*,*,#12286,.T.);
#12289=ORIENTED_EDGE('',*,*,#12288,.T.);
#12291=ORIENTED_EDGE('',*,*,#12290,.F.);
#12292=EDGE_LOOP('',(#12285,#12287,#12289,#12291));
#12293=FACE_OUTER_BOUND('',#12292,.F.);
#12294=ADVANCED_FACE('',(#12293),#12284,.F.);
#12295=CARTESIAN_POINT('',(-1.095E1,4.846000244E1,-9.41148E0));
#12296=DIRECTION('',(0.E0,1.E0,0.E0));
#12297=DIRECTION('',(1.E0,0.E0,0.E0));
#12298=AXIS2_PLACEMENT_3D('',#12295,#12296,#12297);
#12299=PLANE('',#12298);
#12300=ORIENTED_EDGE('',*,*,#11439,.F.);
#12302=ORIENTED_EDGE('',*,*,#12301,.T.);
#12304=ORIENTED_EDGE('',*,*,#12303,.T.);
#12305=ORIENTED_EDGE('',*,*,#12286,.F.);
#12306=EDGE_LOOP('',(#12300,#12302,#12304,#12305));
#12307=FACE_OUTER_BOUND('',#12306,.F.);
#12308=ADVANCED_FACE('',(#12307),#12299,.F.);
#12309=CARTESIAN_POINT('',(-1.095E1,4.746000244E1,-9.41148E0));
#12310=DIRECTION('',(-1.E0,0.E0,0.E0));
#12311=DIRECTION('',(0.E0,1.E0,0.E0));
#12312=AXIS2_PLACEMENT_3D('',#12309,#12310,#12311);
#12313=PLANE('',#12312);
#12314=ORIENTED_EDGE('',*,*,#11437,.F.);
#12316=ORIENTED_EDGE('',*,*,#12315,.T.);
#12318=ORIENTED_EDGE('',*,*,#12317,.T.);
#12319=ORIENTED_EDGE('',*,*,#12301,.F.);
#12320=EDGE_LOOP('',(#12314,#12316,#12318,#12319));
#12321=FACE_OUTER_BOUND('',#12320,.F.);
#12322=ADVANCED_FACE('',(#12321),#12313,.F.);
#12323=CARTESIAN_POINT('',(-9.95E0,4.746000244E1,-9.41148E0));
#12324=DIRECTION('',(0.E0,-1.E0,0.E0));
#12325=DIRECTION('',(-1.E0,0.E0,0.E0));
#12326=AXIS2_PLACEMENT_3D('',#12323,#12324,#12325);
#12327=PLANE('',#12326);
#12328=ORIENTED_EDGE('',*,*,#11435,.F.);
#12329=ORIENTED_EDGE('',*,*,#12290,.T.);
#12331=ORIENTED_EDGE('',*,*,#12330,.T.);
#12332=ORIENTED_EDGE('',*,*,#12315,.F.);
#12333=EDGE_LOOP('',(#12328,#12329,#12331,#12332));
#12334=FACE_OUTER_BOUND('',#12333,.F.);
#12335=ADVANCED_FACE('',(#12334),#12327,.F.);
#12336=CARTESIAN_POINT('',(0.E0,-7.62E0,-1.41148E0));
#12337=DIRECTION('',(0.E0,0.E0,-1.E0));
#12338=DIRECTION('',(-1.E0,0.E0,0.E0));
#12339=AXIS2_PLACEMENT_3D('',#12336,#12337,#12338);
#12340=PLANE('',#12339);
#12341=ORIENTED_EDGE('',*,*,#12288,.F.);
#12342=ORIENTED_EDGE('',*,*,#12303,.F.);
#12343=ORIENTED_EDGE('',*,*,#12317,.F.);
#12344=ORIENTED_EDGE('',*,*,#12330,.F.);
#12345=EDGE_LOOP('',(#12341,#12342,#12343,#12344));
#12346=FACE_OUTER_BOUND('',#12345,.F.);
#12347=ADVANCED_FACE('',(#12346),#12340,.T.);
#12348=CARTESIAN_POINT('',(0.E0,-7.62E0,-1.41148E0));
#12349=DIRECTION('',(0.E0,0.E0,-1.E0));
#12350=DIRECTION('',(-1.E0,0.E0,0.E0));
#12351=AXIS2_PLACEMENT_3D('',#12348,#12349,#12350);
#12352=PLANE('',#12351);
#12354=ORIENTED_EDGE('',*,*,#12353,.F.);
#12356=ORIENTED_EDGE('',*,*,#12355,.F.);
#12358=ORIENTED_EDGE('',*,*,#12357,.F.);
#12360=ORIENTED_EDGE('',*,*,#12359,.F.);
#12361=EDGE_LOOP('',(#12354,#12356,#12358,#12360));
#12362=FACE_OUTER_BOUND('',#12361,.F.);
#12363=ADVANCED_FACE('',(#12362),#12352,.T.);
#12364=CARTESIAN_POINT('',(-2.775E1,4.846000244E1,-9.41148E0));
#12365=DIRECTION('',(1.E0,0.E0,0.E0));
#12366=DIRECTION('',(0.E0,-1.E0,0.E0));
#12367=AXIS2_PLACEMENT_3D('',#12364,#12365,#12366);
#12368=PLANE('',#12367);
#12369=ORIENTED_EDGE('',*,*,#11649,.F.);
#12371=ORIENTED_EDGE('',*,*,#12370,.T.);
#12372=ORIENTED_EDGE('',*,*,#12353,.T.);
#12374=ORIENTED_EDGE('',*,*,#12373,.F.);
#12375=EDGE_LOOP('',(#12369,#12371,#12372,#12374));
#12376=FACE_OUTER_BOUND('',#12375,.F.);
#12377=ADVANCED_FACE('',(#12376),#12368,.F.);
#12378=CARTESIAN_POINT('',(-2.875E1,4.846000244E1,-9.41148E0));
#12379=DIRECTION('',(0.E0,1.E0,0.E0));
#12380=DIRECTION('',(1.E0,0.E0,0.E0));
#12381=AXIS2_PLACEMENT_3D('',#12378,#12379,#12380);
#12382=PLANE('',#12381);
#12383=ORIENTED_EDGE('',*,*,#11655,.F.);
#12385=ORIENTED_EDGE('',*,*,#12384,.T.);
#12386=ORIENTED_EDGE('',*,*,#12355,.T.);
#12387=ORIENTED_EDGE('',*,*,#12370,.F.);
#12388=EDGE_LOOP('',(#12383,#12385,#12386,#12387));
#12389=FACE_OUTER_BOUND('',#12388,.F.);
#12390=ADVANCED_FACE('',(#12389),#12382,.F.);
#12391=CARTESIAN_POINT('',(-2.875E1,4.746000244E1,-9.41148E0));
#12392=DIRECTION('',(-1.E0,0.E0,0.E0));
#12393=DIRECTION('',(0.E0,1.E0,0.E0));
#12394=AXIS2_PLACEMENT_3D('',#12391,#12392,#12393);
#12395=PLANE('',#12394);
#12396=ORIENTED_EDGE('',*,*,#11653,.F.);
#12398=ORIENTED_EDGE('',*,*,#12397,.T.);
#12399=ORIENTED_EDGE('',*,*,#12357,.T.);
#12400=ORIENTED_EDGE('',*,*,#12384,.F.);
#12401=EDGE_LOOP('',(#12396,#12398,#12399,#12400));
#12402=FACE_OUTER_BOUND('',#12401,.F.);
#12403=ADVANCED_FACE('',(#12402),#12395,.F.);
#12404=CARTESIAN_POINT('',(-2.775E1,4.746000244E1,-9.41148E0));
#12405=DIRECTION('',(0.E0,-1.E0,0.E0));
#12406=DIRECTION('',(-1.E0,0.E0,0.E0));
#12407=AXIS2_PLACEMENT_3D('',#12404,#12405,#12406);
#12408=PLANE('',#12407);
#12409=ORIENTED_EDGE('',*,*,#11651,.F.);
#12410=ORIENTED_EDGE('',*,*,#12373,.T.);
#12411=ORIENTED_EDGE('',*,*,#12359,.T.);
#12412=ORIENTED_EDGE('',*,*,#12397,.F.);
#12413=EDGE_LOOP('',(#12409,#12410,#12411,#12412));
#12414=FACE_OUTER_BOUND('',#12413,.F.);
#12415=ADVANCED_FACE('',(#12414),#12408,.F.);
#12416=CARTESIAN_POINT('',(-9.95E0,4.592000244E1,-9.41148E0));
#12417=DIRECTION('',(1.E0,0.E0,0.E0));
#12418=DIRECTION('',(0.E0,-1.E0,0.E0));
#12419=AXIS2_PLACEMENT_3D('',#12416,#12417,#12418);
#12420=PLANE('',#12419);
#12421=ORIENTED_EDGE('',*,*,#11443,.F.);
#12423=ORIENTED_EDGE('',*,*,#12422,.T.);
#12425=ORIENTED_EDGE('',*,*,#12424,.T.);
#12427=ORIENTED_EDGE('',*,*,#12426,.F.);
#12428=EDGE_LOOP('',(#12421,#12423,#12425,#12427));
#12429=FACE_OUTER_BOUND('',#12428,.F.);
#12430=ADVANCED_FACE('',(#12429),#12420,.F.);
#12431=CARTESIAN_POINT('',(-1.095E1,4.592000244E1,-9.41148E0));
#12432=DIRECTION('',(0.E0,1.E0,0.E0));
#12433=DIRECTION('',(1.E0,0.E0,0.E0));
#12434=AXIS2_PLACEMENT_3D('',#12431,#12432,#12433);
#12435=PLANE('',#12434);
#12436=ORIENTED_EDGE('',*,*,#11449,.F.);
#12438=ORIENTED_EDGE('',*,*,#12437,.T.);
#12440=ORIENTED_EDGE('',*,*,#12439,.T.);
#12441=ORIENTED_EDGE('',*,*,#12422,.F.);
#12442=EDGE_LOOP('',(#12436,#12438,#12440,#12441));
#12443=FACE_OUTER_BOUND('',#12442,.F.);
#12444=ADVANCED_FACE('',(#12443),#12435,.F.);
#12445=CARTESIAN_POINT('',(-1.095E1,4.492000244E1,-9.41148E0));
#12446=DIRECTION('',(-1.E0,0.E0,0.E0));
#12447=DIRECTION('',(0.E0,1.E0,0.E0));
#12448=AXIS2_PLACEMENT_3D('',#12445,#12446,#12447);
#12449=PLANE('',#12448);
#12450=ORIENTED_EDGE('',*,*,#11447,.F.);
#12452=ORIENTED_EDGE('',*,*,#12451,.T.);
#12454=ORIENTED_EDGE('',*,*,#12453,.T.);
#12455=ORIENTED_EDGE('',*,*,#12437,.F.);
#12456=EDGE_LOOP('',(#12450,#12452,#12454,#12455));
#12457=FACE_OUTER_BOUND('',#12456,.F.);
#12458=ADVANCED_FACE('',(#12457),#12449,.F.);
#12459=CARTESIAN_POINT('',(-9.95E0,4.492000244E1,-9.41148E0));
#12460=DIRECTION('',(0.E0,-1.E0,0.E0));
#12461=DIRECTION('',(-1.E0,0.E0,0.E0));
#12462=AXIS2_PLACEMENT_3D('',#12459,#12460,#12461);
#12463=PLANE('',#12462);
#12464=ORIENTED_EDGE('',*,*,#11445,.F.);
#12465=ORIENTED_EDGE('',*,*,#12426,.T.);
#12467=ORIENTED_EDGE('',*,*,#12466,.T.);
#12468=ORIENTED_EDGE('',*,*,#12451,.F.);
#12469=EDGE_LOOP('',(#12464,#12465,#12467,#12468));
#12470=FACE_OUTER_BOUND('',#12469,.F.);
#12471=ADVANCED_FACE('',(#12470),#12463,.F.);
#12472=CARTESIAN_POINT('',(0.E0,-1.016E1,-1.41148E0));
#12473=DIRECTION('',(0.E0,0.E0,-1.E0));
#12474=DIRECTION('',(-1.E0,0.E0,0.E0));
#12475=AXIS2_PLACEMENT_3D('',#12472,#12473,#12474);
#12476=PLANE('',#12475);
#12477=ORIENTED_EDGE('',*,*,#12424,.F.);
#12478=ORIENTED_EDGE('',*,*,#12439,.F.);
#12479=ORIENTED_EDGE('',*,*,#12453,.F.);
#12480=ORIENTED_EDGE('',*,*,#12466,.F.);
#12481=EDGE_LOOP('',(#12477,#12478,#12479,#12480));
#12482=FACE_OUTER_BOUND('',#12481,.F.);
#12483=ADVANCED_FACE('',(#12482),#12476,.T.);
#12484=CARTESIAN_POINT('',(0.E0,-1.016E1,-1.41148E0));
#12485=DIRECTION('',(0.E0,0.E0,-1.E0));
#12486=DIRECTION('',(-1.E0,0.E0,0.E0));
#12487=AXIS2_PLACEMENT_3D('',#12484,#12485,#12486);
#12488=PLANE('',#12487);
#12490=ORIENTED_EDGE('',*,*,#12489,.F.);
#12492=ORIENTED_EDGE('',*,*,#12491,.F.);
#12494=ORIENTED_EDGE('',*,*,#12493,.F.);
#12496=ORIENTED_EDGE('',*,*,#12495,.F.);
#12497=EDGE_LOOP('',(#12490,#12492,#12494,#12496));
#12498=FACE_OUTER_BOUND('',#12497,.F.);
#12499=ADVANCED_FACE('',(#12498),#12488,.T.);
#12500=CARTESIAN_POINT('',(-2.775E1,4.592000244E1,-9.41148E0));
#12501=DIRECTION('',(1.E0,0.E0,0.E0));
#12502=DIRECTION('',(0.E0,-1.E0,0.E0));
#12503=AXIS2_PLACEMENT_3D('',#12500,#12501,#12502);
#12504=PLANE('',#12503);
#12505=ORIENTED_EDGE('',*,*,#11659,.F.);
#12507=ORIENTED_EDGE('',*,*,#12506,.T.);
#12508=ORIENTED_EDGE('',*,*,#12489,.T.);
#12510=ORIENTED_EDGE('',*,*,#12509,.F.);
#12511=EDGE_LOOP('',(#12505,#12507,#12508,#12510));
#12512=FACE_OUTER_BOUND('',#12511,.F.);
#12513=ADVANCED_FACE('',(#12512),#12504,.F.);
#12514=CARTESIAN_POINT('',(-2.875E1,4.592000244E1,-9.41148E0));
#12515=DIRECTION('',(0.E0,1.E0,0.E0));
#12516=DIRECTION('',(1.E0,0.E0,0.E0));
#12517=AXIS2_PLACEMENT_3D('',#12514,#12515,#12516);
#12518=PLANE('',#12517);
#12519=ORIENTED_EDGE('',*,*,#11665,.F.);
#12521=ORIENTED_EDGE('',*,*,#12520,.T.);
#12522=ORIENTED_EDGE('',*,*,#12491,.T.);
#12523=ORIENTED_EDGE('',*,*,#12506,.F.);
#12524=EDGE_LOOP('',(#12519,#12521,#12522,#12523));
#12525=FACE_OUTER_BOUND('',#12524,.F.);
#12526=ADVANCED_FACE('',(#12525),#12518,.F.);
#12527=CARTESIAN_POINT('',(-2.875E1,4.492000244E1,-9.41148E0));
#12528=DIRECTION('',(-1.E0,0.E0,0.E0));
#12529=DIRECTION('',(0.E0,1.E0,0.E0));
#12530=AXIS2_PLACEMENT_3D('',#12527,#12528,#12529);
#12531=PLANE('',#12530);
#12532=ORIENTED_EDGE('',*,*,#11663,.F.);
#12534=ORIENTED_EDGE('',*,*,#12533,.T.);
#12535=ORIENTED_EDGE('',*,*,#12493,.T.);
#12536=ORIENTED_EDGE('',*,*,#12520,.F.);
#12537=EDGE_LOOP('',(#12532,#12534,#12535,#12536));
#12538=FACE_OUTER_BOUND('',#12537,.F.);
#12539=ADVANCED_FACE('',(#12538),#12531,.F.);
#12540=CARTESIAN_POINT('',(-2.775E1,4.492000244E1,-9.41148E0));
#12541=DIRECTION('',(0.E0,-1.E0,0.E0));
#12542=DIRECTION('',(-1.E0,0.E0,0.E0));
#12543=AXIS2_PLACEMENT_3D('',#12540,#12541,#12542);
#12544=PLANE('',#12543);
#12545=ORIENTED_EDGE('',*,*,#11661,.F.);
#12546=ORIENTED_EDGE('',*,*,#12509,.T.);
#12547=ORIENTED_EDGE('',*,*,#12495,.T.);
#12548=ORIENTED_EDGE('',*,*,#12533,.F.);
#12549=EDGE_LOOP('',(#12545,#12546,#12547,#12548));
#12550=FACE_OUTER_BOUND('',#12549,.F.);
#12551=ADVANCED_FACE('',(#12550),#12544,.F.);
#12552=CARTESIAN_POINT('',(-9.95E0,4.338000244E1,-9.41148E0));
#12553=DIRECTION('',(1.E0,0.E0,0.E0));
#12554=DIRECTION('',(0.E0,-1.E0,0.E0));
#12555=AXIS2_PLACEMENT_3D('',#12552,#12553,#12554);
#12556=PLANE('',#12555);
#12557=ORIENTED_EDGE('',*,*,#11453,.F.);
#12559=ORIENTED_EDGE('',*,*,#12558,.T.);
#12561=ORIENTED_EDGE('',*,*,#12560,.T.);
#12563=ORIENTED_EDGE('',*,*,#12562,.F.);
#12564=EDGE_LOOP('',(#12557,#12559,#12561,#12563));
#12565=FACE_OUTER_BOUND('',#12564,.F.);
#12566=ADVANCED_FACE('',(#12565),#12556,.F.);
#12567=CARTESIAN_POINT('',(-1.095E1,4.338000244E1,-9.41148E0));
#12568=DIRECTION('',(0.E0,1.E0,0.E0));
#12569=DIRECTION('',(1.E0,0.E0,0.E0));
#12570=AXIS2_PLACEMENT_3D('',#12567,#12568,#12569);
#12571=PLANE('',#12570);
#12572=ORIENTED_EDGE('',*,*,#11459,.F.);
#12574=ORIENTED_EDGE('',*,*,#12573,.T.);
#12576=ORIENTED_EDGE('',*,*,#12575,.T.);
#12577=ORIENTED_EDGE('',*,*,#12558,.F.);
#12578=EDGE_LOOP('',(#12572,#12574,#12576,#12577));
#12579=FACE_OUTER_BOUND('',#12578,.F.);
#12580=ADVANCED_FACE('',(#12579),#12571,.F.);
#12581=CARTESIAN_POINT('',(-1.095E1,4.238000244E1,-9.41148E0));
#12582=DIRECTION('',(-1.E0,0.E0,0.E0));
#12583=DIRECTION('',(0.E0,1.E0,0.E0));
#12584=AXIS2_PLACEMENT_3D('',#12581,#12582,#12583);
#12585=PLANE('',#12584);
#12586=ORIENTED_EDGE('',*,*,#11457,.F.);
#12588=ORIENTED_EDGE('',*,*,#12587,.T.);
#12590=ORIENTED_EDGE('',*,*,#12589,.T.);
#12591=ORIENTED_EDGE('',*,*,#12573,.F.);
#12592=EDGE_LOOP('',(#12586,#12588,#12590,#12591));
#12593=FACE_OUTER_BOUND('',#12592,.F.);
#12594=ADVANCED_FACE('',(#12593),#12585,.F.);
#12595=CARTESIAN_POINT('',(-9.95E0,4.238000244E1,-9.41148E0));
#12596=DIRECTION('',(0.E0,-1.E0,0.E0));
#12597=DIRECTION('',(-1.E0,0.E0,0.E0));
#12598=AXIS2_PLACEMENT_3D('',#12595,#12596,#12597);
#12599=PLANE('',#12598);
#12600=ORIENTED_EDGE('',*,*,#11455,.F.);
#12601=ORIENTED_EDGE('',*,*,#12562,.T.);
#12603=ORIENTED_EDGE('',*,*,#12602,.T.);
#12604=ORIENTED_EDGE('',*,*,#12587,.F.);
#12605=EDGE_LOOP('',(#12600,#12601,#12603,#12604));
#12606=FACE_OUTER_BOUND('',#12605,.F.);
#12607=ADVANCED_FACE('',(#12606),#12599,.F.);
#12608=CARTESIAN_POINT('',(0.E0,-1.27E1,-1.41148E0));
#12609=DIRECTION('',(0.E0,0.E0,-1.E0));
#12610=DIRECTION('',(-1.E0,0.E0,0.E0));
#12611=AXIS2_PLACEMENT_3D('',#12608,#12609,#12610);
#12612=PLANE('',#12611);
#12613=ORIENTED_EDGE('',*,*,#12560,.F.);
#12614=ORIENTED_EDGE('',*,*,#12575,.F.);
#12615=ORIENTED_EDGE('',*,*,#12589,.F.);
#12616=ORIENTED_EDGE('',*,*,#12602,.F.);
#12617=EDGE_LOOP('',(#12613,#12614,#12615,#12616));
#12618=FACE_OUTER_BOUND('',#12617,.F.);
#12619=ADVANCED_FACE('',(#12618),#12612,.T.);
#12620=CARTESIAN_POINT('',(0.E0,-1.27E1,-1.41148E0));
#12621=DIRECTION('',(0.E0,0.E0,-1.E0));
#12622=DIRECTION('',(-1.E0,0.E0,0.E0));
#12623=AXIS2_PLACEMENT_3D('',#12620,#12621,#12622);
#12624=PLANE('',#12623);
#12626=ORIENTED_EDGE('',*,*,#12625,.F.);
#12628=ORIENTED_EDGE('',*,*,#12627,.F.);
#12630=ORIENTED_EDGE('',*,*,#12629,.F.);
#12632=ORIENTED_EDGE('',*,*,#12631,.F.);
#12633=EDGE_LOOP('',(#12626,#12628,#12630,#12632));
#12634=FACE_OUTER_BOUND('',#12633,.F.);
#12635=ADVANCED_FACE('',(#12634),#12624,.T.);
#12636=CARTESIAN_POINT('',(-2.775E1,4.338000244E1,-9.41148E0));
#12637=DIRECTION('',(1.E0,0.E0,0.E0));
#12638=DIRECTION('',(0.E0,-1.E0,0.E0));
#12639=AXIS2_PLACEMENT_3D('',#12636,#12637,#12638);
#12640=PLANE('',#12639);
#12641=ORIENTED_EDGE('',*,*,#11669,.F.);
#12643=ORIENTED_EDGE('',*,*,#12642,.T.);
#12644=ORIENTED_EDGE('',*,*,#12625,.T.);
#12646=ORIENTED_EDGE('',*,*,#12645,.F.);
#12647=EDGE_LOOP('',(#12641,#12643,#12644,#12646));
#12648=FACE_OUTER_BOUND('',#12647,.F.);
#12649=ADVANCED_FACE('',(#12648),#12640,.F.);
#12650=CARTESIAN_POINT('',(-2.875E1,4.338000244E1,-9.41148E0));
#12651=DIRECTION('',(0.E0,1.E0,0.E0));
#12652=DIRECTION('',(1.E0,0.E0,0.E0));
#12653=AXIS2_PLACEMENT_3D('',#12650,#12651,#12652);
#12654=PLANE('',#12653);
#12655=ORIENTED_EDGE('',*,*,#11675,.F.);
#12657=ORIENTED_EDGE('',*,*,#12656,.T.);
#12658=ORIENTED_EDGE('',*,*,#12627,.T.);
#12659=ORIENTED_EDGE('',*,*,#12642,.F.);
#12660=EDGE_LOOP('',(#12655,#12657,#12658,#12659));
#12661=FACE_OUTER_BOUND('',#12660,.F.);
#12662=ADVANCED_FACE('',(#12661),#12654,.F.);
#12663=CARTESIAN_POINT('',(-2.875E1,4.238000244E1,-9.41148E0));
#12664=DIRECTION('',(-1.E0,0.E0,0.E0));
#12665=DIRECTION('',(0.E0,1.E0,0.E0));
#12666=AXIS2_PLACEMENT_3D('',#12663,#12664,#12665);
#12667=PLANE('',#12666);
#12668=ORIENTED_EDGE('',*,*,#11673,.F.);
#12670=ORIENTED_EDGE('',*,*,#12669,.T.);
#12671=ORIENTED_EDGE('',*,*,#12629,.T.);
#12672=ORIENTED_EDGE('',*,*,#12656,.F.);
#12673=EDGE_LOOP('',(#12668,#12670,#12671,#12672));
#12674=FACE_OUTER_BOUND('',#12673,.F.);
#12675=ADVANCED_FACE('',(#12674),#12667,.F.);
#12676=CARTESIAN_POINT('',(-2.775E1,4.238000244E1,-9.41148E0));
#12677=DIRECTION('',(0.E0,-1.E0,0.E0));
#12678=DIRECTION('',(-1.E0,0.E0,0.E0));
#12679=AXIS2_PLACEMENT_3D('',#12676,#12677,#12678);
#12680=PLANE('',#12679);
#12681=ORIENTED_EDGE('',*,*,#11671,.F.);
#12682=ORIENTED_EDGE('',*,*,#12645,.T.);
#12683=ORIENTED_EDGE('',*,*,#12631,.T.);
#12684=ORIENTED_EDGE('',*,*,#12669,.F.);
#12685=EDGE_LOOP('',(#12681,#12682,#12683,#12684));
#12686=FACE_OUTER_BOUND('',#12685,.F.);
#12687=ADVANCED_FACE('',(#12686),#12680,.F.);
#12688=CARTESIAN_POINT('',(-9.95E0,4.084000244E1,-9.41148E0));
#12689=DIRECTION('',(1.E0,0.E0,0.E0));
#12690=DIRECTION('',(0.E0,-1.E0,0.E0));
#12691=AXIS2_PLACEMENT_3D('',#12688,#12689,#12690);
#12692=PLANE('',#12691);
#12693=ORIENTED_EDGE('',*,*,#11463,.F.);
#12695=ORIENTED_EDGE('',*,*,#12694,.T.);
#12697=ORIENTED_EDGE('',*,*,#12696,.T.);
#12699=ORIENTED_EDGE('',*,*,#12698,.F.);
#12700=EDGE_LOOP('',(#12693,#12695,#12697,#12699));
#12701=FACE_OUTER_BOUND('',#12700,.F.);
#12702=ADVANCED_FACE('',(#12701),#12692,.F.);
#12703=CARTESIAN_POINT('',(-1.095E1,4.084000244E1,-9.41148E0));
#12704=DIRECTION('',(0.E0,1.E0,0.E0));
#12705=DIRECTION('',(1.E0,0.E0,0.E0));
#12706=AXIS2_PLACEMENT_3D('',#12703,#12704,#12705);
#12707=PLANE('',#12706);
#12708=ORIENTED_EDGE('',*,*,#11469,.F.);
#12710=ORIENTED_EDGE('',*,*,#12709,.T.);
#12712=ORIENTED_EDGE('',*,*,#12711,.T.);
#12713=ORIENTED_EDGE('',*,*,#12694,.F.);
#12714=EDGE_LOOP('',(#12708,#12710,#12712,#12713));
#12715=FACE_OUTER_BOUND('',#12714,.F.);
#12716=ADVANCED_FACE('',(#12715),#12707,.F.);
#12717=CARTESIAN_POINT('',(-1.095E1,3.984000244E1,-9.41148E0));
#12718=DIRECTION('',(-1.E0,0.E0,0.E0));
#12719=DIRECTION('',(0.E0,1.E0,0.E0));
#12720=AXIS2_PLACEMENT_3D('',#12717,#12718,#12719);
#12721=PLANE('',#12720);
#12722=ORIENTED_EDGE('',*,*,#11467,.F.);
#12724=ORIENTED_EDGE('',*,*,#12723,.T.);
#12726=ORIENTED_EDGE('',*,*,#12725,.T.);
#12727=ORIENTED_EDGE('',*,*,#12709,.F.);
#12728=EDGE_LOOP('',(#12722,#12724,#12726,#12727));
#12729=FACE_OUTER_BOUND('',#12728,.F.);
#12730=ADVANCED_FACE('',(#12729),#12721,.F.);
#12731=CARTESIAN_POINT('',(-9.95E0,3.984000244E1,-9.41148E0));
#12732=DIRECTION('',(0.E0,-1.E0,0.E0));
#12733=DIRECTION('',(-1.E0,0.E0,0.E0));
#12734=AXIS2_PLACEMENT_3D('',#12731,#12732,#12733);
#12735=PLANE('',#12734);
#12736=ORIENTED_EDGE('',*,*,#11465,.F.);
#12737=ORIENTED_EDGE('',*,*,#12698,.T.);
#12739=ORIENTED_EDGE('',*,*,#12738,.T.);
#12740=ORIENTED_EDGE('',*,*,#12723,.F.);
#12741=EDGE_LOOP('',(#12736,#12737,#12739,#12740));
#12742=FACE_OUTER_BOUND('',#12741,.F.);
#12743=ADVANCED_FACE('',(#12742),#12735,.F.);
#12744=CARTESIAN_POINT('',(0.E0,-1.524E1,-1.41148E0));
#12745=DIRECTION('',(0.E0,0.E0,-1.E0));
#12746=DIRECTION('',(-1.E0,0.E0,0.E0));
#12747=AXIS2_PLACEMENT_3D('',#12744,#12745,#12746);
#12748=PLANE('',#12747);
#12749=ORIENTED_EDGE('',*,*,#12696,.F.);
#12750=ORIENTED_EDGE('',*,*,#12711,.F.);
#12751=ORIENTED_EDGE('',*,*,#12725,.F.);
#12752=ORIENTED_EDGE('',*,*,#12738,.F.);
#12753=EDGE_LOOP('',(#12749,#12750,#12751,#12752));
#12754=FACE_OUTER_BOUND('',#12753,.F.);
#12755=ADVANCED_FACE('',(#12754),#12748,.T.);
#12756=CARTESIAN_POINT('',(0.E0,-1.524E1,-1.41148E0));
#12757=DIRECTION('',(0.E0,0.E0,-1.E0));
#12758=DIRECTION('',(-1.E0,0.E0,0.E0));
#12759=AXIS2_PLACEMENT_3D('',#12756,#12757,#12758);
#12760=PLANE('',#12759);
#12762=ORIENTED_EDGE('',*,*,#12761,.F.);
#12764=ORIENTED_EDGE('',*,*,#12763,.F.);
#12766=ORIENTED_EDGE('',*,*,#12765,.F.);
#12768=ORIENTED_EDGE('',*,*,#12767,.F.);
#12769=EDGE_LOOP('',(#12762,#12764,#12766,#12768));
#12770=FACE_OUTER_BOUND('',#12769,.F.);
#12771=ADVANCED_FACE('',(#12770),#12760,.T.);
#12772=CARTESIAN_POINT('',(-2.775E1,4.084000244E1,-9.41148E0));
#12773=DIRECTION('',(1.E0,0.E0,0.E0));
#12774=DIRECTION('',(0.E0,-1.E0,0.E0));
#12775=AXIS2_PLACEMENT_3D('',#12772,#12773,#12774);
#12776=PLANE('',#12775);
#12777=ORIENTED_EDGE('',*,*,#11679,.F.);
#12779=ORIENTED_EDGE('',*,*,#12778,.T.);
#12780=ORIENTED_EDGE('',*,*,#12761,.T.);
#12782=ORIENTED_EDGE('',*,*,#12781,.F.);
#12783=EDGE_LOOP('',(#12777,#12779,#12780,#12782));
#12784=FACE_OUTER_BOUND('',#12783,.F.);
#12785=ADVANCED_FACE('',(#12784),#12776,.F.);
#12786=CARTESIAN_POINT('',(-2.875E1,4.084000244E1,-9.41148E0));
#12787=DIRECTION('',(0.E0,1.E0,0.E0));
#12788=DIRECTION('',(1.E0,0.E0,0.E0));
#12789=AXIS2_PLACEMENT_3D('',#12786,#12787,#12788);
#12790=PLANE('',#12789);
#12791=ORIENTED_EDGE('',*,*,#11685,.F.);
#12793=ORIENTED_EDGE('',*,*,#12792,.T.);
#12794=ORIENTED_EDGE('',*,*,#12763,.T.);
#12795=ORIENTED_EDGE('',*,*,#12778,.F.);
#12796=EDGE_LOOP('',(#12791,#12793,#12794,#12795));
#12797=FACE_OUTER_BOUND('',#12796,.F.);
#12798=ADVANCED_FACE('',(#12797),#12790,.F.);
#12799=CARTESIAN_POINT('',(-2.875E1,3.984000244E1,-9.41148E0));
#12800=DIRECTION('',(-1.E0,0.E0,0.E0));
#12801=DIRECTION('',(0.E0,1.E0,0.E0));
#12802=AXIS2_PLACEMENT_3D('',#12799,#12800,#12801);
#12803=PLANE('',#12802);
#12804=ORIENTED_EDGE('',*,*,#11683,.F.);
#12806=ORIENTED_EDGE('',*,*,#12805,.T.);
#12807=ORIENTED_EDGE('',*,*,#12765,.T.);
#12808=ORIENTED_EDGE('',*,*,#12792,.F.);
#12809=EDGE_LOOP('',(#12804,#12806,#12807,#12808));
#12810=FACE_OUTER_BOUND('',#12809,.F.);
#12811=ADVANCED_FACE('',(#12810),#12803,.F.);
#12812=CARTESIAN_POINT('',(-2.775E1,3.984000244E1,-9.41148E0));
#12813=DIRECTION('',(0.E0,-1.E0,0.E0));
#12814=DIRECTION('',(-1.E0,0.E0,0.E0));
#12815=AXIS2_PLACEMENT_3D('',#12812,#12813,#12814);
#12816=PLANE('',#12815);
#12817=ORIENTED_EDGE('',*,*,#11681,.F.);
#12818=ORIENTED_EDGE('',*,*,#12781,.T.);
#12819=ORIENTED_EDGE('',*,*,#12767,.T.);
#12820=ORIENTED_EDGE('',*,*,#12805,.F.);
#12821=EDGE_LOOP('',(#12817,#12818,#12819,#12820));
#12822=FACE_OUTER_BOUND('',#12821,.F.);
#12823=ADVANCED_FACE('',(#12822),#12816,.F.);
#12824=CARTESIAN_POINT('',(-9.95E0,3.830000244E1,-9.41148E0));
#12825=DIRECTION('',(1.E0,0.E0,0.E0));
#12826=DIRECTION('',(0.E0,-1.E0,0.E0));
#12827=AXIS2_PLACEMENT_3D('',#12824,#12825,#12826);
#12828=PLANE('',#12827);
#12829=ORIENTED_EDGE('',*,*,#11473,.F.);
#12831=ORIENTED_EDGE('',*,*,#12830,.T.);
#12833=ORIENTED_EDGE('',*,*,#12832,.T.);
#12835=ORIENTED_EDGE('',*,*,#12834,.F.);
#12836=EDGE_LOOP('',(#12829,#12831,#12833,#12835));
#12837=FACE_OUTER_BOUND('',#12836,.F.);
#12838=ADVANCED_FACE('',(#12837),#12828,.F.);
#12839=CARTESIAN_POINT('',(-1.095E1,3.830000244E1,-9.41148E0));
#12840=DIRECTION('',(0.E0,1.E0,0.E0));
#12841=DIRECTION('',(1.E0,0.E0,0.E0));
#12842=AXIS2_PLACEMENT_3D('',#12839,#12840,#12841);
#12843=PLANE('',#12842);
#12844=ORIENTED_EDGE('',*,*,#11479,.F.);
#12846=ORIENTED_EDGE('',*,*,#12845,.T.);
#12848=ORIENTED_EDGE('',*,*,#12847,.T.);
#12849=ORIENTED_EDGE('',*,*,#12830,.F.);
#12850=EDGE_LOOP('',(#12844,#12846,#12848,#12849));
#12851=FACE_OUTER_BOUND('',#12850,.F.);
#12852=ADVANCED_FACE('',(#12851),#12843,.F.);
#12853=CARTESIAN_POINT('',(-1.095E1,3.730000244E1,-9.41148E0));
#12854=DIRECTION('',(-1.E0,0.E0,0.E0));
#12855=DIRECTION('',(0.E0,1.E0,0.E0));
#12856=AXIS2_PLACEMENT_3D('',#12853,#12854,#12855);
#12857=PLANE('',#12856);
#12858=ORIENTED_EDGE('',*,*,#11477,.F.);
#12860=ORIENTED_EDGE('',*,*,#12859,.T.);
#12862=ORIENTED_EDGE('',*,*,#12861,.T.);
#12863=ORIENTED_EDGE('',*,*,#12845,.F.);
#12864=EDGE_LOOP('',(#12858,#12860,#12862,#12863));
#12865=FACE_OUTER_BOUND('',#12864,.F.);
#12866=ADVANCED_FACE('',(#12865),#12857,.F.);
#12867=CARTESIAN_POINT('',(-9.95E0,3.730000244E1,-9.41148E0));
#12868=DIRECTION('',(0.E0,-1.E0,0.E0));
#12869=DIRECTION('',(-1.E0,0.E0,0.E0));
#12870=AXIS2_PLACEMENT_3D('',#12867,#12868,#12869);
#12871=PLANE('',#12870);
#12872=ORIENTED_EDGE('',*,*,#11475,.F.);
#12873=ORIENTED_EDGE('',*,*,#12834,.T.);
#12875=ORIENTED_EDGE('',*,*,#12874,.T.);
#12876=ORIENTED_EDGE('',*,*,#12859,.F.);
#12877=EDGE_LOOP('',(#12872,#12873,#12875,#12876));
#12878=FACE_OUTER_BOUND('',#12877,.F.);
#12879=ADVANCED_FACE('',(#12878),#12871,.F.);
#12880=CARTESIAN_POINT('',(0.E0,-1.778E1,-1.41148E0));
#12881=DIRECTION('',(0.E0,0.E0,-1.E0));
#12882=DIRECTION('',(-1.E0,0.E0,0.E0));
#12883=AXIS2_PLACEMENT_3D('',#12880,#12881,#12882);
#12884=PLANE('',#12883);
#12885=ORIENTED_EDGE('',*,*,#12832,.F.);
#12886=ORIENTED_EDGE('',*,*,#12847,.F.);
#12887=ORIENTED_EDGE('',*,*,#12861,.F.);
#12888=ORIENTED_EDGE('',*,*,#12874,.F.);
#12889=EDGE_LOOP('',(#12885,#12886,#12887,#12888));
#12890=FACE_OUTER_BOUND('',#12889,.F.);
#12891=ADVANCED_FACE('',(#12890),#12884,.T.);
#12892=CARTESIAN_POINT('',(0.E0,-1.778E1,-1.41148E0));
#12893=DIRECTION('',(0.E0,0.E0,-1.E0));
#12894=DIRECTION('',(-1.E0,0.E0,0.E0));
#12895=AXIS2_PLACEMENT_3D('',#12892,#12893,#12894);
#12896=PLANE('',#12895);
#12898=ORIENTED_EDGE('',*,*,#12897,.F.);
#12900=ORIENTED_EDGE('',*,*,#12899,.F.);
#12902=ORIENTED_EDGE('',*,*,#12901,.F.);
#12904=ORIENTED_EDGE('',*,*,#12903,.F.);
#12905=EDGE_LOOP('',(#12898,#12900,#12902,#12904));
#12906=FACE_OUTER_BOUND('',#12905,.F.);
#12907=ADVANCED_FACE('',(#12906),#12896,.T.);
#12908=CARTESIAN_POINT('',(-2.775E1,3.830000244E1,-9.41148E0));
#12909=DIRECTION('',(1.E0,0.E0,0.E0));
#12910=DIRECTION('',(0.E0,-1.E0,0.E0));
#12911=AXIS2_PLACEMENT_3D('',#12908,#12909,#12910);
#12912=PLANE('',#12911);
#12913=ORIENTED_EDGE('',*,*,#11689,.F.);
#12915=ORIENTED_EDGE('',*,*,#12914,.T.);
#12916=ORIENTED_EDGE('',*,*,#12897,.T.);
#12918=ORIENTED_EDGE('',*,*,#12917,.F.);
#12919=EDGE_LOOP('',(#12913,#12915,#12916,#12918));
#12920=FACE_OUTER_BOUND('',#12919,.F.);
#12921=ADVANCED_FACE('',(#12920),#12912,.F.);
#12922=CARTESIAN_POINT('',(-2.875E1,3.830000244E1,-9.41148E0));
#12923=DIRECTION('',(0.E0,1.E0,0.E0));
#12924=DIRECTION('',(1.E0,0.E0,0.E0));
#12925=AXIS2_PLACEMENT_3D('',#12922,#12923,#12924);
#12926=PLANE('',#12925);
#12927=ORIENTED_EDGE('',*,*,#11695,.F.);
#12929=ORIENTED_EDGE('',*,*,#12928,.T.);
#12930=ORIENTED_EDGE('',*,*,#12899,.T.);
#12931=ORIENTED_EDGE('',*,*,#12914,.F.);
#12932=EDGE_LOOP('',(#12927,#12929,#12930,#12931));
#12933=FACE_OUTER_BOUND('',#12932,.F.);
#12934=ADVANCED_FACE('',(#12933),#12926,.F.);
#12935=CARTESIAN_POINT('',(-2.875E1,3.730000244E1,-9.41148E0));
#12936=DIRECTION('',(-1.E0,0.E0,0.E0));
#12937=DIRECTION('',(0.E0,1.E0,0.E0));
#12938=AXIS2_PLACEMENT_3D('',#12935,#12936,#12937);
#12939=PLANE('',#12938);
#12940=ORIENTED_EDGE('',*,*,#11693,.F.);
#12942=ORIENTED_EDGE('',*,*,#12941,.T.);
#12943=ORIENTED_EDGE('',*,*,#12901,.T.);
#12944=ORIENTED_EDGE('',*,*,#12928,.F.);
#12945=EDGE_LOOP('',(#12940,#12942,#12943,#12944));
#12946=FACE_OUTER_BOUND('',#12945,.F.);
#12947=ADVANCED_FACE('',(#12946),#12939,.F.);
#12948=CARTESIAN_POINT('',(-2.775E1,3.730000244E1,-9.41148E0));
#12949=DIRECTION('',(0.E0,-1.E0,0.E0));
#12950=DIRECTION('',(-1.E0,0.E0,0.E0));
#12951=AXIS2_PLACEMENT_3D('',#12948,#12949,#12950);
#12952=PLANE('',#12951);
#12953=ORIENTED_EDGE('',*,*,#11691,.F.);
#12954=ORIENTED_EDGE('',*,*,#12917,.T.);
#12955=ORIENTED_EDGE('',*,*,#12903,.T.);
#12956=ORIENTED_EDGE('',*,*,#12941,.F.);
#12957=EDGE_LOOP('',(#12953,#12954,#12955,#12956));
#12958=FACE_OUTER_BOUND('',#12957,.F.);
#12959=ADVANCED_FACE('',(#12958),#12952,.F.);
#12960=CARTESIAN_POINT('',(-9.95E0,3.576000244E1,-9.41148E0));
#12961=DIRECTION('',(1.E0,0.E0,0.E0));
#12962=DIRECTION('',(0.E0,-1.E0,0.E0));
#12963=AXIS2_PLACEMENT_3D('',#12960,#12961,#12962);
#12964=PLANE('',#12963);
#12965=ORIENTED_EDGE('',*,*,#11483,.F.);
#12967=ORIENTED_EDGE('',*,*,#12966,.T.);
#12969=ORIENTED_EDGE('',*,*,#12968,.T.);
#12971=ORIENTED_EDGE('',*,*,#12970,.F.);
#12972=EDGE_LOOP('',(#12965,#12967,#12969,#12971));
#12973=FACE_OUTER_BOUND('',#12972,.F.);
#12974=ADVANCED_FACE('',(#12973),#12964,.F.);
#12975=CARTESIAN_POINT('',(-1.095E1,3.576000244E1,-9.41148E0));
#12976=DIRECTION('',(0.E0,1.E0,0.E0));
#12977=DIRECTION('',(1.E0,0.E0,0.E0));
#12978=AXIS2_PLACEMENT_3D('',#12975,#12976,#12977);
#12979=PLANE('',#12978);
#12980=ORIENTED_EDGE('',*,*,#11489,.F.);
#12982=ORIENTED_EDGE('',*,*,#12981,.T.);
#12984=ORIENTED_EDGE('',*,*,#12983,.T.);
#12985=ORIENTED_EDGE('',*,*,#12966,.F.);
#12986=EDGE_LOOP('',(#12980,#12982,#12984,#12985));
#12987=FACE_OUTER_BOUND('',#12986,.F.);
#12988=ADVANCED_FACE('',(#12987),#12979,.F.);
#12989=CARTESIAN_POINT('',(-1.095E1,3.476000244E1,-9.41148E0));
#12990=DIRECTION('',(-1.E0,0.E0,0.E0));
#12991=DIRECTION('',(0.E0,1.E0,0.E0));
#12992=AXIS2_PLACEMENT_3D('',#12989,#12990,#12991);
#12993=PLANE('',#12992);
#12994=ORIENTED_EDGE('',*,*,#11487,.F.);
#12996=ORIENTED_EDGE('',*,*,#12995,.T.);
#12998=ORIENTED_EDGE('',*,*,#12997,.T.);
#12999=ORIENTED_EDGE('',*,*,#12981,.F.);
#13000=EDGE_LOOP('',(#12994,#12996,#12998,#12999));
#13001=FACE_OUTER_BOUND('',#13000,.F.);
#13002=ADVANCED_FACE('',(#13001),#12993,.F.);
#13003=CARTESIAN_POINT('',(-9.95E0,3.476000244E1,-9.41148E0));
#13004=DIRECTION('',(0.E0,-1.E0,0.E0));
#13005=DIRECTION('',(-1.E0,0.E0,0.E0));
#13006=AXIS2_PLACEMENT_3D('',#13003,#13004,#13005);
#13007=PLANE('',#13006);
#13008=ORIENTED_EDGE('',*,*,#11485,.F.);
#13009=ORIENTED_EDGE('',*,*,#12970,.T.);
#13011=ORIENTED_EDGE('',*,*,#13010,.T.);
#13012=ORIENTED_EDGE('',*,*,#12995,.F.);
#13013=EDGE_LOOP('',(#13008,#13009,#13011,#13012));
#13014=FACE_OUTER_BOUND('',#13013,.F.);
#13015=ADVANCED_FACE('',(#13014),#13007,.F.);
#13016=CARTESIAN_POINT('',(0.E0,-2.032E1,-1.41148E0));
#13017=DIRECTION('',(0.E0,0.E0,-1.E0));
#13018=DIRECTION('',(-1.E0,0.E0,0.E0));
#13019=AXIS2_PLACEMENT_3D('',#13016,#13017,#13018);
#13020=PLANE('',#13019);
#13021=ORIENTED_EDGE('',*,*,#12968,.F.);
#13022=ORIENTED_EDGE('',*,*,#12983,.F.);
#13023=ORIENTED_EDGE('',*,*,#12997,.F.);
#13024=ORIENTED_EDGE('',*,*,#13010,.F.);
#13025=EDGE_LOOP('',(#13021,#13022,#13023,#13024));
#13026=FACE_OUTER_BOUND('',#13025,.F.);
#13027=ADVANCED_FACE('',(#13026),#13020,.T.);
#13028=CARTESIAN_POINT('',(0.E0,-2.032E1,-1.41148E0));
#13029=DIRECTION('',(0.E0,0.E0,-1.E0));
#13030=DIRECTION('',(-1.E0,0.E0,0.E0));
#13031=AXIS2_PLACEMENT_3D('',#13028,#13029,#13030);
#13032=PLANE('',#13031);
#13034=ORIENTED_EDGE('',*,*,#13033,.F.);
#13036=ORIENTED_EDGE('',*,*,#13035,.F.);
#13038=ORIENTED_EDGE('',*,*,#13037,.F.);
#13040=ORIENTED_EDGE('',*,*,#13039,.F.);
#13041=EDGE_LOOP('',(#13034,#13036,#13038,#13040));
#13042=FACE_OUTER_BOUND('',#13041,.F.);
#13043=ADVANCED_FACE('',(#13042),#13032,.T.);
#13044=CARTESIAN_POINT('',(-2.775E1,3.576000244E1,-9.41148E0));
#13045=DIRECTION('',(1.E0,0.E0,0.E0));
#13046=DIRECTION('',(0.E0,-1.E0,0.E0));
#13047=AXIS2_PLACEMENT_3D('',#13044,#13045,#13046);
#13048=PLANE('',#13047);
#13049=ORIENTED_EDGE('',*,*,#11699,.F.);
#13051=ORIENTED_EDGE('',*,*,#13050,.T.);
#13052=ORIENTED_EDGE('',*,*,#13033,.T.);
#13054=ORIENTED_EDGE('',*,*,#13053,.F.);
#13055=EDGE_LOOP('',(#13049,#13051,#13052,#13054));
#13056=FACE_OUTER_BOUND('',#13055,.F.);
#13057=ADVANCED_FACE('',(#13056),#13048,.F.);
#13058=CARTESIAN_POINT('',(-2.875E1,3.576000244E1,-9.41148E0));
#13059=DIRECTION('',(0.E0,1.E0,0.E0));
#13060=DIRECTION('',(1.E0,0.E0,0.E0));
#13061=AXIS2_PLACEMENT_3D('',#13058,#13059,#13060);
#13062=PLANE('',#13061);
#13063=ORIENTED_EDGE('',*,*,#11705,.F.);
#13065=ORIENTED_EDGE('',*,*,#13064,.T.);
#13066=ORIENTED_EDGE('',*,*,#13035,.T.);
#13067=ORIENTED_EDGE('',*,*,#13050,.F.);
#13068=EDGE_LOOP('',(#13063,#13065,#13066,#13067));
#13069=FACE_OUTER_BOUND('',#13068,.F.);
#13070=ADVANCED_FACE('',(#13069),#13062,.F.);
#13071=CARTESIAN_POINT('',(-2.875E1,3.476000244E1,-9.41148E0));
#13072=DIRECTION('',(-1.E0,0.E0,0.E0));
#13073=DIRECTION('',(0.E0,1.E0,0.E0));
#13074=AXIS2_PLACEMENT_3D('',#13071,#13072,#13073);
#13075=PLANE('',#13074);
#13076=ORIENTED_EDGE('',*,*,#11703,.F.);
#13078=ORIENTED_EDGE('',*,*,#13077,.T.);
#13079=ORIENTED_EDGE('',*,*,#13037,.T.);
#13080=ORIENTED_EDGE('',*,*,#13064,.F.);
#13081=EDGE_LOOP('',(#13076,#13078,#13079,#13080));
#13082=FACE_OUTER_BOUND('',#13081,.F.);
#13083=ADVANCED_FACE('',(#13082),#13075,.F.);
#13084=CARTESIAN_POINT('',(-2.775E1,3.476000244E1,-9.41148E0));
#13085=DIRECTION('',(0.E0,-1.E0,0.E0));
#13086=DIRECTION('',(-1.E0,0.E0,0.E0));
#13087=AXIS2_PLACEMENT_3D('',#13084,#13085,#13086);
#13088=PLANE('',#13087);
#13089=ORIENTED_EDGE('',*,*,#11701,.F.);
#13090=ORIENTED_EDGE('',*,*,#13053,.T.);
#13091=ORIENTED_EDGE('',*,*,#13039,.T.);
#13092=ORIENTED_EDGE('',*,*,#13077,.F.);
#13093=EDGE_LOOP('',(#13089,#13090,#13091,#13092));
#13094=FACE_OUTER_BOUND('',#13093,.F.);
#13095=ADVANCED_FACE('',(#13094),#13088,.F.);
#13096=CARTESIAN_POINT('',(-9.95E0,3.322000244E1,-9.41148E0));
#13097=DIRECTION('',(1.E0,0.E0,0.E0));
#13098=DIRECTION('',(0.E0,-1.E0,0.E0));
#13099=AXIS2_PLACEMENT_3D('',#13096,#13097,#13098);
#13100=PLANE('',#13099);
#13101=ORIENTED_EDGE('',*,*,#11493,.F.);
#13103=ORIENTED_EDGE('',*,*,#13102,.T.);
#13105=ORIENTED_EDGE('',*,*,#13104,.T.);
#13107=ORIENTED_EDGE('',*,*,#13106,.F.);
#13108=EDGE_LOOP('',(#13101,#13103,#13105,#13107));
#13109=FACE_OUTER_BOUND('',#13108,.F.);
#13110=ADVANCED_FACE('',(#13109),#13100,.F.);
#13111=CARTESIAN_POINT('',(-1.095E1,3.322000244E1,-9.41148E0));
#13112=DIRECTION('',(0.E0,1.E0,0.E0));
#13113=DIRECTION('',(1.E0,0.E0,0.E0));
#13114=AXIS2_PLACEMENT_3D('',#13111,#13112,#13113);
#13115=PLANE('',#13114);
#13116=ORIENTED_EDGE('',*,*,#11499,.F.);
#13118=ORIENTED_EDGE('',*,*,#13117,.T.);
#13120=ORIENTED_EDGE('',*,*,#13119,.T.);
#13121=ORIENTED_EDGE('',*,*,#13102,.F.);
#13122=EDGE_LOOP('',(#13116,#13118,#13120,#13121));
#13123=FACE_OUTER_BOUND('',#13122,.F.);
#13124=ADVANCED_FACE('',(#13123),#13115,.F.);
#13125=CARTESIAN_POINT('',(-1.095E1,3.222000244E1,-9.41148E0));
#13126=DIRECTION('',(-1.E0,0.E0,0.E0));
#13127=DIRECTION('',(0.E0,1.E0,0.E0));
#13128=AXIS2_PLACEMENT_3D('',#13125,#13126,#13127);
#13129=PLANE('',#13128);
#13130=ORIENTED_EDGE('',*,*,#11497,.F.);
#13132=ORIENTED_EDGE('',*,*,#13131,.T.);
#13134=ORIENTED_EDGE('',*,*,#13133,.T.);
#13135=ORIENTED_EDGE('',*,*,#13117,.F.);
#13136=EDGE_LOOP('',(#13130,#13132,#13134,#13135));
#13137=FACE_OUTER_BOUND('',#13136,.F.);
#13138=ADVANCED_FACE('',(#13137),#13129,.F.);
#13139=CARTESIAN_POINT('',(-9.95E0,3.222000244E1,-9.41148E0));
#13140=DIRECTION('',(0.E0,-1.E0,0.E0));
#13141=DIRECTION('',(-1.E0,0.E0,0.E0));
#13142=AXIS2_PLACEMENT_3D('',#13139,#13140,#13141);
#13143=PLANE('',#13142);
#13144=ORIENTED_EDGE('',*,*,#11495,.F.);
#13145=ORIENTED_EDGE('',*,*,#13106,.T.);
#13147=ORIENTED_EDGE('',*,*,#13146,.T.);
#13148=ORIENTED_EDGE('',*,*,#13131,.F.);
#13149=EDGE_LOOP('',(#13144,#13145,#13147,#13148));
#13150=FACE_OUTER_BOUND('',#13149,.F.);
#13151=ADVANCED_FACE('',(#13150),#13143,.F.);
#13152=CARTESIAN_POINT('',(0.E0,-2.286E1,-1.41148E0));
#13153=DIRECTION('',(0.E0,0.E0,-1.E0));
#13154=DIRECTION('',(-1.E0,0.E0,0.E0));
#13155=AXIS2_PLACEMENT_3D('',#13152,#13153,#13154);
#13156=PLANE('',#13155);
#13157=ORIENTED_EDGE('',*,*,#13104,.F.);
#13158=ORIENTED_EDGE('',*,*,#13119,.F.);
#13159=ORIENTED_EDGE('',*,*,#13133,.F.);
#13160=ORIENTED_EDGE('',*,*,#13146,.F.);
#13161=EDGE_LOOP('',(#13157,#13158,#13159,#13160));
#13162=FACE_OUTER_BOUND('',#13161,.F.);
#13163=ADVANCED_FACE('',(#13162),#13156,.T.);
#13164=CARTESIAN_POINT('',(0.E0,-2.286E1,-1.41148E0));
#13165=DIRECTION('',(0.E0,0.E0,-1.E0));
#13166=DIRECTION('',(-1.E0,0.E0,0.E0));
#13167=AXIS2_PLACEMENT_3D('',#13164,#13165,#13166);
#13168=PLANE('',#13167);
#13170=ORIENTED_EDGE('',*,*,#13169,.F.);
#13172=ORIENTED_EDGE('',*,*,#13171,.F.);
#13174=ORIENTED_EDGE('',*,*,#13173,.F.);
#13176=ORIENTED_EDGE('',*,*,#13175,.F.);
#13177=EDGE_LOOP('',(#13170,#13172,#13174,#13176));
#13178=FACE_OUTER_BOUND('',#13177,.F.);
#13179=ADVANCED_FACE('',(#13178),#13168,.T.);
#13180=CARTESIAN_POINT('',(-2.775E1,3.322000244E1,-9.41148E0));
#13181=DIRECTION('',(1.E0,0.E0,0.E0));
#13182=DIRECTION('',(0.E0,-1.E0,0.E0));
#13183=AXIS2_PLACEMENT_3D('',#13180,#13181,#13182);
#13184=PLANE('',#13183);
#13185=ORIENTED_EDGE('',*,*,#11709,.F.);
#13187=ORIENTED_EDGE('',*,*,#13186,.T.);
#13188=ORIENTED_EDGE('',*,*,#13169,.T.);
#13190=ORIENTED_EDGE('',*,*,#13189,.F.);
#13191=EDGE_LOOP('',(#13185,#13187,#13188,#13190));
#13192=FACE_OUTER_BOUND('',#13191,.F.);
#13193=ADVANCED_FACE('',(#13192),#13184,.F.);
#13194=CARTESIAN_POINT('',(-2.875E1,3.322000244E1,-9.41148E0));
#13195=DIRECTION('',(0.E0,1.E0,0.E0));
#13196=DIRECTION('',(1.E0,0.E0,0.E0));
#13197=AXIS2_PLACEMENT_3D('',#13194,#13195,#13196);
#13198=PLANE('',#13197);
#13199=ORIENTED_EDGE('',*,*,#11715,.F.);
#13201=ORIENTED_EDGE('',*,*,#13200,.T.);
#13202=ORIENTED_EDGE('',*,*,#13171,.T.);
#13203=ORIENTED_EDGE('',*,*,#13186,.F.);
#13204=EDGE_LOOP('',(#13199,#13201,#13202,#13203));
#13205=FACE_OUTER_BOUND('',#13204,.F.);
#13206=ADVANCED_FACE('',(#13205),#13198,.F.);
#13207=CARTESIAN_POINT('',(-2.875E1,3.222000244E1,-9.41148E0));
#13208=DIRECTION('',(-1.E0,0.E0,0.E0));
#13209=DIRECTION('',(0.E0,1.E0,0.E0));
#13210=AXIS2_PLACEMENT_3D('',#13207,#13208,#13209);
#13211=PLANE('',#13210);
#13212=ORIENTED_EDGE('',*,*,#11713,.F.);
#13214=ORIENTED_EDGE('',*,*,#13213,.T.);
#13215=ORIENTED_EDGE('',*,*,#13173,.T.);
#13216=ORIENTED_EDGE('',*,*,#13200,.F.);
#13217=EDGE_LOOP('',(#13212,#13214,#13215,#13216));
#13218=FACE_OUTER_BOUND('',#13217,.F.);
#13219=ADVANCED_FACE('',(#13218),#13211,.F.);
#13220=CARTESIAN_POINT('',(-2.775E1,3.222000244E1,-9.41148E0));
#13221=DIRECTION('',(0.E0,-1.E0,0.E0));
#13222=DIRECTION('',(-1.E0,0.E0,0.E0));
#13223=AXIS2_PLACEMENT_3D('',#13220,#13221,#13222);
#13224=PLANE('',#13223);
#13225=ORIENTED_EDGE('',*,*,#11711,.F.);
#13226=ORIENTED_EDGE('',*,*,#13189,.T.);
#13227=ORIENTED_EDGE('',*,*,#13175,.T.);
#13228=ORIENTED_EDGE('',*,*,#13213,.F.);
#13229=EDGE_LOOP('',(#13225,#13226,#13227,#13228));
#13230=FACE_OUTER_BOUND('',#13229,.F.);
#13231=ADVANCED_FACE('',(#13230),#13224,.F.);
#13232=CARTESIAN_POINT('',(-9.95E0,3.068000244E1,-9.41148E0));
#13233=DIRECTION('',(1.E0,0.E0,0.E0));
#13234=DIRECTION('',(0.E0,-1.E0,0.E0));
#13235=AXIS2_PLACEMENT_3D('',#13232,#13233,#13234);
#13236=PLANE('',#13235);
#13237=ORIENTED_EDGE('',*,*,#11503,.F.);
#13239=ORIENTED_EDGE('',*,*,#13238,.T.);
#13241=ORIENTED_EDGE('',*,*,#13240,.T.);
#13243=ORIENTED_EDGE('',*,*,#13242,.F.);
#13244=EDGE_LOOP('',(#13237,#13239,#13241,#13243));
#13245=FACE_OUTER_BOUND('',#13244,.F.);
#13246=ADVANCED_FACE('',(#13245),#13236,.F.);
#13247=CARTESIAN_POINT('',(-1.095E1,3.068000244E1,-9.41148E0));
#13248=DIRECTION('',(0.E0,1.E0,0.E0));
#13249=DIRECTION('',(1.E0,0.E0,0.E0));
#13250=AXIS2_PLACEMENT_3D('',#13247,#13248,#13249);
#13251=PLANE('',#13250);
#13252=ORIENTED_EDGE('',*,*,#11509,.F.);
#13254=ORIENTED_EDGE('',*,*,#13253,.T.);
#13256=ORIENTED_EDGE('',*,*,#13255,.T.);
#13257=ORIENTED_EDGE('',*,*,#13238,.F.);
#13258=EDGE_LOOP('',(#13252,#13254,#13256,#13257));
#13259=FACE_OUTER_BOUND('',#13258,.F.);
#13260=ADVANCED_FACE('',(#13259),#13251,.F.);
#13261=CARTESIAN_POINT('',(-1.095E1,2.968000244E1,-9.41148E0));
#13262=DIRECTION('',(-1.E0,0.E0,0.E0));
#13263=DIRECTION('',(0.E0,1.E0,0.E0));
#13264=AXIS2_PLACEMENT_3D('',#13261,#13262,#13263);
#13265=PLANE('',#13264);
#13266=ORIENTED_EDGE('',*,*,#11507,.F.);
#13268=ORIENTED_EDGE('',*,*,#13267,.T.);
#13270=ORIENTED_EDGE('',*,*,#13269,.T.);
#13271=ORIENTED_EDGE('',*,*,#13253,.F.);
#13272=EDGE_LOOP('',(#13266,#13268,#13270,#13271));
#13273=FACE_OUTER_BOUND('',#13272,.F.);
#13274=ADVANCED_FACE('',(#13273),#13265,.F.);
#13275=CARTESIAN_POINT('',(-9.95E0,2.968000244E1,-9.41148E0));
#13276=DIRECTION('',(0.E0,-1.E0,0.E0));
#13277=DIRECTION('',(-1.E0,0.E0,0.E0));
#13278=AXIS2_PLACEMENT_3D('',#13275,#13276,#13277);
#13279=PLANE('',#13278);
#13280=ORIENTED_EDGE('',*,*,#11505,.F.);
#13281=ORIENTED_EDGE('',*,*,#13242,.T.);
#13283=ORIENTED_EDGE('',*,*,#13282,.T.);
#13284=ORIENTED_EDGE('',*,*,#13267,.F.);
#13285=EDGE_LOOP('',(#13280,#13281,#13283,#13284));
#13286=FACE_OUTER_BOUND('',#13285,.F.);
#13287=ADVANCED_FACE('',(#13286),#13279,.F.);
#13288=CARTESIAN_POINT('',(0.E0,-2.54E1,-1.41148E0));
#13289=DIRECTION('',(0.E0,0.E0,-1.E0));
#13290=DIRECTION('',(-1.E0,0.E0,0.E0));
#13291=AXIS2_PLACEMENT_3D('',#13288,#13289,#13290);
#13292=PLANE('',#13291);
#13293=ORIENTED_EDGE('',*,*,#13240,.F.);
#13294=ORIENTED_EDGE('',*,*,#13255,.F.);
#13295=ORIENTED_EDGE('',*,*,#13269,.F.);
#13296=ORIENTED_EDGE('',*,*,#13282,.F.);
#13297=EDGE_LOOP('',(#13293,#13294,#13295,#13296));
#13298=FACE_OUTER_BOUND('',#13297,.F.);
#13299=ADVANCED_FACE('',(#13298),#13292,.T.);
#13300=CARTESIAN_POINT('',(0.E0,-2.54E1,-1.41148E0));
#13301=DIRECTION('',(0.E0,0.E0,-1.E0));
#13302=DIRECTION('',(-1.E0,0.E0,0.E0));
#13303=AXIS2_PLACEMENT_3D('',#13300,#13301,#13302);
#13304=PLANE('',#13303);
#13306=ORIENTED_EDGE('',*,*,#13305,.F.);
#13308=ORIENTED_EDGE('',*,*,#13307,.F.);
#13310=ORIENTED_EDGE('',*,*,#13309,.F.);
#13312=ORIENTED_EDGE('',*,*,#13311,.F.);
#13313=EDGE_LOOP('',(#13306,#13308,#13310,#13312));
#13314=FACE_OUTER_BOUND('',#13313,.F.);
#13315=ADVANCED_FACE('',(#13314),#13304,.T.);
#13316=CARTESIAN_POINT('',(-2.775E1,3.068000244E1,-9.41148E0));
#13317=DIRECTION('',(1.E0,0.E0,0.E0));
#13318=DIRECTION('',(0.E0,-1.E0,0.E0));
#13319=AXIS2_PLACEMENT_3D('',#13316,#13317,#13318);
#13320=PLANE('',#13319);
#13321=ORIENTED_EDGE('',*,*,#11719,.F.);
#13323=ORIENTED_EDGE('',*,*,#13322,.T.);
#13324=ORIENTED_EDGE('',*,*,#13305,.T.);
#13326=ORIENTED_EDGE('',*,*,#13325,.F.);
#13327=EDGE_LOOP('',(#13321,#13323,#13324,#13326));
#13328=FACE_OUTER_BOUND('',#13327,.F.);
#13329=ADVANCED_FACE('',(#13328),#13320,.F.);
#13330=CARTESIAN_POINT('',(-2.875E1,3.068000244E1,-9.41148E0));
#13331=DIRECTION('',(0.E0,1.E0,0.E0));
#13332=DIRECTION('',(1.E0,0.E0,0.E0));
#13333=AXIS2_PLACEMENT_3D('',#13330,#13331,#13332);
#13334=PLANE('',#13333);
#13335=ORIENTED_EDGE('',*,*,#11725,.F.);
#13337=ORIENTED_EDGE('',*,*,#13336,.T.);
#13338=ORIENTED_EDGE('',*,*,#13307,.T.);
#13339=ORIENTED_EDGE('',*,*,#13322,.F.);
#13340=EDGE_LOOP('',(#13335,#13337,#13338,#13339));
#13341=FACE_OUTER_BOUND('',#13340,.F.);
#13342=ADVANCED_FACE('',(#13341),#13334,.F.);
#13343=CARTESIAN_POINT('',(-2.875E1,2.968000244E1,-9.41148E0));
#13344=DIRECTION('',(-1.E0,0.E0,0.E0));
#13345=DIRECTION('',(0.E0,1.E0,0.E0));
#13346=AXIS2_PLACEMENT_3D('',#13343,#13344,#13345);
#13347=PLANE('',#13346);
#13348=ORIENTED_EDGE('',*,*,#11723,.F.);
#13350=ORIENTED_EDGE('',*,*,#13349,.T.);
#13351=ORIENTED_EDGE('',*,*,#13309,.T.);
#13352=ORIENTED_EDGE('',*,*,#13336,.F.);
#13353=EDGE_LOOP('',(#13348,#13350,#13351,#13352));
#13354=FACE_OUTER_BOUND('',#13353,.F.);
#13355=ADVANCED_FACE('',(#13354),#13347,.F.);
#13356=CARTESIAN_POINT('',(-2.775E1,2.968000244E1,-9.41148E0));
#13357=DIRECTION('',(0.E0,-1.E0,0.E0));
#13358=DIRECTION('',(-1.E0,0.E0,0.E0));
#13359=AXIS2_PLACEMENT_3D('',#13356,#13357,#13358);
#13360=PLANE('',#13359);
#13361=ORIENTED_EDGE('',*,*,#11721,.F.);
#13362=ORIENTED_EDGE('',*,*,#13325,.T.);
#13363=ORIENTED_EDGE('',*,*,#13311,.T.);
#13364=ORIENTED_EDGE('',*,*,#13349,.F.);
#13365=EDGE_LOOP('',(#13361,#13362,#13363,#13364));
#13366=FACE_OUTER_BOUND('',#13365,.F.);
#13367=ADVANCED_FACE('',(#13366),#13360,.F.);
#13368=CARTESIAN_POINT('',(-9.95E0,2.814000244E1,-9.41148E0));
#13369=DIRECTION('',(1.E0,0.E0,0.E0));
#13370=DIRECTION('',(0.E0,-1.E0,0.E0));
#13371=AXIS2_PLACEMENT_3D('',#13368,#13369,#13370);
#13372=PLANE('',#13371);
#13373=ORIENTED_EDGE('',*,*,#11513,.F.);
#13375=ORIENTED_EDGE('',*,*,#13374,.T.);
#13377=ORIENTED_EDGE('',*,*,#13376,.T.);
#13379=ORIENTED_EDGE('',*,*,#13378,.F.);
#13380=EDGE_LOOP('',(#13373,#13375,#13377,#13379));
#13381=FACE_OUTER_BOUND('',#13380,.F.);
#13382=ADVANCED_FACE('',(#13381),#13372,.F.);
#13383=CARTESIAN_POINT('',(-1.095E1,2.814000244E1,-9.41148E0));
#13384=DIRECTION('',(0.E0,1.E0,0.E0));
#13385=DIRECTION('',(1.E0,0.E0,0.E0));
#13386=AXIS2_PLACEMENT_3D('',#13383,#13384,#13385);
#13387=PLANE('',#13386);
#13388=ORIENTED_EDGE('',*,*,#11519,.F.);
#13390=ORIENTED_EDGE('',*,*,#13389,.T.);
#13392=ORIENTED_EDGE('',*,*,#13391,.T.);
#13393=ORIENTED_EDGE('',*,*,#13374,.F.);
#13394=EDGE_LOOP('',(#13388,#13390,#13392,#13393));
#13395=FACE_OUTER_BOUND('',#13394,.F.);
#13396=ADVANCED_FACE('',(#13395),#13387,.F.);
#13397=CARTESIAN_POINT('',(-1.095E1,2.714000244E1,-9.41148E0));
#13398=DIRECTION('',(-1.E0,0.E0,0.E0));
#13399=DIRECTION('',(0.E0,1.E0,0.E0));
#13400=AXIS2_PLACEMENT_3D('',#13397,#13398,#13399);
#13401=PLANE('',#13400);
#13402=ORIENTED_EDGE('',*,*,#11517,.F.);
#13404=ORIENTED_EDGE('',*,*,#13403,.T.);
#13406=ORIENTED_EDGE('',*,*,#13405,.T.);
#13407=ORIENTED_EDGE('',*,*,#13389,.F.);
#13408=EDGE_LOOP('',(#13402,#13404,#13406,#13407));
#13409=FACE_OUTER_BOUND('',#13408,.F.);
#13410=ADVANCED_FACE('',(#13409),#13401,.F.);
#13411=CARTESIAN_POINT('',(-9.95E0,2.714000244E1,-9.41148E0));
#13412=DIRECTION('',(0.E0,-1.E0,0.E0));
#13413=DIRECTION('',(-1.E0,0.E0,0.E0));
#13414=AXIS2_PLACEMENT_3D('',#13411,#13412,#13413);
#13415=PLANE('',#13414);
#13416=ORIENTED_EDGE('',*,*,#11515,.F.);
#13417=ORIENTED_EDGE('',*,*,#13378,.T.);
#13419=ORIENTED_EDGE('',*,*,#13418,.T.);
#13420=ORIENTED_EDGE('',*,*,#13403,.F.);
#13421=EDGE_LOOP('',(#13416,#13417,#13419,#13420));
#13422=FACE_OUTER_BOUND('',#13421,.F.);
#13423=ADVANCED_FACE('',(#13422),#13415,.F.);
#13424=CARTESIAN_POINT('',(0.E0,-2.794E1,-1.41148E0));
#13425=DIRECTION('',(0.E0,0.E0,-1.E0));
#13426=DIRECTION('',(-1.E0,0.E0,0.E0));
#13427=AXIS2_PLACEMENT_3D('',#13424,#13425,#13426);
#13428=PLANE('',#13427);
#13429=ORIENTED_EDGE('',*,*,#13376,.F.);
#13430=ORIENTED_EDGE('',*,*,#13391,.F.);
#13431=ORIENTED_EDGE('',*,*,#13405,.F.);
#13432=ORIENTED_EDGE('',*,*,#13418,.F.);
#13433=EDGE_LOOP('',(#13429,#13430,#13431,#13432));
#13434=FACE_OUTER_BOUND('',#13433,.F.);
#13435=ADVANCED_FACE('',(#13434),#13428,.T.);
#13436=CARTESIAN_POINT('',(0.E0,-2.794E1,-1.41148E0));
#13437=DIRECTION('',(0.E0,0.E0,-1.E0));
#13438=DIRECTION('',(-1.E0,0.E0,0.E0));
#13439=AXIS2_PLACEMENT_3D('',#13436,#13437,#13438);
#13440=PLANE('',#13439);
#13442=ORIENTED_EDGE('',*,*,#13441,.F.);
#13444=ORIENTED_EDGE('',*,*,#13443,.F.);
#13446=ORIENTED_EDGE('',*,*,#13445,.F.);
#13448=ORIENTED_EDGE('',*,*,#13447,.F.);
#13449=EDGE_LOOP('',(#13442,#13444,#13446,#13448));
#13450=FACE_OUTER_BOUND('',#13449,.F.);
#13451=ADVANCED_FACE('',(#13450),#13440,.T.);
#13452=CARTESIAN_POINT('',(-2.775E1,2.814000244E1,-9.41148E0));
#13453=DIRECTION('',(1.E0,0.E0,0.E0));
#13454=DIRECTION('',(0.E0,-1.E0,0.E0));
#13455=AXIS2_PLACEMENT_3D('',#13452,#13453,#13454);
#13456=PLANE('',#13455);
#13457=ORIENTED_EDGE('',*,*,#11729,.F.);
#13459=ORIENTED_EDGE('',*,*,#13458,.T.);
#13460=ORIENTED_EDGE('',*,*,#13441,.T.);
#13462=ORIENTED_EDGE('',*,*,#13461,.F.);
#13463=EDGE_LOOP('',(#13457,#13459,#13460,#13462));
#13464=FACE_OUTER_BOUND('',#13463,.F.);
#13465=ADVANCED_FACE('',(#13464),#13456,.F.);
#13466=CARTESIAN_POINT('',(-2.875E1,2.814000244E1,-9.41148E0));
#13467=DIRECTION('',(0.E0,1.E0,0.E0));
#13468=DIRECTION('',(1.E0,0.E0,0.E0));
#13469=AXIS2_PLACEMENT_3D('',#13466,#13467,#13468);
#13470=PLANE('',#13469);
#13471=ORIENTED_EDGE('',*,*,#11735,.F.);
#13473=ORIENTED_EDGE('',*,*,#13472,.T.);
#13474=ORIENTED_EDGE('',*,*,#13443,.T.);
#13475=ORIENTED_EDGE('',*,*,#13458,.F.);
#13476=EDGE_LOOP('',(#13471,#13473,#13474,#13475));
#13477=FACE_OUTER_BOUND('',#13476,.F.);
#13478=ADVANCED_FACE('',(#13477),#13470,.F.);
#13479=CARTESIAN_POINT('',(-2.875E1,2.714000244E1,-9.41148E0));
#13480=DIRECTION('',(-1.E0,0.E0,0.E0));
#13481=DIRECTION('',(0.E0,1.E0,0.E0));
#13482=AXIS2_PLACEMENT_3D('',#13479,#13480,#13481);
#13483=PLANE('',#13482);
#13484=ORIENTED_EDGE('',*,*,#11733,.F.);
#13486=ORIENTED_EDGE('',*,*,#13485,.T.);
#13487=ORIENTED_EDGE('',*,*,#13445,.T.);
#13488=ORIENTED_EDGE('',*,*,#13472,.F.);
#13489=EDGE_LOOP('',(#13484,#13486,#13487,#13488));
#13490=FACE_OUTER_BOUND('',#13489,.F.);
#13491=ADVANCED_FACE('',(#13490),#13483,.F.);
#13492=CARTESIAN_POINT('',(-2.775E1,2.714000244E1,-9.41148E0));
#13493=DIRECTION('',(0.E0,-1.E0,0.E0));
#13494=DIRECTION('',(-1.E0,0.E0,0.E0));
#13495=AXIS2_PLACEMENT_3D('',#13492,#13493,#13494);
#13496=PLANE('',#13495);
#13497=ORIENTED_EDGE('',*,*,#11731,.F.);
#13498=ORIENTED_EDGE('',*,*,#13461,.T.);
#13499=ORIENTED_EDGE('',*,*,#13447,.T.);
#13500=ORIENTED_EDGE('',*,*,#13485,.F.);
#13501=EDGE_LOOP('',(#13497,#13498,#13499,#13500));
#13502=FACE_OUTER_BOUND('',#13501,.F.);
#13503=ADVANCED_FACE('',(#13502),#13496,.F.);
#13504=CARTESIAN_POINT('',(-9.95E0,2.560000244E1,-9.41148E0));
#13505=DIRECTION('',(1.E0,0.E0,0.E0));
#13506=DIRECTION('',(0.E0,-1.E0,0.E0));
#13507=AXIS2_PLACEMENT_3D('',#13504,#13505,#13506);
#13508=PLANE('',#13507);
#13509=ORIENTED_EDGE('',*,*,#11523,.F.);
#13511=ORIENTED_EDGE('',*,*,#13510,.T.);
#13513=ORIENTED_EDGE('',*,*,#13512,.T.);
#13515=ORIENTED_EDGE('',*,*,#13514,.F.);
#13516=EDGE_LOOP('',(#13509,#13511,#13513,#13515));
#13517=FACE_OUTER_BOUND('',#13516,.F.);
#13518=ADVANCED_FACE('',(#13517),#13508,.F.);
#13519=CARTESIAN_POINT('',(-1.095E1,2.560000244E1,-9.41148E0));
#13520=DIRECTION('',(0.E0,1.E0,0.E0));
#13521=DIRECTION('',(1.E0,0.E0,0.E0));
#13522=AXIS2_PLACEMENT_3D('',#13519,#13520,#13521);
#13523=PLANE('',#13522);
#13524=ORIENTED_EDGE('',*,*,#11529,.F.);
#13526=ORIENTED_EDGE('',*,*,#13525,.T.);
#13528=ORIENTED_EDGE('',*,*,#13527,.T.);
#13529=ORIENTED_EDGE('',*,*,#13510,.F.);
#13530=EDGE_LOOP('',(#13524,#13526,#13528,#13529));
#13531=FACE_OUTER_BOUND('',#13530,.F.);
#13532=ADVANCED_FACE('',(#13531),#13523,.F.);
#13533=CARTESIAN_POINT('',(-1.095E1,2.460000244E1,-9.41148E0));
#13534=DIRECTION('',(-1.E0,0.E0,0.E0));
#13535=DIRECTION('',(0.E0,1.E0,0.E0));
#13536=AXIS2_PLACEMENT_3D('',#13533,#13534,#13535);
#13537=PLANE('',#13536);
#13538=ORIENTED_EDGE('',*,*,#11527,.F.);
#13540=ORIENTED_EDGE('',*,*,#13539,.T.);
#13542=ORIENTED_EDGE('',*,*,#13541,.T.);
#13543=ORIENTED_EDGE('',*,*,#13525,.F.);
#13544=EDGE_LOOP('',(#13538,#13540,#13542,#13543));
#13545=FACE_OUTER_BOUND('',#13544,.F.);
#13546=ADVANCED_FACE('',(#13545),#13537,.F.);
#13547=CARTESIAN_POINT('',(-9.95E0,2.460000244E1,-9.41148E0));
#13548=DIRECTION('',(0.E0,-1.E0,0.E0));
#13549=DIRECTION('',(-1.E0,0.E0,0.E0));
#13550=AXIS2_PLACEMENT_3D('',#13547,#13548,#13549);
#13551=PLANE('',#13550);
#13552=ORIENTED_EDGE('',*,*,#11525,.F.);
#13553=ORIENTED_EDGE('',*,*,#13514,.T.);
#13555=ORIENTED_EDGE('',*,*,#13554,.T.);
#13556=ORIENTED_EDGE('',*,*,#13539,.F.);
#13557=EDGE_LOOP('',(#13552,#13553,#13555,#13556));
#13558=FACE_OUTER_BOUND('',#13557,.F.);
#13559=ADVANCED_FACE('',(#13558),#13551,.F.);
#13560=CARTESIAN_POINT('',(0.E0,-3.048E1,-1.41148E0));
#13561=DIRECTION('',(0.E0,0.E0,-1.E0));
#13562=DIRECTION('',(-1.E0,0.E0,0.E0));
#13563=AXIS2_PLACEMENT_3D('',#13560,#13561,#13562);
#13564=PLANE('',#13563);
#13565=ORIENTED_EDGE('',*,*,#13512,.F.);
#13566=ORIENTED_EDGE('',*,*,#13527,.F.);
#13567=ORIENTED_EDGE('',*,*,#13541,.F.);
#13568=ORIENTED_EDGE('',*,*,#13554,.F.);
#13569=EDGE_LOOP('',(#13565,#13566,#13567,#13568));
#13570=FACE_OUTER_BOUND('',#13569,.F.);
#13571=ADVANCED_FACE('',(#13570),#13564,.T.);
#13572=CARTESIAN_POINT('',(0.E0,-3.048E1,-1.41148E0));
#13573=DIRECTION('',(0.E0,0.E0,-1.E0));
#13574=DIRECTION('',(-1.E0,0.E0,0.E0));
#13575=AXIS2_PLACEMENT_3D('',#13572,#13573,#13574);
#13576=PLANE('',#13575);
#13578=ORIENTED_EDGE('',*,*,#13577,.F.);
#13580=ORIENTED_EDGE('',*,*,#13579,.F.);
#13582=ORIENTED_EDGE('',*,*,#13581,.F.);
#13584=ORIENTED_EDGE('',*,*,#13583,.F.);
#13585=EDGE_LOOP('',(#13578,#13580,#13582,#13584));
#13586=FACE_OUTER_BOUND('',#13585,.F.);
#13587=ADVANCED_FACE('',(#13586),#13576,.T.);
#13588=CARTESIAN_POINT('',(-2.775E1,2.560000244E1,-9.41148E0));
#13589=DIRECTION('',(1.E0,0.E0,0.E0));
#13590=DIRECTION('',(0.E0,-1.E0,0.E0));
#13591=AXIS2_PLACEMENT_3D('',#13588,#13589,#13590);
#13592=PLANE('',#13591);
#13593=ORIENTED_EDGE('',*,*,#11739,.F.);
#13595=ORIENTED_EDGE('',*,*,#13594,.T.);
#13596=ORIENTED_EDGE('',*,*,#13577,.T.);
#13598=ORIENTED_EDGE('',*,*,#13597,.F.);
#13599=EDGE_LOOP('',(#13593,#13595,#13596,#13598));
#13600=FACE_OUTER_BOUND('',#13599,.F.);
#13601=ADVANCED_FACE('',(#13600),#13592,.F.);
#13602=CARTESIAN_POINT('',(-2.875E1,2.560000244E1,-9.41148E0));
#13603=DIRECTION('',(0.E0,1.E0,0.E0));
#13604=DIRECTION('',(1.E0,0.E0,0.E0));
#13605=AXIS2_PLACEMENT_3D('',#13602,#13603,#13604);
#13606=PLANE('',#13605);
#13607=ORIENTED_EDGE('',*,*,#11745,.F.);
#13609=ORIENTED_EDGE('',*,*,#13608,.T.);
#13610=ORIENTED_EDGE('',*,*,#13579,.T.);
#13611=ORIENTED_EDGE('',*,*,#13594,.F.);
#13612=EDGE_LOOP('',(#13607,#13609,#13610,#13611));
#13613=FACE_OUTER_BOUND('',#13612,.F.);
#13614=ADVANCED_FACE('',(#13613),#13606,.F.);
#13615=CARTESIAN_POINT('',(-2.875E1,2.460000244E1,-9.41148E0));
#13616=DIRECTION('',(-1.E0,0.E0,0.E0));
#13617=DIRECTION('',(0.E0,1.E0,0.E0));
#13618=AXIS2_PLACEMENT_3D('',#13615,#13616,#13617);
#13619=PLANE('',#13618);
#13620=ORIENTED_EDGE('',*,*,#11743,.F.);
#13622=ORIENTED_EDGE('',*,*,#13621,.T.);
#13623=ORIENTED_EDGE('',*,*,#13581,.T.);
#13624=ORIENTED_EDGE('',*,*,#13608,.F.);
#13625=EDGE_LOOP('',(#13620,#13622,#13623,#13624));
#13626=FACE_OUTER_BOUND('',#13625,.F.);
#13627=ADVANCED_FACE('',(#13626),#13619,.F.);
#13628=CARTESIAN_POINT('',(-2.775E1,2.460000244E1,-9.41148E0));
#13629=DIRECTION('',(0.E0,-1.E0,0.E0));
#13630=DIRECTION('',(-1.E0,0.E0,0.E0));
#13631=AXIS2_PLACEMENT_3D('',#13628,#13629,#13630);
#13632=PLANE('',#13631);
#13633=ORIENTED_EDGE('',*,*,#11741,.F.);
#13634=ORIENTED_EDGE('',*,*,#13597,.T.);
#13635=ORIENTED_EDGE('',*,*,#13583,.T.);
#13636=ORIENTED_EDGE('',*,*,#13621,.F.);
#13637=EDGE_LOOP('',(#13633,#13634,#13635,#13636));
#13638=FACE_OUTER_BOUND('',#13637,.F.);
#13639=ADVANCED_FACE('',(#13638),#13632,.F.);
#13640=CARTESIAN_POINT('',(-9.95E0,2.306000244E1,-9.41148E0));
#13641=DIRECTION('',(1.E0,0.E0,0.E0));
#13642=DIRECTION('',(0.E0,-1.E0,0.E0));
#13643=AXIS2_PLACEMENT_3D('',#13640,#13641,#13642);
#13644=PLANE('',#13643);
#13645=ORIENTED_EDGE('',*,*,#11533,.F.);
#13647=ORIENTED_EDGE('',*,*,#13646,.T.);
#13649=ORIENTED_EDGE('',*,*,#13648,.T.);
#13651=ORIENTED_EDGE('',*,*,#13650,.F.);
#13652=EDGE_LOOP('',(#13645,#13647,#13649,#13651));
#13653=FACE_OUTER_BOUND('',#13652,.F.);
#13654=ADVANCED_FACE('',(#13653),#13644,.F.);
#13655=CARTESIAN_POINT('',(-1.095E1,2.306000244E1,-9.41148E0));
#13656=DIRECTION('',(0.E0,1.E0,0.E0));
#13657=DIRECTION('',(1.E0,0.E0,0.E0));
#13658=AXIS2_PLACEMENT_3D('',#13655,#13656,#13657);
#13659=PLANE('',#13658);
#13660=ORIENTED_EDGE('',*,*,#11539,.F.);
#13662=ORIENTED_EDGE('',*,*,#13661,.T.);
#13664=ORIENTED_EDGE('',*,*,#13663,.T.);
#13665=ORIENTED_EDGE('',*,*,#13646,.F.);
#13666=EDGE_LOOP('',(#13660,#13662,#13664,#13665));
#13667=FACE_OUTER_BOUND('',#13666,.F.);
#13668=ADVANCED_FACE('',(#13667),#13659,.F.);
#13669=CARTESIAN_POINT('',(-1.095E1,2.206000244E1,-9.41148E0));
#13670=DIRECTION('',(-1.E0,0.E0,0.E0));
#13671=DIRECTION('',(0.E0,1.E0,0.E0));
#13672=AXIS2_PLACEMENT_3D('',#13669,#13670,#13671);
#13673=PLANE('',#13672);
#13674=ORIENTED_EDGE('',*,*,#11537,.F.);
#13676=ORIENTED_EDGE('',*,*,#13675,.T.);
#13678=ORIENTED_EDGE('',*,*,#13677,.T.);
#13679=ORIENTED_EDGE('',*,*,#13661,.F.);
#13680=EDGE_LOOP('',(#13674,#13676,#13678,#13679));
#13681=FACE_OUTER_BOUND('',#13680,.F.);
#13682=ADVANCED_FACE('',(#13681),#13673,.F.);
#13683=CARTESIAN_POINT('',(-9.95E0,2.206000244E1,-9.41148E0));
#13684=DIRECTION('',(0.E0,-1.E0,0.E0));
#13685=DIRECTION('',(-1.E0,0.E0,0.E0));
#13686=AXIS2_PLACEMENT_3D('',#13683,#13684,#13685);
#13687=PLANE('',#13686);
#13688=ORIENTED_EDGE('',*,*,#11535,.F.);
#13689=ORIENTED_EDGE('',*,*,#13650,.T.);
#13691=ORIENTED_EDGE('',*,*,#13690,.T.);
#13692=ORIENTED_EDGE('',*,*,#13675,.F.);
#13693=EDGE_LOOP('',(#13688,#13689,#13691,#13692));
#13694=FACE_OUTER_BOUND('',#13693,.F.);
#13695=ADVANCED_FACE('',(#13694),#13687,.F.);
#13696=CARTESIAN_POINT('',(0.E0,-3.302E1,-1.41148E0));
#13697=DIRECTION('',(0.E0,0.E0,-1.E0));
#13698=DIRECTION('',(-1.E0,0.E0,0.E0));
#13699=AXIS2_PLACEMENT_3D('',#13696,#13697,#13698);
#13700=PLANE('',#13699);
#13701=ORIENTED_EDGE('',*,*,#13648,.F.);
#13702=ORIENTED_EDGE('',*,*,#13663,.F.);
#13703=ORIENTED_EDGE('',*,*,#13677,.F.);
#13704=ORIENTED_EDGE('',*,*,#13690,.F.);
#13705=EDGE_LOOP('',(#13701,#13702,#13703,#13704));
#13706=FACE_OUTER_BOUND('',#13705,.F.);
#13707=ADVANCED_FACE('',(#13706),#13700,.T.);
#13708=CARTESIAN_POINT('',(0.E0,-3.302E1,-1.41148E0));
#13709=DIRECTION('',(0.E0,0.E0,-1.E0));
#13710=DIRECTION('',(-1.E0,0.E0,0.E0));
#13711=AXIS2_PLACEMENT_3D('',#13708,#13709,#13710);
#13712=PLANE('',#13711);
#13714=ORIENTED_EDGE('',*,*,#13713,.F.);
#13716=ORIENTED_EDGE('',*,*,#13715,.F.);
#13718=ORIENTED_EDGE('',*,*,#13717,.F.);
#13720=ORIENTED_EDGE('',*,*,#13719,.F.);
#13721=EDGE_LOOP('',(#13714,#13716,#13718,#13720));
#13722=FACE_OUTER_BOUND('',#13721,.F.);
#13723=ADVANCED_FACE('',(#13722),#13712,.T.);
#13724=CARTESIAN_POINT('',(-2.775E1,2.306000244E1,-9.41148E0));
#13725=DIRECTION('',(1.E0,0.E0,0.E0));
#13726=DIRECTION('',(0.E0,-1.E0,0.E0));
#13727=AXIS2_PLACEMENT_3D('',#13724,#13725,#13726);
#13728=PLANE('',#13727);
#13729=ORIENTED_EDGE('',*,*,#11749,.F.);
#13731=ORIENTED_EDGE('',*,*,#13730,.T.);
#13732=ORIENTED_EDGE('',*,*,#13713,.T.);
#13734=ORIENTED_EDGE('',*,*,#13733,.F.);
#13735=EDGE_LOOP('',(#13729,#13731,#13732,#13734));
#13736=FACE_OUTER_BOUND('',#13735,.F.);
#13737=ADVANCED_FACE('',(#13736),#13728,.F.);
#13738=CARTESIAN_POINT('',(-2.875E1,2.306000244E1,-9.41148E0));
#13739=DIRECTION('',(0.E0,1.E0,0.E0));
#13740=DIRECTION('',(1.E0,0.E0,0.E0));
#13741=AXIS2_PLACEMENT_3D('',#13738,#13739,#13740);
#13742=PLANE('',#13741);
#13743=ORIENTED_EDGE('',*,*,#11755,.F.);
#13745=ORIENTED_EDGE('',*,*,#13744,.T.);
#13746=ORIENTED_EDGE('',*,*,#13715,.T.);
#13747=ORIENTED_EDGE('',*,*,#13730,.F.);
#13748=EDGE_LOOP('',(#13743,#13745,#13746,#13747));
#13749=FACE_OUTER_BOUND('',#13748,.F.);
#13750=ADVANCED_FACE('',(#13749),#13742,.F.);
#13751=CARTESIAN_POINT('',(-2.875E1,2.206000244E1,-9.41148E0));
#13752=DIRECTION('',(-1.E0,0.E0,0.E0));
#13753=DIRECTION('',(0.E0,1.E0,0.E0));
#13754=AXIS2_PLACEMENT_3D('',#13751,#13752,#13753);
#13755=PLANE('',#13754);
#13756=ORIENTED_EDGE('',*,*,#11753,.F.);
#13758=ORIENTED_EDGE('',*,*,#13757,.T.);
#13759=ORIENTED_EDGE('',*,*,#13717,.T.);
#13760=ORIENTED_EDGE('',*,*,#13744,.F.);
#13761=EDGE_LOOP('',(#13756,#13758,#13759,#13760));
#13762=FACE_OUTER_BOUND('',#13761,.F.);
#13763=ADVANCED_FACE('',(#13762),#13755,.F.);
#13764=CARTESIAN_POINT('',(-2.775E1,2.206000244E1,-9.41148E0));
#13765=DIRECTION('',(0.E0,-1.E0,0.E0));
#13766=DIRECTION('',(-1.E0,0.E0,0.E0));
#13767=AXIS2_PLACEMENT_3D('',#13764,#13765,#13766);
#13768=PLANE('',#13767);
#13769=ORIENTED_EDGE('',*,*,#11751,.F.);
#13770=ORIENTED_EDGE('',*,*,#13733,.T.);
#13771=ORIENTED_EDGE('',*,*,#13719,.T.);
#13772=ORIENTED_EDGE('',*,*,#13757,.F.);
#13773=EDGE_LOOP('',(#13769,#13770,#13771,#13772));
#13774=FACE_OUTER_BOUND('',#13773,.F.);
#13775=ADVANCED_FACE('',(#13774),#13768,.F.);
#13776=CARTESIAN_POINT('',(-9.95E0,2.052000244E1,-9.41148E0));
#13777=DIRECTION('',(1.E0,0.E0,0.E0));
#13778=DIRECTION('',(0.E0,-1.E0,0.E0));
#13779=AXIS2_PLACEMENT_3D('',#13776,#13777,#13778);
#13780=PLANE('',#13779);
#13781=ORIENTED_EDGE('',*,*,#11543,.F.);
#13783=ORIENTED_EDGE('',*,*,#13782,.T.);
#13785=ORIENTED_EDGE('',*,*,#13784,.T.);
#13787=ORIENTED_EDGE('',*,*,#13786,.F.);
#13788=EDGE_LOOP('',(#13781,#13783,#13785,#13787));
#13789=FACE_OUTER_BOUND('',#13788,.F.);
#13790=ADVANCED_FACE('',(#13789),#13780,.F.);
#13791=CARTESIAN_POINT('',(-1.095E1,2.052000244E1,-9.41148E0));
#13792=DIRECTION('',(0.E0,1.E0,0.E0));
#13793=DIRECTION('',(1.E0,0.E0,0.E0));
#13794=AXIS2_PLACEMENT_3D('',#13791,#13792,#13793);
#13795=PLANE('',#13794);
#13796=ORIENTED_EDGE('',*,*,#11549,.F.);
#13798=ORIENTED_EDGE('',*,*,#13797,.T.);
#13800=ORIENTED_EDGE('',*,*,#13799,.T.);
#13801=ORIENTED_EDGE('',*,*,#13782,.F.);
#13802=EDGE_LOOP('',(#13796,#13798,#13800,#13801));
#13803=FACE_OUTER_BOUND('',#13802,.F.);
#13804=ADVANCED_FACE('',(#13803),#13795,.F.);
#13805=CARTESIAN_POINT('',(-1.095E1,1.952000244E1,-9.41148E0));
#13806=DIRECTION('',(-1.E0,0.E0,0.E0));
#13807=DIRECTION('',(0.E0,1.E0,0.E0));
#13808=AXIS2_PLACEMENT_3D('',#13805,#13806,#13807);
#13809=PLANE('',#13808);
#13810=ORIENTED_EDGE('',*,*,#11547,.F.);
#13812=ORIENTED_EDGE('',*,*,#13811,.T.);
#13814=ORIENTED_EDGE('',*,*,#13813,.T.);
#13815=ORIENTED_EDGE('',*,*,#13797,.F.);
#13816=EDGE_LOOP('',(#13810,#13812,#13814,#13815));
#13817=FACE_OUTER_BOUND('',#13816,.F.);
#13818=ADVANCED_FACE('',(#13817),#13809,.F.);
#13819=CARTESIAN_POINT('',(-9.95E0,1.952000244E1,-9.41148E0));
#13820=DIRECTION('',(0.E0,-1.E0,0.E0));
#13821=DIRECTION('',(-1.E0,0.E0,0.E0));
#13822=AXIS2_PLACEMENT_3D('',#13819,#13820,#13821);
#13823=PLANE('',#13822);
#13824=ORIENTED_EDGE('',*,*,#11545,.F.);
#13825=ORIENTED_EDGE('',*,*,#13786,.T.);
#13827=ORIENTED_EDGE('',*,*,#13826,.T.);
#13828=ORIENTED_EDGE('',*,*,#13811,.F.);
#13829=EDGE_LOOP('',(#13824,#13825,#13827,#13828));
#13830=FACE_OUTER_BOUND('',#13829,.F.);
#13831=ADVANCED_FACE('',(#13830),#13823,.F.);
#13832=CARTESIAN_POINT('',(0.E0,-3.556E1,-1.41148E0));
#13833=DIRECTION('',(0.E0,0.E0,-1.E0));
#13834=DIRECTION('',(-1.E0,0.E0,0.E0));
#13835=AXIS2_PLACEMENT_3D('',#13832,#13833,#13834);
#13836=PLANE('',#13835);
#13837=ORIENTED_EDGE('',*,*,#13784,.F.);
#13838=ORIENTED_EDGE('',*,*,#13799,.F.);
#13839=ORIENTED_EDGE('',*,*,#13813,.F.);
#13840=ORIENTED_EDGE('',*,*,#13826,.F.);
#13841=EDGE_LOOP('',(#13837,#13838,#13839,#13840));
#13842=FACE_OUTER_BOUND('',#13841,.F.);
#13843=ADVANCED_FACE('',(#13842),#13836,.T.);
#13844=CARTESIAN_POINT('',(0.E0,-3.556E1,-1.41148E0));
#13845=DIRECTION('',(0.E0,0.E0,-1.E0));
#13846=DIRECTION('',(-1.E0,0.E0,0.E0));
#13847=AXIS2_PLACEMENT_3D('',#13844,#13845,#13846);
#13848=PLANE('',#13847);
#13850=ORIENTED_EDGE('',*,*,#13849,.F.);
#13852=ORIENTED_EDGE('',*,*,#13851,.F.);
#13854=ORIENTED_EDGE('',*,*,#13853,.F.);
#13856=ORIENTED_EDGE('',*,*,#13855,.F.);
#13857=EDGE_LOOP('',(#13850,#13852,#13854,#13856));
#13858=FACE_OUTER_BOUND('',#13857,.F.);
#13859=ADVANCED_FACE('',(#13858),#13848,.T.);
#13860=CARTESIAN_POINT('',(-2.775E1,2.052000244E1,-9.41148E0));
#13861=DIRECTION('',(1.E0,0.E0,0.E0));
#13862=DIRECTION('',(0.E0,-1.E0,0.E0));
#13863=AXIS2_PLACEMENT_3D('',#13860,#13861,#13862);
#13864=PLANE('',#13863);
#13865=ORIENTED_EDGE('',*,*,#11759,.F.);
#13867=ORIENTED_EDGE('',*,*,#13866,.T.);
#13868=ORIENTED_EDGE('',*,*,#13849,.T.);
#13870=ORIENTED_EDGE('',*,*,#13869,.F.);
#13871=EDGE_LOOP('',(#13865,#13867,#13868,#13870));
#13872=FACE_OUTER_BOUND('',#13871,.F.);
#13873=ADVANCED_FACE('',(#13872),#13864,.F.);
#13874=CARTESIAN_POINT('',(-2.875E1,2.052000244E1,-9.41148E0));
#13875=DIRECTION('',(0.E0,1.E0,0.E0));
#13876=DIRECTION('',(1.E0,0.E0,0.E0));
#13877=AXIS2_PLACEMENT_3D('',#13874,#13875,#13876);
#13878=PLANE('',#13877);
#13879=ORIENTED_EDGE('',*,*,#11765,.F.);
#13881=ORIENTED_EDGE('',*,*,#13880,.T.);
#13882=ORIENTED_EDGE('',*,*,#13851,.T.);
#13883=ORIENTED_EDGE('',*,*,#13866,.F.);
#13884=EDGE_LOOP('',(#13879,#13881,#13882,#13883));
#13885=FACE_OUTER_BOUND('',#13884,.F.);
#13886=ADVANCED_FACE('',(#13885),#13878,.F.);
#13887=CARTESIAN_POINT('',(-2.875E1,1.952000244E1,-9.41148E0));
#13888=DIRECTION('',(-1.E0,0.E0,0.E0));
#13889=DIRECTION('',(0.E0,1.E0,0.E0));
#13890=AXIS2_PLACEMENT_3D('',#13887,#13888,#13889);
#13891=PLANE('',#13890);
#13892=ORIENTED_EDGE('',*,*,#11763,.F.);
#13894=ORIENTED_EDGE('',*,*,#13893,.T.);
#13895=ORIENTED_EDGE('',*,*,#13853,.T.);
#13896=ORIENTED_EDGE('',*,*,#13880,.F.);
#13897=EDGE_LOOP('',(#13892,#13894,#13895,#13896));
#13898=FACE_OUTER_BOUND('',#13897,.F.);
#13899=ADVANCED_FACE('',(#13898),#13891,.F.);
#13900=CARTESIAN_POINT('',(-2.775E1,1.952000244E1,-9.41148E0));
#13901=DIRECTION('',(0.E0,-1.E0,0.E0));
#13902=DIRECTION('',(-1.E0,0.E0,0.E0));
#13903=AXIS2_PLACEMENT_3D('',#13900,#13901,#13902);
#13904=PLANE('',#13903);
#13905=ORIENTED_EDGE('',*,*,#11761,.F.);
#13906=ORIENTED_EDGE('',*,*,#13869,.T.);
#13907=ORIENTED_EDGE('',*,*,#13855,.T.);
#13908=ORIENTED_EDGE('',*,*,#13893,.F.);
#13909=EDGE_LOOP('',(#13905,#13906,#13907,#13908));
#13910=FACE_OUTER_BOUND('',#13909,.F.);
#13911=ADVANCED_FACE('',(#13910),#13904,.F.);
#13912=CARTESIAN_POINT('',(-9.95E0,1.798000244E1,-9.41148E0));
#13913=DIRECTION('',(1.E0,0.E0,0.E0));
#13914=DIRECTION('',(0.E0,-1.E0,0.E0));
#13915=AXIS2_PLACEMENT_3D('',#13912,#13913,#13914);
#13916=PLANE('',#13915);
#13917=ORIENTED_EDGE('',*,*,#11553,.F.);
#13919=ORIENTED_EDGE('',*,*,#13918,.T.);
#13921=ORIENTED_EDGE('',*,*,#13920,.T.);
#13923=ORIENTED_EDGE('',*,*,#13922,.F.);
#13924=EDGE_LOOP('',(#13917,#13919,#13921,#13923));
#13925=FACE_OUTER_BOUND('',#13924,.F.);
#13926=ADVANCED_FACE('',(#13925),#13916,.F.);
#13927=CARTESIAN_POINT('',(-1.095E1,1.798000244E1,-9.41148E0));
#13928=DIRECTION('',(0.E0,1.E0,0.E0));
#13929=DIRECTION('',(1.E0,0.E0,0.E0));
#13930=AXIS2_PLACEMENT_3D('',#13927,#13928,#13929);
#13931=PLANE('',#13930);
#13932=ORIENTED_EDGE('',*,*,#11559,.F.);
#13934=ORIENTED_EDGE('',*,*,#13933,.T.);
#13936=ORIENTED_EDGE('',*,*,#13935,.T.);
#13937=ORIENTED_EDGE('',*,*,#13918,.F.);
#13938=EDGE_LOOP('',(#13932,#13934,#13936,#13937));
#13939=FACE_OUTER_BOUND('',#13938,.F.);
#13940=ADVANCED_FACE('',(#13939),#13931,.F.);
#13941=CARTESIAN_POINT('',(-1.095E1,1.698000244E1,-9.41148E0));
#13942=DIRECTION('',(-1.E0,0.E0,0.E0));
#13943=DIRECTION('',(0.E0,1.E0,0.E0));
#13944=AXIS2_PLACEMENT_3D('',#13941,#13942,#13943);
#13945=PLANE('',#13944);
#13946=ORIENTED_EDGE('',*,*,#11557,.F.);
#13948=ORIENTED_EDGE('',*,*,#13947,.T.);
#13950=ORIENTED_EDGE('',*,*,#13949,.T.);
#13951=ORIENTED_EDGE('',*,*,#13933,.F.);
#13952=EDGE_LOOP('',(#13946,#13948,#13950,#13951));
#13953=FACE_OUTER_BOUND('',#13952,.F.);
#13954=ADVANCED_FACE('',(#13953),#13945,.F.);
#13955=CARTESIAN_POINT('',(-9.95E0,1.698000244E1,-9.41148E0));
#13956=DIRECTION('',(0.E0,-1.E0,0.E0));
#13957=DIRECTION('',(-1.E0,0.E0,0.E0));
#13958=AXIS2_PLACEMENT_3D('',#13955,#13956,#13957);
#13959=PLANE('',#13958);
#13960=ORIENTED_EDGE('',*,*,#11555,.F.);
#13961=ORIENTED_EDGE('',*,*,#13922,.T.);
#13963=ORIENTED_EDGE('',*,*,#13962,.T.);
#13964=ORIENTED_EDGE('',*,*,#13947,.F.);
#13965=EDGE_LOOP('',(#13960,#13961,#13963,#13964));
#13966=FACE_OUTER_BOUND('',#13965,.F.);
#13967=ADVANCED_FACE('',(#13966),#13959,.F.);
#13968=CARTESIAN_POINT('',(0.E0,-3.81E1,-1.41148E0));
#13969=DIRECTION('',(0.E0,0.E0,-1.E0));
#13970=DIRECTION('',(-1.E0,0.E0,0.E0));
#13971=AXIS2_PLACEMENT_3D('',#13968,#13969,#13970);
#13972=PLANE('',#13971);
#13973=ORIENTED_EDGE('',*,*,#13920,.F.);
#13974=ORIENTED_EDGE('',*,*,#13935,.F.);
#13975=ORIENTED_EDGE('',*,*,#13949,.F.);
#13976=ORIENTED_EDGE('',*,*,#13962,.F.);
#13977=EDGE_LOOP('',(#13973,#13974,#13975,#13976));
#13978=FACE_OUTER_BOUND('',#13977,.F.);
#13979=ADVANCED_FACE('',(#13978),#13972,.T.);
#13980=CARTESIAN_POINT('',(0.E0,-3.81E1,-1.41148E0));
#13981=DIRECTION('',(0.E0,0.E0,-1.E0));
#13982=DIRECTION('',(-1.E0,0.E0,0.E0));
#13983=AXIS2_PLACEMENT_3D('',#13980,#13981,#13982);
#13984=PLANE('',#13983);
#13986=ORIENTED_EDGE('',*,*,#13985,.F.);
#13988=ORIENTED_EDGE('',*,*,#13987,.F.);
#13990=ORIENTED_EDGE('',*,*,#13989,.F.);
#13992=ORIENTED_EDGE('',*,*,#13991,.F.);
#13993=EDGE_LOOP('',(#13986,#13988,#13990,#13992));
#13994=FACE_OUTER_BOUND('',#13993,.F.);
#13995=ADVANCED_FACE('',(#13994),#13984,.T.);
#13996=CARTESIAN_POINT('',(-2.775E1,1.798000244E1,-9.41148E0));
#13997=DIRECTION('',(1.E0,0.E0,0.E0));
#13998=DIRECTION('',(0.E0,-1.E0,0.E0));
#13999=AXIS2_PLACEMENT_3D('',#13996,#13997,#13998);
#14000=PLANE('',#13999);
#14001=ORIENTED_EDGE('',*,*,#11769,.F.);
#14003=ORIENTED_EDGE('',*,*,#14002,.T.);
#14004=ORIENTED_EDGE('',*,*,#13985,.T.);
#14006=ORIENTED_EDGE('',*,*,#14005,.F.);
#14007=EDGE_LOOP('',(#14001,#14003,#14004,#14006));
#14008=FACE_OUTER_BOUND('',#14007,.F.);
#14009=ADVANCED_FACE('',(#14008),#14000,.F.);
#14010=CARTESIAN_POINT('',(-2.875E1,1.798000244E1,-9.41148E0));
#14011=DIRECTION('',(0.E0,1.E0,0.E0));
#14012=DIRECTION('',(1.E0,0.E0,0.E0));
#14013=AXIS2_PLACEMENT_3D('',#14010,#14011,#14012);
#14014=PLANE('',#14013);
#14015=ORIENTED_EDGE('',*,*,#11775,.F.);
#14017=ORIENTED_EDGE('',*,*,#14016,.T.);
#14018=ORIENTED_EDGE('',*,*,#13987,.T.);
#14019=ORIENTED_EDGE('',*,*,#14002,.F.);
#14020=EDGE_LOOP('',(#14015,#14017,#14018,#14019));
#14021=FACE_OUTER_BOUND('',#14020,.F.);
#14022=ADVANCED_FACE('',(#14021),#14014,.F.);
#14023=CARTESIAN_POINT('',(-2.875E1,1.698000244E1,-9.41148E0));
#14024=DIRECTION('',(-1.E0,0.E0,0.E0));
#14025=DIRECTION('',(0.E0,1.E0,0.E0));
#14026=AXIS2_PLACEMENT_3D('',#14023,#14024,#14025);
#14027=PLANE('',#14026);
#14028=ORIENTED_EDGE('',*,*,#11773,.F.);
#14030=ORIENTED_EDGE('',*,*,#14029,.T.);
#14031=ORIENTED_EDGE('',*,*,#13989,.T.);
#14032=ORIENTED_EDGE('',*,*,#14016,.F.);
#14033=EDGE_LOOP('',(#14028,#14030,#14031,#14032));
#14034=FACE_OUTER_BOUND('',#14033,.F.);
#14035=ADVANCED_FACE('',(#14034),#14027,.F.);
#14036=CARTESIAN_POINT('',(-2.775E1,1.698000244E1,-9.41148E0));
#14037=DIRECTION('',(0.E0,-1.E0,0.E0));
#14038=DIRECTION('',(-1.E0,0.E0,0.E0));
#14039=AXIS2_PLACEMENT_3D('',#14036,#14037,#14038);
#14040=PLANE('',#14039);
#14041=ORIENTED_EDGE('',*,*,#11771,.F.);
#14042=ORIENTED_EDGE('',*,*,#14005,.T.);
#14043=ORIENTED_EDGE('',*,*,#13991,.T.);
#14044=ORIENTED_EDGE('',*,*,#14029,.F.);
#14045=EDGE_LOOP('',(#14041,#14042,#14043,#14044));
#14046=FACE_OUTER_BOUND('',#14045,.F.);
#14047=ADVANCED_FACE('',(#14046),#14040,.F.);
#14048=CARTESIAN_POINT('',(-9.95E0,1.544000244E1,-9.41148E0));
#14049=DIRECTION('',(1.E0,0.E0,0.E0));
#14050=DIRECTION('',(0.E0,-1.E0,0.E0));
#14051=AXIS2_PLACEMENT_3D('',#14048,#14049,#14050);
#14052=PLANE('',#14051);
#14053=ORIENTED_EDGE('',*,*,#11563,.F.);
#14055=ORIENTED_EDGE('',*,*,#14054,.T.);
#14057=ORIENTED_EDGE('',*,*,#14056,.T.);
#14059=ORIENTED_EDGE('',*,*,#14058,.F.);
#14060=EDGE_LOOP('',(#14053,#14055,#14057,#14059));
#14061=FACE_OUTER_BOUND('',#14060,.F.);
#14062=ADVANCED_FACE('',(#14061),#14052,.F.);
#14063=CARTESIAN_POINT('',(-1.095E1,1.544000244E1,-9.41148E0));
#14064=DIRECTION('',(0.E0,1.E0,0.E0));
#14065=DIRECTION('',(1.E0,0.E0,0.E0));
#14066=AXIS2_PLACEMENT_3D('',#14063,#14064,#14065);
#14067=PLANE('',#14066);
#14068=ORIENTED_EDGE('',*,*,#11569,.F.);
#14070=ORIENTED_EDGE('',*,*,#14069,.T.);
#14072=ORIENTED_EDGE('',*,*,#14071,.T.);
#14073=ORIENTED_EDGE('',*,*,#14054,.F.);
#14074=EDGE_LOOP('',(#14068,#14070,#14072,#14073));
#14075=FACE_OUTER_BOUND('',#14074,.F.);
#14076=ADVANCED_FACE('',(#14075),#14067,.F.);
#14077=CARTESIAN_POINT('',(-1.095E1,1.444000244E1,-9.41148E0));
#14078=DIRECTION('',(-1.E0,0.E0,0.E0));
#14079=DIRECTION('',(0.E0,1.E0,0.E0));
#14080=AXIS2_PLACEMENT_3D('',#14077,#14078,#14079);
#14081=PLANE('',#14080);
#14082=ORIENTED_EDGE('',*,*,#11567,.F.);
#14084=ORIENTED_EDGE('',*,*,#14083,.T.);
#14086=ORIENTED_EDGE('',*,*,#14085,.T.);
#14087=ORIENTED_EDGE('',*,*,#14069,.F.);
#14088=EDGE_LOOP('',(#14082,#14084,#14086,#14087));
#14089=FACE_OUTER_BOUND('',#14088,.F.);
#14090=ADVANCED_FACE('',(#14089),#14081,.F.);
#14091=CARTESIAN_POINT('',(-9.95E0,1.444000244E1,-9.41148E0));
#14092=DIRECTION('',(0.E0,-1.E0,0.E0));
#14093=DIRECTION('',(-1.E0,0.E0,0.E0));
#14094=AXIS2_PLACEMENT_3D('',#14091,#14092,#14093);
#14095=PLANE('',#14094);
#14096=ORIENTED_EDGE('',*,*,#11565,.F.);
#14097=ORIENTED_EDGE('',*,*,#14058,.T.);
#14099=ORIENTED_EDGE('',*,*,#14098,.T.);
#14100=ORIENTED_EDGE('',*,*,#14083,.F.);
#14101=EDGE_LOOP('',(#14096,#14097,#14099,#14100));
#14102=FACE_OUTER_BOUND('',#14101,.F.);
#14103=ADVANCED_FACE('',(#14102),#14095,.F.);
#14104=CARTESIAN_POINT('',(0.E0,-4.064E1,-1.41148E0));
#14105=DIRECTION('',(0.E0,0.E0,-1.E0));
#14106=DIRECTION('',(-1.E0,0.E0,0.E0));
#14107=AXIS2_PLACEMENT_3D('',#14104,#14105,#14106);
#14108=PLANE('',#14107);
#14109=ORIENTED_EDGE('',*,*,#14056,.F.);
#14110=ORIENTED_EDGE('',*,*,#14071,.F.);
#14111=ORIENTED_EDGE('',*,*,#14085,.F.);
#14112=ORIENTED_EDGE('',*,*,#14098,.F.);
#14113=EDGE_LOOP('',(#14109,#14110,#14111,#14112));
#14114=FACE_OUTER_BOUND('',#14113,.F.);
#14115=ADVANCED_FACE('',(#14114),#14108,.T.);
#14116=CARTESIAN_POINT('',(0.E0,-4.064E1,-1.41148E0));
#14117=DIRECTION('',(0.E0,0.E0,-1.E0));
#14118=DIRECTION('',(-1.E0,0.E0,0.E0));
#14119=AXIS2_PLACEMENT_3D('',#14116,#14117,#14118);
#14120=PLANE('',#14119);
#14122=ORIENTED_EDGE('',*,*,#14121,.F.);
#14124=ORIENTED_EDGE('',*,*,#14123,.F.);
#14126=ORIENTED_EDGE('',*,*,#14125,.F.);
#14128=ORIENTED_EDGE('',*,*,#14127,.F.);
#14129=EDGE_LOOP('',(#14122,#14124,#14126,#14128));
#14130=FACE_OUTER_BOUND('',#14129,.F.);
#14131=ADVANCED_FACE('',(#14130),#14120,.T.);
#14132=CARTESIAN_POINT('',(-2.775E1,1.544000244E1,-9.41148E0));
#14133=DIRECTION('',(1.E0,0.E0,0.E0));
#14134=DIRECTION('',(0.E0,-1.E0,0.E0));
#14135=AXIS2_PLACEMENT_3D('',#14132,#14133,#14134);
#14136=PLANE('',#14135);
#14137=ORIENTED_EDGE('',*,*,#11779,.F.);
#14139=ORIENTED_EDGE('',*,*,#14138,.T.);
#14140=ORIENTED_EDGE('',*,*,#14121,.T.);
#14142=ORIENTED_EDGE('',*,*,#14141,.F.);
#14143=EDGE_LOOP('',(#14137,#14139,#14140,#14142));
#14144=FACE_OUTER_BOUND('',#14143,.F.);
#14145=ADVANCED_FACE('',(#14144),#14136,.F.);
#14146=CARTESIAN_POINT('',(-2.875E1,1.544000244E1,-9.41148E0));
#14147=DIRECTION('',(0.E0,1.E0,0.E0));
#14148=DIRECTION('',(1.E0,0.E0,0.E0));
#14149=AXIS2_PLACEMENT_3D('',#14146,#14147,#14148);
#14150=PLANE('',#14149);
#14151=ORIENTED_EDGE('',*,*,#11785,.F.);
#14153=ORIENTED_EDGE('',*,*,#14152,.T.);
#14154=ORIENTED_EDGE('',*,*,#14123,.T.);
#14155=ORIENTED_EDGE('',*,*,#14138,.F.);
#14156=EDGE_LOOP('',(#14151,#14153,#14154,#14155));
#14157=FACE_OUTER_BOUND('',#14156,.F.);
#14158=ADVANCED_FACE('',(#14157),#14150,.F.);
#14159=CARTESIAN_POINT('',(-2.875E1,1.444000244E1,-9.41148E0));
#14160=DIRECTION('',(-1.E0,0.E0,0.E0));
#14161=DIRECTION('',(0.E0,1.E0,0.E0));
#14162=AXIS2_PLACEMENT_3D('',#14159,#14160,#14161);
#14163=PLANE('',#14162);
#14164=ORIENTED_EDGE('',*,*,#11783,.F.);
#14166=ORIENTED_EDGE('',*,*,#14165,.T.);
#14167=ORIENTED_EDGE('',*,*,#14125,.T.);
#14168=ORIENTED_EDGE('',*,*,#14152,.F.);
#14169=EDGE_LOOP('',(#14164,#14166,#14167,#14168));
#14170=FACE_OUTER_BOUND('',#14169,.F.);
#14171=ADVANCED_FACE('',(#14170),#14163,.F.);
#14172=CARTESIAN_POINT('',(-2.775E1,1.444000244E1,-9.41148E0));
#14173=DIRECTION('',(0.E0,-1.E0,0.E0));
#14174=DIRECTION('',(-1.E0,0.E0,0.E0));
#14175=AXIS2_PLACEMENT_3D('',#14172,#14173,#14174);
#14176=PLANE('',#14175);
#14177=ORIENTED_EDGE('',*,*,#11781,.F.);
#14178=ORIENTED_EDGE('',*,*,#14141,.T.);
#14179=ORIENTED_EDGE('',*,*,#14127,.T.);
#14180=ORIENTED_EDGE('',*,*,#14165,.F.);
#14181=EDGE_LOOP('',(#14177,#14178,#14179,#14180));
#14182=FACE_OUTER_BOUND('',#14181,.F.);
#14183=ADVANCED_FACE('',(#14182),#14176,.F.);
#14184=CARTESIAN_POINT('',(-9.95E0,1.290000244E1,-9.41148E0));
#14185=DIRECTION('',(1.E0,0.E0,0.E0));
#14186=DIRECTION('',(0.E0,-1.E0,0.E0));
#14187=AXIS2_PLACEMENT_3D('',#14184,#14185,#14186);
#14188=PLANE('',#14187);
#14189=ORIENTED_EDGE('',*,*,#11573,.F.);
#14191=ORIENTED_EDGE('',*,*,#14190,.T.);
#14193=ORIENTED_EDGE('',*,*,#14192,.T.);
#14195=ORIENTED_EDGE('',*,*,#14194,.F.);
#14196=EDGE_LOOP('',(#14189,#14191,#14193,#14195));
#14197=FACE_OUTER_BOUND('',#14196,.F.);
#14198=ADVANCED_FACE('',(#14197),#14188,.F.);
#14199=CARTESIAN_POINT('',(-1.095E1,1.290000244E1,-9.41148E0));
#14200=DIRECTION('',(0.E0,1.E0,0.E0));
#14201=DIRECTION('',(1.E0,0.E0,0.E0));
#14202=AXIS2_PLACEMENT_3D('',#14199,#14200,#14201);
#14203=PLANE('',#14202);
#14204=ORIENTED_EDGE('',*,*,#11579,.F.);
#14206=ORIENTED_EDGE('',*,*,#14205,.T.);
#14208=ORIENTED_EDGE('',*,*,#14207,.T.);
#14209=ORIENTED_EDGE('',*,*,#14190,.F.);
#14210=EDGE_LOOP('',(#14204,#14206,#14208,#14209));
#14211=FACE_OUTER_BOUND('',#14210,.F.);
#14212=ADVANCED_FACE('',(#14211),#14203,.F.);
#14213=CARTESIAN_POINT('',(-1.095E1,1.190000244E1,-9.41148E0));
#14214=DIRECTION('',(-1.E0,0.E0,0.E0));
#14215=DIRECTION('',(0.E0,1.E0,0.E0));
#14216=AXIS2_PLACEMENT_3D('',#14213,#14214,#14215);
#14217=PLANE('',#14216);
#14218=ORIENTED_EDGE('',*,*,#11577,.F.);
#14220=ORIENTED_EDGE('',*,*,#14219,.T.);
#14222=ORIENTED_EDGE('',*,*,#14221,.T.);
#14223=ORIENTED_EDGE('',*,*,#14205,.F.);
#14224=EDGE_LOOP('',(#14218,#14220,#14222,#14223));
#14225=FACE_OUTER_BOUND('',#14224,.F.);
#14226=ADVANCED_FACE('',(#14225),#14217,.F.);
#14227=CARTESIAN_POINT('',(-9.95E0,1.190000244E1,-9.41148E0));
#14228=DIRECTION('',(0.E0,-1.E0,0.E0));
#14229=DIRECTION('',(-1.E0,0.E0,0.E0));
#14230=AXIS2_PLACEMENT_3D('',#14227,#14228,#14229);
#14231=PLANE('',#14230);
#14232=ORIENTED_EDGE('',*,*,#11575,.F.);
#14233=ORIENTED_EDGE('',*,*,#14194,.T.);
#14235=ORIENTED_EDGE('',*,*,#14234,.T.);
#14236=ORIENTED_EDGE('',*,*,#14219,.F.);
#14237=EDGE_LOOP('',(#14232,#14233,#14235,#14236));
#14238=FACE_OUTER_BOUND('',#14237,.F.);
#14239=ADVANCED_FACE('',(#14238),#14231,.F.);
#14240=CARTESIAN_POINT('',(0.E0,-4.318E1,-1.41148E0));
#14241=DIRECTION('',(0.E0,0.E0,-1.E0));
#14242=DIRECTION('',(-1.E0,0.E0,0.E0));
#14243=AXIS2_PLACEMENT_3D('',#14240,#14241,#14242);
#14244=PLANE('',#14243);
#14245=ORIENTED_EDGE('',*,*,#14192,.F.);
#14246=ORIENTED_EDGE('',*,*,#14207,.F.);
#14247=ORIENTED_EDGE('',*,*,#14221,.F.);
#14248=ORIENTED_EDGE('',*,*,#14234,.F.);
#14249=EDGE_LOOP('',(#14245,#14246,#14247,#14248));
#14250=FACE_OUTER_BOUND('',#14249,.F.);
#14251=ADVANCED_FACE('',(#14250),#14244,.T.);
#14252=CARTESIAN_POINT('',(0.E0,-4.318E1,-1.41148E0));
#14253=DIRECTION('',(0.E0,0.E0,-1.E0));
#14254=DIRECTION('',(-1.E0,0.E0,0.E0));
#14255=AXIS2_PLACEMENT_3D('',#14252,#14253,#14254);
#14256=PLANE('',#14255);
#14258=ORIENTED_EDGE('',*,*,#14257,.F.);
#14260=ORIENTED_EDGE('',*,*,#14259,.F.);
#14262=ORIENTED_EDGE('',*,*,#14261,.F.);
#14264=ORIENTED_EDGE('',*,*,#14263,.F.);
#14265=EDGE_LOOP('',(#14258,#14260,#14262,#14264));
#14266=FACE_OUTER_BOUND('',#14265,.F.);
#14267=ADVANCED_FACE('',(#14266),#14256,.T.);
#14268=CARTESIAN_POINT('',(-2.775E1,1.290000244E1,-9.41148E0));
#14269=DIRECTION('',(1.E0,0.E0,0.E0));
#14270=DIRECTION('',(0.E0,-1.E0,0.E0));
#14271=AXIS2_PLACEMENT_3D('',#14268,#14269,#14270);
#14272=PLANE('',#14271);
#14273=ORIENTED_EDGE('',*,*,#11789,.F.);
#14275=ORIENTED_EDGE('',*,*,#14274,.T.);
#14276=ORIENTED_EDGE('',*,*,#14257,.T.);
#14278=ORIENTED_EDGE('',*,*,#14277,.F.);
#14279=EDGE_LOOP('',(#14273,#14275,#14276,#14278));
#14280=FACE_OUTER_BOUND('',#14279,.F.);
#14281=ADVANCED_FACE('',(#14280),#14272,.F.);
#14282=CARTESIAN_POINT('',(-2.875E1,1.290000244E1,-9.41148E0));
#14283=DIRECTION('',(0.E0,1.E0,0.E0));
#14284=DIRECTION('',(1.E0,0.E0,0.E0));
#14285=AXIS2_PLACEMENT_3D('',#14282,#14283,#14284);
#14286=PLANE('',#14285);
#14287=ORIENTED_EDGE('',*,*,#11795,.F.);
#14289=ORIENTED_EDGE('',*,*,#14288,.T.);
#14290=ORIENTED_EDGE('',*,*,#14259,.T.);
#14291=ORIENTED_EDGE('',*,*,#14274,.F.);
#14292=EDGE_LOOP('',(#14287,#14289,#14290,#14291));
#14293=FACE_OUTER_BOUND('',#14292,.F.);
#14294=ADVANCED_FACE('',(#14293),#14286,.F.);
#14295=CARTESIAN_POINT('',(-2.875E1,1.190000244E1,-9.41148E0));
#14296=DIRECTION('',(-1.E0,0.E0,0.E0));
#14297=DIRECTION('',(0.E0,1.E0,0.E0));
#14298=AXIS2_PLACEMENT_3D('',#14295,#14296,#14297);
#14299=PLANE('',#14298);
#14300=ORIENTED_EDGE('',*,*,#11793,.F.);
#14302=ORIENTED_EDGE('',*,*,#14301,.T.);
#14303=ORIENTED_EDGE('',*,*,#14261,.T.);
#14304=ORIENTED_EDGE('',*,*,#14288,.F.);
#14305=EDGE_LOOP('',(#14300,#14302,#14303,#14304));
#14306=FACE_OUTER_BOUND('',#14305,.F.);
#14307=ADVANCED_FACE('',(#14306),#14299,.F.);
#14308=CARTESIAN_POINT('',(-2.775E1,1.190000244E1,-9.41148E0));
#14309=DIRECTION('',(0.E0,-1.E0,0.E0));
#14310=DIRECTION('',(-1.E0,0.E0,0.E0));
#14311=AXIS2_PLACEMENT_3D('',#14308,#14309,#14310);
#14312=PLANE('',#14311);
#14313=ORIENTED_EDGE('',*,*,#11791,.F.);
#14314=ORIENTED_EDGE('',*,*,#14277,.T.);
#14315=ORIENTED_EDGE('',*,*,#14263,.T.);
#14316=ORIENTED_EDGE('',*,*,#14301,.F.);
#14317=EDGE_LOOP('',(#14313,#14314,#14315,#14316));
#14318=FACE_OUTER_BOUND('',#14317,.F.);
#14319=ADVANCED_FACE('',(#14318),#14312,.F.);
#14320=CARTESIAN_POINT('',(-9.95E0,1.036000244E1,-9.41148E0));
#14321=DIRECTION('',(1.E0,0.E0,0.E0));
#14322=DIRECTION('',(0.E0,-1.E0,0.E0));
#14323=AXIS2_PLACEMENT_3D('',#14320,#14321,#14322);
#14324=PLANE('',#14323);
#14325=ORIENTED_EDGE('',*,*,#11583,.F.);
#14327=ORIENTED_EDGE('',*,*,#14326,.T.);
#14329=ORIENTED_EDGE('',*,*,#14328,.T.);
#14331=ORIENTED_EDGE('',*,*,#14330,.F.);
#14332=EDGE_LOOP('',(#14325,#14327,#14329,#14331));
#14333=FACE_OUTER_BOUND('',#14332,.F.);
#14334=ADVANCED_FACE('',(#14333),#14324,.F.);
#14335=CARTESIAN_POINT('',(-1.095E1,1.036000244E1,-9.41148E0));
#14336=DIRECTION('',(0.E0,1.E0,0.E0));
#14337=DIRECTION('',(1.E0,0.E0,0.E0));
#14338=AXIS2_PLACEMENT_3D('',#14335,#14336,#14337);
#14339=PLANE('',#14338);
#14340=ORIENTED_EDGE('',*,*,#11589,.F.);
#14342=ORIENTED_EDGE('',*,*,#14341,.T.);
#14344=ORIENTED_EDGE('',*,*,#14343,.T.);
#14345=ORIENTED_EDGE('',*,*,#14326,.F.);
#14346=EDGE_LOOP('',(#14340,#14342,#14344,#14345));
#14347=FACE_OUTER_BOUND('',#14346,.F.);
#14348=ADVANCED_FACE('',(#14347),#14339,.F.);
#14349=CARTESIAN_POINT('',(-1.095E1,9.36000244E0,-9.41148E0));
#14350=DIRECTION('',(-1.E0,0.E0,0.E0));
#14351=DIRECTION('',(0.E0,1.E0,0.E0));
#14352=AXIS2_PLACEMENT_3D('',#14349,#14350,#14351);
#14353=PLANE('',#14352);
#14354=ORIENTED_EDGE('',*,*,#11587,.F.);
#14356=ORIENTED_EDGE('',*,*,#14355,.T.);
#14358=ORIENTED_EDGE('',*,*,#14357,.T.);
#14359=ORIENTED_EDGE('',*,*,#14341,.F.);
#14360=EDGE_LOOP('',(#14354,#14356,#14358,#14359));
#14361=FACE_OUTER_BOUND('',#14360,.F.);
#14362=ADVANCED_FACE('',(#14361),#14353,.F.);
#14363=CARTESIAN_POINT('',(-9.95E0,9.36000244E0,-9.41148E0));
#14364=DIRECTION('',(0.E0,-1.E0,0.E0));
#14365=DIRECTION('',(-1.E0,0.E0,0.E0));
#14366=AXIS2_PLACEMENT_3D('',#14363,#14364,#14365);
#14367=PLANE('',#14366);
#14368=ORIENTED_EDGE('',*,*,#11585,.F.);
#14369=ORIENTED_EDGE('',*,*,#14330,.T.);
#14371=ORIENTED_EDGE('',*,*,#14370,.T.);
#14372=ORIENTED_EDGE('',*,*,#14355,.F.);
#14373=EDGE_LOOP('',(#14368,#14369,#14371,#14372));
#14374=FACE_OUTER_BOUND('',#14373,.F.);
#14375=ADVANCED_FACE('',(#14374),#14367,.F.);
#14376=CARTESIAN_POINT('',(0.E0,-4.572E1,-1.41148E0));
#14377=DIRECTION('',(0.E0,0.E0,-1.E0));
#14378=DIRECTION('',(-1.E0,0.E0,0.E0));
#14379=AXIS2_PLACEMENT_3D('',#14376,#14377,#14378);
#14380=PLANE('',#14379);
#14381=ORIENTED_EDGE('',*,*,#14328,.F.);
#14382=ORIENTED_EDGE('',*,*,#14343,.F.);
#14383=ORIENTED_EDGE('',*,*,#14357,.F.);
#14384=ORIENTED_EDGE('',*,*,#14370,.F.);
#14385=EDGE_LOOP('',(#14381,#14382,#14383,#14384));
#14386=FACE_OUTER_BOUND('',#14385,.F.);
#14387=ADVANCED_FACE('',(#14386),#14380,.T.);
#14388=CARTESIAN_POINT('',(0.E0,-4.572E1,-1.41148E0));
#14389=DIRECTION('',(0.E0,0.E0,-1.E0));
#14390=DIRECTION('',(-1.E0,0.E0,0.E0));
#14391=AXIS2_PLACEMENT_3D('',#14388,#14389,#14390);
#14392=PLANE('',#14391);
#14394=ORIENTED_EDGE('',*,*,#14393,.F.);
#14396=ORIENTED_EDGE('',*,*,#14395,.F.);
#14398=ORIENTED_EDGE('',*,*,#14397,.F.);
#14400=ORIENTED_EDGE('',*,*,#14399,.F.);
#14401=EDGE_LOOP('',(#14394,#14396,#14398,#14400));
#14402=FACE_OUTER_BOUND('',#14401,.F.);
#14403=ADVANCED_FACE('',(#14402),#14392,.T.);
#14404=CARTESIAN_POINT('',(-2.775E1,1.036000244E1,-9.41148E0));
#14405=DIRECTION('',(1.E0,0.E0,0.E0));
#14406=DIRECTION('',(0.E0,-1.E0,0.E0));
#14407=AXIS2_PLACEMENT_3D('',#14404,#14405,#14406);
#14408=PLANE('',#14407);
#14409=ORIENTED_EDGE('',*,*,#11799,.F.);
#14411=ORIENTED_EDGE('',*,*,#14410,.T.);
#14412=ORIENTED_EDGE('',*,*,#14393,.T.);
#14414=ORIENTED_EDGE('',*,*,#14413,.F.);
#14415=EDGE_LOOP('',(#14409,#14411,#14412,#14414));
#14416=FACE_OUTER_BOUND('',#14415,.F.);
#14417=ADVANCED_FACE('',(#14416),#14408,.F.);
#14418=CARTESIAN_POINT('',(-2.875E1,1.036000244E1,-9.41148E0));
#14419=DIRECTION('',(0.E0,1.E0,0.E0));
#14420=DIRECTION('',(1.E0,0.E0,0.E0));
#14421=AXIS2_PLACEMENT_3D('',#14418,#14419,#14420);
#14422=PLANE('',#14421);
#14423=ORIENTED_EDGE('',*,*,#11805,.F.);
#14425=ORIENTED_EDGE('',*,*,#14424,.T.);
#14426=ORIENTED_EDGE('',*,*,#14395,.T.);
#14427=ORIENTED_EDGE('',*,*,#14410,.F.);
#14428=EDGE_LOOP('',(#14423,#14425,#14426,#14427));
#14429=FACE_OUTER_BOUND('',#14428,.F.);
#14430=ADVANCED_FACE('',(#14429),#14422,.F.);
#14431=CARTESIAN_POINT('',(-2.875E1,9.36000244E0,-9.41148E0));
#14432=DIRECTION('',(-1.E0,0.E0,0.E0));
#14433=DIRECTION('',(0.E0,1.E0,0.E0));
#14434=AXIS2_PLACEMENT_3D('',#14431,#14432,#14433);
#14435=PLANE('',#14434);
#14436=ORIENTED_EDGE('',*,*,#11803,.F.);
#14438=ORIENTED_EDGE('',*,*,#14437,.T.);
#14439=ORIENTED_EDGE('',*,*,#14397,.T.);
#14440=ORIENTED_EDGE('',*,*,#14424,.F.);
#14441=EDGE_LOOP('',(#14436,#14438,#14439,#14440));
#14442=FACE_OUTER_BOUND('',#14441,.F.);
#14443=ADVANCED_FACE('',(#14442),#14435,.F.);
#14444=CARTESIAN_POINT('',(-2.775E1,9.36000244E0,-9.41148E0));
#14445=DIRECTION('',(0.E0,-1.E0,0.E0));
#14446=DIRECTION('',(-1.E0,0.E0,0.E0));
#14447=AXIS2_PLACEMENT_3D('',#14444,#14445,#14446);
#14448=PLANE('',#14447);
#14449=ORIENTED_EDGE('',*,*,#11801,.F.);
#14450=ORIENTED_EDGE('',*,*,#14413,.T.);
#14451=ORIENTED_EDGE('',*,*,#14399,.T.);
#14452=ORIENTED_EDGE('',*,*,#14437,.F.);
#14453=EDGE_LOOP('',(#14449,#14450,#14451,#14452));
#14454=FACE_OUTER_BOUND('',#14453,.F.);
#14455=ADVANCED_FACE('',(#14454),#14448,.F.);
#14456=CARTESIAN_POINT('',(-9.95E0,7.82000244E0,-9.41148E0));
#14457=DIRECTION('',(1.E0,0.E0,0.E0));
#14458=DIRECTION('',(0.E0,-1.E0,0.E0));
#14459=AXIS2_PLACEMENT_3D('',#14456,#14457,#14458);
#14460=PLANE('',#14459);
#14461=ORIENTED_EDGE('',*,*,#11593,.F.);
#14463=ORIENTED_EDGE('',*,*,#14462,.T.);
#14465=ORIENTED_EDGE('',*,*,#14464,.T.);
#14467=ORIENTED_EDGE('',*,*,#14466,.F.);
#14468=EDGE_LOOP('',(#14461,#14463,#14465,#14467));
#14469=FACE_OUTER_BOUND('',#14468,.F.);
#14470=ADVANCED_FACE('',(#14469),#14460,.F.);
#14471=CARTESIAN_POINT('',(-1.095E1,7.82000244E0,-9.41148E0));
#14472=DIRECTION('',(0.E0,1.E0,0.E0));
#14473=DIRECTION('',(1.E0,0.E0,0.E0));
#14474=AXIS2_PLACEMENT_3D('',#14471,#14472,#14473);
#14475=PLANE('',#14474);
#14476=ORIENTED_EDGE('',*,*,#11599,.F.);
#14478=ORIENTED_EDGE('',*,*,#14477,.T.);
#14480=ORIENTED_EDGE('',*,*,#14479,.T.);
#14481=ORIENTED_EDGE('',*,*,#14462,.F.);
#14482=EDGE_LOOP('',(#14476,#14478,#14480,#14481));
#14483=FACE_OUTER_BOUND('',#14482,.F.);
#14484=ADVANCED_FACE('',(#14483),#14475,.F.);
#14485=CARTESIAN_POINT('',(-1.095E1,6.82000244E0,-9.41148E0));
#14486=DIRECTION('',(-1.E0,0.E0,0.E0));
#14487=DIRECTION('',(0.E0,1.E0,0.E0));
#14488=AXIS2_PLACEMENT_3D('',#14485,#14486,#14487);
#14489=PLANE('',#14488);
#14490=ORIENTED_EDGE('',*,*,#11597,.F.);
#14492=ORIENTED_EDGE('',*,*,#14491,.T.);
#14494=ORIENTED_EDGE('',*,*,#14493,.T.);
#14495=ORIENTED_EDGE('',*,*,#14477,.F.);
#14496=EDGE_LOOP('',(#14490,#14492,#14494,#14495));
#14497=FACE_OUTER_BOUND('',#14496,.F.);
#14498=ADVANCED_FACE('',(#14497),#14489,.F.);
#14499=CARTESIAN_POINT('',(-9.95E0,6.82000244E0,-9.41148E0));
#14500=DIRECTION('',(0.E0,-1.E0,0.E0));
#14501=DIRECTION('',(-1.E0,0.E0,0.E0));
#14502=AXIS2_PLACEMENT_3D('',#14499,#14500,#14501);
#14503=PLANE('',#14502);
#14504=ORIENTED_EDGE('',*,*,#11595,.F.);
#14505=ORIENTED_EDGE('',*,*,#14466,.T.);
#14507=ORIENTED_EDGE('',*,*,#14506,.T.);
#14508=ORIENTED_EDGE('',*,*,#14491,.F.);
#14509=EDGE_LOOP('',(#14504,#14505,#14507,#14508));
#14510=FACE_OUTER_BOUND('',#14509,.F.);
#14511=ADVANCED_FACE('',(#14510),#14503,.F.);
#14512=CARTESIAN_POINT('',(0.E0,-4.826E1,-1.41148E0));
#14513=DIRECTION('',(0.E0,0.E0,-1.E0));
#14514=DIRECTION('',(-1.E0,0.E0,0.E0));
#14515=AXIS2_PLACEMENT_3D('',#14512,#14513,#14514);
#14516=PLANE('',#14515);
#14517=ORIENTED_EDGE('',*,*,#14464,.F.);
#14518=ORIENTED_EDGE('',*,*,#14479,.F.);
#14519=ORIENTED_EDGE('',*,*,#14493,.F.);
#14520=ORIENTED_EDGE('',*,*,#14506,.F.);
#14521=EDGE_LOOP('',(#14517,#14518,#14519,#14520));
#14522=FACE_OUTER_BOUND('',#14521,.F.);
#14523=ADVANCED_FACE('',(#14522),#14516,.T.);
#14524=CARTESIAN_POINT('',(0.E0,-4.826E1,-1.41148E0));
#14525=DIRECTION('',(0.E0,0.E0,-1.E0));
#14526=DIRECTION('',(-1.E0,0.E0,0.E0));
#14527=AXIS2_PLACEMENT_3D('',#14524,#14525,#14526);
#14528=PLANE('',#14527);
#14530=ORIENTED_EDGE('',*,*,#14529,.F.);
#14532=ORIENTED_EDGE('',*,*,#14531,.F.);
#14534=ORIENTED_EDGE('',*,*,#14533,.F.);
#14536=ORIENTED_EDGE('',*,*,#14535,.F.);
#14537=EDGE_LOOP('',(#14530,#14532,#14534,#14536));
#14538=FACE_OUTER_BOUND('',#14537,.F.);
#14539=ADVANCED_FACE('',(#14538),#14528,.T.);
#14540=CARTESIAN_POINT('',(-2.775E1,7.82000244E0,-9.41148E0));
#14541=DIRECTION('',(1.E0,0.E0,0.E0));
#14542=DIRECTION('',(0.E0,-1.E0,0.E0));
#14543=AXIS2_PLACEMENT_3D('',#14540,#14541,#14542);
#14544=PLANE('',#14543);
#14545=ORIENTED_EDGE('',*,*,#11809,.F.);
#14547=ORIENTED_EDGE('',*,*,#14546,.T.);
#14548=ORIENTED_EDGE('',*,*,#14529,.T.);
#14550=ORIENTED_EDGE('',*,*,#14549,.F.);
#14551=EDGE_LOOP('',(#14545,#14547,#14548,#14550));
#14552=FACE_OUTER_BOUND('',#14551,.F.);
#14553=ADVANCED_FACE('',(#14552),#14544,.F.);
#14554=CARTESIAN_POINT('',(-2.875E1,7.82000244E0,-9.41148E0));
#14555=DIRECTION('',(0.E0,1.E0,0.E0));
#14556=DIRECTION('',(1.E0,0.E0,0.E0));
#14557=AXIS2_PLACEMENT_3D('',#14554,#14555,#14556);
#14558=PLANE('',#14557);
#14559=ORIENTED_EDGE('',*,*,#11815,.F.);
#14561=ORIENTED_EDGE('',*,*,#14560,.T.);
#14562=ORIENTED_EDGE('',*,*,#14531,.T.);
#14563=ORIENTED_EDGE('',*,*,#14546,.F.);
#14564=EDGE_LOOP('',(#14559,#14561,#14562,#14563));
#14565=FACE_OUTER_BOUND('',#14564,.F.);
#14566=ADVANCED_FACE('',(#14565),#14558,.F.);
#14567=CARTESIAN_POINT('',(-2.875E1,6.82000244E0,-9.41148E0));
#14568=DIRECTION('',(-1.E0,0.E0,0.E0));
#14569=DIRECTION('',(0.E0,1.E0,0.E0));
#14570=AXIS2_PLACEMENT_3D('',#14567,#14568,#14569);
#14571=PLANE('',#14570);
#14572=ORIENTED_EDGE('',*,*,#11813,.F.);
#14574=ORIENTED_EDGE('',*,*,#14573,.T.);
#14575=ORIENTED_EDGE('',*,*,#14533,.T.);
#14576=ORIENTED_EDGE('',*,*,#14560,.F.);
#14577=EDGE_LOOP('',(#14572,#14574,#14575,#14576));
#14578=FACE_OUTER_BOUND('',#14577,.F.);
#14579=ADVANCED_FACE('',(#14578),#14571,.F.);
#14580=CARTESIAN_POINT('',(-2.775E1,6.82000244E0,-9.41148E0));
#14581=DIRECTION('',(0.E0,-1.E0,0.E0));
#14582=DIRECTION('',(-1.E0,0.E0,0.E0));
#14583=AXIS2_PLACEMENT_3D('',#14580,#14581,#14582);
#14584=PLANE('',#14583);
#14585=ORIENTED_EDGE('',*,*,#11811,.F.);
#14586=ORIENTED_EDGE('',*,*,#14549,.T.);
#14587=ORIENTED_EDGE('',*,*,#14535,.T.);
#14588=ORIENTED_EDGE('',*,*,#14573,.F.);
#14589=EDGE_LOOP('',(#14585,#14586,#14587,#14588));
#14590=FACE_OUTER_BOUND('',#14589,.F.);
#14591=ADVANCED_FACE('',(#14590),#14584,.F.);
#14592=CARTESIAN_POINT('',(-3.962837069E1,5.611563687E1,-4.1148E-1));
#14593=DIRECTION('',(1.E0,0.E0,0.E0));
#14594=DIRECTION('',(0.E0,-1.E0,0.E0));
#14595=AXIS2_PLACEMENT_3D('',#14592,#14593,#14594);
#14596=PLANE('',#14595);
#14597=ORIENTED_EDGE('',*,*,#7977,.F.);
#14599=ORIENTED_EDGE('',*,*,#14598,.T.);
#14601=ORIENTED_EDGE('',*,*,#14600,.T.);
#14603=ORIENTED_EDGE('',*,*,#14602,.F.);
#14604=EDGE_LOOP('',(#14597,#14599,#14601,#14603));
#14605=FACE_OUTER_BOUND('',#14604,.F.);
#14606=ADVANCED_FACE('',(#14605),#14596,.T.);
#14607=FILL_AREA_STYLE_COLOUR('',#36);
#14608=FILL_AREA_STYLE('',(#14607));
#14609=SURFACE_STYLE_FILL_AREA(#14608);
#14610=SURFACE_SIDE_STYLE('',(#14609));
#14611=SURFACE_STYLE_USAGE(.POSITIVE.,#14610);
#14612=FILL_AREA_STYLE_COLOUR('',#9);
#14613=FILL_AREA_STYLE('',(#14612));
#14614=SURFACE_STYLE_FILL_AREA(#14613);
#14615=SURFACE_SIDE_STYLE('',(#14614));
#14616=SURFACE_STYLE_USAGE(.NEGATIVE.,#14615);
#14617=PRESENTATION_STYLE_ASSIGNMENT((#14611,#14616));
#14618=OVER_RIDING_STYLED_ITEM('',(#14617),#14606,#38);
#14619=CARTESIAN_POINT('',(-4.662837069E1,5.611563687E1,-4.1148E-1));
#14620=DIRECTION('',(0.E0,1.E0,0.E0));
#14621=DIRECTION('',(1.E0,0.E0,0.E0));
#14622=AXIS2_PLACEMENT_3D('',#14619,#14620,#14621);
#14623=PLANE('',#14622);
#14624=ORIENTED_EDGE('',*,*,#7983,.F.);
#14626=ORIENTED_EDGE('',*,*,#14625,.T.);
#14628=ORIENTED_EDGE('',*,*,#14627,.T.);
#14629=ORIENTED_EDGE('',*,*,#14598,.F.);
#14630=EDGE_LOOP('',(#14624,#14626,#14628,#14629));
#14631=FACE_OUTER_BOUND('',#14630,.F.);
#14633=ORIENTED_EDGE('',*,*,#14632,.T.);
#14635=ORIENTED_EDGE('',*,*,#14634,.T.);
#14637=ORIENTED_EDGE('',*,*,#14636,.T.);
#14639=ORIENTED_EDGE('',*,*,#14638,.T.);
#14640=EDGE_LOOP('',(#14633,#14635,#14637,#14639));
#14641=FACE_BOUND('',#14640,.F.);
#14643=ORIENTED_EDGE('',*,*,#14642,.T.);
#14645=ORIENTED_EDGE('',*,*,#14644,.T.);
#14647=ORIENTED_EDGE('',*,*,#14646,.T.);
#14649=ORIENTED_EDGE('',*,*,#14648,.T.);
#14650=EDGE_LOOP('',(#14643,#14645,#14647,#14649));
#14651=FACE_BOUND('',#14650,.F.);
#14653=ORIENTED_EDGE('',*,*,#14652,.T.);
#14655=ORIENTED_EDGE('',*,*,#14654,.T.);
#14657=ORIENTED_EDGE('',*,*,#14656,.T.);
#14659=ORIENTED_EDGE('',*,*,#14658,.T.);
#14660=EDGE_LOOP('',(#14653,#14655,#14657,#14659));
#14661=FACE_BOUND('',#14660,.F.);
#14662=ADVANCED_FACE('',(#14631,#14641,#14651,#14661),#14623,.T.);
#14663=FILL_AREA_STYLE_COLOUR('',#36);
#14664=FILL_AREA_STYLE('',(#14663));
#14665=SURFACE_STYLE_FILL_AREA(#14664);
#14666=SURFACE_SIDE_STYLE('',(#14665));
#14667=SURFACE_STYLE_USAGE(.POSITIVE.,#14666);
#14668=FILL_AREA_STYLE_COLOUR('',#9);
#14669=FILL_AREA_STYLE('',(#14668));
#14670=SURFACE_STYLE_FILL_AREA(#14669);
#14671=SURFACE_SIDE_STYLE('',(#14670));
#14672=SURFACE_STYLE_USAGE(.NEGATIVE.,#14671);
#14673=PRESENTATION_STYLE_ASSIGNMENT((#14667,#14672));
#14674=OVER_RIDING_STYLED_ITEM('',(#14673),#14662,#38);
#14675=CARTESIAN_POINT('',(-4.662837069E1,5.381563687E1,-4.1148E-1));
#14676=DIRECTION('',(-1.E0,0.E0,0.E0));
#14677=DIRECTION('',(0.E0,1.E0,0.E0));
#14678=AXIS2_PLACEMENT_3D('',#14675,#14676,#14677);
#14679=PLANE('',#14678);
#14680=ORIENTED_EDGE('',*,*,#7981,.F.);
#14682=ORIENTED_EDGE('',*,*,#14681,.T.);
#14684=ORIENTED_EDGE('',*,*,#14683,.T.);
#14685=ORIENTED_EDGE('',*,*,#14625,.F.);
#14686=EDGE_LOOP('',(#14680,#14682,#14684,#14685));
#14687=FACE_OUTER_BOUND('',#14686,.F.);
#14688=ADVANCED_FACE('',(#14687),#14679,.T.);
#14689=FILL_AREA_STYLE_COLOUR('',#36);
#14690=FILL_AREA_STYLE('',(#14689));
#14691=SURFACE_STYLE_FILL_AREA(#14690);
#14692=SURFACE_SIDE_STYLE('',(#14691));
#14693=SURFACE_STYLE_USAGE(.POSITIVE.,#14692);
#14694=FILL_AREA_STYLE_COLOUR('',#9);
#14695=FILL_AREA_STYLE('',(#14694));
#14696=SURFACE_STYLE_FILL_AREA(#14695);
#14697=SURFACE_SIDE_STYLE('',(#14696));
#14698=SURFACE_STYLE_USAGE(.NEGATIVE.,#14697);
#14699=PRESENTATION_STYLE_ASSIGNMENT((#14693,#14698));
#14700=OVER_RIDING_STYLED_ITEM('',(#14699),#14688,#38);
#14701=CARTESIAN_POINT('',(-3.962837069E1,5.381563687E1,-4.1148E-1));
#14702=DIRECTION('',(0.E0,-1.E0,0.E0));
#14703=DIRECTION('',(-1.E0,0.E0,0.E0));
#14704=AXIS2_PLACEMENT_3D('',#14701,#14702,#14703);
#14705=PLANE('',#14704);
#14706=ORIENTED_EDGE('',*,*,#7979,.F.);
#14707=ORIENTED_EDGE('',*,*,#14602,.T.);
#14709=ORIENTED_EDGE('',*,*,#14708,.T.);
#14710=ORIENTED_EDGE('',*,*,#14681,.F.);
#14711=EDGE_LOOP('',(#14706,#14707,#14709,#14710));
#14712=FACE_OUTER_BOUND('',#14711,.F.);
#14713=ADVANCED_FACE('',(#14712),#14705,.T.);
#14714=FILL_AREA_STYLE_COLOUR('',#36);
#14715=FILL_AREA_STYLE('',(#14714));
#14716=SURFACE_STYLE_FILL_AREA(#14715);
#14717=SURFACE_SIDE_STYLE('',(#14716));
#14718=SURFACE_STYLE_USAGE(.POSITIVE.,#14717);
#14719=FILL_AREA_STYLE_COLOUR('',#9);
#14720=FILL_AREA_STYLE('',(#14719));
#14721=SURFACE_STYLE_FILL_AREA(#14720);
#14722=SURFACE_SIDE_STYLE('',(#14721));
#14723=SURFACE_STYLE_USAGE(.NEGATIVE.,#14722);
#14724=PRESENTATION_STYLE_ASSIGNMENT((#14718,#14723));
#14725=OVER_RIDING_STYLED_ITEM('',(#14724),#14713,#38);
#14726=CARTESIAN_POINT('',(0.E0,0.E0,-3.91148E0));
#14727=DIRECTION('',(0.E0,0.E0,-1.E0));
#14728=DIRECTION('',(-1.E0,0.E0,0.E0));
#14729=AXIS2_PLACEMENT_3D('',#14726,#14727,#14728);
#14730=PLANE('',#14729);
#14731=ORIENTED_EDGE('',*,*,#14600,.F.);
#14732=ORIENTED_EDGE('',*,*,#14627,.F.);
#14733=ORIENTED_EDGE('',*,*,#14683,.F.);
#14734=ORIENTED_EDGE('',*,*,#14708,.F.);
#14735=EDGE_LOOP('',(#14731,#14732,#14733,#14734));
#14736=FACE_OUTER_BOUND('',#14735,.F.);
#14737=ADVANCED_FACE('',(#14736),#14730,.T.);
#14738=FILL_AREA_STYLE_COLOUR('',#36);
#14739=FILL_AREA_STYLE('',(#14738));
#14740=SURFACE_STYLE_FILL_AREA(#14739);
#14741=SURFACE_SIDE_STYLE('',(#14740));
#14742=SURFACE_STYLE_USAGE(.POSITIVE.,#14741);
#14743=FILL_AREA_STYLE_COLOUR('',#9);
#14744=FILL_AREA_STYLE('',(#14743));
#14745=SURFACE_STYLE_FILL_AREA(#14744);
#14746=SURFACE_SIDE_STYLE('',(#14745));
#14747=SURFACE_STYLE_USAGE(.NEGATIVE.,#14746);
#14748=PRESENTATION_STYLE_ASSIGNMENT((#14742,#14747));
#14749=OVER_RIDING_STYLED_ITEM('',(#14748),#14737,#38);
#14750=CARTESIAN_POINT('',(-4.462837069E1,5.611563687E1,-2.91148E0));
#14751=DIRECTION('',(-1.E0,0.E0,0.E0));
#14752=DIRECTION('',(0.E0,0.E0,1.E0));
#14753=AXIS2_PLACEMENT_3D('',#14750,#14751,#14752);
#14754=PLANE('',#14753);
#14755=ORIENTED_EDGE('',*,*,#14632,.F.);
#14757=ORIENTED_EDGE('',*,*,#14756,.T.);
#14759=ORIENTED_EDGE('',*,*,#14758,.T.);
#14761=ORIENTED_EDGE('',*,*,#14760,.F.);
#14762=EDGE_LOOP('',(#14755,#14757,#14759,#14761));
#14763=FACE_OUTER_BOUND('',#14762,.F.);
#14764=ADVANCED_FACE('',(#14763),#14754,.T.);
#14765=CARTESIAN_POINT('',(-4.162837069E1,5.611563687E1,-2.91148E0));
#14766=DIRECTION('',(0.E0,0.E0,-1.E0));
#14767=DIRECTION('',(-1.E0,0.E0,0.E0));
#14768=AXIS2_PLACEMENT_3D('',#14765,#14766,#14767);
#14769=PLANE('',#14768);
#14770=ORIENTED_EDGE('',*,*,#14638,.F.);
#14772=ORIENTED_EDGE('',*,*,#14771,.T.);
#14774=ORIENTED_EDGE('',*,*,#14773,.T.);
#14775=ORIENTED_EDGE('',*,*,#14756,.F.);
#14776=EDGE_LOOP('',(#14770,#14772,#14774,#14775));
#14777=FACE_OUTER_BOUND('',#14776,.F.);
#14778=ADVANCED_FACE('',(#14777),#14769,.T.);
#14779=CARTESIAN_POINT('',(-4.162837069E1,5.611563687E1,-1.41148E0));
#14780=DIRECTION('',(1.E0,0.E0,0.E0));
#14781=DIRECTION('',(0.E0,0.E0,-1.E0));
#14782=AXIS2_PLACEMENT_3D('',#14779,#14780,#14781);
#14783=PLANE('',#14782);
#14784=ORIENTED_EDGE('',*,*,#14636,.F.);
#14786=ORIENTED_EDGE('',*,*,#14785,.T.);
#14788=ORIENTED_EDGE('',*,*,#14787,.T.);
#14789=ORIENTED_EDGE('',*,*,#14771,.F.);
#14790=EDGE_LOOP('',(#14784,#14786,#14788,#14789));
#14791=FACE_OUTER_BOUND('',#14790,.F.);
#14792=ADVANCED_FACE('',(#14791),#14783,.T.);
#14793=CARTESIAN_POINT('',(-4.462837069E1,5.611563687E1,-1.41148E0));
#14794=DIRECTION('',(0.E0,0.E0,1.E0));
#14795=DIRECTION('',(1.E0,0.E0,0.E0));
#14796=AXIS2_PLACEMENT_3D('',#14793,#14794,#14795);
#14797=PLANE('',#14796);
#14798=ORIENTED_EDGE('',*,*,#14634,.F.);
#14799=ORIENTED_EDGE('',*,*,#14760,.T.);
#14801=ORIENTED_EDGE('',*,*,#14800,.T.);
#14802=ORIENTED_EDGE('',*,*,#14785,.F.);
#14803=EDGE_LOOP('',(#14798,#14799,#14801,#14802));
#14804=FACE_OUTER_BOUND('',#14803,.F.);
#14805=ADVANCED_FACE('',(#14804),#14797,.T.);
#14806=CARTESIAN_POINT('',(0.E0,5.711563687E1,-3.91148E0));
#14807=DIRECTION('',(0.E0,1.E0,0.E0));
#14808=DIRECTION('',(1.E0,0.E0,0.E0));
#14809=AXIS2_PLACEMENT_3D('',#14806,#14807,#14808);
#14810=PLANE('',#14809);
#14811=ORIENTED_EDGE('',*,*,#14758,.F.);
#14812=ORIENTED_EDGE('',*,*,#14773,.F.);
#14813=ORIENTED_EDGE('',*,*,#14787,.F.);
#14814=ORIENTED_EDGE('',*,*,#14800,.F.);
#14815=EDGE_LOOP('',(#14811,#14812,#14813,#14814));
#14816=FACE_OUTER_BOUND('',#14815,.F.);
#14817=ADVANCED_FACE('',(#14816),#14810,.T.);
#14818=CARTESIAN_POINT('',(-4.537837069E1,5.611563687E1,-2.91148E0));
#14819=DIRECTION('',(0.E0,0.E0,-1.E0));
#14820=DIRECTION('',(-1.E0,0.E0,0.E0));
#14821=AXIS2_PLACEMENT_3D('',#14818,#14819,#14820);
#14822=PLANE('',#14821);
#14823=ORIENTED_EDGE('',*,*,#14642,.F.);
#14825=ORIENTED_EDGE('',*,*,#14824,.T.);
#14827=ORIENTED_EDGE('',*,*,#14826,.T.);
#14829=ORIENTED_EDGE('',*,*,#14828,.F.);
#14830=EDGE_LOOP('',(#14823,#14825,#14827,#14829));
#14831=FACE_OUTER_BOUND('',#14830,.F.);
#14832=ADVANCED_FACE('',(#14831),#14822,.T.);
#14833=FILL_AREA_STYLE_COLOUR('',#36);
#14834=FILL_AREA_STYLE('',(#14833));
#14835=SURFACE_STYLE_FILL_AREA(#14834);
#14836=SURFACE_SIDE_STYLE('',(#14835));
#14837=SURFACE_STYLE_USAGE(.POSITIVE.,#14836);
#14838=FILL_AREA_STYLE_COLOUR('',#9);
#14839=FILL_AREA_STYLE('',(#14838));
#14840=SURFACE_STYLE_FILL_AREA(#14839);
#14841=SURFACE_SIDE_STYLE('',(#14840));
#14842=SURFACE_STYLE_USAGE(.NEGATIVE.,#14841);
#14843=PRESENTATION_STYLE_ASSIGNMENT((#14837,#14842));
#14844=OVER_RIDING_STYLED_ITEM('',(#14843),#14832,#38);
#14845=CARTESIAN_POINT('',(-4.537837069E1,5.611563687E1,-1.41148E0));
#14846=DIRECTION('',(1.E0,0.E0,0.E0));
#14847=DIRECTION('',(0.E0,0.E0,-1.E0));
#14848=AXIS2_PLACEMENT_3D('',#14845,#14846,#14847);
#14849=PLANE('',#14848);
#14850=ORIENTED_EDGE('',*,*,#14648,.F.);
#14852=ORIENTED_EDGE('',*,*,#14851,.T.);
#14854=ORIENTED_EDGE('',*,*,#14853,.T.);
#14855=ORIENTED_EDGE('',*,*,#14824,.F.);
#14856=EDGE_LOOP('',(#14850,#14852,#14854,#14855));
#14857=FACE_OUTER_BOUND('',#14856,.F.);
#14858=ADVANCED_FACE('',(#14857),#14849,.T.);
#14859=FILL_AREA_STYLE_COLOUR('',#36);
#14860=FILL_AREA_STYLE('',(#14859));
#14861=SURFACE_STYLE_FILL_AREA(#14860);
#14862=SURFACE_SIDE_STYLE('',(#14861));
#14863=SURFACE_STYLE_USAGE(.POSITIVE.,#14862);
#14864=FILL_AREA_STYLE_COLOUR('',#9);
#14865=FILL_AREA_STYLE('',(#14864));
#14866=SURFACE_STYLE_FILL_AREA(#14865);
#14867=SURFACE_SIDE_STYLE('',(#14866));
#14868=SURFACE_STYLE_USAGE(.NEGATIVE.,#14867);
#14869=PRESENTATION_STYLE_ASSIGNMENT((#14863,#14868));
#14870=OVER_RIDING_STYLED_ITEM('',(#14869),#14858,#38);
#14871=CARTESIAN_POINT('',(-4.637837069E1,5.611563687E1,-1.41148E0));
#14872=DIRECTION('',(0.E0,0.E0,1.E0));
#14873=DIRECTION('',(1.E0,0.E0,0.E0));
#14874=AXIS2_PLACEMENT_3D('',#14871,#14872,#14873);
#14875=PLANE('',#14874);
#14876=ORIENTED_EDGE('',*,*,#14646,.F.);
#14878=ORIENTED_EDGE('',*,*,#14877,.T.);
#14880=ORIENTED_EDGE('',*,*,#14879,.T.);
#14881=ORIENTED_EDGE('',*,*,#14851,.F.);
#14882=EDGE_LOOP('',(#14876,#14878,#14880,#14881));
#14883=FACE_OUTER_BOUND('',#14882,.F.);
#14884=ADVANCED_FACE('',(#14883),#14875,.T.);
#14885=FILL_AREA_STYLE_COLOUR('',#36);
#14886=FILL_AREA_STYLE('',(#14885));
#14887=SURFACE_STYLE_FILL_AREA(#14886);
#14888=SURFACE_SIDE_STYLE('',(#14887));
#14889=SURFACE_STYLE_USAGE(.POSITIVE.,#14888);
#14890=FILL_AREA_STYLE_COLOUR('',#9);
#14891=FILL_AREA_STYLE('',(#14890));
#14892=SURFACE_STYLE_FILL_AREA(#14891);
#14893=SURFACE_SIDE_STYLE('',(#14892));
#14894=SURFACE_STYLE_USAGE(.NEGATIVE.,#14893);
#14895=PRESENTATION_STYLE_ASSIGNMENT((#14889,#14894));
#14896=OVER_RIDING_STYLED_ITEM('',(#14895),#14884,#38);
#14897=CARTESIAN_POINT('',(-4.637837069E1,5.611563687E1,-2.91148E0));
#14898=DIRECTION('',(-1.E0,0.E0,0.E0));
#14899=DIRECTION('',(0.E0,0.E0,1.E0));
#14900=AXIS2_PLACEMENT_3D('',#14897,#14898,#14899);
#14901=PLANE('',#14900);
#14902=ORIENTED_EDGE('',*,*,#14644,.F.);
#14903=ORIENTED_EDGE('',*,*,#14828,.T.);
#14905=ORIENTED_EDGE('',*,*,#14904,.T.);
#14906=ORIENTED_EDGE('',*,*,#14877,.F.);
#14907=EDGE_LOOP('',(#14902,#14903,#14905,#14906));
#14908=FACE_OUTER_BOUND('',#14907,.F.);
#14909=ADVANCED_FACE('',(#14908),#14901,.T.);
#14910=FILL_AREA_STYLE_COLOUR('',#36);
#14911=FILL_AREA_STYLE('',(#14910));
#14912=SURFACE_STYLE_FILL_AREA(#14911);
#14913=SURFACE_SIDE_STYLE('',(#14912));
#14914=SURFACE_STYLE_USAGE(.POSITIVE.,#14913);
#14915=FILL_AREA_STYLE_COLOUR('',#9);
#14916=FILL_AREA_STYLE('',(#14915));
#14917=SURFACE_STYLE_FILL_AREA(#14916);
#14918=SURFACE_SIDE_STYLE('',(#14917));
#14919=SURFACE_STYLE_USAGE(.NEGATIVE.,#14918);
#14920=PRESENTATION_STYLE_ASSIGNMENT((#14914,#14919));
#14921=OVER_RIDING_STYLED_ITEM('',(#14920),#14909,#38);
#14922=CARTESIAN_POINT('',(0.E0,5.661563687E1,-3.91148E0));
#14923=DIRECTION('',(0.E0,1.E0,0.E0));
#14924=DIRECTION('',(1.E0,0.E0,0.E0));
#14925=AXIS2_PLACEMENT_3D('',#14922,#14923,#14924);
#14926=PLANE('',#14925);
#14927=ORIENTED_EDGE('',*,*,#14826,.F.);
#14928=ORIENTED_EDGE('',*,*,#14853,.F.);
#14929=ORIENTED_EDGE('',*,*,#14879,.F.);
#14930=ORIENTED_EDGE('',*,*,#14904,.F.);
#14931=EDGE_LOOP('',(#14927,#14928,#14929,#14930));
#14932=FACE_OUTER_BOUND('',#14931,.F.);
#14933=ADVANCED_FACE('',(#14932),#14926,.T.);
#14934=FILL_AREA_STYLE_COLOUR('',#36);
#14935=FILL_AREA_STYLE('',(#14934));
#14936=SURFACE_STYLE_FILL_AREA(#14935);
#14937=SURFACE_SIDE_STYLE('',(#14936));
#14938=SURFACE_STYLE_USAGE(.POSITIVE.,#14937);
#14939=FILL_AREA_STYLE_COLOUR('',#9);
#14940=FILL_AREA_STYLE('',(#14939));
#14941=SURFACE_STYLE_FILL_AREA(#14940);
#14942=SURFACE_SIDE_STYLE('',(#14941));
#14943=SURFACE_STYLE_USAGE(.NEGATIVE.,#14942);
#14944=PRESENTATION_STYLE_ASSIGNMENT((#14938,#14943));
#14945=OVER_RIDING_STYLED_ITEM('',(#14944),#14933,#38);
#14946=CARTESIAN_POINT('',(0.E0,5.661563687E1,-3.91148E0));
#14947=DIRECTION('',(0.E0,1.E0,0.E0));
#14948=DIRECTION('',(1.E0,0.E0,0.E0));
#14949=AXIS2_PLACEMENT_3D('',#14946,#14947,#14948);
#14950=PLANE('',#14949);
#14952=ORIENTED_EDGE('',*,*,#14951,.F.);
#14954=ORIENTED_EDGE('',*,*,#14953,.F.);
#14956=ORIENTED_EDGE('',*,*,#14955,.F.);
#14958=ORIENTED_EDGE('',*,*,#14957,.F.);
#14959=EDGE_LOOP('',(#14952,#14954,#14956,#14958));
#14960=FACE_OUTER_BOUND('',#14959,.F.);
#14961=ADVANCED_FACE('',(#14960),#14950,.T.);
#14962=FILL_AREA_STYLE_COLOUR('',#36);
#14963=FILL_AREA_STYLE('',(#14962));
#14964=SURFACE_STYLE_FILL_AREA(#14963);
#14965=SURFACE_SIDE_STYLE('',(#14964));
#14966=SURFACE_STYLE_USAGE(.POSITIVE.,#14965);
#14967=FILL_AREA_STYLE_COLOUR('',#9);
#14968=FILL_AREA_STYLE('',(#14967));
#14969=SURFACE_STYLE_FILL_AREA(#14968);
#14970=SURFACE_SIDE_STYLE('',(#14969));
#14971=SURFACE_STYLE_USAGE(.NEGATIVE.,#14970);
#14972=PRESENTATION_STYLE_ASSIGNMENT((#14966,#14971));
#14973=OVER_RIDING_STYLED_ITEM('',(#14972),#14961,#38);
#14974=CARTESIAN_POINT('',(-4.087837069E1,5.611563687E1,-2.91148E0));
#14975=DIRECTION('',(-1.E0,0.E0,0.E0));
#14976=DIRECTION('',(0.E0,0.E0,1.E0));
#14977=AXIS2_PLACEMENT_3D('',#14974,#14975,#14976);
#14978=PLANE('',#14977);
#14979=ORIENTED_EDGE('',*,*,#14652,.F.);
#14981=ORIENTED_EDGE('',*,*,#14980,.T.);
#14982=ORIENTED_EDGE('',*,*,#14951,.T.);
#14984=ORIENTED_EDGE('',*,*,#14983,.F.);
#14985=EDGE_LOOP('',(#14979,#14981,#14982,#14984));
#14986=FACE_OUTER_BOUND('',#14985,.F.);
#14987=ADVANCED_FACE('',(#14986),#14978,.T.);
#14988=FILL_AREA_STYLE_COLOUR('',#36);
#14989=FILL_AREA_STYLE('',(#14988));
#14990=SURFACE_STYLE_FILL_AREA(#14989);
#14991=SURFACE_SIDE_STYLE('',(#14990));
#14992=SURFACE_STYLE_USAGE(.POSITIVE.,#14991);
#14993=FILL_AREA_STYLE_COLOUR('',#9);
#14994=FILL_AREA_STYLE('',(#14993));
#14995=SURFACE_STYLE_FILL_AREA(#14994);
#14996=SURFACE_SIDE_STYLE('',(#14995));
#14997=SURFACE_STYLE_USAGE(.NEGATIVE.,#14996);
#14998=PRESENTATION_STYLE_ASSIGNMENT((#14992,#14997));
#14999=OVER_RIDING_STYLED_ITEM('',(#14998),#14987,#38);
#15000=CARTESIAN_POINT('',(-3.987837069E1,5.611563687E1,-2.91148E0));
#15001=DIRECTION('',(0.E0,0.E0,-1.E0));
#15002=DIRECTION('',(-1.E0,0.E0,0.E0));
#15003=AXIS2_PLACEMENT_3D('',#15000,#15001,#15002);
#15004=PLANE('',#15003);
#15005=ORIENTED_EDGE('',*,*,#14658,.F.);
#15007=ORIENTED_EDGE('',*,*,#15006,.T.);
#15008=ORIENTED_EDGE('',*,*,#14953,.T.);
#15009=ORIENTED_EDGE('',*,*,#14980,.F.);
#15010=EDGE_LOOP('',(#15005,#15007,#15008,#15009));
#15011=FACE_OUTER_BOUND('',#15010,.F.);
#15012=ADVANCED_FACE('',(#15011),#15004,.T.);
#15013=FILL_AREA_STYLE_COLOUR('',#36);
#15014=FILL_AREA_STYLE('',(#15013));
#15015=SURFACE_STYLE_FILL_AREA(#15014);
#15016=SURFACE_SIDE_STYLE('',(#15015));
#15017=SURFACE_STYLE_USAGE(.POSITIVE.,#15016);
#15018=FILL_AREA_STYLE_COLOUR('',#9);
#15019=FILL_AREA_STYLE('',(#15018));
#15020=SURFACE_STYLE_FILL_AREA(#15019);
#15021=SURFACE_SIDE_STYLE('',(#15020));
#15022=SURFACE_STYLE_USAGE(.NEGATIVE.,#15021);
#15023=PRESENTATION_STYLE_ASSIGNMENT((#15017,#15022));
#15024=OVER_RIDING_STYLED_ITEM('',(#15023),#15012,#38);
#15025=CARTESIAN_POINT('',(-3.987837069E1,5.611563687E1,-1.41148E0));
#15026=DIRECTION('',(1.E0,0.E0,0.E0));
#15027=DIRECTION('',(0.E0,0.E0,-1.E0));
#15028=AXIS2_PLACEMENT_3D('',#15025,#15026,#15027);
#15029=PLANE('',#15028);
#15030=ORIENTED_EDGE('',*,*,#14656,.F.);
#15032=ORIENTED_EDGE('',*,*,#15031,.T.);
#15033=ORIENTED_EDGE('',*,*,#14955,.T.);
#15034=ORIENTED_EDGE('',*,*,#15006,.F.);
#15035=EDGE_LOOP('',(#15030,#15032,#15033,#15034));
#15036=FACE_OUTER_BOUND('',#15035,.F.);
#15037=ADVANCED_FACE('',(#15036),#15029,.T.);
#15038=FILL_AREA_STYLE_COLOUR('',#36);
#15039=FILL_AREA_STYLE('',(#15038));
#15040=SURFACE_STYLE_FILL_AREA(#15039);
#15041=SURFACE_SIDE_STYLE('',(#15040));
#15042=SURFACE_STYLE_USAGE(.POSITIVE.,#15041);
#15043=FILL_AREA_STYLE_COLOUR('',#9);
#15044=FILL_AREA_STYLE('',(#15043));
#15045=SURFACE_STYLE_FILL_AREA(#15044);
#15046=SURFACE_SIDE_STYLE('',(#15045));
#15047=SURFACE_STYLE_USAGE(.NEGATIVE.,#15046);
#15048=PRESENTATION_STYLE_ASSIGNMENT((#15042,#15047));
#15049=OVER_RIDING_STYLED_ITEM('',(#15048),#15037,#38);
#15050=CARTESIAN_POINT('',(-4.087837069E1,5.611563687E1,-1.41148E0));
#15051=DIRECTION('',(0.E0,0.E0,1.E0));
#15052=DIRECTION('',(1.E0,0.E0,0.E0));
#15053=AXIS2_PLACEMENT_3D('',#15050,#15051,#15052);
#15054=PLANE('',#15053);
#15055=ORIENTED_EDGE('',*,*,#14654,.F.);
#15056=ORIENTED_EDGE('',*,*,#14983,.T.);
#15057=ORIENTED_EDGE('',*,*,#14957,.T.);
#15058=ORIENTED_EDGE('',*,*,#15031,.F.);
#15059=EDGE_LOOP('',(#15055,#15056,#15057,#15058));
#15060=FACE_OUTER_BOUND('',#15059,.F.);
#15061=ADVANCED_FACE('',(#15060),#15054,.T.);
#15062=FILL_AREA_STYLE_COLOUR('',#36);
#15063=FILL_AREA_STYLE('',(#15062));
#15064=SURFACE_STYLE_FILL_AREA(#15063);
#15065=SURFACE_SIDE_STYLE('',(#15064));
#15066=SURFACE_STYLE_USAGE(.POSITIVE.,#15065);
#15067=FILL_AREA_STYLE_COLOUR('',#9);
#15068=FILL_AREA_STYLE('',(#15067));
#15069=SURFACE_STYLE_FILL_AREA(#15068);
#15070=SURFACE_SIDE_STYLE('',(#15069));
#15071=SURFACE_STYLE_USAGE(.NEGATIVE.,#15070);
#15072=PRESENTATION_STYLE_ASSIGNMENT((#15066,#15071));
#15073=OVER_RIDING_STYLED_ITEM('',(#15072),#15061,#38);
#15076=FILL_AREA_STYLE_COLOUR('',#9);
#15077=FILL_AREA_STYLE('',(#15076));
#15078=SURFACE_STYLE_FILL_AREA(#15077);
#15079=SURFACE_SIDE_STYLE('',(#15078));
#15080=SURFACE_STYLE_USAGE(.BOTH.,#15079);
#15081=PRESENTATION_STYLE_ASSIGNMENT((#15080));
#38=STYLED_ITEM('',(#15081),#15075);
#15083=DIMENSIONAL_EXPONENTS(0.E0,0.E0,0.E0,0.E0,0.E0,0.E0,0.E0);
#15085=PLANE_ANGLE_MEASURE_WITH_UNIT(PLANE_ANGLE_MEASURE(1.745329251994E-2),
#15084);
#15086=(CONVERSION_BASED_UNIT('DEGREE',#15085)NAMED_UNIT(*)PLANE_ANGLE_UNIT());
#15088=UNCERTAINTY_MEASURE_WITH_UNIT(LENGTH_MEASURE(3.9E-4),#15082,'closure',
'Maximum model space distance between geometric entities at asserted connectivities');
#15089=(GEOMETRIC_REPRESENTATION_CONTEXT(3)GLOBAL_UNCERTAINTY_ASSIGNED_CONTEXT((
#15088))GLOBAL_UNIT_ASSIGNED_CONTEXT((#15082,#15086,#15087))REPRESENTATION_CONTEXT('ID1','3'));
#15091=MECHANICAL_DESIGN_GEOMETRIC_PRESENTATION_REPRESENTATION('',(#46,#53,#60,
#67,#74,#81,#88,#95,#102,#110,#117,#125,#132,#140,#147,#155,#162,#169,#176,#183,
#190,#197,#204,#211,#218,#225,#232,#239,#246,#253,#260,#267,#274,#281,#288,#295,
#302,#309,#317,#325,#333,#341,#349,#357,#365,#373,#380,#387,#394,#401,#408,#415,
#422,#429,#436,#443,#450,#457,#464,#471,#478,#485,#492,#499,#506,#513,#520,#527,
#534,#541,#548,#555,#562,#569,#576,#584,#591,#599,#606,#614,#621,#629,#636,#643,
#650,#657,#664,#671,#678,#685,#692,#699,#706,#713,#720,#727,#734,#741,#748,#755,
#762,#769,#776,#783,#790,#797,#804,#811,#818,#825,#832,#839,#846,#853,#860,#867,
#874,#881,#888,#895,#902,#909,#916,#923,#930,#937,#944,#951,#958,#965,#972,#979,
#986,#993,#1000,#1007,#1014,#1022,#1029,#1037,#1045,#1052,#1060,#1068,#1076,
#1084,#1092,#1100,#1108,#1116,#1124,#1131,#1138,#1146,#1154,#1162,#1170,#1178,
#1186,#1194,#1202,#1210,#1218,#1226,#1234,#1242,#1250,#1258,#1266,#1273,#1280,
#1287,#1294,#1301,#1308,#1315,#1322,#1329,#1336,#1343,#1350,#1357,#1364,#1372,
#1380,#1388,#1395,#1403,#1411,#1419,#1427,#1434,#1442,#1450,#1458,#1466,#1473,
#1481,#1489,#1497,#1505,#1512,#1520,#1528,#1536,#1543,#1551,#1559,#1567,#1574,
#1582,#1589,#1596,#1603,#1610,#1617,#1624,#1631,#1638,#1645,#1652,#1659,#1666,
#1673,#1680,#1687,#1694,#1701,#1708,#1715,#1722,#1729,#1736,#1743,#1750,#1757,
#1764,#1771,#1778,#1785,#1792,#1799,#1806,#1813,#1820,#1827,#1834,#1841,#1848,
#1855,#1862,#1869,#1876,#1883,#1890,#1897,#1904,#1911,#1918,#1925,#1932,#1945,
#1952,#1959,#1966,#1991,#1998,#2005,#2012,#2037,#2044,#2051,#2058,#2071,#2078,
#2085,#2092,#2099,#2124,#2131,#2156,#2163,#2170,#2177,#2184,#2191,#2198,#2205,
#2212,#2219,#2227,#2234,#2242,#2249,#2256,#2264,#2271,#2279,#2286,#2293,#2300,
#2307,#2315,#2322,#2330,#2337,#2344,#2352,#2359,#2367,#2374,#2381,#2388,#2395,
#2402,#2409,#2416,#2423,#2430,#2437,#2444,#2451,#2458,#2465,#2472,#2479,#2486,
#2493,#2500,#2507,#2514,#2521,#2528,#2535,#2542,#2549,#2556,#2563,#2570,#2577,
#2584,#2591,#2598,#2605,#2612,#2619,#2626,#2633,#2640,#2647,#2654,#2661,#2668,
#2675,#2682,#2689,#2696,#2703,#2710,#2717,#2724,#2731,#2738,#2745,#2752,#2759,
#2766,#2773,#2780,#2787,#2794,#2801,#2808,#2815,#2822,#2829,#2836,#2843,#2850,
#2857,#2864,#2871,#2878,#2885,#2892,#2899,#2906,#2913,#2920,#2927,#2934,#2941,
#2948,#2955,#2962,#2969,#2976,#2983,#2990,#2997,#3004,#3011,#3018,#3025,#3032,
#3039,#3046,#3053,#3060,#3067,#3074,#3081,#3088,#3095,#3102,#3109,#3116,#3123,
#3130,#3137,#3144,#3151,#3158,#3165,#3172,#3179,#3186,#3193,#3200,#3207,#3214,
#3221,#3228,#3235,#3242,#3249,#3256,#3263,#3270,#3277,#3284,#3291,#3298,#3305,
#3312,#3319,#3326,#3333,#3340,#3347,#3354,#3361,#3368,#3375,#3382,#3389,#3396,
#3403,#3410,#3417,#3424,#3431,#3438,#3445,#3452,#3459,#3466,#3473,#3480,#3487,
#3494,#3501,#3508,#3515,#3522,#3529,#3536,#3543,#3550,#3557,#3564,#3571,#3578,
#3585,#3592,#3599,#3606,#3613,#3620,#3627,#3634,#3641,#3648,#3655,#3662,#3669,
#3676,#3683,#3690,#3697,#3704,#3711,#3718,#3725,#3732,#3739,#3746,#3753,#3760,
#3767,#3774,#3781,#3788,#3795,#3802,#3809,#3816,#3823,#3830,#3837,#3844,#3851,
#3858,#3865,#3872,#3879,#3886,#3893,#3900,#3907,#3914,#3921,#3928,#3935,#3942,
#3949,#3956,#3963,#3970,#3977,#3984,#3991,#3998,#4005,#4012,#4019,#4026,#4033,
#4040,#4047,#4054,#4061,#4068,#4075,#4082,#4089,#4096,#4103,#4110,#4117,#4124,
#4131,#4138,#4145,#4152,#4159,#4166,#4173,#4180,#4187,#4194,#4201,#4208,#4215,
#4222,#4229,#4236,#4243,#4250,#4257,#4264,#4271,#4278,#4285,#4292,#4299,#4306,
#4313,#4320,#4327,#4334,#4341,#4348,#4355,#4362,#4369,#4376,#4383,#4390,#4397,
#4404,#4411,#4418,#4425,#4432,#4439,#4446,#4453,#4460,#4467,#4474,#4481,#4488,
#4495,#4502,#4509,#4516,#4523,#4530,#4537,#4544,#4551,#4558,#4565,#4572,#4579,
#4586,#4593,#4600,#4607,#4614,#4621,#4628,#4635,#4642,#4649,#4656,#4663,#4670,
#4677,#4684,#4691,#4698,#4705,#4712,#4719,#4726,#4733,#4740,#4747,#4754,#4761,
#4768,#4775,#4782,#4789,#4796,#4803,#4810,#4817,#4824,#4831,#4838,#4845,#4852,
#4859,#4866,#4873,#4880,#4887,#4894,#4901,#4908,#4915,#4922,#4929,#4936,#4943,
#4950,#4957,#4964,#4971,#4978,#4985,#4992,#4999,#5006,#5013,#5020,#5027,#5034,
#5041,#5048,#5055,#5062,#5069,#5076,#5083,#5090,#5097,#5104,#5111,#5118,#5125,
#5132,#5139,#5146,#5153,#5160,#5167,#5174,#5181,#5188,#5195,#5202,#5209,#5216,
#5223,#5230,#5237,#5244,#5251,#5258,#5265,#5272,#5279,#5286,#5293,#5300,#5307,
#5314,#5321,#5328,#5335,#5342,#5349,#5356,#5363,#5370,#5377,#5384,#5391,#5398,
#5405,#5412,#5419,#5426,#5433,#5440,#5447,#5454,#5461,#5468,#5475,#5482,#5489,
#5496,#5503,#5510,#5517,#5524,#5531,#5538,#5545,#5552,#5559,#5566,#5573,#5580,
#5587,#5594,#5601,#5608,#5615,#5622,#5629,#5636,#5643,#5650,#5657,#5664,#5671,
#5678,#5685,#5692,#5699,#5706,#5713,#5720,#5727,#5734,#5741,#5748,#5755,#5762,
#5769,#5776,#5783,#5790,#5797,#5804,#5811,#5818,#5825,#5832,#5839,#5846,#5853,
#5860,#5867,#5874,#5881,#5888,#5895,#5902,#5909,#5916,#5923,#5930,#5937,#5944,
#5951,#5958,#5965,#5972,#5979,#5986,#5993,#6000,#6007,#6014,#6021,#6028,#6035,
#6042,#6049,#6056,#6063,#6070,#6077,#6084,#6091,#6098,#6105,#6112,#6119,#6126,
#6133,#6140,#6147,#6154,#6161,#6168,#6175,#6182,#6189,#6196,#6203,#6210,#6217,
#6224,#6231,#6238,#6245,#6252,#6259,#6266,#6273,#6280,#6287,#6294,#6301,#6308,
#6315,#6322,#6329,#6336,#6343,#6350,#6357,#6364,#6371,#6378,#6385,#6392,#6399,
#6406,#6413,#6420,#6427,#6434,#6441,#6448,#6455,#6462,#6469,#6476,#6483,#6490,
#6497,#6504,#6511,#6518,#6525,#6532,#6539,#6546,#6553,#6560,#6567,#6574,#6581,
#6588,#6595,#6602,#6609,#6616,#6623,#6630,#6637,#6644,#6651,#6658,#6665,#6672,
#6679,#8049,#8076,#8102,#8128,#8154,#8180,#8206,#8232,#8272,#8298,#8324,#8350,
#8376,#8402,#8428,#8453,#8541,#8567,#8592,#8617,#8641,#8805,#9033,#9058,#9086,
#9116,#9146,#9176,#9202,#9226,#9252,#9276,#9302,#9326,#9352,#9376,#9402,#9426,
#9452,#9476,#9502,#9526,#9640,#9666,#9692,#9718,#9743,#9780,#9953,#10000,#10026,
#10060,#10104,#10129,#10156,#10179,#10206,#10229,#10264,#10334,#10360,#10401,
#10434,#10456,#10494,#10519,#10548,#10576,#10602,#10631,#10657,#10682,#10724,
#10789,#10817,#10841,#10865,#10930,#10955,#10979,#11006,#11040,#11066,#11093,
#11123,#11155,#11181,#11206,#11232,#11261,#11286,#11311,#11335,#14618,#14674,
#14700,#14725,#14749,#14844,#14870,#14896,#14921,#14945,#14973,#14999,#15024,
#15049,#15073,#38),#15089);
#15092=APPLICATION_CONTEXT(
'CONFIGURATION CONTROLLED 3D DESIGNS OF MECHANICAL PARTS AND ASSEMBLIES');
#15093=APPLICATION_PROTOCOL_DEFINITION('international standard',
'config_control_design',1994,#15092);
#15094=DESIGN_CONTEXT('',#15092,'design');
#15095=MECHANICAL_CONTEXT('',#15092,'mechanical');
#15096=PRODUCT('PICO-RESTOUCH-LCD-3_5','PICO-RESTOUCH-LCD-3_5','NOT SPECIFIED',(
#15095));
#15097=PRODUCT_DEFINITION_FORMATION_WITH_SPECIFIED_SOURCE('4','LAST_VERSION',
#15096,.MADE.);
#15101=PRODUCT_CATEGORY('part','');
#15102=PRODUCT_RELATED_PRODUCT_CATEGORY('detail','',(#15096));
#15103=PRODUCT_CATEGORY_RELATIONSHIP('','',#15101,#15102);
#15104=SECURITY_CLASSIFICATION_LEVEL('unclassified');
#15105=SECURITY_CLASSIFICATION('','',#15104);
#15106=CC_DESIGN_SECURITY_CLASSIFICATION(#15105,(#15097));
#15107=APPROVAL_STATUS('approved');
#15108=APPROVAL(#15107,'');
#15109=CC_DESIGN_APPROVAL(#15108,(#15105,#15097,#15098));
#15110=CALENDAR_DATE(122,14,9);
#15111=COORDINATED_UNIVERSAL_TIME_OFFSET(8,0,.AHEAD.);
#15112=LOCAL_TIME(15,41,4.6E1,#15111);
#15113=DATE_AND_TIME(#15110,#15112);
#15114=APPROVAL_DATE_TIME(#15113,#15108);
#15115=DATE_TIME_ROLE('creation_date');
#15116=CC_DESIGN_DATE_AND_TIME_ASSIGNMENT(#15113,#15115,(#15098));
#15117=DATE_TIME_ROLE('classification_date');
#15118=CC_DESIGN_DATE_AND_TIME_ASSIGNMENT(#15113,#15117,(#15105));
#15119=PERSON('UNSPECIFIED','UNSPECIFIED',$,$,$,$);
#15120=ORGANIZATION('UNSPECIFIED','UNSPECIFIED','UNSPECIFIED');
#15121=PERSON_AND_ORGANIZATION(#15119,#15120);
#15122=APPROVAL_ROLE('approver');
#15123=APPROVAL_PERSON_ORGANIZATION(#15121,#15108,#15122);
#15124=PERSON_AND_ORGANIZATION_ROLE('creator');
#15125=CC_DESIGN_PERSON_AND_ORGANIZATION_ASSIGNMENT(#15121,#15124,(#15097,
#15098));
#15126=PERSON_AND_ORGANIZATION_ROLE('design_supplier');
#15127=CC_DESIGN_PERSON_AND_ORGANIZATION_ASSIGNMENT(#15121,#15126,(#15097));
#15128=PERSON_AND_ORGANIZATION_ROLE('classification_officer');
#15129=CC_DESIGN_PERSON_AND_ORGANIZATION_ASSIGNMENT(#15121,#15128,(#15105));
#15130=PERSON_AND_ORGANIZATION_ROLE('design_owner');
#15131=CC_DESIGN_PERSON_AND_ORGANIZATION_ASSIGNMENT(#15121,#15130,(#15096));
#1=DRAUGHTING_PRE_DEFINED_COLOUR('black');
#2=COLOUR_RGB('',0.E0,7.529411764706E-1,0.E0);
#3=DRAUGHTING_PRE_DEFINED_COLOUR('green');
#4=COLOUR_RGB('',7.843137254902E-3,2.352941176471E-1,8.235294117647E-1);
#5=COLOUR_RGB('',1.1E-2,1.2E-2,1.E0);
#6=COLOUR_RGB('',9.019607843137E-2,2.235294117647E-1,4.196078431373E-1);
#7=COLOUR_RGB('',1.019607843137E-1,1.019607843137E-1,1.019607843137E-1);
#8=COLOUR_RGB('',2.392156862745E-1,2.392156862745E-1,2.392156862745E-1);
#9=COLOUR_RGB('',3.009708737864E-1,3.009708737864E-1,3.009708737864E-1);
#10=COLOUR_RGB('',3.529411764706E-1,3.607843137255E-1,8.235294117647E-1);
#11=COLOUR_RGB('',4.1E-1,2.61589E-1,1.12848E-1);
#12=COLOUR_RGB('',4.274509803922E-1,4.274509803922E-1,4.274509803922E-1);
#13=COLOUR_RGB('',5.019607843137E-1,5.019607843137E-1,5.019607843137E-1);
#14=COLOUR_RGB('',5.04854E-1,1.5455E-2,1.5455E-2);
#15=COLOUR_RGB('',5.254901960784E-1,4.941176470588E-1,8.549019607843E-1);
#16=COLOUR_RGB('',5.582524271845E-1,5.582524271845E-1,5.582524271845E-1);
#17=COLOUR_RGB('',5.647058823529E-1,5.647058823529E-1,5.647058823529E-1);
#18=COLOUR_RGB('',6.35294E-1,6.86275E-1,7.4902E-1);
#19=COLOUR_RGB('',6.40777E-1,6.40777E-1,6.40777E-1);
#20=COLOUR_RGB('',6.470588235294E-1,5.137254901961E-1,0.E0);
#21=COLOUR_RGB('',6.69062E-1,6.69903E-1,6.55217E-1);
#22=COLOUR_RGB('',7.294117647059E-1,7.058823529412E-1,5.411764705882E-1);
#23=COLOUR_RGB('',7.490196078431E-1,5.490196078431E-1,4.196078431373E-1);
#24=COLOUR_RGB('',7.4902E-1,5.712822056010E-1,3.170721747042E-1);
#25=COLOUR_RGB('',7.490196078431E-1,7.215686274510E-1,2.705882352941E-1);
#26=COLOUR_RGB('',7.718446601942E-1,7.718446601942E-1,7.718446601942E-1);
#27=COLOUR_RGB('',7.718446601942E-1,7.718446601942E-1,7.718446601942E-1);
#28=COLOUR_RGB('',8.274509803922E-1,8.470588235294E-1,8.627450980392E-1);
#29=COLOUR_RGB('',8.352941176471E-1,7.176470588235E-1,7.647058823529E-1);
#30=COLOUR_RGB('',9.21569E-1,7.05882E-1,4.70588E-1);
#31=COLOUR_RGB('',9.686274509804E-1,8.784313725490E-1,6.E-1);
#32=COLOUR_RGB('',9.960784313725E-1,8.705882352941E-1,7.568627450980E-1);
#33=DRAUGHTING_PRE_DEFINED_COLOUR('red');
#34=DRAUGHTING_PRE_DEFINED_COLOUR('yellow');
#35=COLOUR_RGB('',1.E0,1.E0,5.3E-1);
#36=COLOUR_RGB('',1.E0,1.E0,9.49E-1);
#37=DRAUGHTING_PRE_DEFINED_COLOUR('white');
#107=CIRCLE('',#106,9.999974775490E-1);
#122=CIRCLE('',#121,9.999757978260E-1);
#137=CIRCLE('',#136,9.999974775490E-1);
#152=CIRCLE('',#151,1.000023493802E0);
#314=CIRCLE('',#313,2.75E0);
#322=CIRCLE('',#321,2.75E0);
#330=CIRCLE('',#329,2.75E0);
#338=CIRCLE('',#337,2.75E0);
#346=CIRCLE('',#345,2.75E0);
#354=CIRCLE('',#353,2.75E0);
#362=CIRCLE('',#361,2.75E0);
#370=CIRCLE('',#369,2.75E0);
#581=CIRCLE('',#580,1.000023493802E0);
#596=CIRCLE('',#595,9.999974775490E-1);
#611=CIRCLE('',#610,9.999757978260E-1);
#626=CIRCLE('',#625,9.999974775490E-1);
#1019=CIRCLE('',#1018,2.14999824E0);
#1034=CIRCLE('',#1033,2.14999824E0);
#1042=CIRCLE('',#1041,2.14999824E0);
#1057=CIRCLE('',#1056,2.14999824E0);
#1065=CIRCLE('',#1064,1.25E0);
#1073=CIRCLE('',#1072,1.25E0);
#1081=CIRCLE('',#1080,1.25E0);
#1089=CIRCLE('',#1088,1.25E0);
#1097=CIRCLE('',#1096,1.25E0);
#1105=CIRCLE('',#1104,1.25E0);
#1113=CIRCLE('',#1112,1.25E0);
#1121=CIRCLE('',#1120,1.25E0);
#1143=CIRCLE('',#1142,1.25E0);
#1151=CIRCLE('',#1150,1.25E0);
#1159=CIRCLE('',#1158,2.75E0);
#1167=CIRCLE('',#1166,2.75E0);
#1175=CIRCLE('',#1174,1.25E0);
#1183=CIRCLE('',#1182,1.25E0);
#1191=CIRCLE('',#1190,2.75E0);
#1199=CIRCLE('',#1198,2.75E0);
#1207=CIRCLE('',#1206,1.25E0);
#1215=CIRCLE('',#1214,1.25E0);
#1223=CIRCLE('',#1222,2.75E0);
#1231=CIRCLE('',#1230,2.75E0);
#1239=CIRCLE('',#1238,1.25E0);
#1247=CIRCLE('',#1246,1.25E0);
#1255=CIRCLE('',#1254,2.75E0);
#1263=CIRCLE('',#1262,2.75E0);
#1369=CIRCLE('',#1368,2.14999824E0);
#1377=CIRCLE('',#1376,2.14999824E0);
#1385=CIRCLE('',#1384,2.14999824E0);
#1400=CIRCLE('',#1399,2.14999824E0);
#1408=CIRCLE('',#1407,2.14999824E0);
#1416=CIRCLE('',#1415,2.14999824E0);
#1424=CIRCLE('',#1423,2.14999824E0);
#1439=CIRCLE('',#1438,2.14999824E0);
#1447=CIRCLE('',#1446,2.14999824E0);
#1455=CIRCLE('',#1454,2.14999824E0);
#1463=CIRCLE('',#1462,2.14999824E0);
#1478=CIRCLE('',#1477,2.14999824E0);
#1486=CIRCLE('',#1485,2.14999824E0);
#1494=CIRCLE('',#1493,2.14999824E0);
#1502=CIRCLE('',#1501,2.14999824E0);
#1517=CIRCLE('',#1516,2.14999824E0);
#1525=CIRCLE('',#1524,2.14999824E0);
#1533=CIRCLE('',#1532,2.14999824E0);
#1548=CIRCLE('',#1547,2.14999824E0);
#1556=CIRCLE('',#1555,2.14999824E0);
#1564=CIRCLE('',#1563,2.14999824E0);
#1579=CIRCLE('',#1578,2.14999824E0);
#1942=B_SPLINE_CURVE_WITH_KNOTS('',3,(#1933,#1934,#1935,#1936,#1937,#1938,#1939,
#1940,#1941),.UNSPECIFIED.,.F.,.F.,(4,1,1,1,1,1,4),(0.E0,2.077534408031E-1,
3.075916265181E-1,4.693547952465E-1,7.096100923621E-1,8.817621242660E-1,1.E0),
.UNSPECIFIED.);
#1988=B_SPLINE_CURVE_WITH_KNOTS('',3,(#1967,#1968,#1969,#1970,#1971,#1972,#1973,
#1974,#1975,#1976,#1977,#1978,#1979,#1980,#1981,#1982,#1983,#1984,#1985,#1986,
#1987),.UNSPECIFIED.,.F.,.F.,(4,1,1,1,1,1,1,1,1,1,1,1,1,1,1,1,1,1,4),(0.E0,
5.911893786699E-2,1.182378757340E-1,1.612758837100E-1,2.043138916859E-1,
2.473518996619E-1,2.688709036499E-1,2.903899076379E-1,3.204218197773E-1,
3.504537319168E-1,4.105175561957E-1,4.705813804746E-1,5.306452047535E-1,
6.115267891177E-1,6.924083734819E-1,7.423274663394E-1,7.922465591969E-1,
8.961232795985E-1,1.E0),.UNSPECIFIED.);
#2034=B_SPLINE_CURVE_WITH_KNOTS('',3,(#2013,#2014,#2015,#2016,#2017,#2018,#2019,
#2020,#2021,#2022,#2023,#2024,#2025,#2026,#2027,#2028,#2029,#2030,#2031,#2032,
#2033),.UNSPECIFIED.,.F.,.F.,(4,1,1,1,1,1,1,1,1,1,1,1,1,1,1,1,1,1,4),(0.E0,
5.911893786699E-2,1.182378757340E-1,1.612758837100E-1,2.043138916859E-1,
2.473518996619E-1,2.688709036499E-1,2.903899076379E-1,3.204218197773E-1,
3.504537319168E-1,4.105175561957E-1,4.705813804746E-1,5.306452047535E-1,
6.115267891177E-1,6.924083734819E-1,7.423274663394E-1,7.922465591969E-1,
8.961232795985E-1,1.E0),.UNSPECIFIED.);
#2068=B_SPLINE_CURVE_WITH_KNOTS('',3,(#2059,#2060,#2061,#2062,#2063,#2064,#2065,
#2066,#2067),.UNSPECIFIED.,.F.,.F.,(4,1,1,1,1,1,4),(0.E0,2.077534408031E-1,
3.075916265181E-1,4.693547952465E-1,7.096100923621E-1,8.817621242660E-1,1.E0),
.UNSPECIFIED.);
#2121=B_SPLINE_CURVE_WITH_KNOTS('',3,(#2100,#2101,#2102,#2103,#2104,#2105,#2106,
#2107,#2108,#2109,#2110,#2111,#2112,#2113,#2114,#2115,#2116,#2117,#2118,#2119,
#2120),.UNSPECIFIED.,.F.,.F.,(4,1,1,1,1,1,1,1,1,1,1,1,1,1,1,1,1,1,4),(0.E0,
1.038767204015E-1,2.077534408031E-1,2.576725336606E-1,3.075916265181E-1,
3.884732108823E-1,4.693547952465E-1,5.294186195254E-1,5.894824438043E-1,
6.495462680832E-1,6.795781802227E-1,7.096100923621E-1,7.311290963501E-1,
7.526481003381E-1,7.956861083141E-1,8.387241162900E-1,8.817621242660E-1,
9.408810621330E-1,1.E0),.UNSPECIFIED.);
#2153=B_SPLINE_CURVE_WITH_KNOTS('',3,(#2132,#2133,#2134,#2135,#2136,#2137,#2138,
#2139,#2140,#2141,#2142,#2143,#2144,#2145,#2146,#2147,#2148,#2149,#2150,#2151,
#2152),.UNSPECIFIED.,.F.,.F.,(4,1,1,1,1,1,1,1,1,1,1,1,1,1,1,1,1,1,4),(0.E0,
1.038767204015E-1,2.077534408031E-1,2.576725336606E-1,3.075916265181E-1,
3.884732108823E-1,4.693547952465E-1,5.294186195254E-1,5.894824438043E-1,
6.495462680832E-1,6.795781802227E-1,7.096100923621E-1,7.311290963501E-1,
7.526481003381E-1,7.956861083141E-1,8.387241162900E-1,8.817621242660E-1,
9.408810621330E-1,1.E0),.UNSPECIFIED.);
#2224=CIRCLE('',#2223,8.810142754941E-1);
#2239=CIRCLE('',#2238,1.65E0);
#2261=CIRCLE('',#2260,1.5E0);
#2276=CIRCLE('',#2275,1.031014275494E0);
#2312=CIRCLE('',#2311,1.031014275494E0);
#2327=CIRCLE('',#2326,1.5E0);
#2349=CIRCLE('',#2348,1.65E0);
#2364=CIRCLE('',#2363,8.810142754941E-1);
#7899=EDGE_CURVE('',#6682,#6683,#42,.T.);
#7901=EDGE_CURVE('',#6711,#6682,#50,.T.);
#7903=EDGE_CURVE('',#6709,#6711,#57,.T.);
#7905=EDGE_CURVE('',#6707,#6709,#64,.T.);
#7907=EDGE_CURVE('',#6705,#6707,#71,.T.);
#7909=EDGE_CURVE('',#6703,#6705,#78,.T.);
#7911=EDGE_CURVE('',#6701,#6703,#85,.T.);
#7913=EDGE_CURVE('',#6699,#6701,#92,.T.);
#7915=EDGE_CURVE('',#6697,#6699,#99,.T.);
#7917=EDGE_CURVE('',#6695,#6697,#107,.T.);
#7919=EDGE_CURVE('',#6693,#6695,#114,.T.);
#7921=EDGE_CURVE('',#6691,#6693,#122,.T.);
#7923=EDGE_CURVE('',#6689,#6691,#129,.T.);
#7925=EDGE_CURVE('',#6687,#6689,#137,.T.);
#7927=EDGE_CURVE('',#6685,#6687,#144,.T.);
#7929=EDGE_CURVE('',#6683,#6685,#152,.T.);
#7933=EDGE_CURVE('',#6714,#6715,#159,.T.);
#7935=EDGE_CURVE('',#6719,#6714,#166,.T.);
#7937=EDGE_CURVE('',#6717,#6719,#173,.T.);
#7939=EDGE_CURVE('',#6715,#6717,#180,.T.);
#7943=EDGE_CURVE('',#6766,#6767,#187,.T.);
#7945=EDGE_CURVE('',#6767,#6769,#194,.T.);
#7947=EDGE_CURVE('',#6769,#6771,#201,.T.);
#7949=EDGE_CURVE('',#6771,#6773,#208,.T.);
#7951=EDGE_CURVE('',#6773,#6775,#215,.T.);
#7953=EDGE_CURVE('',#6775,#6766,#222,.T.);
#7957=EDGE_CURVE('',#6818,#6819,#229,.T.);
#7959=EDGE_CURVE('',#6819,#6821,#236,.T.);
#7961=EDGE_CURVE('',#6821,#6823,#243,.T.);
#7963=EDGE_CURVE('',#6823,#6818,#250,.T.);
#7967=EDGE_CURVE('',#6826,#6827,#257,.T.);
#7969=EDGE_CURVE('',#6827,#6829,#264,.T.);
#7971=EDGE_CURVE('',#6829,#6831,#271,.T.);
#7973=EDGE_CURVE('',#6831,#6826,#278,.T.);
#7977=EDGE_CURVE('',#7482,#7483,#285,.T.);
#7979=EDGE_CURVE('',#7483,#7485,#292,.T.);
#7981=EDGE_CURVE('',#7485,#7487,#299,.T.);
#7983=EDGE_CURVE('',#7487,#7482,#306,.T.);
#7987=EDGE_CURVE('',#7586,#7587,#314,.T.);
#7989=EDGE_CURVE('',#7587,#7586,#322,.T.);
#7993=EDGE_CURVE('',#7590,#7591,#330,.T.);
#7995=EDGE_CURVE('',#7591,#7590,#338,.T.);
#7999=EDGE_CURVE('',#7594,#7595,#346,.T.);
#8001=EDGE_CURVE('',#7595,#7594,#354,.T.);
#8005=EDGE_CURVE('',#7598,#7599,#362,.T.);
#8007=EDGE_CURVE('',#7599,#7598,#370,.T.);
#8011=EDGE_CURVE('',#7642,#7643,#377,.T.);
#8013=EDGE_CURVE('',#7643,#7645,#384,.T.);
#8015=EDGE_CURVE('',#7645,#7647,#391,.T.);
#8017=EDGE_CURVE('',#7647,#7649,#398,.T.);
#8019=EDGE_CURVE('',#7649,#7651,#405,.T.);
#8021=EDGE_CURVE('',#7651,#7653,#412,.T.);
#8023=EDGE_CURVE('',#7653,#7655,#419,.T.);
#8025=EDGE_CURVE('',#7655,#7657,#426,.T.);
#8027=EDGE_CURVE('',#7657,#7659,#433,.T.);
#8029=EDGE_CURVE('',#7659,#7661,#440,.T.);
#8031=EDGE_CURVE('',#7661,#7663,#447,.T.);
#8033=EDGE_CURVE('',#7663,#7642,#454,.T.);
#8056=EDGE_CURVE('',#6683,#6723,#468,.T.);
#8058=EDGE_CURVE('',#6722,#6723,#573,.T.);
#8060=EDGE_CURVE('',#6682,#6722,#461,.T.);
#8083=EDGE_CURVE('',#6685,#6725,#475,.T.);
#8085=EDGE_CURVE('',#6723,#6725,#581,.T.);
#8109=EDGE_CURVE('',#6687,#6727,#482,.T.);
#8111=EDGE_CURVE('',#6725,#6727,#588,.T.);
#8135=EDGE_CURVE('',#6689,#6729,#489,.T.);
#8137=EDGE_CURVE('',#6727,#6729,#596,.T.);
#8161=EDGE_CURVE('',#6691,#6731,#496,.T.);
#8163=EDGE_CURVE('',#6729,#6731,#603,.T.);
#8187=EDGE_CURVE('',#6693,#6733,#503,.T.);
#8189=EDGE_CURVE('',#6731,#6733,#611,.T.);
#8213=EDGE_CURVE('',#6695,#6735,#510,.T.);
#8215=EDGE_CURVE('',#6733,#6735,#618,.T.);
#8239=EDGE_CURVE('',#6697,#6737,#517,.T.);
#8241=EDGE_CURVE('',#6735,#6737,#626,.T.);
#8253=EDGE_CURVE('',#6699,#6739,#524,.T.);
#8255=EDGE_CURVE('',#6737,#6739,#633,.T.);
#8279=EDGE_CURVE('',#6701,#6741,#531,.T.);
#8281=EDGE_CURVE('',#6739,#6741,#640,.T.);
#8305=EDGE_CURVE('',#6703,#6743,#538,.T.);
#8307=EDGE_CURVE('',#6741,#6743,#647,.T.);
#8331=EDGE_CURVE('',#6705,#6745,#545,.T.);
#8333=EDGE_CURVE('',#6743,#6745,#654,.T.);
#8357=EDGE_CURVE('',#6707,#6747,#552,.T.);
#8359=EDGE_CURVE('',#6745,#6747,#661,.T.);
#8383=EDGE_CURVE('',#6709,#6749,#559,.T.);
#8385=EDGE_CURVE('',#6747,#6749,#668,.T.);
#8409=EDGE_CURVE('',#6711,#6751,#566,.T.);
#8411=EDGE_CURVE('',#6749,#6751,#675,.T.);
#8436=EDGE_CURVE('',#6751,#6722,#682,.T.);
#8477=EDGE_CURVE('',#7822,#7823,#766,.T.);
#8479=EDGE_CURVE('',#7823,#7825,#808,.T.);
#8481=EDGE_CURVE('',#7825,#7827,#794,.T.);
#8483=EDGE_CURVE('',#7827,#7822,#780,.T.);
#8487=EDGE_CURVE('',#7830,#7702,#689,.T.);
#8489=EDGE_CURVE('',#7830,#7819,#696,.T.);
#8491=EDGE_CURVE('',#7818,#7819,#1369,.T.);
#8493=EDGE_CURVE('',#7818,#7811,#703,.T.);
#8495=EDGE_CURVE('',#7811,#7813,#1922,.T.);
#8497=EDGE_CURVE('',#7834,#7813,#906,.T.);
#8499=EDGE_CURVE('',#7715,#7834,#710,.T.);
#8501=EDGE_CURVE('',#7713,#7715,#1494,.T.);
#8503=EDGE_CURVE('',#7712,#7713,#1463,.T.);
#8505=EDGE_CURVE('',#7699,#7712,#717,.T.);
#8507=EDGE_CURVE('',#7709,#7699,#724,.T.);
#8509=EDGE_CURVE('',#7708,#7709,#1447,.T.);
#8511=EDGE_CURVE('',#7719,#7708,#731,.T.);
#8513=EDGE_CURVE('',#7718,#7719,#1525,.T.);
#8515=EDGE_CURVE('',#7687,#7718,#738,.T.);
#8517=EDGE_CURVE('',#7686,#7687,#745,.T.);
#8519=EDGE_CURVE('',#7689,#7686,#752,.T.);
#8521=EDGE_CURVE('',#7705,#7689,#759,.T.);
#8523=EDGE_CURVE('',#7703,#7705,#1416,.T.);
#8525=EDGE_CURVE('',#7702,#7703,#1385,.T.);
#8548=EDGE_CURVE('',#6714,#7822,#773,.T.);
#8551=EDGE_CURVE('',#6715,#7823,#815,.T.);
#8574=EDGE_CURVE('',#6719,#7827,#787,.T.);
#8599=EDGE_CURVE('',#6717,#7825,#801,.T.);
#8647=EDGE_CURVE('',#7830,#7831,#822,.T.);
#8650=EDGE_CURVE('',#7705,#7702,#1011,.T.);
#8653=EDGE_CURVE('',#7689,#7697,#962,.T.);
#8655=EDGE_CURVE('',#7831,#7697,#920,.T.);
#8665=EDGE_CURVE('',#7834,#7835,#829,.T.);
#8667=EDGE_CURVE('',#7695,#7835,#948,.T.);
#8669=EDGE_CURVE('',#7699,#7695,#836,.T.);
#8672=EDGE_CURVE('',#7715,#7712,#997,.T.);
#8683=EDGE_CURVE('',#7747,#7838,#864,.T.);
#8685=EDGE_CURVE('',#7838,#7810,#843,.T.);
#8687=EDGE_CURVE('',#7810,#7811,#1901,.T.);
#8690=EDGE_CURVE('',#7819,#7818,#1004,.T.);
#8694=EDGE_CURVE('',#7757,#7831,#913,.T.);
#8696=EDGE_CURVE('',#7757,#7750,#1586,.T.);
#8698=EDGE_CURVE('',#7750,#7751,#1663,.T.);
#8700=EDGE_CURVE('',#7751,#7747,#850,.T.);
#8710=EDGE_CURVE('',#7838,#7839,#857,.T.);
#8713=EDGE_CURVE('',#7746,#7747,#871,.T.);
#8715=EDGE_CURVE('',#7839,#7746,#878,.T.);
#8719=EDGE_CURVE('',#7860,#7861,#885,.T.);
#8721=EDGE_CURVE('',#7865,#7861,#2089,.T.);
#8723=EDGE_CURVE('',#7864,#7865,#892,.T.);
#8725=EDGE_CURVE('',#7860,#7864,#2002,.T.);
#8736=EDGE_CURVE('',#7839,#7815,#899,.T.);
#8738=EDGE_CURVE('',#7815,#7810,#1908,.T.);
#8749=EDGE_CURVE('',#7759,#7835,#955,.T.);
#8753=EDGE_CURVE('',#7813,#7815,#1915,.T.);
#8757=EDGE_CURVE('',#7755,#7746,#1761,.T.);
#8759=EDGE_CURVE('',#7754,#7755,#1705,.T.);
#8761=EDGE_CURVE('',#7759,#7754,#1607,.T.);
#8773=EDGE_CURVE('',#7697,#7692,#927,.T.);
#8775=EDGE_CURVE('',#7692,#7693,#934,.T.);
#8777=EDGE_CURVE('',#7693,#7695,#941,.T.);
#8781=EDGE_CURVE('',#7759,#7722,#1614,.T.);
#8783=EDGE_CURVE('',#7722,#7723,#1649,.T.);
#8785=EDGE_CURVE('',#7723,#7725,#1635,.T.);
#8787=EDGE_CURVE('',#7725,#7727,#1621,.T.);
#8789=EDGE_CURVE('',#7727,#7757,#1593,.T.);
#8812=EDGE_CURVE('',#7686,#7692,#969,.T.);
#8825=EDGE_CURVE('',#7687,#7693,#976,.T.);
#8837=EDGE_CURVE('',#7718,#7719,#983,.T.);
#8840=EDGE_CURVE('',#7708,#7709,#990,.T.);
#8855=EDGE_CURVE('',#7674,#7675,#1019,.T.);
#8857=EDGE_CURVE('',#7675,#7674,#1042,.T.);
#8868=EDGE_CURVE('',#7679,#7718,#1556,.T.);
#8870=EDGE_CURVE('',#7678,#7679,#1564,.T.);
#8872=EDGE_CURVE('',#7719,#7678,#1533,.T.);
#8883=EDGE_CURVE('',#7683,#7708,#1486,.T.);
#8885=EDGE_CURVE('',#7715,#7683,#1502,.T.);
#8888=EDGE_CURVE('',#7709,#7712,#1455,.T.);
#8899=EDGE_CURVE('',#7681,#7818,#1408,.T.);
#8901=EDGE_CURVE('',#7705,#7681,#1424,.T.);
#8904=EDGE_CURVE('',#7819,#7702,#1377,.T.);
#8915=EDGE_CURVE('',#7603,#7675,#1026,.T.);
#8917=EDGE_CURVE('',#7602,#7603,#1034,.T.);
#8919=EDGE_CURVE('',#7602,#7674,#1049,.T.);
#8931=EDGE_CURVE('',#7603,#7602,#1057,.T.);
#8946=EDGE_CURVE('',#7538,#7539,#1065,.T.);
#8948=EDGE_CURVE('',#7539,#7538,#1073,.T.);
#8958=EDGE_CURVE('',#7606,#7607,#1400,.T.);
#8960=EDGE_CURVE('',#7607,#7606,#1439,.T.);
#8964=EDGE_CURVE('',#7542,#7543,#1081,.T.);
#8966=EDGE_CURVE('',#7543,#7542,#1089,.T.);
#8976=EDGE_CURVE('',#7610,#7611,#1478,.T.);
#8978=EDGE_CURVE('',#7611,#7610,#1517,.T.);
#8982=EDGE_CURVE('',#7546,#7547,#1097,.T.);
#8984=EDGE_CURVE('',#7547,#7546,#1105,.T.);
#8994=EDGE_CURVE('',#7614,#7615,#1548,.T.);
#8996=EDGE_CURVE('',#7615,#7614,#1579,.T.);
#9000=EDGE_CURVE('',#7550,#7551,#1113,.T.);
#9002=EDGE_CURVE('',#7551,#7550,#1121,.T.);
#9013=EDGE_CURVE('',#7538,#7554,#1128,.T.);
#9015=EDGE_CURVE('',#7554,#7555,#1143,.T.);
#9017=EDGE_CURVE('',#7539,#7555,#1135,.T.);
#9041=EDGE_CURVE('',#7555,#7554,#1151,.T.);
#9064=EDGE_CURVE('',#7558,#7559,#1159,.T.);
#9066=EDGE_CURVE('',#7559,#7558,#1167,.T.);
#9092=EDGE_CURVE('',#7566,#7567,#1191,.T.);
#9094=EDGE_CURVE('',#7567,#7566,#1199,.T.);
#9098=EDGE_CURVE('',#7562,#7563,#1175,.T.);
#9100=EDGE_CURVE('',#7563,#7562,#1183,.T.);
#9122=EDGE_CURVE('',#7574,#7575,#1223,.T.);
#9124=EDGE_CURVE('',#7575,#7574,#1231,.T.);
#9128=EDGE_CURVE('',#7570,#7571,#1207,.T.);
#9130=EDGE_CURVE('',#7571,#7570,#1215,.T.);
#9152=EDGE_CURVE('',#7582,#7583,#1255,.T.);
#9154=EDGE_CURVE('',#7583,#7582,#1263,.T.);
#9158=EDGE_CURVE('',#7578,#7579,#1239,.T.);
#9160=EDGE_CURVE('',#7579,#7578,#1247,.T.);
#9183=EDGE_CURVE('',#7586,#7558,#1270,.T.);
#9186=EDGE_CURVE('',#7587,#7559,#1277,.T.);
#9233=EDGE_CURVE('',#7542,#7562,#1284,.T.);
#9236=EDGE_CURVE('',#7543,#7563,#1291,.T.);
#9283=EDGE_CURVE('',#7590,#7566,#1298,.T.);
#9286=EDGE_CURVE('',#7591,#7567,#1305,.T.);
#9333=EDGE_CURVE('',#7546,#7570,#1312,.T.);
#9336=EDGE_CURVE('',#7547,#7571,#1319,.T.);
#9383=EDGE_CURVE('',#7594,#7574,#1326,.T.);
#9386=EDGE_CURVE('',#7595,#7575,#1333,.T.);
#9433=EDGE_CURVE('',#7550,#7578,#1340,.T.);
#9436=EDGE_CURVE('',#7551,#7579,#1347,.T.);
#9483=EDGE_CURVE('',#7598,#7582,#1354,.T.);
#9486=EDGE_CURVE('',#7599,#7583,#1361,.T.);
#9535=EDGE_CURVE('',#7607,#7703,#1392,.T.);
#9538=EDGE_CURVE('',#7606,#7681,#1431,.T.);
#9565=EDGE_CURVE('',#7611,#7713,#1470,.T.);
#9568=EDGE_CURVE('',#7610,#7683,#1509,.T.);
#9594=EDGE_CURVE('',#7615,#7678,#1540,.T.);
#9597=EDGE_CURVE('',#7614,#7679,#1571,.T.);
#9622=EDGE_CURVE('',#7727,#7671,#1600,.T.);
#9624=EDGE_CURVE('',#7671,#7750,#1670,.T.);
#9647=EDGE_CURVE('',#7754,#7666,#1698,.T.);
#9649=EDGE_CURVE('',#7722,#7666,#1656,.T.);
#9673=EDGE_CURVE('',#7725,#7669,#1628,.T.);
#9675=EDGE_CURVE('',#7669,#7671,#1677,.T.);
#9699=EDGE_CURVE('',#7723,#7667,#1642,.T.);
#9701=EDGE_CURVE('',#7667,#7669,#1684,.T.);
#9726=EDGE_CURVE('',#7666,#7667,#1691,.T.);
#9756=EDGE_CURVE('',#7755,#7743,#1712,.T.);
#9758=EDGE_CURVE('',#7743,#7738,#1719,.T.);
#9760=EDGE_CURVE('',#7738,#7739,#1726,.T.);
#9762=EDGE_CURVE('',#7739,#7741,#1733,.T.);
#9764=EDGE_CURVE('',#7741,#7751,#1740,.T.);
#9786=EDGE_CURVE('',#7755,#7751,#1747,.T.);
#9789=EDGE_CURVE('',#7741,#7733,#1754,.T.);
#9791=EDGE_CURVE('',#7733,#7735,#1803,.T.);
#9793=EDGE_CURVE('',#7743,#7735,#1782,.T.);
#9817=EDGE_CURVE('',#7739,#7731,#1768,.T.);
#9819=EDGE_CURVE('',#7731,#7733,#1810,.T.);
#9831=EDGE_CURVE('',#7738,#7730,#1775,.T.);
#9833=EDGE_CURVE('',#7730,#7731,#1789,.T.);
#9846=EDGE_CURVE('',#7735,#7730,#1796,.T.);
#9863=EDGE_CURVE('',#7888,#7889,#1817,.T.);
#9865=EDGE_CURVE('',#7889,#7891,#1824,.T.);
#9867=EDGE_CURVE('',#7891,#7893,#1831,.T.);
#9869=EDGE_CURVE('',#7893,#7888,#1838,.T.);
#9880=EDGE_CURVE('',#7888,#7880,#1845,.T.);
#9882=EDGE_CURVE('',#7880,#7881,#1873,.T.);
#9884=EDGE_CURVE('',#7889,#7881,#1866,.T.);
#9895=EDGE_CURVE('',#7893,#7885,#1852,.T.);
#9897=EDGE_CURVE('',#7885,#7880,#1880,.T.);
#9909=EDGE_CURVE('',#7891,#7883,#1859,.T.);
#9911=EDGE_CURVE('',#7883,#7885,#1887,.T.);
#9924=EDGE_CURVE('',#7881,#7883,#1894,.T.);
#9972=EDGE_CURVE('',#7860,#7840,#1929,.T.);
#9974=EDGE_CURVE('',#7840,#7841,#1942,.T.);
#9976=EDGE_CURVE('',#7841,#7843,#1949,.T.);
#9978=EDGE_CURVE('',#7843,#7845,#1956,.T.);
#9980=EDGE_CURVE('',#7845,#7847,#1963,.T.);
#9982=EDGE_CURVE('',#7847,#7848,#1988,.T.);
#9984=EDGE_CURVE('',#7848,#7861,#1995,.T.);
#10007=EDGE_CURVE('',#7864,#7849,#2075,.T.);
#10009=EDGE_CURVE('',#7840,#7849,#2392,.T.);
#10033=EDGE_CURVE('',#7857,#7865,#2009,.T.);
#10035=EDGE_CURVE('',#7856,#7857,#2034,.T.);
#10037=EDGE_CURVE('',#7854,#7856,#2041,.T.);
#10039=EDGE_CURVE('',#7852,#7854,#2048,.T.);
#10041=EDGE_CURVE('',#7850,#7852,#2055,.T.);
#10043=EDGE_CURVE('',#7849,#7850,#2068,.T.);
#10066=EDGE_CURVE('',#7870,#7876,#2128,.T.);
#10068=EDGE_CURVE('',#7870,#7857,#2082,.T.);
#10073=EDGE_CURVE('',#7848,#7876,#2096,.T.);
#10101=B_SPLINE_CURVE_WITH_KNOTS('',3,(#10078,#10079,#10080,#10081,#10082,
#10083,#10084,#10085,#10086,#10087,#10088,#10089,#10090,#10091,#10092,#10093,
#10094,#10095,#10096,#10097,#10098,#10099,#10100),.UNSPECIFIED.,.F.,.F.,(4,1,1,
1,1,1,1,1,1,1,1,1,1,1,1,1,1,1,1,1,4),(0.E0,1.173724699936E-2,1.132300320692E-1,
2.147228171391E-1,2.634962838281E-1,3.122697505171E-1,3.912951300849E-1,
4.703205096526E-1,5.290058896342E-1,5.876912696159E-1,6.463766495975E-1,
6.757193395883E-1,7.050620295792E-1,7.260871797594E-1,7.471123299396E-1,
7.891626303E-1,8.312129306604E-1,8.732632310208E-1,9.310254094117E-1,
9.887875878026E-1,1.E0),.UNSPECIFIED.);
#10108=EDGE_CURVE('',#7870,#7871,#2121,.T.);
#10111=EDGE_CURVE('',#7876,#7877,#2153,.T.);
#10113=EDGE_CURVE('',#7871,#7877,#2174,.T.);
#10153=B_SPLINE_CURVE_WITH_KNOTS('',3,(#10130,#10131,#10132,#10133,#10134,
#10135,#10136,#10137,#10138,#10139,#10140,#10141,#10142,#10143,#10144,#10145,
#10146,#10147,#10148,#10149,#10150,#10151,#10152),.UNSPECIFIED.,.F.,.F.,(4,1,1,
1,1,1,1,1,1,1,1,1,1,1,1,1,1,1,1,1,4),(0.E0,1.173724699936E-2,1.132300320692E-1,
2.147228171391E-1,2.634962838281E-1,3.122697505171E-1,3.912951300849E-1,
4.703205096526E-1,5.290058896342E-1,5.876912696159E-1,6.463766495975E-1,
6.757193395883E-1,7.050620295792E-1,7.260871797594E-1,7.471123299396E-1,
7.891626303E-1,8.312129306604E-1,8.732632310208E-1,9.310254094117E-1,
9.887875878026E-1,1.E0),.UNSPECIFIED.);
#10161=EDGE_CURVE('',#7871,#7856,#2160,.T.);
#10203=B_SPLINE_CURVE_WITH_KNOTS('',3,(#10180,#10181,#10182,#10183,#10184,
#10185,#10186,#10187,#10188,#10189,#10190,#10191,#10192,#10193,#10194,#10195,
#10196,#10197,#10198,#10199,#10200,#10201,#10202),.UNSPECIFIED.,.F.,.F.,(4,1,1,
1,1,1,1,1,1,1,1,1,1,1,1,1,1,1,1,1,4),(0.E0,1.173724699936E-2,1.132300320692E-1,
2.147228171391E-1,2.634962838281E-1,3.122697505171E-1,3.912951300849E-1,
4.703205096526E-1,5.290058896342E-1,5.876912696159E-1,6.463766495975E-1,
6.757193395883E-1,7.050620295792E-1,7.260871797594E-1,7.471123299396E-1,
7.891626303E-1,8.312129306604E-1,8.732632310208E-1,9.310254094117E-1,
9.887875878026E-1,1.E0),.UNSPECIFIED.);
#10213=EDGE_CURVE('',#7847,#7877,#2167,.T.);
#10238=EDGE_CURVE('',#7845,#7875,#2181,.T.);
#10240=EDGE_CURVE('',#7875,#7805,#2371,.T.);
#10242=EDGE_CURVE('',#7801,#7805,#2290,.T.);
#10244=EDGE_CURVE('',#7869,#7801,#2216,.T.);
#10246=EDGE_CURVE('',#7869,#7854,#2188,.T.);
#10270=EDGE_CURVE('',#7868,#7869,#2209,.T.);
#10272=EDGE_CURVE('',#7868,#7852,#2195,.T.);
#10284=EDGE_CURVE('',#7874,#7875,#2297,.T.);
#10288=EDGE_CURVE('',#7843,#7874,#2202,.T.);
#10300=EDGE_CURVE('',#7801,#7762,#2224,.T.);
#10302=EDGE_CURVE('',#7762,#7763,#2231,.T.);
#10304=EDGE_CURVE('',#7763,#7765,#2239,.T.);
#10306=EDGE_CURVE('',#7765,#7797,#2246,.T.);
#10308=EDGE_CURVE('',#7799,#7797,#2595,.T.);
#10310=EDGE_CURVE('',#7799,#7768,#2253,.T.);
#10312=EDGE_CURVE('',#7768,#7769,#2261,.T.);
#10314=EDGE_CURVE('',#7769,#7771,#2268,.T.);
#10316=EDGE_CURVE('',#7771,#7803,#2276,.T.);
#10318=EDGE_CURVE('',#7803,#7868,#2283,.T.);
#10342=EDGE_CURVE('',#7805,#7774,#2364,.T.);
#10344=EDGE_CURVE('',#7762,#7774,#2686,.T.);
#10367=EDGE_CURVE('',#7807,#7874,#2304,.T.);
#10369=EDGE_CURVE('',#7783,#7807,#2312,.T.);
#10371=EDGE_CURVE('',#7781,#7783,#2319,.T.);
#10373=EDGE_CURVE('',#7780,#7781,#2327,.T.);
#10375=EDGE_CURVE('',#7786,#7780,#2334,.T.);
#10377=EDGE_CURVE('',#7786,#7787,#2665,.T.);
#10379=EDGE_CURVE('',#7777,#7787,#2341,.T.);
#10381=EDGE_CURVE('',#7775,#7777,#2349,.T.);
#10383=EDGE_CURVE('',#7774,#7775,#2356,.T.);
#10410=EDGE_CURVE('',#7841,#7850,#2378,.T.);
#10415=EDGE_CURVE('',#7803,#7807,#2385,.T.);
#10431=B_SPLINE_CURVE_WITH_KNOTS('',3,(#10420,#10421,#10422,#10423,#10424,
#10425,#10426,#10427,#10428,#10429,#10430),.UNSPECIFIED.,.F.,.F.,(4,1,1,1,1,1,1,
1,4),(0.E0,1.032264605034E-2,1.259438502857E-1,2.942860597234E-1,
5.292243703449E-1,6.874076280633E-1,7.850363378940E-1,9.881920767854E-1,1.E0),
.UNSPECIFIED.);
#10463=EDGE_CURVE('',#7771,#7783,#2399,.T.);
#10476=EDGE_CURVE('',#7769,#7781,#2406,.T.);
#10501=EDGE_CURVE('',#7768,#7780,#2413,.T.);
#10525=EDGE_CURVE('',#7786,#7791,#2434,.T.);
#10530=EDGE_CURVE('',#7795,#7799,#2630,.T.);
#10532=EDGE_CURVE('',#7791,#7795,#2469,.T.);
#10554=EDGE_CURVE('',#7787,#7789,#2420,.T.);
#10556=EDGE_CURVE('',#7787,#7627,#2427,.T.);
#10558=EDGE_CURVE('',#7627,#7629,#2532,.T.);
#10560=EDGE_CURVE('',#7789,#7629,#2462,.T.);
#10583=EDGE_CURVE('',#7653,#7791,#2476,.T.);
#10586=EDGE_CURVE('',#7651,#7786,#2441,.T.);
#10609=EDGE_CURVE('',#7789,#7793,#2455,.T.);
#10611=EDGE_CURVE('',#7793,#7797,#2616,.T.);
#10614=EDGE_CURVE('',#7765,#7777,#2448,.T.);
#10639=EDGE_CURVE('',#7629,#7631,#2525,.T.);
#10641=EDGE_CURVE('',#7793,#7631,#2623,.T.);
#10664=EDGE_CURVE('',#7655,#7795,#2637,.T.);
#10688=EDGE_CURVE('',#7618,#7619,#2483,.T.);
#10690=EDGE_CURVE('',#7639,#7618,#2490,.T.);
#10692=EDGE_CURVE('',#7637,#7639,#2497,.T.);
#10694=EDGE_CURVE('',#7635,#7637,#2504,.T.);
#10696=EDGE_CURVE('',#7633,#7635,#2511,.T.);
#10698=EDGE_CURVE('',#7631,#7633,#2518,.T.);
#10702=EDGE_CURVE('',#7625,#7627,#2539,.T.);
#10704=EDGE_CURVE('',#7623,#7625,#2546,.T.);
#10706=EDGE_CURVE('',#7621,#7623,#2553,.T.);
#10708=EDGE_CURVE('',#7619,#7621,#2560,.T.);
#10731=EDGE_CURVE('',#7642,#7618,#2567,.T.);
#10734=EDGE_CURVE('',#7643,#7619,#2644,.T.);
#10745=EDGE_CURVE('',#7663,#7639,#2574,.T.);
#10758=EDGE_CURVE('',#7661,#7637,#2581,.T.);
#10771=EDGE_CURVE('',#7659,#7635,#2588,.T.);
#10796=EDGE_CURVE('',#7797,#7633,#2602,.T.);
#10801=EDGE_CURVE('',#7657,#7799,#2609,.T.);
#10874=EDGE_CURVE('',#7645,#7621,#2651,.T.);
#10887=EDGE_CURVE('',#7647,#7623,#2658,.T.);
#10900=EDGE_CURVE('',#7649,#7625,#2672,.T.);
#10937=EDGE_CURVE('',#7763,#7775,#2679,.T.);
#10986=EDGE_CURVE('',#6766,#6754,#2693,.T.);
#10988=EDGE_CURVE('',#6754,#6755,#2812,.T.);
#10990=EDGE_CURVE('',#6767,#6755,#2805,.T.);
#11012=EDGE_CURVE('',#6775,#6793,#2700,.T.);
#11014=EDGE_CURVE('',#6793,#6797,#2707,.T.);
#11016=EDGE_CURVE('',#6797,#6799,#2714,.T.);
#11018=EDGE_CURVE('',#6795,#6799,#2721,.T.);
#11020=EDGE_CURVE('',#6795,#6763,#2728,.T.);
#11022=EDGE_CURVE('',#6763,#6754,#2819,.T.);
#11046=EDGE_CURVE('',#6786,#6793,#2735,.T.);
#11050=EDGE_CURVE('',#6773,#6786,#2742,.T.);
#11072=EDGE_CURVE('',#6790,#6795,#2749,.T.);
#11074=EDGE_CURVE('',#6790,#6761,#2756,.T.);
#11076=EDGE_CURVE('',#6761,#6763,#2826,.T.);
#11099=EDGE_CURVE('',#6786,#6787,#2770,.T.);
#11101=EDGE_CURVE('',#6779,#6787,#2763,.T.);
#11103=EDGE_CURVE('',#6778,#6779,#2868,.T.);
#11105=EDGE_CURVE('',#6797,#6778,#2861,.T.);
#11132=EDGE_CURVE('',#6771,#6759,#2777,.T.);
#11134=EDGE_CURVE('',#6759,#6761,#2833,.T.);
#11137=EDGE_CURVE('',#6790,#6791,#2784,.T.);
#11139=EDGE_CURVE('',#6791,#6787,#2791,.T.);
#11162=EDGE_CURVE('',#6769,#6757,#2798,.T.);
#11164=EDGE_CURVE('',#6757,#6759,#2840,.T.);
#11189=EDGE_CURVE('',#6755,#6757,#2847,.T.);
#11241=EDGE_CURVE('',#6799,#6781,#2854,.T.);
#11243=EDGE_CURVE('',#6783,#6781,#2882,.T.);
#11245=EDGE_CURVE('',#6783,#6791,#2896,.T.);
#11269=EDGE_CURVE('',#6781,#6778,#2889,.T.);
#11293=EDGE_CURVE('',#6779,#6783,#2875,.T.);
#11342=EDGE_CURVE('',#6818,#6802,#2903,.T.);
#11344=EDGE_CURVE('',#6802,#6803,#2931,.T.);
#11346=EDGE_CURVE('',#6819,#6803,#2924,.T.);
#11357=EDGE_CURVE('',#6823,#6807,#2910,.T.);
#11359=EDGE_CURVE('',#6807,#6802,#2938,.T.);
#11371=EDGE_CURVE('',#6821,#6805,#2917,.T.);
#11373=EDGE_CURVE('',#6805,#6807,#2945,.T.);
#11386=EDGE_CURVE('',#6803,#6805,#2952,.T.);
#11403=EDGE_CURVE('',#6850,#6851,#2987,.T.);
#11405=EDGE_CURVE('',#6851,#6853,#2994,.T.);
#11407=EDGE_CURVE('',#6853,#6855,#3001,.T.);
#11409=EDGE_CURVE('',#6855,#6850,#3008,.T.);
#11413=EDGE_CURVE('',#6882,#6883,#3043,.T.);
#11415=EDGE_CURVE('',#6883,#6885,#3050,.T.);
#11417=EDGE_CURVE('',#6885,#6887,#3057,.T.);
#11419=EDGE_CURVE('',#6887,#6882,#3064,.T.);
#11423=EDGE_CURVE('',#6914,#6915,#3099,.T.);
#11425=EDGE_CURVE('',#6915,#6917,#3106,.T.);
#11427=EDGE_CURVE('',#6917,#6919,#3113,.T.);
#11429=EDGE_CURVE('',#6919,#6914,#3120,.T.);
#11433=EDGE_CURVE('',#6946,#6947,#3155,.T.);
#11435=EDGE_CURVE('',#6947,#6949,#3162,.T.);
#11437=EDGE_CURVE('',#6949,#6951,#3169,.T.);
#11439=EDGE_CURVE('',#6951,#6946,#3176,.T.);
#11443=EDGE_CURVE('',#6978,#6979,#3211,.T.);
#11445=EDGE_CURVE('',#6979,#6981,#3218,.T.);
#11447=EDGE_CURVE('',#6981,#6983,#3225,.T.);
#11449=EDGE_CURVE('',#6983,#6978,#3232,.T.);
#11453=EDGE_CURVE('',#7010,#7011,#3267,.T.);
#11455=EDGE_CURVE('',#7011,#7013,#3274,.T.);
#11457=EDGE_CURVE('',#7013,#7015,#3281,.T.);
#11459=EDGE_CURVE('',#7015,#7010,#3288,.T.);
#11463=EDGE_CURVE('',#7042,#7043,#3323,.T.);
#11465=EDGE_CURVE('',#7043,#7045,#3330,.T.);
#11467=EDGE_CURVE('',#7045,#7047,#3337,.T.);
#11469=EDGE_CURVE('',#7047,#7042,#3344,.T.);
#11473=EDGE_CURVE('',#7074,#7075,#3379,.T.);
#11475=EDGE_CURVE('',#7075,#7077,#3386,.T.);
#11477=EDGE_CURVE('',#7077,#7079,#3393,.T.);
#11479=EDGE_CURVE('',#7079,#7074,#3400,.T.);
#11483=EDGE_CURVE('',#7106,#7107,#3435,.T.);
#11485=EDGE_CURVE('',#7107,#7109,#3442,.T.);
#11487=EDGE_CURVE('',#7109,#7111,#3449,.T.);
#11489=EDGE_CURVE('',#7111,#7106,#3456,.T.);
#11493=EDGE_CURVE('',#7138,#7139,#3491,.T.);
#11495=EDGE_CURVE('',#7139,#7141,#3498,.T.);
#11497=EDGE_CURVE('',#7141,#7143,#3505,.T.);
#11499=EDGE_CURVE('',#7143,#7138,#3512,.T.);
#11503=EDGE_CURVE('',#7170,#7171,#3547,.T.);
#11505=EDGE_CURVE('',#7171,#7173,#3554,.T.);
#11507=EDGE_CURVE('',#7173,#7175,#3561,.T.);
#11509=EDGE_CURVE('',#7175,#7170,#3568,.T.);
#11513=EDGE_CURVE('',#7202,#7203,#3603,.T.);
#11515=EDGE_CURVE('',#7203,#7205,#3610,.T.);
#11517=EDGE_CURVE('',#7205,#7207,#3617,.T.);
#11519=EDGE_CURVE('',#7207,#7202,#3624,.T.);
#11523=EDGE_CURVE('',#7234,#7235,#3659,.T.);
#11525=EDGE_CURVE('',#7235,#7237,#3666,.T.);
#11527=EDGE_CURVE('',#7237,#7239,#3673,.T.);
#11529=EDGE_CURVE('',#7239,#7234,#3680,.T.);
#11533=EDGE_CURVE('',#7266,#7267,#3715,.T.);
#11535=EDGE_CURVE('',#7267,#7269,#3722,.T.);
#11537=EDGE_CURVE('',#7269,#7271,#3729,.T.);
#11539=EDGE_CURVE('',#7271,#7266,#3736,.T.);
#11543=EDGE_CURVE('',#7298,#7299,#3771,.T.);
#11545=EDGE_CURVE('',#7299,#7301,#3778,.T.);
#11547=EDGE_CURVE('',#7301,#7303,#3785,.T.);
#11549=EDGE_CURVE('',#7303,#7298,#3792,.T.);
#11553=EDGE_CURVE('',#7330,#7331,#3827,.T.);
#11555=EDGE_CURVE('',#7331,#7333,#3834,.T.);
#11557=EDGE_CURVE('',#7333,#7335,#3841,.T.);
#11559=EDGE_CURVE('',#7335,#7330,#3848,.T.);
#11563=EDGE_CURVE('',#7362,#7363,#3883,.T.);
#11565=EDGE_CURVE('',#7363,#7365,#3890,.T.);
#11567=EDGE_CURVE('',#7365,#7367,#3897,.T.);
#11569=EDGE_CURVE('',#7367,#7362,#3904,.T.);
#11573=EDGE_CURVE('',#7394,#7395,#3939,.T.);
#11575=EDGE_CURVE('',#7395,#7397,#3946,.T.);
#11577=EDGE_CURVE('',#7397,#7399,#3953,.T.);
#11579=EDGE_CURVE('',#7399,#7394,#3960,.T.);
#11583=EDGE_CURVE('',#7426,#7427,#3995,.T.);
#11585=EDGE_CURVE('',#7427,#7429,#4002,.T.);
#11587=EDGE_CURVE('',#7429,#7431,#4009,.T.);
#11589=EDGE_CURVE('',#7431,#7426,#4016,.T.);
#11593=EDGE_CURVE('',#7458,#7459,#4051,.T.);
#11595=EDGE_CURVE('',#7459,#7461,#4058,.T.);
#11597=EDGE_CURVE('',#7461,#7463,#4065,.T.);
#11599=EDGE_CURVE('',#7463,#7458,#4072,.T.);
#11609=EDGE_CURVE('',#6810,#6811,#2959,.T.);
#11611=EDGE_CURVE('',#6815,#6810,#2966,.T.);
#11613=EDGE_CURVE('',#6813,#6815,#2973,.T.);
#11615=EDGE_CURVE('',#6811,#6813,#2980,.T.);
#11619=EDGE_CURVE('',#6858,#6859,#3015,.T.);
#11621=EDGE_CURVE('',#6859,#6861,#3022,.T.);
#11623=EDGE_CURVE('',#6861,#6863,#3029,.T.);
#11625=EDGE_CURVE('',#6863,#6858,#3036,.T.);
#11629=EDGE_CURVE('',#6890,#6891,#3071,.T.);
#11631=EDGE_CURVE('',#6891,#6893,#3078,.T.);
#11633=EDGE_CURVE('',#6893,#6895,#3085,.T.);
#11635=EDGE_CURVE('',#6895,#6890,#3092,.T.);
#11639=EDGE_CURVE('',#6922,#6923,#3127,.T.);
#11641=EDGE_CURVE('',#6923,#6925,#3134,.T.);
#11643=EDGE_CURVE('',#6925,#6927,#3141,.T.);
#11645=EDGE_CURVE('',#6927,#6922,#3148,.T.);
#11649=EDGE_CURVE('',#6954,#6955,#3183,.T.);
#11651=EDGE_CURVE('',#6955,#6957,#3190,.T.);
#11653=EDGE_CURVE('',#6957,#6959,#3197,.T.);
#11655=EDGE_CURVE('',#6959,#6954,#3204,.T.);
#11659=EDGE_CURVE('',#6986,#6987,#3239,.T.);
#11661=EDGE_CURVE('',#6987,#6989,#3246,.T.);
#11663=EDGE_CURVE('',#6989,#6991,#3253,.T.);
#11665=EDGE_CURVE('',#6991,#6986,#3260,.T.);
#11669=EDGE_CURVE('',#7018,#7019,#3295,.T.);
#11671=EDGE_CURVE('',#7019,#7021,#3302,.T.);
#11673=EDGE_CURVE('',#7021,#7023,#3309,.T.);
#11675=EDGE_CURVE('',#7023,#7018,#3316,.T.);
#11679=EDGE_CURVE('',#7050,#7051,#3351,.T.);
#11681=EDGE_CURVE('',#7051,#7053,#3358,.T.);
#11683=EDGE_CURVE('',#7053,#7055,#3365,.T.);
#11685=EDGE_CURVE('',#7055,#7050,#3372,.T.);
#11689=EDGE_CURVE('',#7082,#7083,#3407,.T.);
#11691=EDGE_CURVE('',#7083,#7085,#3414,.T.);
#11693=EDGE_CURVE('',#7085,#7087,#3421,.T.);
#11695=EDGE_CURVE('',#7087,#7082,#3428,.T.);
#11699=EDGE_CURVE('',#7114,#7115,#3463,.T.);
#11701=EDGE_CURVE('',#7115,#7117,#3470,.T.);
#11703=EDGE_CURVE('',#7117,#7119,#3477,.T.);
#11705=EDGE_CURVE('',#7119,#7114,#3484,.T.);
#11709=EDGE_CURVE('',#7146,#7147,#3519,.T.);
#11711=EDGE_CURVE('',#7147,#7149,#3526,.T.);
#11713=EDGE_CURVE('',#7149,#7151,#3533,.T.);
#11715=EDGE_CURVE('',#7151,#7146,#3540,.T.);
#11719=EDGE_CURVE('',#7178,#7179,#3575,.T.);
#11721=EDGE_CURVE('',#7179,#7181,#3582,.T.);
#11723=EDGE_CURVE('',#7181,#7183,#3589,.T.);
#11725=EDGE_CURVE('',#7183,#7178,#3596,.T.);
#11729=EDGE_CURVE('',#7210,#7211,#3631,.T.);
#11731=EDGE_CURVE('',#7211,#7213,#3638,.T.);
#11733=EDGE_CURVE('',#7213,#7215,#3645,.T.);
#11735=EDGE_CURVE('',#7215,#7210,#3652,.T.);
#11739=EDGE_CURVE('',#7242,#7243,#3687,.T.);
#11741=EDGE_CURVE('',#7243,#7245,#3694,.T.);
#11743=EDGE_CURVE('',#7245,#7247,#3701,.T.);
#11745=EDGE_CURVE('',#7247,#7242,#3708,.T.);
#11749=EDGE_CURVE('',#7274,#7275,#3743,.T.);
#11751=EDGE_CURVE('',#7275,#7277,#3750,.T.);
#11753=EDGE_CURVE('',#7277,#7279,#3757,.T.);
#11755=EDGE_CURVE('',#7279,#7274,#3764,.T.);
#11759=EDGE_CURVE('',#7306,#7307,#3799,.T.);
#11761=EDGE_CURVE('',#7307,#7309,#3806,.T.);
#11763=EDGE_CURVE('',#7309,#7311,#3813,.T.);
#11765=EDGE_CURVE('',#7311,#7306,#3820,.T.);
#11769=EDGE_CURVE('',#7338,#7339,#3855,.T.);
#11771=EDGE_CURVE('',#7339,#7341,#3862,.T.);
#11773=EDGE_CURVE('',#7341,#7343,#3869,.T.);
#11775=EDGE_CURVE('',#7343,#7338,#3876,.T.);
#11779=EDGE_CURVE('',#7370,#7371,#3911,.T.);
#11781=EDGE_CURVE('',#7371,#7373,#3918,.T.);
#11783=EDGE_CURVE('',#7373,#7375,#3925,.T.);
#11785=EDGE_CURVE('',#7375,#7370,#3932,.T.);
#11789=EDGE_CURVE('',#7402,#7403,#3967,.T.);
#11791=EDGE_CURVE('',#7403,#7405,#3974,.T.);
#11793=EDGE_CURVE('',#7405,#7407,#3981,.T.);
#11795=EDGE_CURVE('',#7407,#7402,#3988,.T.);
#11799=EDGE_CURVE('',#7434,#7435,#4023,.T.);
#11801=EDGE_CURVE('',#7435,#7437,#4030,.T.);
#11803=EDGE_CURVE('',#7437,#7439,#4037,.T.);
#11805=EDGE_CURVE('',#7439,#7434,#4044,.T.);
#11809=EDGE_CURVE('',#7466,#7467,#4079,.T.);
#11811=EDGE_CURVE('',#7467,#7469,#4086,.T.);
#11813=EDGE_CURVE('',#7469,#7471,#4093,.T.);
#11815=EDGE_CURVE('',#7471,#7466,#4100,.T.);
#11826=EDGE_CURVE('',#6826,#6810,#4107,.T.);
#11829=EDGE_CURVE('',#6827,#6811,#4128,.T.);
#11840=EDGE_CURVE('',#6831,#6815,#4114,.T.);
#11853=EDGE_CURVE('',#6829,#6813,#4121,.T.);
#11878=EDGE_CURVE('',#6850,#6834,#4135,.T.);
#11880=EDGE_CURVE('',#6834,#6835,#4163,.T.);
#11882=EDGE_CURVE('',#6851,#6835,#4156,.T.);
#11893=EDGE_CURVE('',#6855,#6839,#4142,.T.);
#11895=EDGE_CURVE('',#6839,#6834,#4170,.T.);
#11907=EDGE_CURVE('',#6853,#6837,#4149,.T.);
#11909=EDGE_CURVE('',#6837,#6839,#4177,.T.);
#11922=EDGE_CURVE('',#6835,#6837,#4184,.T.);
#11945=EDGE_CURVE('',#6842,#6843,#4191,.T.);
#11947=EDGE_CURVE('',#6847,#6842,#4198,.T.);
#11949=EDGE_CURVE('',#6845,#6847,#4205,.T.);
#11951=EDGE_CURVE('',#6843,#6845,#4212,.T.);
#11962=EDGE_CURVE('',#6858,#6842,#4219,.T.);
#11965=EDGE_CURVE('',#6859,#6843,#4240,.T.);
#11976=EDGE_CURVE('',#6863,#6847,#4226,.T.);
#11989=EDGE_CURVE('',#6861,#6845,#4233,.T.);
#12014=EDGE_CURVE('',#6882,#6866,#4247,.T.);
#12016=EDGE_CURVE('',#6866,#6867,#4275,.T.);
#12018=EDGE_CURVE('',#6883,#6867,#4268,.T.);
#12029=EDGE_CURVE('',#6887,#6871,#4254,.T.);
#12031=EDGE_CURVE('',#6871,#6866,#4282,.T.);
#12043=EDGE_CURVE('',#6885,#6869,#4261,.T.);
#12045=EDGE_CURVE('',#6869,#6871,#4289,.T.);
#12058=EDGE_CURVE('',#6867,#6869,#4296,.T.);
#12081=EDGE_CURVE('',#6874,#6875,#4303,.T.);
#12083=EDGE_CURVE('',#6879,#6874,#4310,.T.);
#12085=EDGE_CURVE('',#6877,#6879,#4317,.T.);
#12087=EDGE_CURVE('',#6875,#6877,#4324,.T.);
#12098=EDGE_CURVE('',#6890,#6874,#4331,.T.);
#12101=EDGE_CURVE('',#6891,#6875,#4352,.T.);
#12112=EDGE_CURVE('',#6895,#6879,#4338,.T.);
#12125=EDGE_CURVE('',#6893,#6877,#4345,.T.);
#12150=EDGE_CURVE('',#6914,#6898,#4359,.T.);
#12152=EDGE_CURVE('',#6898,#6899,#4387,.T.);
#12154=EDGE_CURVE('',#6915,#6899,#4380,.T.);
#12165=EDGE_CURVE('',#6919,#6903,#4366,.T.);
#12167=EDGE_CURVE('',#6903,#6898,#4394,.T.);
#12179=EDGE_CURVE('',#6917,#6901,#4373,.T.);
#12181=EDGE_CURVE('',#6901,#6903,#4401,.T.);
#12194=EDGE_CURVE('',#6899,#6901,#4408,.T.);
#12217=EDGE_CURVE('',#6906,#6907,#4415,.T.);
#12219=EDGE_CURVE('',#6911,#6906,#4422,.T.);
#12221=EDGE_CURVE('',#6909,#6911,#4429,.T.);
#12223=EDGE_CURVE('',#6907,#6909,#4436,.T.);
#12234=EDGE_CURVE('',#6922,#6906,#4443,.T.);
#12237=EDGE_CURVE('',#6923,#6907,#4464,.T.);
#12248=EDGE_CURVE('',#6927,#6911,#4450,.T.);
#12261=EDGE_CURVE('',#6925,#6909,#4457,.T.);
#12286=EDGE_CURVE('',#6946,#6930,#4471,.T.);
#12288=EDGE_CURVE('',#6930,#6931,#4499,.T.);
#12290=EDGE_CURVE('',#6947,#6931,#4492,.T.);
#12301=EDGE_CURVE('',#6951,#6935,#4478,.T.);
#12303=EDGE_CURVE('',#6935,#6930,#4506,.T.);
#12315=EDGE_CURVE('',#6949,#6933,#4485,.T.);
#12317=EDGE_CURVE('',#6933,#6935,#4513,.T.);
#12330=EDGE_CURVE('',#6931,#6933,#4520,.T.);
#12353=EDGE_CURVE('',#6938,#6939,#4527,.T.);
#12355=EDGE_CURVE('',#6943,#6938,#4534,.T.);
#12357=EDGE_CURVE('',#6941,#6943,#4541,.T.);
#12359=EDGE_CURVE('',#6939,#6941,#4548,.T.);
#12370=EDGE_CURVE('',#6954,#6938,#4555,.T.);
#12373=EDGE_CURVE('',#6955,#6939,#4576,.T.);
#12384=EDGE_CURVE('',#6959,#6943,#4562,.T.);
#12397=EDGE_CURVE('',#6957,#6941,#4569,.T.);
#12422=EDGE_CURVE('',#6978,#6962,#4583,.T.);
#12424=EDGE_CURVE('',#6962,#6963,#4611,.T.);
#12426=EDGE_CURVE('',#6979,#6963,#4604,.T.);
#12437=EDGE_CURVE('',#6983,#6967,#4590,.T.);
#12439=EDGE_CURVE('',#6967,#6962,#4618,.T.);
#12451=EDGE_CURVE('',#6981,#6965,#4597,.T.);
#12453=EDGE_CURVE('',#6965,#6967,#4625,.T.);
#12466=EDGE_CURVE('',#6963,#6965,#4632,.T.);
#12489=EDGE_CURVE('',#6970,#6971,#4639,.T.);
#12491=EDGE_CURVE('',#6975,#6970,#4646,.T.);
#12493=EDGE_CURVE('',#6973,#6975,#4653,.T.);
#12495=EDGE_CURVE('',#6971,#6973,#4660,.T.);
#12506=EDGE_CURVE('',#6986,#6970,#4667,.T.);
#12509=EDGE_CURVE('',#6987,#6971,#4688,.T.);
#12520=EDGE_CURVE('',#6991,#6975,#4674,.T.);
#12533=EDGE_CURVE('',#6989,#6973,#4681,.T.);
#12558=EDGE_CURVE('',#7010,#6994,#4695,.T.);
#12560=EDGE_CURVE('',#6994,#6995,#4723,.T.);
#12562=EDGE_CURVE('',#7011,#6995,#4716,.T.);
#12573=EDGE_CURVE('',#7015,#6999,#4702,.T.);
#12575=EDGE_CURVE('',#6999,#6994,#4730,.T.);
#12587=EDGE_CURVE('',#7013,#6997,#4709,.T.);
#12589=EDGE_CURVE('',#6997,#6999,#4737,.T.);
#12602=EDGE_CURVE('',#6995,#6997,#4744,.T.);
#12625=EDGE_CURVE('',#7002,#7003,#4751,.T.);
#12627=EDGE_CURVE('',#7007,#7002,#4758,.T.);
#12629=EDGE_CURVE('',#7005,#7007,#4765,.T.);
#12631=EDGE_CURVE('',#7003,#7005,#4772,.T.);
#12642=EDGE_CURVE('',#7018,#7002,#4779,.T.);
#12645=EDGE_CURVE('',#7019,#7003,#4800,.T.);
#12656=EDGE_CURVE('',#7023,#7007,#4786,.T.);
#12669=EDGE_CURVE('',#7021,#7005,#4793,.T.);
#12694=EDGE_CURVE('',#7042,#7026,#4807,.T.);
#12696=EDGE_CURVE('',#7026,#7027,#4835,.T.);
#12698=EDGE_CURVE('',#7043,#7027,#4828,.T.);
#12709=EDGE_CURVE('',#7047,#7031,#4814,.T.);
#12711=EDGE_CURVE('',#7031,#7026,#4842,.T.);
#12723=EDGE_CURVE('',#7045,#7029,#4821,.T.);
#12725=EDGE_CURVE('',#7029,#7031,#4849,.T.);
#12738=EDGE_CURVE('',#7027,#7029,#4856,.T.);
#12761=EDGE_CURVE('',#7034,#7035,#4863,.T.);
#12763=EDGE_CURVE('',#7039,#7034,#4870,.T.);
#12765=EDGE_CURVE('',#7037,#7039,#4877,.T.);
#12767=EDGE_CURVE('',#7035,#7037,#4884,.T.);
#12778=EDGE_CURVE('',#7050,#7034,#4891,.T.);
#12781=EDGE_CURVE('',#7051,#7035,#4912,.T.);
#12792=EDGE_CURVE('',#7055,#7039,#4898,.T.);
#12805=EDGE_CURVE('',#7053,#7037,#4905,.T.);
#12830=EDGE_CURVE('',#7074,#7058,#4919,.T.);
#12832=EDGE_CURVE('',#7058,#7059,#4947,.T.);
#12834=EDGE_CURVE('',#7075,#7059,#4940,.T.);
#12845=EDGE_CURVE('',#7079,#7063,#4926,.T.);
#12847=EDGE_CURVE('',#7063,#7058,#4954,.T.);
#12859=EDGE_CURVE('',#7077,#7061,#4933,.T.);
#12861=EDGE_CURVE('',#7061,#7063,#4961,.T.);
#12874=EDGE_CURVE('',#7059,#7061,#4968,.T.);
#12897=EDGE_CURVE('',#7066,#7067,#4975,.T.);
#12899=EDGE_CURVE('',#7071,#7066,#4982,.T.);
#12901=EDGE_CURVE('',#7069,#7071,#4989,.T.);
#12903=EDGE_CURVE('',#7067,#7069,#4996,.T.);
#12914=EDGE_CURVE('',#7082,#7066,#5003,.T.);
#12917=EDGE_CURVE('',#7083,#7067,#5024,.T.);
#12928=EDGE_CURVE('',#7087,#7071,#5010,.T.);
#12941=EDGE_CURVE('',#7085,#7069,#5017,.T.);
#12966=EDGE_CURVE('',#7106,#7090,#5031,.T.);
#12968=EDGE_CURVE('',#7090,#7091,#5059,.T.);
#12970=EDGE_CURVE('',#7107,#7091,#5052,.T.);
#12981=EDGE_CURVE('',#7111,#7095,#5038,.T.);
#12983=EDGE_CURVE('',#7095,#7090,#5066,.T.);
#12995=EDGE_CURVE('',#7109,#7093,#5045,.T.);
#12997=EDGE_CURVE('',#7093,#7095,#5073,.T.);
#13010=EDGE_CURVE('',#7091,#7093,#5080,.T.);
#13033=EDGE_CURVE('',#7098,#7099,#5087,.T.);
#13035=EDGE_CURVE('',#7103,#7098,#5094,.T.);
#13037=EDGE_CURVE('',#7101,#7103,#5101,.T.);
#13039=EDGE_CURVE('',#7099,#7101,#5108,.T.);
#13050=EDGE_CURVE('',#7114,#7098,#5115,.T.);
#13053=EDGE_CURVE('',#7115,#7099,#5136,.T.);
#13064=EDGE_CURVE('',#7119,#7103,#5122,.T.);
#13077=EDGE_CURVE('',#7117,#7101,#5129,.T.);
#13102=EDGE_CURVE('',#7138,#7122,#5143,.T.);
#13104=EDGE_CURVE('',#7122,#7123,#5171,.T.);
#13106=EDGE_CURVE('',#7139,#7123,#5164,.T.);
#13117=EDGE_CURVE('',#7143,#7127,#5150,.T.);
#13119=EDGE_CURVE('',#7127,#7122,#5178,.T.);
#13131=EDGE_CURVE('',#7141,#7125,#5157,.T.);
#13133=EDGE_CURVE('',#7125,#7127,#5185,.T.);
#13146=EDGE_CURVE('',#7123,#7125,#5192,.T.);
#13169=EDGE_CURVE('',#7130,#7131,#5199,.T.);
#13171=EDGE_CURVE('',#7135,#7130,#5206,.T.);
#13173=EDGE_CURVE('',#7133,#7135,#5213,.T.);
#13175=EDGE_CURVE('',#7131,#7133,#5220,.T.);
#13186=EDGE_CURVE('',#7146,#7130,#5227,.T.);
#13189=EDGE_CURVE('',#7147,#7131,#5248,.T.);
#13200=EDGE_CURVE('',#7151,#7135,#5234,.T.);
#13213=EDGE_CURVE('',#7149,#7133,#5241,.T.);
#13238=EDGE_CURVE('',#7170,#7154,#5255,.T.);
#13240=EDGE_CURVE('',#7154,#7155,#5283,.T.);
#13242=EDGE_CURVE('',#7171,#7155,#5276,.T.);
#13253=EDGE_CURVE('',#7175,#7159,#5262,.T.);
#13255=EDGE_CURVE('',#7159,#7154,#5290,.T.);
#13267=EDGE_CURVE('',#7173,#7157,#5269,.T.);
#13269=EDGE_CURVE('',#7157,#7159,#5297,.T.);
#13282=EDGE_CURVE('',#7155,#7157,#5304,.T.);
#13305=EDGE_CURVE('',#7162,#7163,#5311,.T.);
#13307=EDGE_CURVE('',#7167,#7162,#5318,.T.);
#13309=EDGE_CURVE('',#7165,#7167,#5325,.T.);
#13311=EDGE_CURVE('',#7163,#7165,#5332,.T.);
#13322=EDGE_CURVE('',#7178,#7162,#5339,.T.);
#13325=EDGE_CURVE('',#7179,#7163,#5360,.T.);
#13336=EDGE_CURVE('',#7183,#7167,#5346,.T.);
#13349=EDGE_CURVE('',#7181,#7165,#5353,.T.);
#13374=EDGE_CURVE('',#7202,#7186,#5367,.T.);
#13376=EDGE_CURVE('',#7186,#7187,#5395,.T.);
#13378=EDGE_CURVE('',#7203,#7187,#5388,.T.);
#13389=EDGE_CURVE('',#7207,#7191,#5374,.T.);
#13391=EDGE_CURVE('',#7191,#7186,#5402,.T.);
#13403=EDGE_CURVE('',#7205,#7189,#5381,.T.);
#13405=EDGE_CURVE('',#7189,#7191,#5409,.T.);
#13418=EDGE_CURVE('',#7187,#7189,#5416,.T.);
#13441=EDGE_CURVE('',#7194,#7195,#5423,.T.);
#13443=EDGE_CURVE('',#7199,#7194,#5430,.T.);
#13445=EDGE_CURVE('',#7197,#7199,#5437,.T.);
#13447=EDGE_CURVE('',#7195,#7197,#5444,.T.);
#13458=EDGE_CURVE('',#7210,#7194,#5451,.T.);
#13461=EDGE_CURVE('',#7211,#7195,#5472,.T.);
#13472=EDGE_CURVE('',#7215,#7199,#5458,.T.);
#13485=EDGE_CURVE('',#7213,#7197,#5465,.T.);
#13510=EDGE_CURVE('',#7234,#7218,#5479,.T.);
#13512=EDGE_CURVE('',#7218,#7219,#5507,.T.);
#13514=EDGE_CURVE('',#7235,#7219,#5500,.T.);
#13525=EDGE_CURVE('',#7239,#7223,#5486,.T.);
#13527=EDGE_CURVE('',#7223,#7218,#5514,.T.);
#13539=EDGE_CURVE('',#7237,#7221,#5493,.T.);
#13541=EDGE_CURVE('',#7221,#7223,#5521,.T.);
#13554=EDGE_CURVE('',#7219,#7221,#5528,.T.);
#13577=EDGE_CURVE('',#7226,#7227,#5535,.T.);
#13579=EDGE_CURVE('',#7231,#7226,#5542,.T.);
#13581=EDGE_CURVE('',#7229,#7231,#5549,.T.);
#13583=EDGE_CURVE('',#7227,#7229,#5556,.T.);
#13594=EDGE_CURVE('',#7242,#7226,#5563,.T.);
#13597=EDGE_CURVE('',#7243,#7227,#5584,.T.);
#13608=EDGE_CURVE('',#7247,#7231,#5570,.T.);
#13621=EDGE_CURVE('',#7245,#7229,#5577,.T.);
#13646=EDGE_CURVE('',#7266,#7250,#5591,.T.);
#13648=EDGE_CURVE('',#7250,#7251,#5619,.T.);
#13650=EDGE_CURVE('',#7267,#7251,#5612,.T.);
#13661=EDGE_CURVE('',#7271,#7255,#5598,.T.);
#13663=EDGE_CURVE('',#7255,#7250,#5626,.T.);
#13675=EDGE_CURVE('',#7269,#7253,#5605,.T.);
#13677=EDGE_CURVE('',#7253,#7255,#5633,.T.);
#13690=EDGE_CURVE('',#7251,#7253,#5640,.T.);
#13713=EDGE_CURVE('',#7258,#7259,#5647,.T.);
#13715=EDGE_CURVE('',#7263,#7258,#5654,.T.);
#13717=EDGE_CURVE('',#7261,#7263,#5661,.T.);
#13719=EDGE_CURVE('',#7259,#7261,#5668,.T.);
#13730=EDGE_CURVE('',#7274,#7258,#5675,.T.);
#13733=EDGE_CURVE('',#7275,#7259,#5696,.T.);
#13744=EDGE_CURVE('',#7279,#7263,#5682,.T.);
#13757=EDGE_CURVE('',#7277,#7261,#5689,.T.);
#13782=EDGE_CURVE('',#7298,#7282,#5703,.T.);
#13784=EDGE_CURVE('',#7282,#7283,#5731,.T.);
#13786=EDGE_CURVE('',#7299,#7283,#5724,.T.);
#13797=EDGE_CURVE('',#7303,#7287,#5710,.T.);
#13799=EDGE_CURVE('',#7287,#7282,#5738,.T.);
#13811=EDGE_CURVE('',#7301,#7285,#5717,.T.);
#13813=EDGE_CURVE('',#7285,#7287,#5745,.T.);
#13826=EDGE_CURVE('',#7283,#7285,#5752,.T.);
#13849=EDGE_CURVE('',#7290,#7291,#5759,.T.);
#13851=EDGE_CURVE('',#7295,#7290,#5766,.T.);
#13853=EDGE_CURVE('',#7293,#7295,#5773,.T.);
#13855=EDGE_CURVE('',#7291,#7293,#5780,.T.);
#13866=EDGE_CURVE('',#7306,#7290,#5787,.T.);
#13869=EDGE_CURVE('',#7307,#7291,#5808,.T.);
#13880=EDGE_CURVE('',#7311,#7295,#5794,.T.);
#13893=EDGE_CURVE('',#7309,#7293,#5801,.T.);
#13918=EDGE_CURVE('',#7330,#7314,#5815,.T.);
#13920=EDGE_CURVE('',#7314,#7315,#5843,.T.);
#13922=EDGE_CURVE('',#7331,#7315,#5836,.T.);
#13933=EDGE_CURVE('',#7335,#7319,#5822,.T.);
#13935=EDGE_CURVE('',#7319,#7314,#5850,.T.);
#13947=EDGE_CURVE('',#7333,#7317,#5829,.T.);
#13949=EDGE_CURVE('',#7317,#7319,#5857,.T.);
#13962=EDGE_CURVE('',#7315,#7317,#5864,.T.);
#13985=EDGE_CURVE('',#7322,#7323,#5871,.T.);
#13987=EDGE_CURVE('',#7327,#7322,#5878,.T.);
#13989=EDGE_CURVE('',#7325,#7327,#5885,.T.);
#13991=EDGE_CURVE('',#7323,#7325,#5892,.T.);
#14002=EDGE_CURVE('',#7338,#7322,#5899,.T.);
#14005=EDGE_CURVE('',#7339,#7323,#5920,.T.);
#14016=EDGE_CURVE('',#7343,#7327,#5906,.T.);
#14029=EDGE_CURVE('',#7341,#7325,#5913,.T.);
#14054=EDGE_CURVE('',#7362,#7346,#5927,.T.);
#14056=EDGE_CURVE('',#7346,#7347,#5955,.T.);
#14058=EDGE_CURVE('',#7363,#7347,#5948,.T.);
#14069=EDGE_CURVE('',#7367,#7351,#5934,.T.);
#14071=EDGE_CURVE('',#7351,#7346,#5962,.T.);
#14083=EDGE_CURVE('',#7365,#7349,#5941,.T.);
#14085=EDGE_CURVE('',#7349,#7351,#5969,.T.);
#14098=EDGE_CURVE('',#7347,#7349,#5976,.T.);
#14121=EDGE_CURVE('',#7354,#7355,#5983,.T.);
#14123=EDGE_CURVE('',#7359,#7354,#5990,.T.);
#14125=EDGE_CURVE('',#7357,#7359,#5997,.T.);
#14127=EDGE_CURVE('',#7355,#7357,#6004,.T.);
#14138=EDGE_CURVE('',#7370,#7354,#6011,.T.);
#14141=EDGE_CURVE('',#7371,#7355,#6032,.T.);
#14152=EDGE_CURVE('',#7375,#7359,#6018,.T.);
#14165=EDGE_CURVE('',#7373,#7357,#6025,.T.);
#14190=EDGE_CURVE('',#7394,#7378,#6039,.T.);
#14192=EDGE_CURVE('',#7378,#7379,#6067,.T.);
#14194=EDGE_CURVE('',#7395,#7379,#6060,.T.);
#14205=EDGE_CURVE('',#7399,#7383,#6046,.T.);
#14207=EDGE_CURVE('',#7383,#7378,#6074,.T.);
#14219=EDGE_CURVE('',#7397,#7381,#6053,.T.);
#14221=EDGE_CURVE('',#7381,#7383,#6081,.T.);
#14234=EDGE_CURVE('',#7379,#7381,#6088,.T.);
#14257=EDGE_CURVE('',#7386,#7387,#6095,.T.);
#14259=EDGE_CURVE('',#7391,#7386,#6102,.T.);
#14261=EDGE_CURVE('',#7389,#7391,#6109,.T.);
#14263=EDGE_CURVE('',#7387,#7389,#6116,.T.);
#14274=EDGE_CURVE('',#7402,#7386,#6123,.T.);
#14277=EDGE_CURVE('',#7403,#7387,#6144,.T.);
#14288=EDGE_CURVE('',#7407,#7391,#6130,.T.);
#14301=EDGE_CURVE('',#7405,#7389,#6137,.T.);
#14326=EDGE_CURVE('',#7426,#7410,#6151,.T.);
#14328=EDGE_CURVE('',#7410,#7411,#6179,.T.);
#14330=EDGE_CURVE('',#7427,#7411,#6172,.T.);
#14341=EDGE_CURVE('',#7431,#7415,#6158,.T.);
#14343=EDGE_CURVE('',#7415,#7410,#6186,.T.);
#14355=EDGE_CURVE('',#7429,#7413,#6165,.T.);
#14357=EDGE_CURVE('',#7413,#7415,#6193,.T.);
#14370=EDGE_CURVE('',#7411,#7413,#6200,.T.);
#14393=EDGE_CURVE('',#7418,#7419,#6207,.T.);
#14395=EDGE_CURVE('',#7423,#7418,#6214,.T.);
#14397=EDGE_CURVE('',#7421,#7423,#6221,.T.);
#14399=EDGE_CURVE('',#7419,#7421,#6228,.T.);
#14410=EDGE_CURVE('',#7434,#7418,#6235,.T.);
#14413=EDGE_CURVE('',#7435,#7419,#6256,.T.);
#14424=EDGE_CURVE('',#7439,#7423,#6242,.T.);
#14437=EDGE_CURVE('',#7437,#7421,#6249,.T.);
#14462=EDGE_CURVE('',#7458,#7442,#6263,.T.);
#14464=EDGE_CURVE('',#7442,#7443,#6291,.T.);
#14466=EDGE_CURVE('',#7459,#7443,#6284,.T.);
#14477=EDGE_CURVE('',#7463,#7447,#6270,.T.);
#14479=EDGE_CURVE('',#7447,#7442,#6298,.T.);
#14491=EDGE_CURVE('',#7461,#7445,#6277,.T.);
#14493=EDGE_CURVE('',#7445,#7447,#6305,.T.);
#14506=EDGE_CURVE('',#7443,#7445,#6312,.T.);
#14529=EDGE_CURVE('',#7450,#7451,#6319,.T.);
#14531=EDGE_CURVE('',#7455,#7450,#6326,.T.);
#14533=EDGE_CURVE('',#7453,#7455,#6333,.T.);
#14535=EDGE_CURVE('',#7451,#7453,#6340,.T.);
#14546=EDGE_CURVE('',#7466,#7450,#6347,.T.);
#14549=EDGE_CURVE('',#7467,#7451,#6368,.T.);
#14560=EDGE_CURVE('',#7471,#7455,#6354,.T.);
#14573=EDGE_CURVE('',#7469,#7453,#6361,.T.);
#14598=EDGE_CURVE('',#7482,#7474,#6375,.T.);
#14600=EDGE_CURVE('',#7474,#7475,#6487,.T.);
#14602=EDGE_CURVE('',#7483,#7475,#6480,.T.);
#14625=EDGE_CURVE('',#7487,#7479,#6382,.T.);
#14627=EDGE_CURVE('',#7479,#7474,#6494,.T.);
#14632=EDGE_CURVE('',#7498,#7499,#6389,.T.);
#14634=EDGE_CURVE('',#7499,#7501,#6396,.T.);
#14636=EDGE_CURVE('',#7501,#7503,#6403,.T.);
#14638=EDGE_CURVE('',#7503,#7498,#6410,.T.);
#14642=EDGE_CURVE('',#7522,#7523,#6417,.T.);
#14644=EDGE_CURVE('',#7523,#7525,#6424,.T.);
#14646=EDGE_CURVE('',#7525,#7527,#6431,.T.);
#14648=EDGE_CURVE('',#7527,#7522,#6438,.T.);
#14652=EDGE_CURVE('',#7530,#7531,#6445,.T.);
#14654=EDGE_CURVE('',#7531,#7533,#6452,.T.);
#14656=EDGE_CURVE('',#7533,#7535,#6459,.T.);
#14658=EDGE_CURVE('',#7535,#7530,#6466,.T.);
#14681=EDGE_CURVE('',#7485,#7477,#6473,.T.);
#14683=EDGE_CURVE('',#7477,#7479,#6501,.T.);
#14708=EDGE_CURVE('',#7475,#7477,#6508,.T.);
#14756=EDGE_CURVE('',#7498,#7490,#6515,.T.);
#14758=EDGE_CURVE('',#7490,#7491,#6543,.T.);
#14760=EDGE_CURVE('',#7499,#7491,#6536,.T.);
#14771=EDGE_CURVE('',#7503,#7495,#6522,.T.);
#14773=EDGE_CURVE('',#7495,#7490,#6550,.T.);
#14785=EDGE_CURVE('',#7501,#7493,#6529,.T.);
#14787=EDGE_CURVE('',#7493,#7495,#6557,.T.);
#14800=EDGE_CURVE('',#7491,#7493,#6564,.T.);
#14824=EDGE_CURVE('',#7522,#7506,#6571,.T.);
#14826=EDGE_CURVE('',#7506,#7507,#6599,.T.);
#14828=EDGE_CURVE('',#7523,#7507,#6592,.T.);
#14851=EDGE_CURVE('',#7527,#7511,#6578,.T.);
#14853=EDGE_CURVE('',#7511,#7506,#6606,.T.);
#14877=EDGE_CURVE('',#7525,#7509,#6585,.T.);
#14879=EDGE_CURVE('',#7509,#7511,#6613,.T.);
#14904=EDGE_CURVE('',#7507,#7509,#6620,.T.);
#14951=EDGE_CURVE('',#7514,#7515,#6627,.T.);
#14953=EDGE_CURVE('',#7519,#7514,#6634,.T.);
#14955=EDGE_CURVE('',#7517,#7519,#6641,.T.);
#14957=EDGE_CURVE('',#7515,#7517,#6648,.T.);
#14980=EDGE_CURVE('',#7530,#7514,#6655,.T.);
#14983=EDGE_CURVE('',#7531,#7515,#6676,.T.);
#15006=EDGE_CURVE('',#7535,#7519,#6662,.T.);
#15031=EDGE_CURVE('',#7533,#7517,#6669,.T.);
#15074=CLOSED_SHELL('',(#8037,#8064,#8090,#8116,#8142,#8168,#8194,#8220,#8246,
#8260,#8286,#8312,#8338,#8364,#8390,#8416,#8441,#8529,#8555,#8580,#8605,#8629,
#8659,#8677,#8704,#8729,#8743,#8765,#8793,#8818,#8831,#8849,#8861,#8876,#8892,
#8908,#8923,#8936,#8952,#8970,#8988,#9006,#9021,#9046,#9074,#9104,#9134,#9164,
#9190,#9214,#9240,#9264,#9290,#9314,#9340,#9364,#9390,#9414,#9440,#9464,#9490,
#9514,#9543,#9556,#9573,#9586,#9602,#9614,#9628,#9654,#9680,#9706,#9731,#9768,
#9798,#9810,#9824,#9838,#9851,#9873,#9888,#9902,#9916,#9929,#9941,#9965,#9988,
#10014,#10048,#10077,#10117,#10167,#10217,#10252,#10278,#10292,#10322,#10348,
#10389,#10419,#10444,#10469,#10482,#10507,#10536,#10564,#10590,#10619,#10645,
#10670,#10712,#10738,#10751,#10764,#10777,#10805,#10829,#10853,#10878,#10891,
#10904,#10918,#10943,#10967,#10994,#11028,#11054,#11081,#11111,#11143,#11169,
#11194,#11220,#11249,#11274,#11299,#11323,#11350,#11364,#11378,#11391,#11603,
#11819,#11833,#11846,#11859,#11871,#11886,#11900,#11914,#11927,#11939,#11955,
#11969,#11982,#11995,#12007,#12022,#12036,#12050,#12063,#12075,#12091,#12105,
#12118,#12131,#12143,#12158,#12172,#12186,#12199,#12211,#12227,#12241,#12254,
#12267,#12279,#12294,#12308,#12322,#12335,#12347,#12363,#12377,#12390,#12403,
#12415,#12430,#12444,#12458,#12471,#12483,#12499,#12513,#12526,#12539,#12551,
#12566,#12580,#12594,#12607,#12619,#12635,#12649,#12662,#12675,#12687,#12702,
#12716,#12730,#12743,#12755,#12771,#12785,#12798,#12811,#12823,#12838,#12852,
#12866,#12879,#12891,#12907,#12921,#12934,#12947,#12959,#12974,#12988,#13002,
#13015,#13027,#13043,#13057,#13070,#13083,#13095,#13110,#13124,#13138,#13151,
#13163,#13179,#13193,#13206,#13219,#13231,#13246,#13260,#13274,#13287,#13299,
#13315,#13329,#13342,#13355,#13367,#13382,#13396,#13410,#13423,#13435,#13451,
#13465,#13478,#13491,#13503,#13518,#13532,#13546,#13559,#13571,#13587,#13601,
#13614,#13627,#13639,#13654,#13668,#13682,#13695,#13707,#13723,#13737,#13750,
#13763,#13775,#13790,#13804,#13818,#13831,#13843,#13859,#13873,#13886,#13899,
#13911,#13926,#13940,#13954,#13967,#13979,#13995,#14009,#14022,#14035,#14047,
#14062,#14076,#14090,#14103,#14115,#14131,#14145,#14158,#14171,#14183,#14198,
#14212,#14226,#14239,#14251,#14267,#14281,#14294,#14307,#14319,#14334,#14348,
#14362,#14375,#14387,#14403,#14417,#14430,#14443,#14455,#14470,#14484,#14498,
#14511,#14523,#14539,#14553,#14566,#14579,#14591,#14606,#14662,#14688,#14713,
#14737,#14764,#14778,#14792,#14805,#14817,#14832,#14858,#14884,#14909,#14933,
#14961,#14987,#15012,#15037,#15061));
#15075=MANIFOLD_SOLID_BREP('',#15074);
#15082=(LENGTH_UNIT()NAMED_UNIT(*)SI_UNIT(.MILLI.,.METRE.));
#15084=(NAMED_UNIT(*)PLANE_ANGLE_UNIT()SI_UNIT($,.RADIAN.));
#15087=(NAMED_UNIT(*)SI_UNIT($,.STERADIAN.)SOLID_ANGLE_UNIT());
#15090=ADVANCED_BREP_SHAPE_REPRESENTATION('',(#15075),#15089);
#15098=PRODUCT_DEFINITION('design','',#15097,#15094);
#15099=PRODUCT_DEFINITION_SHAPE('','SHAPE FOR PICO-RESTOUCH-LCD-3_5.',#15098);
#15100=SHAPE_DEFINITION_REPRESENTATION(#15099,#15090);
ENDSEC;
END-ISO-10303-21;
