ISO-10303-21;
HEADER;
FILE_DESCRIPTION((''),'2;1');
FILE_NAME('L61-1','2020-12-25T',('Administrator'),(''),
'PRO/ENGINEER BY PARAMETRIC TECHNOLOGY CORPORATION, 2002350',
'PRO/ENGINEER BY PARAMETRIC TECHNOLOGY CORPORATION, 2002350','');
FILE_SCHEMA(('CONFIG_CONTROL_DESIGN'));
ENDSEC;
DATA;
#1=DIRECTION('',(0.E0,0.E0,1.E0));
#2=VECTOR('',#1,5.9E0);
#3=CARTESIAN_POINT('',(2.3995E1,2.46575E1,-9.2E0));
#4=LINE('',#3,#2);
#5=DIRECTION('',(0.E0,1.E0,0.E0));
#6=VECTOR('',#5,2.5E0);
#7=CARTESIAN_POINT('',(8.E-1,2.31E1,-3.3E0));
#8=LINE('',#7,#6);
#9=DIRECTION('',(-1.E0,0.E0,0.E0));
#10=VECTOR('',#9,2.E1);
#11=CARTESIAN_POINT('',(2.08E1,2.31E1,-3.3E0));
#12=LINE('',#11,#10);
#13=DIRECTION('',(0.E0,-1.E0,0.E0));
#14=VECTOR('',#13,2.5E0);
#15=CARTESIAN_POINT('',(2.08E1,2.56E1,-3.3E0));
#16=LINE('',#15,#14);
#17=DIRECTION('',(1.E0,0.E0,0.E0));
#18=VECTOR('',#17,2.E1);
#19=CARTESIAN_POINT('',(8.E-1,2.56E1,-3.3E0));
#20=LINE('',#19,#18);
#21=DIRECTION('',(0.E0,1.E0,0.E0));
#22=VECTOR('',#21,2.5E0);
#23=CARTESIAN_POINT('',(2.25E1,2.31E1,-3.3E0));
#24=LINE('',#23,#22);
#25=DIRECTION('',(-1.E0,0.E0,0.E0));
#26=VECTOR('',#25,2.E1);
#27=CARTESIAN_POINT('',(4.25E1,2.31E1,-3.3E0));
#28=LINE('',#27,#26);
#29=DIRECTION('',(0.E0,-1.E0,0.E0));
#30=VECTOR('',#29,2.5E0);
#31=CARTESIAN_POINT('',(4.25E1,2.56E1,-3.3E0));
#32=LINE('',#31,#30);
#33=DIRECTION('',(1.E0,0.E0,0.E0));
#34=VECTOR('',#33,2.E1);
#35=CARTESIAN_POINT('',(2.25E1,2.56E1,-3.3E0));
#36=LINE('',#35,#34);
#37=DIRECTION('',(0.E0,1.E0,0.E0));
#38=VECTOR('',#37,2.5E0);
#39=CARTESIAN_POINT('',(9.7E0,-2.53E1,-3.3E0));
#40=LINE('',#39,#38);
#41=DIRECTION('',(-1.E0,0.E0,0.E0));
#42=VECTOR('',#41,1.51E1);
#43=CARTESIAN_POINT('',(2.48E1,-2.53E1,-3.3E0));
#44=LINE('',#43,#42);
#45=DIRECTION('',(0.E0,-1.E0,0.E0));
#46=VECTOR('',#45,2.5E0);
#47=CARTESIAN_POINT('',(2.48E1,-2.28E1,-3.3E0));
#48=LINE('',#47,#46);
#49=DIRECTION('',(1.E0,0.E0,0.E0));
#50=VECTOR('',#49,1.51E1);
#51=CARTESIAN_POINT('',(9.7E0,-2.28E1,-3.3E0));
#52=LINE('',#51,#50);
#53=DIRECTION('',(0.E0,1.E0,0.E0));
#54=VECTOR('',#53,2.5E0);
#55=CARTESIAN_POINT('',(2.75E1,-2.53E1,-3.3E0));
#56=LINE('',#55,#54);
#57=DIRECTION('',(-1.E0,0.E0,0.E0));
#58=VECTOR('',#57,1.51E1);
#59=CARTESIAN_POINT('',(4.26E1,-2.53E1,-3.3E0));
#60=LINE('',#59,#58);
#61=DIRECTION('',(0.E0,-1.E0,0.E0));
#62=VECTOR('',#61,2.5E0);
#63=CARTESIAN_POINT('',(4.26E1,-2.28E1,-3.3E0));
#64=LINE('',#63,#62);
#65=DIRECTION('',(1.E0,0.E0,0.E0));
#66=VECTOR('',#65,1.51E1);
#67=CARTESIAN_POINT('',(2.75E1,-2.28E1,-3.3E0));
#68=LINE('',#67,#66);
#69=DIRECTION('',(0.E0,1.E0,0.E0));
#70=VECTOR('',#69,6.15E-1);
#71=CARTESIAN_POINT('',(1.68E0,2.40425E1,-3.3E0));
#72=LINE('',#71,#70);
#73=DIRECTION('',(1.E0,0.E0,0.E0));
#74=VECTOR('',#73,6.15E-1);
#75=CARTESIAN_POINT('',(1.68E0,2.46575E1,-3.3E0));
#76=LINE('',#75,#74);
#77=DIRECTION('',(0.E0,-1.E0,0.E0));
#78=VECTOR('',#77,6.15E-1);
#79=CARTESIAN_POINT('',(2.295E0,2.46575E1,-3.3E0));
#80=LINE('',#79,#78);
#81=DIRECTION('',(-1.E0,-1.155354041886E-14,0.E0));
#82=VECTOR('',#81,6.15E-1);
#83=CARTESIAN_POINT('',(2.295E0,2.40425E1,-3.3E0));
#84=LINE('',#83,#82);
#85=DIRECTION('',(0.E0,1.E0,0.E0));
#86=VECTOR('',#85,6.15E-1);
#87=CARTESIAN_POINT('',(4.195E0,2.40425E1,-3.3E0));
#88=LINE('',#87,#86);
#89=DIRECTION('',(1.E0,0.E0,0.E0));
#90=VECTOR('',#89,6.15E-1);
#91=CARTESIAN_POINT('',(4.195E0,2.46575E1,-3.3E0));
#92=LINE('',#91,#90);
#93=DIRECTION('',(0.E0,-1.E0,0.E0));
#94=VECTOR('',#93,6.15E-1);
#95=CARTESIAN_POINT('',(4.81E0,2.46575E1,-3.3E0));
#96=LINE('',#95,#94);
#97=DIRECTION('',(-1.E0,0.E0,0.E0));
#98=VECTOR('',#97,6.15E-1);
#99=CARTESIAN_POINT('',(4.81E0,2.40425E1,-3.3E0));
#100=LINE('',#99,#98);
#101=DIRECTION('',(0.E0,1.E0,0.E0));
#102=VECTOR('',#101,6.15E-1);
#103=CARTESIAN_POINT('',(6.71E0,2.40425E1,-3.3E0));
#104=LINE('',#103,#102);
#105=DIRECTION('',(1.E0,0.E0,0.E0));
#106=VECTOR('',#105,6.15E-1);
#107=CARTESIAN_POINT('',(6.71E0,2.46575E1,-3.3E0));
#108=LINE('',#107,#106);
#109=DIRECTION('',(0.E0,-1.E0,0.E0));
#110=VECTOR('',#109,6.15E-1);
#111=CARTESIAN_POINT('',(7.325E0,2.46575E1,-3.3E0));
#112=LINE('',#111,#110);
#113=DIRECTION('',(-1.E0,0.E0,0.E0));
#114=VECTOR('',#113,6.15E-1);
#115=CARTESIAN_POINT('',(7.325E0,2.40425E1,-3.3E0));
#116=LINE('',#115,#114);
#117=DIRECTION('',(0.E0,1.E0,0.E0));
#118=VECTOR('',#117,6.15E-1);
#119=CARTESIAN_POINT('',(9.225E0,2.40425E1,-3.3E0));
#120=LINE('',#119,#118);
#121=DIRECTION('',(1.E0,0.E0,0.E0));
#122=VECTOR('',#121,6.15E-1);
#123=CARTESIAN_POINT('',(9.225E0,2.46575E1,-3.3E0));
#124=LINE('',#123,#122);
#125=DIRECTION('',(0.E0,-1.E0,0.E0));
#126=VECTOR('',#125,6.15E-1);
#127=CARTESIAN_POINT('',(9.84E0,2.46575E1,-3.3E0));
#128=LINE('',#127,#126);
#129=DIRECTION('',(-1.E0,1.155354041886E-14,0.E0));
#130=VECTOR('',#129,6.15E-1);
#131=CARTESIAN_POINT('',(9.84E0,2.40425E1,-3.3E0));
#132=LINE('',#131,#130);
#133=DIRECTION('',(-1.E0,-1.155354041886E-14,0.E0));
#134=VECTOR('',#133,6.15E-1);
#135=CARTESIAN_POINT('',(1.992E1,2.40425E1,-3.3E0));
#136=LINE('',#135,#134);
#137=DIRECTION('',(0.E0,1.E0,0.E0));
#138=VECTOR('',#137,6.15E-1);
#139=CARTESIAN_POINT('',(1.9305E1,2.40425E1,-3.3E0));
#140=LINE('',#139,#138);
#141=DIRECTION('',(1.E0,0.E0,0.E0));
#142=VECTOR('',#141,6.15E-1);
#143=CARTESIAN_POINT('',(1.9305E1,2.46575E1,-3.3E0));
#144=LINE('',#143,#142);
#145=DIRECTION('',(0.E0,-1.E0,0.E0));
#146=VECTOR('',#145,6.15E-1);
#147=CARTESIAN_POINT('',(1.992E1,2.46575E1,-3.3E0));
#148=LINE('',#147,#146);
#149=DIRECTION('',(-1.E0,0.E0,0.E0));
#150=VECTOR('',#149,6.15E-1);
#151=CARTESIAN_POINT('',(1.7405E1,2.40425E1,-3.3E0));
#152=LINE('',#151,#150);
#153=DIRECTION('',(0.E0,1.E0,0.E0));
#154=VECTOR('',#153,6.15E-1);
#155=CARTESIAN_POINT('',(1.679E1,2.40425E1,-3.3E0));
#156=LINE('',#155,#154);
#157=DIRECTION('',(1.E0,0.E0,0.E0));
#158=VECTOR('',#157,6.15E-1);
#159=CARTESIAN_POINT('',(1.679E1,2.46575E1,-3.3E0));
#160=LINE('',#159,#158);
#161=DIRECTION('',(0.E0,-1.E0,0.E0));
#162=VECTOR('',#161,6.15E-1);
#163=CARTESIAN_POINT('',(1.7405E1,2.46575E1,-3.3E0));
#164=LINE('',#163,#162);
#165=DIRECTION('',(-1.E0,0.E0,0.E0));
#166=VECTOR('',#165,6.15E-1);
#167=CARTESIAN_POINT('',(1.489E1,2.40425E1,-3.3E0));
#168=LINE('',#167,#166);
#169=DIRECTION('',(0.E0,1.E0,0.E0));
#170=VECTOR('',#169,6.15E-1);
#171=CARTESIAN_POINT('',(1.4275E1,2.40425E1,-3.3E0));
#172=LINE('',#171,#170);
#173=DIRECTION('',(1.E0,0.E0,0.E0));
#174=VECTOR('',#173,6.15E-1);
#175=CARTESIAN_POINT('',(1.4275E1,2.46575E1,-3.3E0));
#176=LINE('',#175,#174);
#177=DIRECTION('',(0.E0,-1.E0,0.E0));
#178=VECTOR('',#177,6.15E-1);
#179=CARTESIAN_POINT('',(1.489E1,2.46575E1,-3.3E0));
#180=LINE('',#179,#178);
#181=DIRECTION('',(-1.E0,0.E0,0.E0));
#182=VECTOR('',#181,6.15E-1);
#183=CARTESIAN_POINT('',(1.2375E1,2.40425E1,-3.3E0));
#184=LINE('',#183,#182);
#185=DIRECTION('',(0.E0,1.E0,0.E0));
#186=VECTOR('',#185,6.15E-1);
#187=CARTESIAN_POINT('',(1.176E1,2.40425E1,-3.3E0));
#188=LINE('',#187,#186);
#189=DIRECTION('',(1.E0,0.E0,0.E0));
#190=VECTOR('',#189,6.15E-1);
#191=CARTESIAN_POINT('',(1.176E1,2.46575E1,-3.3E0));
#192=LINE('',#191,#190);
#193=DIRECTION('',(0.E0,-1.E0,0.E0));
#194=VECTOR('',#193,6.15E-1);
#195=CARTESIAN_POINT('',(1.2375E1,2.46575E1,-3.3E0));
#196=LINE('',#195,#194);
#197=DIRECTION('',(-1.E0,0.E0,0.E0));
#198=VECTOR('',#197,6.15E-1);
#199=CARTESIAN_POINT('',(4.162E1,2.40425E1,-3.3E0));
#200=LINE('',#199,#198);
#201=DIRECTION('',(0.E0,1.E0,0.E0));
#202=VECTOR('',#201,6.15E-1);
#203=CARTESIAN_POINT('',(4.1005E1,2.40425E1,-3.3E0));
#204=LINE('',#203,#202);
#205=DIRECTION('',(1.E0,-1.155354041886E-14,0.E0));
#206=VECTOR('',#205,6.15E-1);
#207=CARTESIAN_POINT('',(4.1005E1,2.46575E1,-3.3E0));
#208=LINE('',#207,#206);
#209=DIRECTION('',(-1.155354041886E-14,-1.E0,0.E0));
#210=VECTOR('',#209,6.15E-1);
#211=CARTESIAN_POINT('',(4.162E1,2.46575E1,-3.3E0));
#212=LINE('',#211,#210);
#213=DIRECTION('',(-1.E0,0.E0,0.E0));
#214=VECTOR('',#213,6.15E-1);
#215=CARTESIAN_POINT('',(3.9105E1,2.40425E1,-3.3E0));
#216=LINE('',#215,#214);
#217=DIRECTION('',(1.155354041886E-14,1.E0,0.E0));
#218=VECTOR('',#217,6.15E-1);
#219=CARTESIAN_POINT('',(3.849E1,2.40425E1,-3.3E0));
#220=LINE('',#219,#218);
#221=DIRECTION('',(1.E0,0.E0,0.E0));
#222=VECTOR('',#221,6.15E-1);
#223=CARTESIAN_POINT('',(3.849E1,2.46575E1,-3.3E0));
#224=LINE('',#223,#222);
#225=DIRECTION('',(2.310708083773E-14,-1.E0,0.E0));
#226=VECTOR('',#225,6.15E-1);
#227=CARTESIAN_POINT('',(3.9105E1,2.46575E1,-3.3E0));
#228=LINE('',#227,#226);
#229=DIRECTION('',(-1.E0,0.E0,0.E0));
#230=VECTOR('',#229,6.15E-1);
#231=CARTESIAN_POINT('',(3.659E1,2.40425E1,-3.3E0));
#232=LINE('',#231,#230);
#233=DIRECTION('',(2.310708083773E-14,1.E0,0.E0));
#234=VECTOR('',#233,6.15E-1);
#235=CARTESIAN_POINT('',(3.5975E1,2.40425E1,-3.3E0));
#236=LINE('',#235,#234);
#237=DIRECTION('',(1.E0,1.155354041886E-14,0.E0));
#238=VECTOR('',#237,6.15E-1);
#239=CARTESIAN_POINT('',(3.5975E1,2.46575E1,-3.3E0));
#240=LINE('',#239,#238);
#241=DIRECTION('',(0.E0,-1.E0,0.E0));
#242=VECTOR('',#241,6.15E-1);
#243=CARTESIAN_POINT('',(3.659E1,2.46575E1,-3.3E0));
#244=LINE('',#243,#242);
#245=DIRECTION('',(-1.E0,1.155354041886E-14,0.E0));
#246=VECTOR('',#245,6.15E-1);
#247=CARTESIAN_POINT('',(3.4075E1,2.40425E1,-3.3E0));
#248=LINE('',#247,#246);
#249=DIRECTION('',(-1.155354041886E-14,1.E0,0.E0));
#250=VECTOR('',#249,6.15E-1);
#251=CARTESIAN_POINT('',(3.346E1,2.40425E1,-3.3E0));
#252=LINE('',#251,#250);
#253=DIRECTION('',(1.E0,0.E0,0.E0));
#254=VECTOR('',#253,6.15E-1);
#255=CARTESIAN_POINT('',(3.346E1,2.46575E1,-3.3E0));
#256=LINE('',#255,#254);
#257=DIRECTION('',(0.E0,-1.E0,0.E0));
#258=VECTOR('',#257,6.15E-1);
#259=CARTESIAN_POINT('',(3.4075E1,2.46575E1,-3.3E0));
#260=LINE('',#259,#258);
#261=DIRECTION('',(-1.155354041886E-14,1.E0,0.E0));
#262=VECTOR('',#261,6.15E-1);
#263=CARTESIAN_POINT('',(2.338E1,2.40425E1,-3.3E0));
#264=LINE('',#263,#262);
#265=DIRECTION('',(1.E0,-1.155354041886E-14,0.E0));
#266=VECTOR('',#265,6.15E-1);
#267=CARTESIAN_POINT('',(2.338E1,2.46575E1,-3.3E0));
#268=LINE('',#267,#266);
#269=DIRECTION('',(1.733031062830E-14,-1.E0,0.E0));
#270=VECTOR('',#269,6.15E-1);
#271=CARTESIAN_POINT('',(2.3995E1,2.46575E1,-3.3E0));
#272=LINE('',#271,#270);
#273=DIRECTION('',(-1.E0,0.E0,0.E0));
#274=VECTOR('',#273,6.15E-1);
#275=CARTESIAN_POINT('',(2.3995E1,2.40425E1,-3.3E0));
#276=LINE('',#275,#274);
#277=DIRECTION('',(0.E0,1.E0,0.E0));
#278=VECTOR('',#277,6.15E-1);
#279=CARTESIAN_POINT('',(2.5895E1,2.40425E1,-3.3E0));
#280=LINE('',#279,#278);
#281=DIRECTION('',(1.E0,0.E0,0.E0));
#282=VECTOR('',#281,6.15E-1);
#283=CARTESIAN_POINT('',(2.5895E1,2.46575E1,-3.3E0));
#284=LINE('',#283,#282);
#285=DIRECTION('',(0.E0,-1.E0,0.E0));
#286=VECTOR('',#285,6.15E-1);
#287=CARTESIAN_POINT('',(2.651E1,2.46575E1,-3.3E0));
#288=LINE('',#287,#286);
#289=DIRECTION('',(-1.E0,0.E0,0.E0));
#290=VECTOR('',#289,6.15E-1);
#291=CARTESIAN_POINT('',(2.651E1,2.40425E1,-3.3E0));
#292=LINE('',#291,#290);
#293=DIRECTION('',(0.E0,1.E0,0.E0));
#294=VECTOR('',#293,6.15E-1);
#295=CARTESIAN_POINT('',(2.841E1,2.40425E1,-3.3E0));
#296=LINE('',#295,#294);
#297=DIRECTION('',(1.E0,0.E0,0.E0));
#298=VECTOR('',#297,6.15E-1);
#299=CARTESIAN_POINT('',(2.841E1,2.46575E1,-3.3E0));
#300=LINE('',#299,#298);
#301=DIRECTION('',(0.E0,-1.E0,0.E0));
#302=VECTOR('',#301,6.15E-1);
#303=CARTESIAN_POINT('',(2.9025E1,2.46575E1,-3.3E0));
#304=LINE('',#303,#302);
#305=DIRECTION('',(-1.E0,0.E0,0.E0));
#306=VECTOR('',#305,6.15E-1);
#307=CARTESIAN_POINT('',(2.9025E1,2.40425E1,-3.3E0));
#308=LINE('',#307,#306);
#309=DIRECTION('',(-1.733031062830E-14,1.E0,0.E0));
#310=VECTOR('',#309,6.15E-1);
#311=CARTESIAN_POINT('',(3.0925E1,2.40425E1,-3.3E0));
#312=LINE('',#311,#310);
#313=DIRECTION('',(1.E0,0.E0,0.E0));
#314=VECTOR('',#313,6.15E-1);
#315=CARTESIAN_POINT('',(3.0925E1,2.46575E1,-3.3E0));
#316=LINE('',#315,#314);
#317=DIRECTION('',(0.E0,-1.E0,0.E0));
#318=VECTOR('',#317,6.15E-1);
#319=CARTESIAN_POINT('',(3.154E1,2.46575E1,-3.3E0));
#320=LINE('',#319,#318);
#321=DIRECTION('',(-1.E0,0.E0,0.E0));
#322=VECTOR('',#321,6.15E-1);
#323=CARTESIAN_POINT('',(3.154E1,2.40425E1,-3.3E0));
#324=LINE('',#323,#322);
#325=DIRECTION('',(-1.E0,0.E0,0.E0));
#326=VECTOR('',#325,6.15E-1);
#327=CARTESIAN_POINT('',(1.6295E1,-2.43575E1,-3.3E0));
#328=LINE('',#327,#326);
#329=DIRECTION('',(0.E0,1.E0,0.E0));
#330=VECTOR('',#329,6.15E-1);
#331=CARTESIAN_POINT('',(1.568E1,-2.43575E1,-3.3E0));
#332=LINE('',#331,#330);
#333=DIRECTION('',(1.E0,0.E0,0.E0));
#334=VECTOR('',#333,6.15E-1);
#335=CARTESIAN_POINT('',(1.568E1,-2.37425E1,-3.3E0));
#336=LINE('',#335,#334);
#337=DIRECTION('',(0.E0,-1.E0,0.E0));
#338=VECTOR('',#337,6.15E-1);
#339=CARTESIAN_POINT('',(1.6295E1,-2.37425E1,-3.3E0));
#340=LINE('',#339,#338);
#341=DIRECTION('',(-1.E0,0.E0,0.E0));
#342=VECTOR('',#341,6.15E-1);
#343=CARTESIAN_POINT('',(1.378E1,-2.43575E1,-3.3E0));
#344=LINE('',#343,#342);
#345=DIRECTION('',(0.E0,1.E0,0.E0));
#346=VECTOR('',#345,6.15E-1);
#347=CARTESIAN_POINT('',(1.3165E1,-2.43575E1,-3.3E0));
#348=LINE('',#347,#346);
#349=DIRECTION('',(1.E0,0.E0,0.E0));
#350=VECTOR('',#349,6.15E-1);
#351=CARTESIAN_POINT('',(1.3165E1,-2.37425E1,-3.3E0));
#352=LINE('',#351,#350);
#353=DIRECTION('',(0.E0,-1.E0,0.E0));
#354=VECTOR('',#353,6.15E-1);
#355=CARTESIAN_POINT('',(1.378E1,-2.37425E1,-3.3E0));
#356=LINE('',#355,#354);
#357=DIRECTION('',(-1.E0,0.E0,0.E0));
#358=VECTOR('',#357,6.15E-1);
#359=CARTESIAN_POINT('',(1.1265E1,-2.43575E1,-3.3E0));
#360=LINE('',#359,#358);
#361=DIRECTION('',(0.E0,1.E0,0.E0));
#362=VECTOR('',#361,6.15E-1);
#363=CARTESIAN_POINT('',(1.065E1,-2.43575E1,-3.3E0));
#364=LINE('',#363,#362);
#365=DIRECTION('',(1.E0,0.E0,0.E0));
#366=VECTOR('',#365,6.15E-1);
#367=CARTESIAN_POINT('',(1.065E1,-2.37425E1,-3.3E0));
#368=LINE('',#367,#366);
#369=DIRECTION('',(0.E0,-1.E0,0.E0));
#370=VECTOR('',#369,6.15E-1);
#371=CARTESIAN_POINT('',(1.1265E1,-2.37425E1,-3.3E0));
#372=LINE('',#371,#370);
#373=DIRECTION('',(0.E0,1.E0,0.E0));
#374=VECTOR('',#373,6.15E-1);
#375=CARTESIAN_POINT('',(1.8205E1,-2.43575E1,-3.3E0));
#376=LINE('',#375,#374);
#377=DIRECTION('',(1.E0,0.E0,0.E0));
#378=VECTOR('',#377,6.15E-1);
#379=CARTESIAN_POINT('',(1.8205E1,-2.37425E1,-3.3E0));
#380=LINE('',#379,#378);
#381=DIRECTION('',(0.E0,-1.E0,0.E0));
#382=VECTOR('',#381,6.15E-1);
#383=CARTESIAN_POINT('',(1.882E1,-2.37425E1,-3.3E0));
#384=LINE('',#383,#382);
#385=DIRECTION('',(-1.E0,0.E0,0.E0));
#386=VECTOR('',#385,6.15E-1);
#387=CARTESIAN_POINT('',(1.882E1,-2.43575E1,-3.3E0));
#388=LINE('',#387,#386);
#389=DIRECTION('',(0.E0,1.E0,0.E0));
#390=VECTOR('',#389,6.15E-1);
#391=CARTESIAN_POINT('',(2.072E1,-2.43575E1,-3.3E0));
#392=LINE('',#391,#390);
#393=DIRECTION('',(1.E0,0.E0,0.E0));
#394=VECTOR('',#393,6.15E-1);
#395=CARTESIAN_POINT('',(2.072E1,-2.37425E1,-3.3E0));
#396=LINE('',#395,#394);
#397=DIRECTION('',(0.E0,-1.E0,0.E0));
#398=VECTOR('',#397,6.15E-1);
#399=CARTESIAN_POINT('',(2.1335E1,-2.37425E1,-3.3E0));
#400=LINE('',#399,#398);
#401=DIRECTION('',(-1.E0,0.E0,0.E0));
#402=VECTOR('',#401,6.15E-1);
#403=CARTESIAN_POINT('',(2.1335E1,-2.43575E1,-3.3E0));
#404=LINE('',#403,#402);
#405=DIRECTION('',(0.E0,1.E0,0.E0));
#406=VECTOR('',#405,6.15E-1);
#407=CARTESIAN_POINT('',(2.3235E1,-2.43575E1,-3.3E0));
#408=LINE('',#407,#406);
#409=DIRECTION('',(1.E0,0.E0,0.E0));
#410=VECTOR('',#409,6.15E-1);
#411=CARTESIAN_POINT('',(2.3235E1,-2.37425E1,-3.3E0));
#412=LINE('',#411,#410);
#413=DIRECTION('',(0.E0,-1.E0,0.E0));
#414=VECTOR('',#413,6.15E-1);
#415=CARTESIAN_POINT('',(2.385E1,-2.37425E1,-3.3E0));
#416=LINE('',#415,#414);
#417=DIRECTION('',(-1.E0,0.E0,0.E0));
#418=VECTOR('',#417,6.15E-1);
#419=CARTESIAN_POINT('',(2.385E1,-2.43575E1,-3.3E0));
#420=LINE('',#419,#418);
#421=DIRECTION('',(0.E0,1.E0,0.E0));
#422=VECTOR('',#421,6.15E-1);
#423=CARTESIAN_POINT('',(3.6005E1,-2.43575E1,-3.3E0));
#424=LINE('',#423,#422);
#425=DIRECTION('',(1.E0,0.E0,0.E0));
#426=VECTOR('',#425,6.15E-1);
#427=CARTESIAN_POINT('',(3.6005E1,-2.37425E1,-3.3E0));
#428=LINE('',#427,#426);
#429=DIRECTION('',(0.E0,-1.E0,0.E0));
#430=VECTOR('',#429,6.15E-1);
#431=CARTESIAN_POINT('',(3.662E1,-2.37425E1,-3.3E0));
#432=LINE('',#431,#430);
#433=DIRECTION('',(-1.E0,0.E0,0.E0));
#434=VECTOR('',#433,6.15E-1);
#435=CARTESIAN_POINT('',(3.662E1,-2.43575E1,-3.3E0));
#436=LINE('',#435,#434);
#437=DIRECTION('',(0.E0,1.E0,0.E0));
#438=VECTOR('',#437,6.15E-1);
#439=CARTESIAN_POINT('',(3.852E1,-2.43575E1,-3.3E0));
#440=LINE('',#439,#438);
#441=DIRECTION('',(1.E0,0.E0,0.E0));
#442=VECTOR('',#441,6.15E-1);
#443=CARTESIAN_POINT('',(3.852E1,-2.37425E1,-3.3E0));
#444=LINE('',#443,#442);
#445=DIRECTION('',(0.E0,-1.E0,0.E0));
#446=VECTOR('',#445,6.15E-1);
#447=CARTESIAN_POINT('',(3.9135E1,-2.37425E1,-3.3E0));
#448=LINE('',#447,#446);
#449=DIRECTION('',(-1.E0,0.E0,0.E0));
#450=VECTOR('',#449,6.15E-1);
#451=CARTESIAN_POINT('',(3.9135E1,-2.43575E1,-3.3E0));
#452=LINE('',#451,#450);
#453=DIRECTION('',(0.E0,1.E0,0.E0));
#454=VECTOR('',#453,6.15E-1);
#455=CARTESIAN_POINT('',(4.1035E1,-2.43575E1,-3.3E0));
#456=LINE('',#455,#454);
#457=DIRECTION('',(1.E0,0.E0,0.E0));
#458=VECTOR('',#457,6.15E-1);
#459=CARTESIAN_POINT('',(4.1035E1,-2.37425E1,-3.3E0));
#460=LINE('',#459,#458);
#461=DIRECTION('',(0.E0,-1.E0,0.E0));
#462=VECTOR('',#461,6.15E-1);
#463=CARTESIAN_POINT('',(4.165E1,-2.37425E1,-3.3E0));
#464=LINE('',#463,#462);
#465=DIRECTION('',(-1.E0,0.E0,0.E0));
#466=VECTOR('',#465,6.15E-1);
#467=CARTESIAN_POINT('',(4.165E1,-2.43575E1,-3.3E0));
#468=LINE('',#467,#466);
#469=DIRECTION('',(-1.E0,0.E0,0.E0));
#470=VECTOR('',#469,6.15E-1);
#471=CARTESIAN_POINT('',(3.4095E1,-2.43575E1,-3.3E0));
#472=LINE('',#471,#470);
#473=DIRECTION('',(0.E0,1.E0,0.E0));
#474=VECTOR('',#473,6.15E-1);
#475=CARTESIAN_POINT('',(3.348E1,-2.43575E1,-3.3E0));
#476=LINE('',#475,#474);
#477=DIRECTION('',(1.E0,0.E0,0.E0));
#478=VECTOR('',#477,6.15E-1);
#479=CARTESIAN_POINT('',(3.348E1,-2.37425E1,-3.3E0));
#480=LINE('',#479,#478);
#481=DIRECTION('',(0.E0,-1.E0,0.E0));
#482=VECTOR('',#481,6.15E-1);
#483=CARTESIAN_POINT('',(3.4095E1,-2.37425E1,-3.3E0));
#484=LINE('',#483,#482);
#485=DIRECTION('',(-1.E0,0.E0,0.E0));
#486=VECTOR('',#485,6.15E-1);
#487=CARTESIAN_POINT('',(3.158E1,-2.43575E1,-3.3E0));
#488=LINE('',#487,#486);
#489=DIRECTION('',(0.E0,1.E0,0.E0));
#490=VECTOR('',#489,6.15E-1);
#491=CARTESIAN_POINT('',(3.0965E1,-2.43575E1,-3.3E0));
#492=LINE('',#491,#490);
#493=DIRECTION('',(1.E0,0.E0,0.E0));
#494=VECTOR('',#493,6.15E-1);
#495=CARTESIAN_POINT('',(3.0965E1,-2.37425E1,-3.3E0));
#496=LINE('',#495,#494);
#497=DIRECTION('',(0.E0,-1.E0,0.E0));
#498=VECTOR('',#497,6.15E-1);
#499=CARTESIAN_POINT('',(3.158E1,-2.37425E1,-3.3E0));
#500=LINE('',#499,#498);
#501=DIRECTION('',(-1.E0,0.E0,0.E0));
#502=VECTOR('',#501,6.15E-1);
#503=CARTESIAN_POINT('',(2.9065E1,-2.43575E1,-3.3E0));
#504=LINE('',#503,#502);
#505=DIRECTION('',(0.E0,1.E0,0.E0));
#506=VECTOR('',#505,6.15E-1);
#507=CARTESIAN_POINT('',(2.845E1,-2.43575E1,-3.3E0));
#508=LINE('',#507,#506);
#509=DIRECTION('',(1.E0,0.E0,0.E0));
#510=VECTOR('',#509,6.15E-1);
#511=CARTESIAN_POINT('',(2.845E1,-2.37425E1,-3.3E0));
#512=LINE('',#511,#510);
#513=DIRECTION('',(0.E0,-1.E0,0.E0));
#514=VECTOR('',#513,6.15E-1);
#515=CARTESIAN_POINT('',(2.9065E1,-2.37425E1,-3.3E0));
#516=LINE('',#515,#514);
#517=DIRECTION('',(0.E0,0.E0,1.E0));
#518=VECTOR('',#517,3.3E0);
#519=CARTESIAN_POINT('',(8.E-1,2.31E1,-3.3E0));
#520=LINE('',#519,#518);
#521=DIRECTION('',(0.E0,1.E0,0.E0));
#522=VECTOR('',#521,8.E0);
#523=CARTESIAN_POINT('',(4.04E1,-2.6E0,0.E0));
#524=LINE('',#523,#522);
#525=DIRECTION('',(1.E0,0.E0,0.E0));
#526=VECTOR('',#525,5.E0);
#527=CARTESIAN_POINT('',(4.04E1,5.4E0,0.E0));
#528=LINE('',#527,#526);
#529=DIRECTION('',(0.E0,-1.E0,0.E0));
#530=VECTOR('',#529,8.E0);
#531=CARTESIAN_POINT('',(4.54E1,5.4E0,0.E0));
#532=LINE('',#531,#530);
#533=DIRECTION('',(-1.E0,0.E0,0.E0));
#534=VECTOR('',#533,5.E0);
#535=CARTESIAN_POINT('',(4.54E1,-2.6E0,0.E0));
#536=LINE('',#535,#534);
#537=DIRECTION('',(-6.883545756938E-1,7.253743710123E-1,0.E0));
#538=VECTOR('',#537,2.614931408258E0);
#539=CARTESIAN_POINT('',(4.75E1,-1.73E1,0.E0));
#540=LINE('',#539,#538);
#541=DIRECTION('',(0.E0,1.E0,0.E0));
#542=VECTOR('',#541,1.120639154899E1);
#543=CARTESIAN_POINT('',(4.57E1,-1.540319577449E1,0.E0));
#544=LINE('',#543,#542);
#545=DIRECTION('',(6.883545756938E-1,7.253743710123E-1,0.E0));
#546=VECTOR('',#545,2.614931408258E0);
#547=CARTESIAN_POINT('',(4.57E1,-4.196804225506E0,0.E0));
#548=LINE('',#547,#546);
#549=DIRECTION('',(0.E0,-1.E0,0.E0));
#550=VECTOR('',#549,1.17E1);
#551=CARTESIAN_POINT('',(4.75E1,9.4E0,0.E0));
#552=LINE('',#551,#550);
#553=DIRECTION('',(-7.071067811865E-1,7.071067811865E-1,0.E0));
#554=VECTOR('',#553,1.272792206136E0);
#555=CARTESIAN_POINT('',(4.75E1,9.4E0,0.E0));
#556=LINE('',#555,#554);
#557=DIRECTION('',(0.E0,1.E0,0.E0));
#558=VECTOR('',#557,3.E-1);
#559=CARTESIAN_POINT('',(4.66E1,1.03E1,0.E0));
#560=LINE('',#559,#558);
#561=DIRECTION('',(-1.E0,0.E0,0.E0));
#562=VECTOR('',#561,2.2E0);
#563=CARTESIAN_POINT('',(4.66E1,1.06E1,0.E0));
#564=LINE('',#563,#562);
#565=DIRECTION('',(0.E0,1.E0,0.E0));
#566=VECTOR('',#565,7.E0);
#567=CARTESIAN_POINT('',(4.44E1,1.06E1,0.E0));
#568=LINE('',#567,#566);
#569=DIRECTION('',(1.E0,0.E0,0.E0));
#570=VECTOR('',#569,2.2E0);
#571=CARTESIAN_POINT('',(4.44E1,1.76E1,0.E0));
#572=LINE('',#571,#570);
#573=DIRECTION('',(0.E0,1.E0,0.E0));
#574=VECTOR('',#573,3.E-1);
#575=CARTESIAN_POINT('',(4.66E1,1.76E1,0.E0));
#576=LINE('',#575,#574);
#577=DIRECTION('',(-7.071067811865E-1,-7.071067811866E-1,0.E0));
#578=VECTOR('',#577,1.272792206136E0);
#579=CARTESIAN_POINT('',(4.75E1,1.88E1,0.E0));
#580=LINE('',#579,#578);
#581=DIRECTION('',(0.E0,-1.E0,0.E0));
#582=VECTOR('',#581,1.05E1);
#583=CARTESIAN_POINT('',(4.75E1,2.93E1,0.E0));
#584=LINE('',#583,#582);
#585=DIRECTION('',(-1.E0,0.E0,0.E0));
#586=VECTOR('',#585,2.E-1);
#587=CARTESIAN_POINT('',(4.75E1,2.93E1,0.E0));
#588=LINE('',#587,#586);
#589=CARTESIAN_POINT('',(4.73E1,3.04E1,0.E0));
#590=DIRECTION('',(0.E0,0.E0,-1.E0));
#591=DIRECTION('',(0.E0,-1.E0,0.E0));
#592=AXIS2_PLACEMENT_3D('',#589,#590,#591);
#594=DIRECTION('',(0.E0,-1.E0,0.E0));
#595=VECTOR('',#594,7.E-1);
#596=CARTESIAN_POINT('',(4.62E1,3.11E1,0.E0));
#597=LINE('',#596,#595);
#598=DIRECTION('',(1.E0,0.E0,0.E0));
#599=VECTOR('',#598,9.24E1);
#600=CARTESIAN_POINT('',(-4.62E1,3.11E1,0.E0));
#601=LINE('',#600,#599);
#602=DIRECTION('',(0.E0,-1.E0,0.E0));
#603=VECTOR('',#602,1.E0);
#604=CARTESIAN_POINT('',(-4.62E1,3.11E1,0.E0));
#605=LINE('',#604,#603);
#606=CARTESIAN_POINT('',(-4.7E1,3.01E1,0.E0));
#607=DIRECTION('',(0.E0,0.E0,-1.E0));
#608=DIRECTION('',(1.E0,0.E0,0.E0));
#609=AXIS2_PLACEMENT_3D('',#606,#607,#608);
#611=DIRECTION('',(1.E0,0.E0,0.E0));
#612=VECTOR('',#611,5.E-1);
#613=CARTESIAN_POINT('',(-4.75E1,2.93E1,0.E0));
#614=LINE('',#613,#612);
#615=DIRECTION('',(0.E0,1.E0,0.E0));
#616=VECTOR('',#615,5.86E1);
#617=CARTESIAN_POINT('',(-4.75E1,-2.93E1,0.E0));
#618=LINE('',#617,#616);
#619=DIRECTION('',(1.E0,0.E0,0.E0));
#620=VECTOR('',#619,5.E-1);
#621=CARTESIAN_POINT('',(-4.75E1,-2.93E1,0.E0));
#622=LINE('',#621,#620);
#623=CARTESIAN_POINT('',(-4.7E1,-3.01E1,0.E0));
#624=DIRECTION('',(0.E0,0.E0,-1.E0));
#625=DIRECTION('',(0.E0,1.E0,0.E0));
#626=AXIS2_PLACEMENT_3D('',#623,#624,#625);
#628=DIRECTION('',(0.E0,1.E0,0.E0));
#629=VECTOR('',#628,1.E0);
#630=CARTESIAN_POINT('',(-4.62E1,-3.11E1,0.E0));
#631=LINE('',#630,#629);
#632=DIRECTION('',(-1.E0,0.E0,0.E0));
#633=VECTOR('',#632,9.24E1);
#634=CARTESIAN_POINT('',(4.62E1,-3.11E1,0.E0));
#635=LINE('',#634,#633);
#636=DIRECTION('',(0.E0,1.E0,0.E0));
#637=VECTOR('',#636,1.3E0);
#638=CARTESIAN_POINT('',(4.62E1,-3.11E1,0.E0));
#639=LINE('',#638,#637);
#640=CARTESIAN_POINT('',(4.72E1,-2.98E1,0.E0));
#641=DIRECTION('',(0.E0,0.E0,-1.E0));
#642=DIRECTION('',(-1.E0,0.E0,0.E0));
#643=AXIS2_PLACEMENT_3D('',#640,#641,#642);
#645=DIRECTION('',(-1.E0,0.E0,0.E0));
#646=VECTOR('',#645,3.E-1);
#647=CARTESIAN_POINT('',(4.75E1,-2.88E1,0.E0));
#648=LINE('',#647,#646);
#649=DIRECTION('',(0.E0,-1.E0,0.E0));
#650=VECTOR('',#649,1.15E1);
#651=CARTESIAN_POINT('',(4.75E1,-1.73E1,0.E0));
#652=LINE('',#651,#650);
#653=DIRECTION('',(-1.E0,0.E0,0.E0));
#654=VECTOR('',#653,1.48E1);
#655=CARTESIAN_POINT('',(4.47E1,-1.884750013157E1,0.E0));
#656=LINE('',#655,#654);
#657=DIRECTION('',(0.E0,1.E0,0.E0));
#658=VECTOR('',#657,1.48E1);
#659=CARTESIAN_POINT('',(2.99E1,-1.884750013157E1,0.E0));
#660=LINE('',#659,#658);
#661=DIRECTION('',(1.E0,0.E0,0.E0));
#662=VECTOR('',#661,1.38E1);
#663=CARTESIAN_POINT('',(2.99E1,-4.047500131566E0,0.E0));
#664=LINE('',#663,#662);
#665=DIRECTION('',(0.E0,1.E0,0.E0));
#666=VECTOR('',#665,9.2E0);
#667=CARTESIAN_POINT('',(4.37E1,-1.324750013157E1,0.E0));
#668=LINE('',#667,#666);
#669=DIRECTION('',(-4.657464328326E-1,8.849182223820E-1,0.E0));
#670=VECTOR('',#669,2.147091055358E0);
#671=CARTESIAN_POINT('',(4.47E1,-1.514750013157E1,0.E0));
#672=LINE('',#671,#670);
#673=DIRECTION('',(0.E0,-1.E0,0.E0));
#674=VECTOR('',#673,3.7E0);
#675=CARTESIAN_POINT('',(4.47E1,-1.514750013157E1,0.E0));
#676=LINE('',#675,#674);
#677=DIRECTION('',(0.E0,1.E0,0.E0));
#678=VECTOR('',#677,2.5E0);
#679=CARTESIAN_POINT('',(8.E-1,2.31E1,0.E0));
#680=LINE('',#679,#678);
#681=DIRECTION('',(1.E0,0.E0,0.E0));
#682=VECTOR('',#681,2.E1);
#683=CARTESIAN_POINT('',(8.E-1,2.56E1,0.E0));
#684=LINE('',#683,#682);
#685=DIRECTION('',(0.E0,-1.E0,0.E0));
#686=VECTOR('',#685,2.5E0);
#687=CARTESIAN_POINT('',(2.08E1,2.56E1,0.E0));
#688=LINE('',#687,#686);
#689=DIRECTION('',(-1.E0,0.E0,0.E0));
#690=VECTOR('',#689,2.E1);
#691=CARTESIAN_POINT('',(2.08E1,2.31E1,0.E0));
#692=LINE('',#691,#690);
#693=DIRECTION('',(0.E0,1.E0,0.E0));
#694=VECTOR('',#693,2.5E0);
#695=CARTESIAN_POINT('',(2.25E1,2.31E1,0.E0));
#696=LINE('',#695,#694);
#697=DIRECTION('',(1.E0,0.E0,0.E0));
#698=VECTOR('',#697,2.E1);
#699=CARTESIAN_POINT('',(2.25E1,2.56E1,0.E0));
#700=LINE('',#699,#698);
#701=DIRECTION('',(0.E0,-1.E0,0.E0));
#702=VECTOR('',#701,2.5E0);
#703=CARTESIAN_POINT('',(4.25E1,2.56E1,0.E0));
#704=LINE('',#703,#702);
#705=DIRECTION('',(-1.E0,0.E0,0.E0));
#706=VECTOR('',#705,2.E1);
#707=CARTESIAN_POINT('',(4.25E1,2.31E1,0.E0));
#708=LINE('',#707,#706);
#709=DIRECTION('',(0.E0,1.E0,0.E0));
#710=VECTOR('',#709,2.5E0);
#711=CARTESIAN_POINT('',(9.7E0,-2.53E1,0.E0));
#712=LINE('',#711,#710);
#713=DIRECTION('',(1.E0,0.E0,0.E0));
#714=VECTOR('',#713,1.51E1);
#715=CARTESIAN_POINT('',(9.7E0,-2.28E1,0.E0));
#716=LINE('',#715,#714);
#717=DIRECTION('',(0.E0,-1.E0,0.E0));
#718=VECTOR('',#717,2.5E0);
#719=CARTESIAN_POINT('',(2.48E1,-2.28E1,0.E0));
#720=LINE('',#719,#718);
#721=DIRECTION('',(-1.E0,0.E0,0.E0));
#722=VECTOR('',#721,1.51E1);
#723=CARTESIAN_POINT('',(2.48E1,-2.53E1,0.E0));
#724=LINE('',#723,#722);
#725=DIRECTION('',(0.E0,1.E0,0.E0));
#726=VECTOR('',#725,2.5E0);
#727=CARTESIAN_POINT('',(2.75E1,-2.53E1,0.E0));
#728=LINE('',#727,#726);
#729=DIRECTION('',(1.E0,0.E0,0.E0));
#730=VECTOR('',#729,1.51E1);
#731=CARTESIAN_POINT('',(2.75E1,-2.28E1,0.E0));
#732=LINE('',#731,#730);
#733=DIRECTION('',(0.E0,-1.E0,0.E0));
#734=VECTOR('',#733,2.5E0);
#735=CARTESIAN_POINT('',(4.26E1,-2.28E1,0.E0));
#736=LINE('',#735,#734);
#737=DIRECTION('',(-1.E0,0.E0,0.E0));
#738=VECTOR('',#737,1.51E1);
#739=CARTESIAN_POINT('',(4.26E1,-2.53E1,0.E0));
#740=LINE('',#739,#738);
#741=DIRECTION('',(0.E0,0.E0,-1.E0));
#742=VECTOR('',#741,9.4E0);
#743=CARTESIAN_POINT('',(4.04E1,-2.6E0,0.E0));
#744=LINE('',#743,#742);
#745=DIRECTION('',(0.E0,0.E0,-1.E0));
#746=VECTOR('',#745,9.4E0);
#747=CARTESIAN_POINT('',(4.54E1,-2.6E0,0.E0));
#748=LINE('',#747,#746);
#749=DIRECTION('',(0.E0,0.E0,-1.E0));
#750=VECTOR('',#749,9.4E0);
#751=CARTESIAN_POINT('',(4.54E1,5.4E0,0.E0));
#752=LINE('',#751,#750);
#753=DIRECTION('',(0.E0,0.E0,-1.E0));
#754=VECTOR('',#753,9.4E0);
#755=CARTESIAN_POINT('',(4.04E1,5.4E0,0.E0));
#756=LINE('',#755,#754);
#757=DIRECTION('',(0.E0,1.E0,0.E0));
#758=VECTOR('',#757,8.E0);
#759=CARTESIAN_POINT('',(4.04E1,-2.6E0,-9.4E0));
#760=LINE('',#759,#758);
#761=DIRECTION('',(-1.E0,0.E0,0.E0));
#762=VECTOR('',#761,5.E0);
#763=CARTESIAN_POINT('',(4.54E1,-2.6E0,-9.4E0));
#764=LINE('',#763,#762);
#765=DIRECTION('',(0.E0,-1.E0,0.E0));
#766=VECTOR('',#765,8.E0);
#767=CARTESIAN_POINT('',(4.54E1,5.4E0,-9.4E0));
#768=LINE('',#767,#766);
#769=DIRECTION('',(1.E0,0.E0,0.E0));
#770=VECTOR('',#769,5.E0);
#771=CARTESIAN_POINT('',(4.04E1,5.4E0,-9.4E0));
#772=LINE('',#771,#770);
#773=DIRECTION('',(0.E0,0.E0,-1.E0));
#774=VECTOR('',#773,1.6E0);
#775=CARTESIAN_POINT('',(4.75E1,1.88E1,1.6E0));
#776=LINE('',#775,#774);
#777=DIRECTION('',(0.E0,0.E0,-1.E0));
#778=VECTOR('',#777,1.6E0);
#779=CARTESIAN_POINT('',(4.75E1,2.93E1,1.6E0));
#780=LINE('',#779,#778);
#781=DIRECTION('',(0.E0,0.E0,-1.E0));
#782=VECTOR('',#781,1.6E0);
#783=CARTESIAN_POINT('',(4.75E1,-1.73E1,1.6E0));
#784=LINE('',#783,#782);
#785=DIRECTION('',(0.E0,0.E0,-1.E0));
#786=VECTOR('',#785,1.6E0);
#787=CARTESIAN_POINT('',(4.75E1,-2.88E1,1.6E0));
#788=LINE('',#787,#786);
#789=DIRECTION('',(0.E0,0.E0,-1.E0));
#790=VECTOR('',#789,1.6E0);
#791=CARTESIAN_POINT('',(4.75E1,-2.3E0,1.6E0));
#792=LINE('',#791,#790);
#793=DIRECTION('',(0.E0,0.E0,-1.E0));
#794=VECTOR('',#793,1.6E0);
#795=CARTESIAN_POINT('',(4.75E1,9.4E0,1.6E0));
#796=LINE('',#795,#794);
#797=DIRECTION('',(0.E0,0.E0,1.E0));
#798=VECTOR('',#797,1.6E0);
#799=CARTESIAN_POINT('',(4.66E1,1.79E1,0.E0));
#800=LINE('',#799,#798);
#801=DIRECTION('',(0.E0,0.E0,1.E0));
#802=VECTOR('',#801,1.6E0);
#803=CARTESIAN_POINT('',(4.66E1,1.03E1,0.E0));
#804=LINE('',#803,#802);
#805=DIRECTION('',(0.E0,0.E0,1.E0));
#806=VECTOR('',#805,3.6E0);
#807=CARTESIAN_POINT('',(4.66E1,1.76E1,-3.6E0));
#808=LINE('',#807,#806);
#809=DIRECTION('',(0.E0,0.E0,1.E0));
#810=VECTOR('',#809,1.5E0);
#811=CARTESIAN_POINT('',(4.66E1,1.56E1,-2.55E0));
#812=LINE('',#811,#810);
#813=DIRECTION('',(0.E0,-1.E0,0.E0));
#814=VECTOR('',#813,3.E0);
#815=CARTESIAN_POINT('',(4.66E1,1.56E1,-1.05E0));
#816=LINE('',#815,#814);
#817=DIRECTION('',(0.E0,0.E0,-1.E0));
#818=VECTOR('',#817,1.5E0);
#819=CARTESIAN_POINT('',(4.66E1,1.26E1,-1.05E0));
#820=LINE('',#819,#818);
#821=DIRECTION('',(0.E0,1.E0,0.E0));
#822=VECTOR('',#821,3.E0);
#823=CARTESIAN_POINT('',(4.66E1,1.26E1,-2.55E0));
#824=LINE('',#823,#822);
#825=DIRECTION('',(0.E0,0.E0,1.E0));
#826=VECTOR('',#825,3.6E0);
#827=CARTESIAN_POINT('',(4.66E1,1.06E1,-3.6E0));
#828=LINE('',#827,#826);
#829=DIRECTION('',(0.E0,1.E0,0.E0));
#830=VECTOR('',#829,7.E0);
#831=CARTESIAN_POINT('',(4.44E1,1.06E1,-3.6E0));
#832=LINE('',#831,#830);
#833=DIRECTION('',(-1.E0,0.E0,0.E0));
#834=VECTOR('',#833,2.2E0);
#835=CARTESIAN_POINT('',(4.66E1,1.06E1,-3.6E0));
#836=LINE('',#835,#834);
#837=DIRECTION('',(0.E0,-1.E0,0.E0));
#838=VECTOR('',#837,7.E0);
#839=CARTESIAN_POINT('',(4.66E1,1.76E1,-3.6E0));
#840=LINE('',#839,#838);
#841=DIRECTION('',(1.E0,0.E0,0.E0));
#842=VECTOR('',#841,2.2E0);
#843=CARTESIAN_POINT('',(4.44E1,1.76E1,-3.6E0));
#844=LINE('',#843,#842);
#845=DIRECTION('',(0.E0,0.E0,1.E0));
#846=VECTOR('',#845,3.6E0);
#847=CARTESIAN_POINT('',(4.44E1,1.06E1,-3.6E0));
#848=LINE('',#847,#846);
#849=DIRECTION('',(0.E0,0.E0,1.E0));
#850=VECTOR('',#849,3.6E0);
#851=CARTESIAN_POINT('',(4.44E1,1.76E1,-3.6E0));
#852=LINE('',#851,#850);
#853=DIRECTION('',(-6.883545756938E-1,7.253743710123E-1,0.E0));
#854=VECTOR('',#853,2.614931408258E0);
#855=CARTESIAN_POINT('',(4.75E1,-1.73E1,1.6E0));
#856=LINE('',#855,#854);
#857=DIRECTION('',(0.E0,-1.E0,0.E0));
#858=VECTOR('',#857,1.15E1);
#859=CARTESIAN_POINT('',(4.75E1,-1.73E1,1.6E0));
#860=LINE('',#859,#858);
#861=DIRECTION('',(-1.E0,0.E0,0.E0));
#862=VECTOR('',#861,3.E-1);
#863=CARTESIAN_POINT('',(4.75E1,-2.88E1,1.6E0));
#864=LINE('',#863,#862);
#865=CARTESIAN_POINT('',(4.72E1,-2.98E1,1.6E0));
#866=DIRECTION('',(0.E0,0.E0,-1.E0));
#867=DIRECTION('',(-1.E0,0.E0,0.E0));
#868=AXIS2_PLACEMENT_3D('',#865,#866,#867);
#870=DIRECTION('',(0.E0,1.E0,0.E0));
#871=VECTOR('',#870,1.3E0);
#872=CARTESIAN_POINT('',(4.62E1,-3.11E1,1.6E0));
#873=LINE('',#872,#871);
#874=DIRECTION('',(-1.E0,0.E0,0.E0));
#875=VECTOR('',#874,9.24E1);
#876=CARTESIAN_POINT('',(4.62E1,-3.11E1,1.6E0));
#877=LINE('',#876,#875);
#878=DIRECTION('',(0.E0,1.E0,0.E0));
#879=VECTOR('',#878,1.E0);
#880=CARTESIAN_POINT('',(-4.62E1,-3.11E1,1.6E0));
#881=LINE('',#880,#879);
#882=CARTESIAN_POINT('',(-4.7E1,-3.01E1,1.6E0));
#883=DIRECTION('',(0.E0,0.E0,-1.E0));
#884=DIRECTION('',(0.E0,1.E0,0.E0));
#885=AXIS2_PLACEMENT_3D('',#882,#883,#884);
#887=DIRECTION('',(1.E0,0.E0,0.E0));
#888=VECTOR('',#887,5.E-1);
#889=CARTESIAN_POINT('',(-4.75E1,-2.93E1,1.6E0));
#890=LINE('',#889,#888);
#891=DIRECTION('',(0.E0,1.E0,0.E0));
#892=VECTOR('',#891,5.86E1);
#893=CARTESIAN_POINT('',(-4.75E1,-2.93E1,1.6E0));
#894=LINE('',#893,#892);
#895=DIRECTION('',(1.E0,0.E0,0.E0));
#896=VECTOR('',#895,5.E-1);
#897=CARTESIAN_POINT('',(-4.75E1,2.93E1,1.6E0));
#898=LINE('',#897,#896);
#899=CARTESIAN_POINT('',(-4.7E1,3.01E1,1.6E0));
#900=DIRECTION('',(0.E0,0.E0,-1.E0));
#901=DIRECTION('',(1.E0,0.E0,0.E0));
#902=AXIS2_PLACEMENT_3D('',#899,#900,#901);
#904=DIRECTION('',(0.E0,-1.E0,0.E0));
#905=VECTOR('',#904,1.E0);
#906=CARTESIAN_POINT('',(-4.62E1,3.11E1,1.6E0));
#907=LINE('',#906,#905);
#908=DIRECTION('',(1.E0,0.E0,0.E0));
#909=VECTOR('',#908,9.24E1);
#910=CARTESIAN_POINT('',(-4.62E1,3.11E1,1.6E0));
#911=LINE('',#910,#909);
#912=DIRECTION('',(0.E0,-1.E0,0.E0));
#913=VECTOR('',#912,7.E-1);
#914=CARTESIAN_POINT('',(4.62E1,3.11E1,1.6E0));
#915=LINE('',#914,#913);
#916=CARTESIAN_POINT('',(4.73E1,3.04E1,1.6E0));
#917=DIRECTION('',(0.E0,0.E0,-1.E0));
#918=DIRECTION('',(0.E0,-1.E0,0.E0));
#919=AXIS2_PLACEMENT_3D('',#916,#917,#918);
#921=DIRECTION('',(-1.E0,0.E0,0.E0));
#922=VECTOR('',#921,2.E-1);
#923=CARTESIAN_POINT('',(4.75E1,2.93E1,1.6E0));
#924=LINE('',#923,#922);
#925=DIRECTION('',(0.E0,-1.E0,0.E0));
#926=VECTOR('',#925,1.05E1);
#927=CARTESIAN_POINT('',(4.75E1,2.93E1,1.6E0));
#928=LINE('',#927,#926);
#929=DIRECTION('',(-7.071067811865E-1,-7.071067811866E-1,0.E0));
#930=VECTOR('',#929,1.272792206136E0);
#931=CARTESIAN_POINT('',(4.75E1,1.88E1,1.6E0));
#932=LINE('',#931,#930);
#933=DIRECTION('',(0.E0,1.E0,0.E0));
#934=VECTOR('',#933,7.6E0);
#935=CARTESIAN_POINT('',(4.66E1,1.03E1,1.6E0));
#936=LINE('',#935,#934);
#937=DIRECTION('',(-7.071067811865E-1,7.071067811865E-1,0.E0));
#938=VECTOR('',#937,1.272792206136E0);
#939=CARTESIAN_POINT('',(4.75E1,9.4E0,1.6E0));
#940=LINE('',#939,#938);
#941=DIRECTION('',(0.E0,-1.E0,0.E0));
#942=VECTOR('',#941,1.17E1);
#943=CARTESIAN_POINT('',(4.75E1,9.4E0,1.6E0));
#944=LINE('',#943,#942);
#945=DIRECTION('',(6.883545756938E-1,7.253743710123E-1,0.E0));
#946=VECTOR('',#945,2.614931408258E0);
#947=CARTESIAN_POINT('',(4.57E1,-4.196804225506E0,1.6E0));
#948=LINE('',#947,#946);
#949=DIRECTION('',(0.E0,1.E0,0.E0));
#950=VECTOR('',#949,1.120639154899E1);
#951=CARTESIAN_POINT('',(4.57E1,-1.540319577449E1,1.6E0));
#952=LINE('',#951,#950);
#953=DIRECTION('',(0.E0,0.E0,1.E0));
#954=VECTOR('',#953,1.6E0);
#955=CARTESIAN_POINT('',(4.72E1,-2.88E1,0.E0));
#956=LINE('',#955,#954);
#957=DIRECTION('',(0.E0,0.E0,1.E0));
#958=VECTOR('',#957,1.6E0);
#959=CARTESIAN_POINT('',(4.62E1,-2.98E1,0.E0));
#960=LINE('',#959,#958);
#961=DIRECTION('',(0.E0,0.E0,-1.E0));
#962=VECTOR('',#961,1.6E0);
#963=CARTESIAN_POINT('',(-4.62E1,-3.11E1,1.6E0));
#964=LINE('',#963,#962);
#965=DIRECTION('',(0.E0,0.E0,-1.E0));
#966=VECTOR('',#965,1.6E0);
#967=CARTESIAN_POINT('',(4.62E1,-3.11E1,1.6E0));
#968=LINE('',#967,#966);
#969=DIRECTION('',(0.E0,0.E0,1.E0));
#970=VECTOR('',#969,1.6E0);
#971=CARTESIAN_POINT('',(-4.62E1,-3.01E1,0.E0));
#972=LINE('',#971,#970);
#973=DIRECTION('',(0.E0,0.E0,1.E0));
#974=VECTOR('',#973,1.6E0);
#975=CARTESIAN_POINT('',(-4.7E1,-2.93E1,0.E0));
#976=LINE('',#975,#974);
#977=DIRECTION('',(0.E0,0.E0,-1.E0));
#978=VECTOR('',#977,1.6E0);
#979=CARTESIAN_POINT('',(-4.75E1,2.93E1,1.6E0));
#980=LINE('',#979,#978);
#981=DIRECTION('',(0.E0,0.E0,-1.E0));
#982=VECTOR('',#981,1.6E0);
#983=CARTESIAN_POINT('',(-4.75E1,-2.93E1,1.6E0));
#984=LINE('',#983,#982);
#985=DIRECTION('',(0.E0,0.E0,1.E0));
#986=VECTOR('',#985,1.6E0);
#987=CARTESIAN_POINT('',(-4.7E1,2.93E1,0.E0));
#988=LINE('',#987,#986);
#989=DIRECTION('',(0.E0,0.E0,1.E0));
#990=VECTOR('',#989,1.6E0);
#991=CARTESIAN_POINT('',(-4.62E1,3.01E1,0.E0));
#992=LINE('',#991,#990);
#993=DIRECTION('',(0.E0,0.E0,-1.E0));
#994=VECTOR('',#993,1.6E0);
#995=CARTESIAN_POINT('',(-4.62E1,3.11E1,1.6E0));
#996=LINE('',#995,#994);
#997=DIRECTION('',(0.E0,0.E0,-1.E0));
#998=VECTOR('',#997,1.6E0);
#999=CARTESIAN_POINT('',(4.62E1,3.11E1,1.6E0));
#1000=LINE('',#999,#998);
#1001=DIRECTION('',(0.E0,0.E0,1.E0));
#1002=VECTOR('',#1001,1.6E0);
#1003=CARTESIAN_POINT('',(4.62E1,3.04E1,0.E0));
#1004=LINE('',#1003,#1002);
#1005=DIRECTION('',(0.E0,0.E0,1.E0));
#1006=VECTOR('',#1005,1.6E0);
#1007=CARTESIAN_POINT('',(4.73E1,2.93E1,0.E0));
#1008=LINE('',#1007,#1006);
#1009=DIRECTION('',(0.E0,0.E0,1.E0));
#1010=VECTOR('',#1009,1.6E0);
#1011=CARTESIAN_POINT('',(4.57E1,-4.196804225506E0,0.E0));
#1012=LINE('',#1011,#1010);
#1013=DIRECTION('',(0.E0,0.E0,1.E0));
#1014=VECTOR('',#1013,1.6E0);
#1015=CARTESIAN_POINT('',(4.57E1,-1.540319577449E1,0.E0));
#1016=LINE('',#1015,#1014);
#1017=DIRECTION('',(-1.E0,0.E0,0.E0));
#1018=VECTOR('',#1017,1.2E0);
#1019=CARTESIAN_POINT('',(4.78E1,1.56E1,-2.55E0));
#1020=LINE('',#1019,#1018);
#1021=DIRECTION('',(-1.E0,0.E0,0.E0));
#1022=VECTOR('',#1021,1.2E0);
#1023=CARTESIAN_POINT('',(4.78E1,1.26E1,-2.55E0));
#1024=LINE('',#1023,#1022);
#1025=DIRECTION('',(-1.E0,0.E0,0.E0));
#1026=VECTOR('',#1025,1.2E0);
#1027=CARTESIAN_POINT('',(4.78E1,1.26E1,-1.05E0));
#1028=LINE('',#1027,#1026);
#1029=DIRECTION('',(-1.E0,0.E0,0.E0));
#1030=VECTOR('',#1029,1.2E0);
#1031=CARTESIAN_POINT('',(4.78E1,1.56E1,-1.05E0));
#1032=LINE('',#1031,#1030);
#1033=DIRECTION('',(0.E0,0.E0,1.E0));
#1034=VECTOR('',#1033,1.5E0);
#1035=CARTESIAN_POINT('',(4.78E1,1.56E1,-2.55E0));
#1036=LINE('',#1035,#1034);
#1037=DIRECTION('',(0.E0,1.E0,0.E0));
#1038=VECTOR('',#1037,3.E0);
#1039=CARTESIAN_POINT('',(4.78E1,1.26E1,-2.55E0));
#1040=LINE('',#1039,#1038);
#1041=DIRECTION('',(0.E0,0.E0,-1.E0));
#1042=VECTOR('',#1041,1.5E0);
#1043=CARTESIAN_POINT('',(4.78E1,1.26E1,-1.05E0));
#1044=LINE('',#1043,#1042);
#1045=DIRECTION('',(0.E0,-1.E0,0.E0));
#1046=VECTOR('',#1045,3.E0);
#1047=CARTESIAN_POINT('',(4.78E1,1.56E1,-1.05E0));
#1048=LINE('',#1047,#1046);
#1049=DIRECTION('',(0.E0,0.E0,-1.E0));
#1050=VECTOR('',#1049,2.E0);
#1051=CARTESIAN_POINT('',(4.47E1,-1.884750013157E1,0.E0));
#1052=LINE('',#1051,#1050);
#1053=DIRECTION('',(0.E0,0.E0,-1.E0));
#1054=VECTOR('',#1053,8.5E-1);
#1055=CARTESIAN_POINT('',(4.47E1,-1.514750013157E1,0.E0));
#1056=LINE('',#1055,#1054);
#1057=DIRECTION('',(0.E0,-1.E0,0.E0));
#1058=VECTOR('',#1057,1.05E0);
#1059=CARTESIAN_POINT('',(4.47E1,-1.514750013157E1,-8.5E-1));
#1060=LINE('',#1059,#1058);
#1061=DIRECTION('',(0.E0,0.E0,1.E0));
#1062=VECTOR('',#1061,1.E0);
#1063=CARTESIAN_POINT('',(4.47E1,-1.619750013157E1,-1.85E0));
#1064=LINE('',#1063,#1062);
#1065=DIRECTION('',(0.E0,-1.E0,0.E0));
#1066=VECTOR('',#1065,1.05E0);
#1067=CARTESIAN_POINT('',(4.47E1,-1.514750013157E1,-1.85E0));
#1068=LINE('',#1067,#1066);
#1069=DIRECTION('',(0.E0,0.E0,-1.E0));
#1070=VECTOR('',#1069,1.5E-1);
#1071=CARTESIAN_POINT('',(4.47E1,-1.514750013157E1,-1.85E0));
#1072=LINE('',#1071,#1070);
#1073=DIRECTION('',(-4.657464328326E-1,8.849182223820E-1,0.E0));
#1074=VECTOR('',#1073,2.147091055358E0);
#1075=CARTESIAN_POINT('',(4.47E1,-1.514750013157E1,-1.85E0));
#1076=LINE('',#1075,#1074);
#1077=DIRECTION('',(-4.657464328326E-1,8.849182223820E-1,0.E0));
#1078=VECTOR('',#1077,2.147091055358E0);
#1079=CARTESIAN_POINT('',(4.47E1,-1.514750013157E1,-8.5E-1));
#1080=LINE('',#1079,#1078);
#1081=DIRECTION('',(0.E0,0.E0,1.E0));
#1082=VECTOR('',#1081,1.5E-1);
#1083=CARTESIAN_POINT('',(4.37E1,-1.324750013157E1,-2.E0));
#1084=LINE('',#1083,#1082);
#1085=DIRECTION('',(0.E0,1.E0,0.E0));
#1086=VECTOR('',#1085,8.3E0);
#1087=CARTESIAN_POINT('',(4.37E1,-1.324750013157E1,-1.85E0));
#1088=LINE('',#1087,#1086);
#1089=DIRECTION('',(0.E0,0.E0,1.E0));
#1090=VECTOR('',#1089,1.E0);
#1091=CARTESIAN_POINT('',(4.37E1,-4.947500131566E0,-1.85E0));
#1092=LINE('',#1091,#1090);
#1093=DIRECTION('',(0.E0,1.E0,0.E0));
#1094=VECTOR('',#1093,8.3E0);
#1095=CARTESIAN_POINT('',(4.37E1,-1.324750013157E1,-8.5E-1));
#1096=LINE('',#1095,#1094);
#1097=DIRECTION('',(0.E0,0.E0,1.E0));
#1098=VECTOR('',#1097,8.5E-1);
#1099=CARTESIAN_POINT('',(4.37E1,-1.324750013157E1,-8.5E-1));
#1100=LINE('',#1099,#1098);
#1101=DIRECTION('',(0.E0,0.E0,-1.E0));
#1102=VECTOR('',#1101,2.E0);
#1103=CARTESIAN_POINT('',(2.99E1,-4.047500131566E0,0.E0));
#1104=LINE('',#1103,#1102);
#1105=DIRECTION('',(0.E0,0.E0,-1.E0));
#1106=VECTOR('',#1105,2.E0);
#1107=CARTESIAN_POINT('',(4.37E1,-4.047500131566E0,0.E0));
#1108=LINE('',#1107,#1106);
#1109=DIRECTION('',(0.E0,0.E0,-1.E0));
#1110=VECTOR('',#1109,2.E0);
#1111=CARTESIAN_POINT('',(2.99E1,-1.884750013157E1,0.E0));
#1112=LINE('',#1111,#1110);
#1113=DIRECTION('',(0.E0,1.E0,0.E0));
#1114=VECTOR('',#1113,1.27E0);
#1115=CARTESIAN_POINT('',(3.82E1,-1.867750013157E1,-2.E0));
#1116=LINE('',#1115,#1114);
#1117=DIRECTION('',(1.E0,0.E0,0.E0));
#1118=VECTOR('',#1117,2.08E0);
#1119=CARTESIAN_POINT('',(3.82E1,-1.740750013157E1,-2.E0));
#1120=LINE('',#1119,#1118);
#1121=DIRECTION('',(8.217975313999E-1,-5.697796217706E-1,0.E0));
#1122=VECTOR('',#1121,9.126335518706E-1);
#1123=CARTESIAN_POINT('',(4.028E1,-1.740750013157E1,-2.E0));
#1124=LINE('',#1123,#1122);
#1125=DIRECTION('',(1.E0,0.E0,0.E0));
#1126=VECTOR('',#1125,1.92E0);
#1127=CARTESIAN_POINT('',(4.103E1,-1.792750013157E1,-2.E0));
#1128=LINE('',#1127,#1126);
#1129=DIRECTION('',(0.E0,-1.E0,0.E0));
#1130=VECTOR('',#1129,3.E-1);
#1131=CARTESIAN_POINT('',(4.295E1,-1.792750013157E1,-2.E0));
#1132=LINE('',#1131,#1130);
#1133=DIRECTION('',(-1.E0,0.E0,0.E0));
#1134=VECTOR('',#1133,2.08E0);
#1135=CARTESIAN_POINT('',(4.295E1,-1.822750013157E1,-2.E0));
#1136=LINE('',#1135,#1134);
#1137=DIRECTION('',(-8.217975313999E-1,5.697796217706E-1,0.E0));
#1138=VECTOR('',#1137,9.126335518706E-1);
#1139=CARTESIAN_POINT('',(4.087E1,-1.822750013157E1,-2.E0));
#1140=LINE('',#1139,#1138);
#1141=DIRECTION('',(-1.E0,0.E0,0.E0));
#1142=VECTOR('',#1141,1.61E0);
#1143=CARTESIAN_POINT('',(4.012E1,-1.770750013157E1,-2.E0));
#1144=LINE('',#1143,#1142);
#1145=DIRECTION('',(0.E0,-1.E0,0.E0));
#1146=VECTOR('',#1145,8.1E-1);
#1147=CARTESIAN_POINT('',(3.851E1,-1.770750013157E1,-2.E0));
#1148=LINE('',#1147,#1146);
#1149=DIRECTION('',(1.E0,0.E0,0.E0));
#1150=VECTOR('',#1149,4.44E0);
#1151=CARTESIAN_POINT('',(3.851E1,-1.851750013157E1,-2.E0));
#1152=LINE('',#1151,#1150);
#1153=DIRECTION('',(0.E0,-1.E0,0.E0));
#1154=VECTOR('',#1153,1.6E-1);
#1155=CARTESIAN_POINT('',(4.295E1,-1.851750013157E1,-2.E0));
#1156=LINE('',#1155,#1154);
#1157=DIRECTION('',(-1.E0,0.E0,0.E0));
#1158=VECTOR('',#1157,4.75E0);
#1159=CARTESIAN_POINT('',(4.295E1,-1.867750013157E1,-2.E0));
#1160=LINE('',#1159,#1158);
#1161=DIRECTION('',(-1.E0,0.E0,0.E0));
#1162=VECTOR('',#1161,2.941456930427E0);
#1163=CARTESIAN_POINT('',(3.375940925944E1,-5.541329886115E0,-2.E0));
#1164=LINE('',#1163,#1162);
#1165=DIRECTION('',(0.E0,1.E0,0.E0));
#1166=VECTOR('',#1165,5.083999632837E-1);
#1167=CARTESIAN_POINT('',(3.081795232902E1,-5.541329886115E0,-2.E0));
#1168=LINE('',#1167,#1166);
#1169=DIRECTION('',(1.E0,0.E0,0.E0));
#1170=VECTOR('',#1169,2.941456930427E0);
#1171=CARTESIAN_POINT('',(3.081795232902E1,-5.032929922831E0,-2.E0));
#1172=LINE('',#1171,#1170);
#1173=DIRECTION('',(0.E0,-1.E0,0.E0));
#1174=VECTOR('',#1173,5.083999632837E-1);
#1175=CARTESIAN_POINT('',(3.375940925944E1,-5.032929922831E0,-2.E0));
#1176=LINE('',#1175,#1174);
#1177=DIRECTION('',(-4.657464328326E-1,8.849182223820E-1,0.E0));
#1178=VECTOR('',#1177,2.147091055358E0);
#1179=CARTESIAN_POINT('',(4.47E1,-1.514750013157E1,-2.E0));
#1180=LINE('',#1179,#1178);
#1181=DIRECTION('',(0.E0,-1.E0,0.E0));
#1182=VECTOR('',#1181,9.2E0);
#1183=CARTESIAN_POINT('',(4.37E1,-4.047500131566E0,-2.E0));
#1184=LINE('',#1183,#1182);
#1185=DIRECTION('',(1.E0,0.E0,0.E0));
#1186=VECTOR('',#1185,1.38E1);
#1187=CARTESIAN_POINT('',(2.99E1,-4.047500131566E0,-2.E0));
#1188=LINE('',#1187,#1186);
#1189=DIRECTION('',(0.E0,1.E0,0.E0));
#1190=VECTOR('',#1189,1.48E1);
#1191=CARTESIAN_POINT('',(2.99E1,-1.884750013157E1,-2.E0));
#1192=LINE('',#1191,#1190);
#1193=DIRECTION('',(-1.E0,0.E0,0.E0));
#1194=VECTOR('',#1193,1.48E1);
#1195=CARTESIAN_POINT('',(4.47E1,-1.884750013157E1,-2.E0));
#1196=LINE('',#1195,#1194);
#1197=DIRECTION('',(0.E0,-1.E0,0.E0));
#1198=VECTOR('',#1197,3.7E0);
#1199=CARTESIAN_POINT('',(4.47E1,-1.514750013157E1,-2.E0));
#1200=LINE('',#1199,#1198);
#1201=DIRECTION('',(0.E0,0.E0,1.E0));
#1202=VECTOR('',#1201,1.E-1);
#1203=CARTESIAN_POINT('',(3.82E1,-1.867750013157E1,-2.E0));
#1204=LINE('',#1203,#1202);
#1205=DIRECTION('',(0.E0,0.E0,1.E0));
#1206=VECTOR('',#1205,1.E-1);
#1207=CARTESIAN_POINT('',(4.295E1,-1.867750013157E1,-2.E0));
#1208=LINE('',#1207,#1206);
#1209=DIRECTION('',(0.E0,0.E0,1.E0));
#1210=VECTOR('',#1209,1.E-1);
#1211=CARTESIAN_POINT('',(4.295E1,-1.851750013157E1,-2.E0));
#1212=LINE('',#1211,#1210);
#1213=DIRECTION('',(0.E0,0.E0,1.E0));
#1214=VECTOR('',#1213,1.E-1);
#1215=CARTESIAN_POINT('',(3.851E1,-1.851750013157E1,-2.E0));
#1216=LINE('',#1215,#1214);
#1217=DIRECTION('',(0.E0,0.E0,1.E0));
#1218=VECTOR('',#1217,1.E-1);
#1219=CARTESIAN_POINT('',(3.851E1,-1.770750013157E1,-2.E0));
#1220=LINE('',#1219,#1218);
#1221=DIRECTION('',(0.E0,0.E0,1.E0));
#1222=VECTOR('',#1221,1.E-1);
#1223=CARTESIAN_POINT('',(4.012E1,-1.770750013157E1,-2.E0));
#1224=LINE('',#1223,#1222);
#1225=DIRECTION('',(0.E0,0.E0,1.E0));
#1226=VECTOR('',#1225,1.E-1);
#1227=CARTESIAN_POINT('',(4.087E1,-1.822750013157E1,-2.E0));
#1228=LINE('',#1227,#1226);
#1229=DIRECTION('',(0.E0,0.E0,1.E0));
#1230=VECTOR('',#1229,1.E-1);
#1231=CARTESIAN_POINT('',(4.295E1,-1.822750013157E1,-2.E0));
#1232=LINE('',#1231,#1230);
#1233=DIRECTION('',(0.E0,0.E0,1.E0));
#1234=VECTOR('',#1233,1.E-1);
#1235=CARTESIAN_POINT('',(4.295E1,-1.792750013157E1,-2.E0));
#1236=LINE('',#1235,#1234);
#1237=DIRECTION('',(0.E0,0.E0,1.E0));
#1238=VECTOR('',#1237,1.E-1);
#1239=CARTESIAN_POINT('',(4.103E1,-1.792750013157E1,-2.E0));
#1240=LINE('',#1239,#1238);
#1241=DIRECTION('',(0.E0,0.E0,1.E0));
#1242=VECTOR('',#1241,1.E-1);
#1243=CARTESIAN_POINT('',(4.028E1,-1.740750013157E1,-2.E0));
#1244=LINE('',#1243,#1242);
#1245=DIRECTION('',(0.E0,0.E0,1.E0));
#1246=VECTOR('',#1245,1.E-1);
#1247=CARTESIAN_POINT('',(3.82E1,-1.740750013157E1,-2.E0));
#1248=LINE('',#1247,#1246);
#1249=DIRECTION('',(0.E0,1.E0,0.E0));
#1250=VECTOR('',#1249,1.27E0);
#1251=CARTESIAN_POINT('',(3.82E1,-1.867750013157E1,-1.9E0));
#1252=LINE('',#1251,#1250);
#1253=DIRECTION('',(-1.E0,0.E0,0.E0));
#1254=VECTOR('',#1253,4.75E0);
#1255=CARTESIAN_POINT('',(4.295E1,-1.867750013157E1,-1.9E0));
#1256=LINE('',#1255,#1254);
#1257=DIRECTION('',(0.E0,-1.E0,0.E0));
#1258=VECTOR('',#1257,1.6E-1);
#1259=CARTESIAN_POINT('',(4.295E1,-1.851750013157E1,-1.9E0));
#1260=LINE('',#1259,#1258);
#1261=DIRECTION('',(1.E0,0.E0,0.E0));
#1262=VECTOR('',#1261,4.44E0);
#1263=CARTESIAN_POINT('',(3.851E1,-1.851750013157E1,-1.9E0));
#1264=LINE('',#1263,#1262);
#1265=DIRECTION('',(0.E0,-1.E0,0.E0));
#1266=VECTOR('',#1265,8.1E-1);
#1267=CARTESIAN_POINT('',(3.851E1,-1.770750013157E1,-1.9E0));
#1268=LINE('',#1267,#1266);
#1269=DIRECTION('',(-1.E0,0.E0,0.E0));
#1270=VECTOR('',#1269,1.61E0);
#1271=CARTESIAN_POINT('',(4.012E1,-1.770750013157E1,-1.9E0));
#1272=LINE('',#1271,#1270);
#1273=DIRECTION('',(-8.217975313999E-1,5.697796217706E-1,0.E0));
#1274=VECTOR('',#1273,9.126335518706E-1);
#1275=CARTESIAN_POINT('',(4.087E1,-1.822750013157E1,-1.9E0));
#1276=LINE('',#1275,#1274);
#1277=DIRECTION('',(-1.E0,0.E0,0.E0));
#1278=VECTOR('',#1277,2.08E0);
#1279=CARTESIAN_POINT('',(4.295E1,-1.822750013157E1,-1.9E0));
#1280=LINE('',#1279,#1278);
#1281=DIRECTION('',(0.E0,-1.E0,0.E0));
#1282=VECTOR('',#1281,3.E-1);
#1283=CARTESIAN_POINT('',(4.295E1,-1.792750013157E1,-1.9E0));
#1284=LINE('',#1283,#1282);
#1285=DIRECTION('',(1.E0,0.E0,0.E0));
#1286=VECTOR('',#1285,1.92E0);
#1287=CARTESIAN_POINT('',(4.103E1,-1.792750013157E1,-1.9E0));
#1288=LINE('',#1287,#1286);
#1289=DIRECTION('',(8.217975313999E-1,-5.697796217706E-1,0.E0));
#1290=VECTOR('',#1289,9.126335518706E-1);
#1291=CARTESIAN_POINT('',(4.028E1,-1.740750013157E1,-1.9E0));
#1292=LINE('',#1291,#1290);
#1293=DIRECTION('',(1.E0,0.E0,0.E0));
#1294=VECTOR('',#1293,2.08E0);
#1295=CARTESIAN_POINT('',(3.82E1,-1.740750013157E1,-1.9E0));
#1296=LINE('',#1295,#1294);
#1297=DIRECTION('',(0.E0,0.E0,1.E0));
#1298=VECTOR('',#1297,2.E-1);
#1299=CARTESIAN_POINT('',(3.375940925944E1,-5.541329886115E0,-2.E0));
#1300=LINE('',#1299,#1298);
#1301=DIRECTION('',(0.E0,0.E0,1.E0));
#1302=VECTOR('',#1301,2.E-1);
#1303=CARTESIAN_POINT('',(3.375940925944E1,-5.032929922831E0,-2.E0));
#1304=LINE('',#1303,#1302);
#1305=DIRECTION('',(0.E0,0.E0,1.E0));
#1306=VECTOR('',#1305,2.E-1);
#1307=CARTESIAN_POINT('',(3.081795232902E1,-5.032929922831E0,-2.E0));
#1308=LINE('',#1307,#1306);
#1309=DIRECTION('',(0.E0,0.E0,1.E0));
#1310=VECTOR('',#1309,2.E-1);
#1311=CARTESIAN_POINT('',(3.081795232902E1,-5.541329886115E0,-2.E0));
#1312=LINE('',#1311,#1310);
#1313=DIRECTION('',(-1.E0,0.E0,0.E0));
#1314=VECTOR('',#1313,2.941456930427E0);
#1315=CARTESIAN_POINT('',(3.375940925944E1,-5.541329886115E0,-1.8E0));
#1316=LINE('',#1315,#1314);
#1317=DIRECTION('',(0.E0,-1.E0,0.E0));
#1318=VECTOR('',#1317,5.083999632837E-1);
#1319=CARTESIAN_POINT('',(3.375940925944E1,-5.032929922831E0,-1.8E0));
#1320=LINE('',#1319,#1318);
#1321=DIRECTION('',(1.E0,0.E0,0.E0));
#1322=VECTOR('',#1321,2.941456930427E0);
#1323=CARTESIAN_POINT('',(3.081795232902E1,-5.032929922831E0,-1.8E0));
#1324=LINE('',#1323,#1322);
#1325=DIRECTION('',(0.E0,1.E0,0.E0));
#1326=VECTOR('',#1325,5.083999632837E-1);
#1327=CARTESIAN_POINT('',(3.081795232902E1,-5.541329886115E0,-1.8E0));
#1328=LINE('',#1327,#1326);
#1329=DIRECTION('',(-1.E0,0.E0,0.E0));
#1330=VECTOR('',#1329,1.029E1);
#1331=CARTESIAN_POINT('',(4.47E1,-1.619750013157E1,-1.85E0));
#1332=LINE('',#1331,#1330);
#1333=DIRECTION('',(0.E0,1.E0,0.E0));
#1334=VECTOR('',#1333,1.125E1);
#1335=CARTESIAN_POINT('',(3.441E1,-1.619750013157E1,-1.85E0));
#1336=LINE('',#1335,#1334);
#1337=DIRECTION('',(1.E0,0.E0,0.E0));
#1338=VECTOR('',#1337,9.29E0);
#1339=CARTESIAN_POINT('',(3.441E1,-4.947500131566E0,-1.85E0));
#1340=LINE('',#1339,#1338);
#1341=DIRECTION('',(1.E0,0.E0,0.E0));
#1342=VECTOR('',#1341,9.29E0);
#1343=CARTESIAN_POINT('',(3.441E1,-4.947500131566E0,-8.5E-1));
#1344=LINE('',#1343,#1342);
#1345=DIRECTION('',(0.E0,1.E0,0.E0));
#1346=VECTOR('',#1345,1.125E1);
#1347=CARTESIAN_POINT('',(3.441E1,-1.619750013157E1,-8.5E-1));
#1348=LINE('',#1347,#1346);
#1349=DIRECTION('',(-1.E0,0.E0,0.E0));
#1350=VECTOR('',#1349,1.029E1);
#1351=CARTESIAN_POINT('',(4.47E1,-1.619750013157E1,-8.5E-1));
#1352=LINE('',#1351,#1350);
#1353=DIRECTION('',(0.E0,0.E0,1.E0));
#1354=VECTOR('',#1353,1.E0);
#1355=CARTESIAN_POINT('',(3.441E1,-4.947500131566E0,-1.85E0));
#1356=LINE('',#1355,#1354);
#1357=DIRECTION('',(0.E0,0.E0,1.E0));
#1358=VECTOR('',#1357,1.E0);
#1359=CARTESIAN_POINT('',(3.441E1,-1.619750013157E1,-1.85E0));
#1360=LINE('',#1359,#1358);
#1361=DIRECTION('',(0.E0,0.E0,1.E0));
#1362=VECTOR('',#1361,3.3E0);
#1363=CARTESIAN_POINT('',(8.E-1,2.56E1,-3.3E0));
#1364=LINE('',#1363,#1362);
#1365=DIRECTION('',(0.E0,0.E0,1.E0));
#1366=VECTOR('',#1365,3.3E0);
#1367=CARTESIAN_POINT('',(2.08E1,2.56E1,-3.3E0));
#1368=LINE('',#1367,#1366);
#1369=DIRECTION('',(0.E0,0.E0,1.E0));
#1370=VECTOR('',#1369,3.3E0);
#1371=CARTESIAN_POINT('',(2.08E1,2.31E1,-3.3E0));
#1372=LINE('',#1371,#1370);
#1373=DIRECTION('',(0.E0,0.E0,1.E0));
#1374=VECTOR('',#1373,3.3E0);
#1375=CARTESIAN_POINT('',(2.25E1,2.31E1,-3.3E0));
#1376=LINE('',#1375,#1374);
#1377=DIRECTION('',(0.E0,0.E0,1.E0));
#1378=VECTOR('',#1377,3.3E0);
#1379=CARTESIAN_POINT('',(4.25E1,2.31E1,-3.3E0));
#1380=LINE('',#1379,#1378);
#1381=DIRECTION('',(0.E0,0.E0,1.E0));
#1382=VECTOR('',#1381,3.3E0);
#1383=CARTESIAN_POINT('',(4.25E1,2.56E1,-3.3E0));
#1384=LINE('',#1383,#1382);
#1385=DIRECTION('',(0.E0,0.E0,1.E0));
#1386=VECTOR('',#1385,3.3E0);
#1387=CARTESIAN_POINT('',(2.25E1,2.56E1,-3.3E0));
#1388=LINE('',#1387,#1386);
#1389=DIRECTION('',(0.E0,0.E0,1.E0));
#1390=VECTOR('',#1389,3.3E0);
#1391=CARTESIAN_POINT('',(9.7E0,-2.53E1,-3.3E0));
#1392=LINE('',#1391,#1390);
#1393=DIRECTION('',(0.E0,0.E0,1.E0));
#1394=VECTOR('',#1393,3.3E0);
#1395=CARTESIAN_POINT('',(2.48E1,-2.53E1,-3.3E0));
#1396=LINE('',#1395,#1394);
#1397=DIRECTION('',(0.E0,0.E0,1.E0));
#1398=VECTOR('',#1397,3.3E0);
#1399=CARTESIAN_POINT('',(2.48E1,-2.28E1,-3.3E0));
#1400=LINE('',#1399,#1398);
#1401=DIRECTION('',(0.E0,0.E0,1.E0));
#1402=VECTOR('',#1401,3.3E0);
#1403=CARTESIAN_POINT('',(9.7E0,-2.28E1,-3.3E0));
#1404=LINE('',#1403,#1402);
#1405=DIRECTION('',(0.E0,0.E0,1.E0));
#1406=VECTOR('',#1405,3.3E0);
#1407=CARTESIAN_POINT('',(2.75E1,-2.53E1,-3.3E0));
#1408=LINE('',#1407,#1406);
#1409=DIRECTION('',(0.E0,0.E0,1.E0));
#1410=VECTOR('',#1409,3.3E0);
#1411=CARTESIAN_POINT('',(4.26E1,-2.53E1,-3.3E0));
#1412=LINE('',#1411,#1410);
#1413=DIRECTION('',(0.E0,0.E0,1.E0));
#1414=VECTOR('',#1413,3.3E0);
#1415=CARTESIAN_POINT('',(4.26E1,-2.28E1,-3.3E0));
#1416=LINE('',#1415,#1414);
#1417=DIRECTION('',(0.E0,0.E0,1.E0));
#1418=VECTOR('',#1417,3.3E0);
#1419=CARTESIAN_POINT('',(2.75E1,-2.28E1,-3.3E0));
#1420=LINE('',#1419,#1418);
#1421=DIRECTION('',(0.E0,0.E0,1.E0));
#1422=VECTOR('',#1421,5.9E0);
#1423=CARTESIAN_POINT('',(1.68E0,2.40425E1,-9.2E0));
#1424=LINE('',#1423,#1422);
#1425=DIRECTION('',(0.E0,0.E0,1.E0));
#1426=VECTOR('',#1425,5.9E0);
#1427=CARTESIAN_POINT('',(2.295E0,2.40425E1,-9.2E0));
#1428=LINE('',#1427,#1426);
#1429=DIRECTION('',(0.E0,0.E0,1.E0));
#1430=VECTOR('',#1429,5.9E0);
#1431=CARTESIAN_POINT('',(2.295E0,2.46575E1,-9.2E0));
#1432=LINE('',#1431,#1430);
#1433=DIRECTION('',(0.E0,0.E0,1.E0));
#1434=VECTOR('',#1433,5.9E0);
#1435=CARTESIAN_POINT('',(1.68E0,2.46575E1,-9.2E0));
#1436=LINE('',#1435,#1434);
#1437=DIRECTION('',(0.E0,1.E0,0.E0));
#1438=VECTOR('',#1437,6.15E-1);
#1439=CARTESIAN_POINT('',(1.68E0,2.40425E1,-9.2E0));
#1440=LINE('',#1439,#1438);
#1441=DIRECTION('',(-1.E0,-1.155354041886E-14,0.E0));
#1442=VECTOR('',#1441,6.15E-1);
#1443=CARTESIAN_POINT('',(2.295E0,2.40425E1,-9.2E0));
#1444=LINE('',#1443,#1442);
#1445=DIRECTION('',(0.E0,-1.E0,0.E0));
#1446=VECTOR('',#1445,6.15E-1);
#1447=CARTESIAN_POINT('',(2.295E0,2.46575E1,-9.2E0));
#1448=LINE('',#1447,#1446);
#1449=DIRECTION('',(1.E0,0.E0,0.E0));
#1450=VECTOR('',#1449,6.15E-1);
#1451=CARTESIAN_POINT('',(1.68E0,2.46575E1,-9.2E0));
#1452=LINE('',#1451,#1450);
#1453=DIRECTION('',(0.E0,1.E0,0.E0));
#1454=VECTOR('',#1453,6.15E-1);
#1455=CARTESIAN_POINT('',(4.195E0,2.40425E1,-9.2E0));
#1456=LINE('',#1455,#1454);
#1457=DIRECTION('',(-1.E0,0.E0,0.E0));
#1458=VECTOR('',#1457,6.15E-1);
#1459=CARTESIAN_POINT('',(4.81E0,2.40425E1,-9.2E0));
#1460=LINE('',#1459,#1458);
#1461=DIRECTION('',(0.E0,-1.E0,0.E0));
#1462=VECTOR('',#1461,6.15E-1);
#1463=CARTESIAN_POINT('',(4.81E0,2.46575E1,-9.2E0));
#1464=LINE('',#1463,#1462);
#1465=DIRECTION('',(1.E0,0.E0,0.E0));
#1466=VECTOR('',#1465,6.15E-1);
#1467=CARTESIAN_POINT('',(4.195E0,2.46575E1,-9.2E0));
#1468=LINE('',#1467,#1466);
#1469=DIRECTION('',(0.E0,1.E0,0.E0));
#1470=VECTOR('',#1469,6.15E-1);
#1471=CARTESIAN_POINT('',(6.71E0,2.40425E1,-9.2E0));
#1472=LINE('',#1471,#1470);
#1473=DIRECTION('',(-1.E0,0.E0,0.E0));
#1474=VECTOR('',#1473,6.15E-1);
#1475=CARTESIAN_POINT('',(7.325E0,2.40425E1,-9.2E0));
#1476=LINE('',#1475,#1474);
#1477=DIRECTION('',(0.E0,-1.E0,0.E0));
#1478=VECTOR('',#1477,6.15E-1);
#1479=CARTESIAN_POINT('',(7.325E0,2.46575E1,-9.2E0));
#1480=LINE('',#1479,#1478);
#1481=DIRECTION('',(1.E0,0.E0,0.E0));
#1482=VECTOR('',#1481,6.15E-1);
#1483=CARTESIAN_POINT('',(6.71E0,2.46575E1,-9.2E0));
#1484=LINE('',#1483,#1482);
#1485=DIRECTION('',(0.E0,1.E0,0.E0));
#1486=VECTOR('',#1485,6.15E-1);
#1487=CARTESIAN_POINT('',(9.225E0,2.40425E1,-9.2E0));
#1488=LINE('',#1487,#1486);
#1489=DIRECTION('',(-1.E0,1.155354041886E-14,0.E0));
#1490=VECTOR('',#1489,6.15E-1);
#1491=CARTESIAN_POINT('',(9.84E0,2.40425E1,-9.2E0));
#1492=LINE('',#1491,#1490);
#1493=DIRECTION('',(0.E0,-1.E0,0.E0));
#1494=VECTOR('',#1493,6.15E-1);
#1495=CARTESIAN_POINT('',(9.84E0,2.46575E1,-9.2E0));
#1496=LINE('',#1495,#1494);
#1497=DIRECTION('',(1.E0,0.E0,0.E0));
#1498=VECTOR('',#1497,6.15E-1);
#1499=CARTESIAN_POINT('',(9.225E0,2.46575E1,-9.2E0));
#1500=LINE('',#1499,#1498);
#1501=DIRECTION('',(-1.E0,-1.155354041886E-14,0.E0));
#1502=VECTOR('',#1501,6.15E-1);
#1503=CARTESIAN_POINT('',(1.992E1,2.40425E1,-9.2E0));
#1504=LINE('',#1503,#1502);
#1505=DIRECTION('',(0.E0,-1.E0,0.E0));
#1506=VECTOR('',#1505,6.15E-1);
#1507=CARTESIAN_POINT('',(1.992E1,2.46575E1,-9.2E0));
#1508=LINE('',#1507,#1506);
#1509=DIRECTION('',(1.E0,0.E0,0.E0));
#1510=VECTOR('',#1509,6.15E-1);
#1511=CARTESIAN_POINT('',(1.9305E1,2.46575E1,-9.2E0));
#1512=LINE('',#1511,#1510);
#1513=DIRECTION('',(0.E0,1.E0,0.E0));
#1514=VECTOR('',#1513,6.15E-1);
#1515=CARTESIAN_POINT('',(1.9305E1,2.40425E1,-9.2E0));
#1516=LINE('',#1515,#1514);
#1517=DIRECTION('',(-1.E0,0.E0,0.E0));
#1518=VECTOR('',#1517,6.15E-1);
#1519=CARTESIAN_POINT('',(1.7405E1,2.40425E1,-9.2E0));
#1520=LINE('',#1519,#1518);
#1521=DIRECTION('',(0.E0,-1.E0,0.E0));
#1522=VECTOR('',#1521,6.15E-1);
#1523=CARTESIAN_POINT('',(1.7405E1,2.46575E1,-9.2E0));
#1524=LINE('',#1523,#1522);
#1525=DIRECTION('',(1.E0,0.E0,0.E0));
#1526=VECTOR('',#1525,6.15E-1);
#1527=CARTESIAN_POINT('',(1.679E1,2.46575E1,-9.2E0));
#1528=LINE('',#1527,#1526);
#1529=DIRECTION('',(0.E0,1.E0,0.E0));
#1530=VECTOR('',#1529,6.15E-1);
#1531=CARTESIAN_POINT('',(1.679E1,2.40425E1,-9.2E0));
#1532=LINE('',#1531,#1530);
#1533=DIRECTION('',(-1.E0,0.E0,0.E0));
#1534=VECTOR('',#1533,6.15E-1);
#1535=CARTESIAN_POINT('',(1.489E1,2.40425E1,-9.2E0));
#1536=LINE('',#1535,#1534);
#1537=DIRECTION('',(0.E0,-1.E0,0.E0));
#1538=VECTOR('',#1537,6.15E-1);
#1539=CARTESIAN_POINT('',(1.489E1,2.46575E1,-9.2E0));
#1540=LINE('',#1539,#1538);
#1541=DIRECTION('',(1.E0,0.E0,0.E0));
#1542=VECTOR('',#1541,6.15E-1);
#1543=CARTESIAN_POINT('',(1.4275E1,2.46575E1,-9.2E0));
#1544=LINE('',#1543,#1542);
#1545=DIRECTION('',(0.E0,1.E0,0.E0));
#1546=VECTOR('',#1545,6.15E-1);
#1547=CARTESIAN_POINT('',(1.4275E1,2.40425E1,-9.2E0));
#1548=LINE('',#1547,#1546);
#1549=DIRECTION('',(-1.E0,0.E0,0.E0));
#1550=VECTOR('',#1549,6.15E-1);
#1551=CARTESIAN_POINT('',(1.2375E1,2.40425E1,-9.2E0));
#1552=LINE('',#1551,#1550);
#1553=DIRECTION('',(0.E0,-1.E0,0.E0));
#1554=VECTOR('',#1553,6.15E-1);
#1555=CARTESIAN_POINT('',(1.2375E1,2.46575E1,-9.2E0));
#1556=LINE('',#1555,#1554);
#1557=DIRECTION('',(1.E0,0.E0,0.E0));
#1558=VECTOR('',#1557,6.15E-1);
#1559=CARTESIAN_POINT('',(1.176E1,2.46575E1,-9.2E0));
#1560=LINE('',#1559,#1558);
#1561=DIRECTION('',(0.E0,1.E0,0.E0));
#1562=VECTOR('',#1561,6.15E-1);
#1563=CARTESIAN_POINT('',(1.176E1,2.40425E1,-9.2E0));
#1564=LINE('',#1563,#1562);
#1565=DIRECTION('',(-1.E0,0.E0,0.E0));
#1566=VECTOR('',#1565,6.15E-1);
#1567=CARTESIAN_POINT('',(4.162E1,2.40425E1,-9.2E0));
#1568=LINE('',#1567,#1566);
#1569=DIRECTION('',(-1.155354041886E-14,-1.E0,0.E0));
#1570=VECTOR('',#1569,6.15E-1);
#1571=CARTESIAN_POINT('',(4.162E1,2.46575E1,-9.2E0));
#1572=LINE('',#1571,#1570);
#1573=DIRECTION('',(1.E0,-1.155354041886E-14,0.E0));
#1574=VECTOR('',#1573,6.15E-1);
#1575=CARTESIAN_POINT('',(4.1005E1,2.46575E1,-9.2E0));
#1576=LINE('',#1575,#1574);
#1577=DIRECTION('',(0.E0,1.E0,0.E0));
#1578=VECTOR('',#1577,6.15E-1);
#1579=CARTESIAN_POINT('',(4.1005E1,2.40425E1,-9.2E0));
#1580=LINE('',#1579,#1578);
#1581=DIRECTION('',(-1.E0,0.E0,0.E0));
#1582=VECTOR('',#1581,6.15E-1);
#1583=CARTESIAN_POINT('',(3.9105E1,2.40425E1,-9.2E0));
#1584=LINE('',#1583,#1582);
#1585=DIRECTION('',(2.310708083773E-14,-1.E0,0.E0));
#1586=VECTOR('',#1585,6.15E-1);
#1587=CARTESIAN_POINT('',(3.9105E1,2.46575E1,-9.2E0));
#1588=LINE('',#1587,#1586);
#1589=DIRECTION('',(1.E0,0.E0,0.E0));
#1590=VECTOR('',#1589,6.15E-1);
#1591=CARTESIAN_POINT('',(3.849E1,2.46575E1,-9.2E0));
#1592=LINE('',#1591,#1590);
#1593=DIRECTION('',(1.155354041886E-14,1.E0,0.E0));
#1594=VECTOR('',#1593,6.15E-1);
#1595=CARTESIAN_POINT('',(3.849E1,2.40425E1,-9.2E0));
#1596=LINE('',#1595,#1594);
#1597=DIRECTION('',(-1.E0,0.E0,0.E0));
#1598=VECTOR('',#1597,6.15E-1);
#1599=CARTESIAN_POINT('',(3.659E1,2.40425E1,-9.2E0));
#1600=LINE('',#1599,#1598);
#1601=DIRECTION('',(0.E0,-1.E0,0.E0));
#1602=VECTOR('',#1601,6.15E-1);
#1603=CARTESIAN_POINT('',(3.659E1,2.46575E1,-9.2E0));
#1604=LINE('',#1603,#1602);
#1605=DIRECTION('',(1.E0,1.155354041886E-14,0.E0));
#1606=VECTOR('',#1605,6.15E-1);
#1607=CARTESIAN_POINT('',(3.5975E1,2.46575E1,-9.2E0));
#1608=LINE('',#1607,#1606);
#1609=DIRECTION('',(2.310708083773E-14,1.E0,0.E0));
#1610=VECTOR('',#1609,6.15E-1);
#1611=CARTESIAN_POINT('',(3.5975E1,2.40425E1,-9.2E0));
#1612=LINE('',#1611,#1610);
#1613=DIRECTION('',(-1.E0,1.155354041886E-14,0.E0));
#1614=VECTOR('',#1613,6.15E-1);
#1615=CARTESIAN_POINT('',(3.4075E1,2.40425E1,-9.2E0));
#1616=LINE('',#1615,#1614);
#1617=DIRECTION('',(0.E0,-1.E0,0.E0));
#1618=VECTOR('',#1617,6.15E-1);
#1619=CARTESIAN_POINT('',(3.4075E1,2.46575E1,-9.2E0));
#1620=LINE('',#1619,#1618);
#1621=DIRECTION('',(1.E0,0.E0,0.E0));
#1622=VECTOR('',#1621,6.15E-1);
#1623=CARTESIAN_POINT('',(3.346E1,2.46575E1,-9.2E0));
#1624=LINE('',#1623,#1622);
#1625=DIRECTION('',(-1.155354041886E-14,1.E0,0.E0));
#1626=VECTOR('',#1625,6.15E-1);
#1627=CARTESIAN_POINT('',(3.346E1,2.40425E1,-9.2E0));
#1628=LINE('',#1627,#1626);
#1629=DIRECTION('',(-1.155354041886E-14,1.E0,0.E0));
#1630=VECTOR('',#1629,6.15E-1);
#1631=CARTESIAN_POINT('',(2.338E1,2.40425E1,-9.2E0));
#1632=LINE('',#1631,#1630);
#1633=DIRECTION('',(-1.E0,0.E0,0.E0));
#1634=VECTOR('',#1633,6.15E-1);
#1635=CARTESIAN_POINT('',(2.3995E1,2.40425E1,-9.2E0));
#1636=LINE('',#1635,#1634);
#1637=DIRECTION('',(1.733031062830E-14,-1.E0,0.E0));
#1638=VECTOR('',#1637,6.15E-1);
#1639=CARTESIAN_POINT('',(2.3995E1,2.46575E1,-9.2E0));
#1640=LINE('',#1639,#1638);
#1641=DIRECTION('',(1.E0,-1.155354041886E-14,0.E0));
#1642=VECTOR('',#1641,6.15E-1);
#1643=CARTESIAN_POINT('',(2.338E1,2.46575E1,-9.2E0));
#1644=LINE('',#1643,#1642);
#1645=DIRECTION('',(0.E0,1.E0,0.E0));
#1646=VECTOR('',#1645,6.15E-1);
#1647=CARTESIAN_POINT('',(2.5895E1,2.40425E1,-9.2E0));
#1648=LINE('',#1647,#1646);
#1649=DIRECTION('',(-1.E0,0.E0,0.E0));
#1650=VECTOR('',#1649,6.15E-1);
#1651=CARTESIAN_POINT('',(2.651E1,2.40425E1,-9.2E0));
#1652=LINE('',#1651,#1650);
#1653=DIRECTION('',(0.E0,-1.E0,0.E0));
#1654=VECTOR('',#1653,6.15E-1);
#1655=CARTESIAN_POINT('',(2.651E1,2.46575E1,-9.2E0));
#1656=LINE('',#1655,#1654);
#1657=DIRECTION('',(1.E0,0.E0,0.E0));
#1658=VECTOR('',#1657,6.15E-1);
#1659=CARTESIAN_POINT('',(2.5895E1,2.46575E1,-9.2E0));
#1660=LINE('',#1659,#1658);
#1661=DIRECTION('',(0.E0,1.E0,0.E0));
#1662=VECTOR('',#1661,6.15E-1);
#1663=CARTESIAN_POINT('',(2.841E1,2.40425E1,-9.2E0));
#1664=LINE('',#1663,#1662);
#1665=DIRECTION('',(-1.E0,0.E0,0.E0));
#1666=VECTOR('',#1665,6.15E-1);
#1667=CARTESIAN_POINT('',(2.9025E1,2.40425E1,-9.2E0));
#1668=LINE('',#1667,#1666);
#1669=DIRECTION('',(0.E0,-1.E0,0.E0));
#1670=VECTOR('',#1669,6.15E-1);
#1671=CARTESIAN_POINT('',(2.9025E1,2.46575E1,-9.2E0));
#1672=LINE('',#1671,#1670);
#1673=DIRECTION('',(1.E0,0.E0,0.E0));
#1674=VECTOR('',#1673,6.15E-1);
#1675=CARTESIAN_POINT('',(2.841E1,2.46575E1,-9.2E0));
#1676=LINE('',#1675,#1674);
#1677=DIRECTION('',(-1.733031062830E-14,1.E0,0.E0));
#1678=VECTOR('',#1677,6.15E-1);
#1679=CARTESIAN_POINT('',(3.0925E1,2.40425E1,-9.2E0));
#1680=LINE('',#1679,#1678);
#1681=DIRECTION('',(-1.E0,0.E0,0.E0));
#1682=VECTOR('',#1681,6.15E-1);
#1683=CARTESIAN_POINT('',(3.154E1,2.40425E1,-9.2E0));
#1684=LINE('',#1683,#1682);
#1685=DIRECTION('',(0.E0,-1.E0,0.E0));
#1686=VECTOR('',#1685,6.15E-1);
#1687=CARTESIAN_POINT('',(3.154E1,2.46575E1,-9.2E0));
#1688=LINE('',#1687,#1686);
#1689=DIRECTION('',(1.E0,0.E0,0.E0));
#1690=VECTOR('',#1689,6.15E-1);
#1691=CARTESIAN_POINT('',(3.0925E1,2.46575E1,-9.2E0));
#1692=LINE('',#1691,#1690);
#1693=DIRECTION('',(0.E0,0.E0,1.E0));
#1694=VECTOR('',#1693,5.9E0);
#1695=CARTESIAN_POINT('',(4.195E0,2.40425E1,-9.2E0));
#1696=LINE('',#1695,#1694);
#1697=DIRECTION('',(0.E0,0.E0,1.E0));
#1698=VECTOR('',#1697,5.9E0);
#1699=CARTESIAN_POINT('',(4.81E0,2.40425E1,-9.2E0));
#1700=LINE('',#1699,#1698);
#1701=DIRECTION('',(0.E0,0.E0,1.E0));
#1702=VECTOR('',#1701,5.9E0);
#1703=CARTESIAN_POINT('',(4.81E0,2.46575E1,-9.2E0));
#1704=LINE('',#1703,#1702);
#1705=DIRECTION('',(0.E0,0.E0,1.E0));
#1706=VECTOR('',#1705,5.9E0);
#1707=CARTESIAN_POINT('',(4.195E0,2.46575E1,-9.2E0));
#1708=LINE('',#1707,#1706);
#1709=DIRECTION('',(0.E0,0.E0,1.E0));
#1710=VECTOR('',#1709,5.9E0);
#1711=CARTESIAN_POINT('',(6.71E0,2.40425E1,-9.2E0));
#1712=LINE('',#1711,#1710);
#1713=DIRECTION('',(0.E0,0.E0,1.E0));
#1714=VECTOR('',#1713,5.9E0);
#1715=CARTESIAN_POINT('',(7.325E0,2.40425E1,-9.2E0));
#1716=LINE('',#1715,#1714);
#1717=DIRECTION('',(0.E0,0.E0,1.E0));
#1718=VECTOR('',#1717,5.9E0);
#1719=CARTESIAN_POINT('',(7.325E0,2.46575E1,-9.2E0));
#1720=LINE('',#1719,#1718);
#1721=DIRECTION('',(0.E0,0.E0,1.E0));
#1722=VECTOR('',#1721,5.9E0);
#1723=CARTESIAN_POINT('',(6.71E0,2.46575E1,-9.2E0));
#1724=LINE('',#1723,#1722);
#1725=DIRECTION('',(0.E0,0.E0,1.E0));
#1726=VECTOR('',#1725,5.9E0);
#1727=CARTESIAN_POINT('',(9.225E0,2.40425E1,-9.2E0));
#1728=LINE('',#1727,#1726);
#1729=DIRECTION('',(0.E0,0.E0,1.E0));
#1730=VECTOR('',#1729,5.9E0);
#1731=CARTESIAN_POINT('',(9.84E0,2.40425E1,-9.2E0));
#1732=LINE('',#1731,#1730);
#1733=DIRECTION('',(0.E0,0.E0,1.E0));
#1734=VECTOR('',#1733,5.9E0);
#1735=CARTESIAN_POINT('',(9.84E0,2.46575E1,-9.2E0));
#1736=LINE('',#1735,#1734);
#1737=DIRECTION('',(0.E0,0.E0,1.E0));
#1738=VECTOR('',#1737,5.9E0);
#1739=CARTESIAN_POINT('',(9.225E0,2.46575E1,-9.2E0));
#1740=LINE('',#1739,#1738);
#1741=DIRECTION('',(0.E0,0.E0,1.E0));
#1742=VECTOR('',#1741,5.9E0);
#1743=CARTESIAN_POINT('',(1.992E1,2.40425E1,-9.2E0));
#1744=LINE('',#1743,#1742);
#1745=DIRECTION('',(0.E0,0.E0,1.E0));
#1746=VECTOR('',#1745,5.9E0);
#1747=CARTESIAN_POINT('',(1.992E1,2.46575E1,-9.2E0));
#1748=LINE('',#1747,#1746);
#1749=DIRECTION('',(0.E0,0.E0,1.E0));
#1750=VECTOR('',#1749,5.9E0);
#1751=CARTESIAN_POINT('',(1.9305E1,2.46575E1,-9.2E0));
#1752=LINE('',#1751,#1750);
#1753=DIRECTION('',(0.E0,0.E0,1.E0));
#1754=VECTOR('',#1753,5.9E0);
#1755=CARTESIAN_POINT('',(1.9305E1,2.40425E1,-9.2E0));
#1756=LINE('',#1755,#1754);
#1757=DIRECTION('',(0.E0,0.E0,1.E0));
#1758=VECTOR('',#1757,5.9E0);
#1759=CARTESIAN_POINT('',(1.7405E1,2.40425E1,-9.2E0));
#1760=LINE('',#1759,#1758);
#1761=DIRECTION('',(0.E0,0.E0,1.E0));
#1762=VECTOR('',#1761,5.9E0);
#1763=CARTESIAN_POINT('',(1.7405E1,2.46575E1,-9.2E0));
#1764=LINE('',#1763,#1762);
#1765=DIRECTION('',(0.E0,0.E0,1.E0));
#1766=VECTOR('',#1765,5.9E0);
#1767=CARTESIAN_POINT('',(1.679E1,2.46575E1,-9.2E0));
#1768=LINE('',#1767,#1766);
#1769=DIRECTION('',(0.E0,0.E0,1.E0));
#1770=VECTOR('',#1769,5.9E0);
#1771=CARTESIAN_POINT('',(1.679E1,2.40425E1,-9.2E0));
#1772=LINE('',#1771,#1770);
#1773=DIRECTION('',(0.E0,0.E0,1.E0));
#1774=VECTOR('',#1773,5.9E0);
#1775=CARTESIAN_POINT('',(1.489E1,2.40425E1,-9.2E0));
#1776=LINE('',#1775,#1774);
#1777=DIRECTION('',(0.E0,0.E0,1.E0));
#1778=VECTOR('',#1777,5.9E0);
#1779=CARTESIAN_POINT('',(1.489E1,2.46575E1,-9.2E0));
#1780=LINE('',#1779,#1778);
#1781=DIRECTION('',(0.E0,0.E0,1.E0));
#1782=VECTOR('',#1781,5.9E0);
#1783=CARTESIAN_POINT('',(1.4275E1,2.46575E1,-9.2E0));
#1784=LINE('',#1783,#1782);
#1785=DIRECTION('',(0.E0,0.E0,1.E0));
#1786=VECTOR('',#1785,5.9E0);
#1787=CARTESIAN_POINT('',(1.4275E1,2.40425E1,-9.2E0));
#1788=LINE('',#1787,#1786);
#1789=DIRECTION('',(0.E0,0.E0,1.E0));
#1790=VECTOR('',#1789,5.9E0);
#1791=CARTESIAN_POINT('',(1.2375E1,2.40425E1,-9.2E0));
#1792=LINE('',#1791,#1790);
#1793=DIRECTION('',(0.E0,0.E0,1.E0));
#1794=VECTOR('',#1793,5.9E0);
#1795=CARTESIAN_POINT('',(1.2375E1,2.46575E1,-9.2E0));
#1796=LINE('',#1795,#1794);
#1797=DIRECTION('',(0.E0,0.E0,1.E0));
#1798=VECTOR('',#1797,5.9E0);
#1799=CARTESIAN_POINT('',(1.176E1,2.46575E1,-9.2E0));
#1800=LINE('',#1799,#1798);
#1801=DIRECTION('',(0.E0,0.E0,1.E0));
#1802=VECTOR('',#1801,5.9E0);
#1803=CARTESIAN_POINT('',(1.176E1,2.40425E1,-9.2E0));
#1804=LINE('',#1803,#1802);
#1805=DIRECTION('',(0.E0,0.E0,1.E0));
#1806=VECTOR('',#1805,5.9E0);
#1807=CARTESIAN_POINT('',(4.162E1,2.40425E1,-9.2E0));
#1808=LINE('',#1807,#1806);
#1809=DIRECTION('',(0.E0,0.E0,1.E0));
#1810=VECTOR('',#1809,5.9E0);
#1811=CARTESIAN_POINT('',(4.162E1,2.46575E1,-9.2E0));
#1812=LINE('',#1811,#1810);
#1813=DIRECTION('',(0.E0,0.E0,1.E0));
#1814=VECTOR('',#1813,5.9E0);
#1815=CARTESIAN_POINT('',(4.1005E1,2.46575E1,-9.2E0));
#1816=LINE('',#1815,#1814);
#1817=DIRECTION('',(0.E0,0.E0,1.E0));
#1818=VECTOR('',#1817,5.9E0);
#1819=CARTESIAN_POINT('',(4.1005E1,2.40425E1,-9.2E0));
#1820=LINE('',#1819,#1818);
#1821=DIRECTION('',(0.E0,0.E0,1.E0));
#1822=VECTOR('',#1821,5.9E0);
#1823=CARTESIAN_POINT('',(3.9105E1,2.40425E1,-9.2E0));
#1824=LINE('',#1823,#1822);
#1825=DIRECTION('',(0.E0,0.E0,1.E0));
#1826=VECTOR('',#1825,5.9E0);
#1827=CARTESIAN_POINT('',(3.9105E1,2.46575E1,-9.2E0));
#1828=LINE('',#1827,#1826);
#1829=DIRECTION('',(0.E0,0.E0,1.E0));
#1830=VECTOR('',#1829,5.9E0);
#1831=CARTESIAN_POINT('',(3.849E1,2.46575E1,-9.2E0));
#1832=LINE('',#1831,#1830);
#1833=DIRECTION('',(0.E0,0.E0,1.E0));
#1834=VECTOR('',#1833,5.9E0);
#1835=CARTESIAN_POINT('',(3.849E1,2.40425E1,-9.2E0));
#1836=LINE('',#1835,#1834);
#1837=DIRECTION('',(0.E0,0.E0,1.E0));
#1838=VECTOR('',#1837,5.9E0);
#1839=CARTESIAN_POINT('',(3.659E1,2.40425E1,-9.2E0));
#1840=LINE('',#1839,#1838);
#1841=DIRECTION('',(0.E0,0.E0,1.E0));
#1842=VECTOR('',#1841,5.9E0);
#1843=CARTESIAN_POINT('',(3.659E1,2.46575E1,-9.2E0));
#1844=LINE('',#1843,#1842);
#1845=DIRECTION('',(0.E0,0.E0,1.E0));
#1846=VECTOR('',#1845,5.9E0);
#1847=CARTESIAN_POINT('',(3.5975E1,2.46575E1,-9.2E0));
#1848=LINE('',#1847,#1846);
#1849=DIRECTION('',(0.E0,0.E0,1.E0));
#1850=VECTOR('',#1849,5.9E0);
#1851=CARTESIAN_POINT('',(3.5975E1,2.40425E1,-9.2E0));
#1852=LINE('',#1851,#1850);
#1853=DIRECTION('',(0.E0,0.E0,1.E0));
#1854=VECTOR('',#1853,5.9E0);
#1855=CARTESIAN_POINT('',(3.4075E1,2.40425E1,-9.2E0));
#1856=LINE('',#1855,#1854);
#1857=DIRECTION('',(0.E0,0.E0,1.E0));
#1858=VECTOR('',#1857,5.9E0);
#1859=CARTESIAN_POINT('',(3.4075E1,2.46575E1,-9.2E0));
#1860=LINE('',#1859,#1858);
#1861=DIRECTION('',(0.E0,0.E0,1.E0));
#1862=VECTOR('',#1861,5.9E0);
#1863=CARTESIAN_POINT('',(3.346E1,2.46575E1,-9.2E0));
#1864=LINE('',#1863,#1862);
#1865=DIRECTION('',(0.E0,0.E0,1.E0));
#1866=VECTOR('',#1865,5.9E0);
#1867=CARTESIAN_POINT('',(3.346E1,2.40425E1,-9.2E0));
#1868=LINE('',#1867,#1866);
#1869=DIRECTION('',(0.E0,0.E0,1.E0));
#1870=VECTOR('',#1869,5.9E0);
#1871=CARTESIAN_POINT('',(2.338E1,2.40425E1,-9.2E0));
#1872=LINE('',#1871,#1870);
#1873=DIRECTION('',(0.E0,0.E0,1.E0));
#1874=VECTOR('',#1873,5.9E0);
#1875=CARTESIAN_POINT('',(2.3995E1,2.40425E1,-9.2E0));
#1876=LINE('',#1875,#1874);
#1877=DIRECTION('',(0.E0,0.E0,1.E0));
#1878=VECTOR('',#1877,5.9E0);
#1879=CARTESIAN_POINT('',(2.338E1,2.46575E1,-9.2E0));
#1880=LINE('',#1879,#1878);
#1881=DIRECTION('',(0.E0,0.E0,1.E0));
#1882=VECTOR('',#1881,5.9E0);
#1883=CARTESIAN_POINT('',(2.5895E1,2.40425E1,-9.2E0));
#1884=LINE('',#1883,#1882);
#1885=DIRECTION('',(0.E0,0.E0,1.E0));
#1886=VECTOR('',#1885,5.9E0);
#1887=CARTESIAN_POINT('',(2.651E1,2.40425E1,-9.2E0));
#1888=LINE('',#1887,#1886);
#1889=DIRECTION('',(0.E0,0.E0,1.E0));
#1890=VECTOR('',#1889,5.9E0);
#1891=CARTESIAN_POINT('',(2.651E1,2.46575E1,-9.2E0));
#1892=LINE('',#1891,#1890);
#1893=DIRECTION('',(0.E0,0.E0,1.E0));
#1894=VECTOR('',#1893,5.9E0);
#1895=CARTESIAN_POINT('',(2.5895E1,2.46575E1,-9.2E0));
#1896=LINE('',#1895,#1894);
#1897=DIRECTION('',(0.E0,0.E0,1.E0));
#1898=VECTOR('',#1897,5.9E0);
#1899=CARTESIAN_POINT('',(2.841E1,2.40425E1,-9.2E0));
#1900=LINE('',#1899,#1898);
#1901=DIRECTION('',(0.E0,0.E0,1.E0));
#1902=VECTOR('',#1901,5.9E0);
#1903=CARTESIAN_POINT('',(2.9025E1,2.40425E1,-9.2E0));
#1904=LINE('',#1903,#1902);
#1905=DIRECTION('',(0.E0,0.E0,1.E0));
#1906=VECTOR('',#1905,5.9E0);
#1907=CARTESIAN_POINT('',(2.9025E1,2.46575E1,-9.2E0));
#1908=LINE('',#1907,#1906);
#1909=DIRECTION('',(0.E0,0.E0,1.E0));
#1910=VECTOR('',#1909,5.9E0);
#1911=CARTESIAN_POINT('',(2.841E1,2.46575E1,-9.2E0));
#1912=LINE('',#1911,#1910);
#1913=DIRECTION('',(0.E0,0.E0,1.E0));
#1914=VECTOR('',#1913,5.9E0);
#1915=CARTESIAN_POINT('',(3.0925E1,2.40425E1,-9.2E0));
#1916=LINE('',#1915,#1914);
#1917=DIRECTION('',(0.E0,0.E0,1.E0));
#1918=VECTOR('',#1917,5.9E0);
#1919=CARTESIAN_POINT('',(3.154E1,2.40425E1,-9.2E0));
#1920=LINE('',#1919,#1918);
#1921=DIRECTION('',(0.E0,0.E0,1.E0));
#1922=VECTOR('',#1921,5.9E0);
#1923=CARTESIAN_POINT('',(3.154E1,2.46575E1,-9.2E0));
#1924=LINE('',#1923,#1922);
#1925=DIRECTION('',(0.E0,0.E0,1.E0));
#1926=VECTOR('',#1925,5.9E0);
#1927=CARTESIAN_POINT('',(3.0925E1,2.46575E1,-9.2E0));
#1928=LINE('',#1927,#1926);
#1929=DIRECTION('',(0.E0,0.E0,1.E0));
#1930=VECTOR('',#1929,5.9E0);
#1931=CARTESIAN_POINT('',(1.6295E1,-2.43575E1,-9.2E0));
#1932=LINE('',#1931,#1930);
#1933=DIRECTION('',(0.E0,0.E0,1.E0));
#1934=VECTOR('',#1933,5.9E0);
#1935=CARTESIAN_POINT('',(1.6295E1,-2.37425E1,-9.2E0));
#1936=LINE('',#1935,#1934);
#1937=DIRECTION('',(0.E0,0.E0,1.E0));
#1938=VECTOR('',#1937,5.9E0);
#1939=CARTESIAN_POINT('',(1.568E1,-2.37425E1,-9.2E0));
#1940=LINE('',#1939,#1938);
#1941=DIRECTION('',(0.E0,0.E0,1.E0));
#1942=VECTOR('',#1941,5.9E0);
#1943=CARTESIAN_POINT('',(1.568E1,-2.43575E1,-9.2E0));
#1944=LINE('',#1943,#1942);
#1945=DIRECTION('',(-1.E0,0.E0,0.E0));
#1946=VECTOR('',#1945,6.15E-1);
#1947=CARTESIAN_POINT('',(1.6295E1,-2.43575E1,-9.2E0));
#1948=LINE('',#1947,#1946);
#1949=DIRECTION('',(0.E0,-1.E0,0.E0));
#1950=VECTOR('',#1949,6.15E-1);
#1951=CARTESIAN_POINT('',(1.6295E1,-2.37425E1,-9.2E0));
#1952=LINE('',#1951,#1950);
#1953=DIRECTION('',(1.E0,0.E0,0.E0));
#1954=VECTOR('',#1953,6.15E-1);
#1955=CARTESIAN_POINT('',(1.568E1,-2.37425E1,-9.2E0));
#1956=LINE('',#1955,#1954);
#1957=DIRECTION('',(0.E0,1.E0,0.E0));
#1958=VECTOR('',#1957,6.15E-1);
#1959=CARTESIAN_POINT('',(1.568E1,-2.43575E1,-9.2E0));
#1960=LINE('',#1959,#1958);
#1961=DIRECTION('',(-1.E0,0.E0,0.E0));
#1962=VECTOR('',#1961,6.15E-1);
#1963=CARTESIAN_POINT('',(1.378E1,-2.43575E1,-9.2E0));
#1964=LINE('',#1963,#1962);
#1965=DIRECTION('',(0.E0,-1.E0,0.E0));
#1966=VECTOR('',#1965,6.15E-1);
#1967=CARTESIAN_POINT('',(1.378E1,-2.37425E1,-9.2E0));
#1968=LINE('',#1967,#1966);
#1969=DIRECTION('',(1.E0,0.E0,0.E0));
#1970=VECTOR('',#1969,6.15E-1);
#1971=CARTESIAN_POINT('',(1.3165E1,-2.37425E1,-9.2E0));
#1972=LINE('',#1971,#1970);
#1973=DIRECTION('',(0.E0,1.E0,0.E0));
#1974=VECTOR('',#1973,6.15E-1);
#1975=CARTESIAN_POINT('',(1.3165E1,-2.43575E1,-9.2E0));
#1976=LINE('',#1975,#1974);
#1977=DIRECTION('',(-1.E0,0.E0,0.E0));
#1978=VECTOR('',#1977,6.15E-1);
#1979=CARTESIAN_POINT('',(1.1265E1,-2.43575E1,-9.2E0));
#1980=LINE('',#1979,#1978);
#1981=DIRECTION('',(0.E0,-1.E0,0.E0));
#1982=VECTOR('',#1981,6.15E-1);
#1983=CARTESIAN_POINT('',(1.1265E1,-2.37425E1,-9.2E0));
#1984=LINE('',#1983,#1982);
#1985=DIRECTION('',(1.E0,0.E0,0.E0));
#1986=VECTOR('',#1985,6.15E-1);
#1987=CARTESIAN_POINT('',(1.065E1,-2.37425E1,-9.2E0));
#1988=LINE('',#1987,#1986);
#1989=DIRECTION('',(0.E0,1.E0,0.E0));
#1990=VECTOR('',#1989,6.15E-1);
#1991=CARTESIAN_POINT('',(1.065E1,-2.43575E1,-9.2E0));
#1992=LINE('',#1991,#1990);
#1993=DIRECTION('',(0.E0,1.E0,0.E0));
#1994=VECTOR('',#1993,6.15E-1);
#1995=CARTESIAN_POINT('',(1.8205E1,-2.43575E1,-9.2E0));
#1996=LINE('',#1995,#1994);
#1997=DIRECTION('',(-1.E0,0.E0,0.E0));
#1998=VECTOR('',#1997,6.15E-1);
#1999=CARTESIAN_POINT('',(1.882E1,-2.43575E1,-9.2E0));
#2000=LINE('',#1999,#1998);
#2001=DIRECTION('',(0.E0,-1.E0,0.E0));
#2002=VECTOR('',#2001,6.15E-1);
#2003=CARTESIAN_POINT('',(1.882E1,-2.37425E1,-9.2E0));
#2004=LINE('',#2003,#2002);
#2005=DIRECTION('',(1.E0,0.E0,0.E0));
#2006=VECTOR('',#2005,6.15E-1);
#2007=CARTESIAN_POINT('',(1.8205E1,-2.37425E1,-9.2E0));
#2008=LINE('',#2007,#2006);
#2009=DIRECTION('',(0.E0,1.E0,0.E0));
#2010=VECTOR('',#2009,6.15E-1);
#2011=CARTESIAN_POINT('',(2.072E1,-2.43575E1,-9.2E0));
#2012=LINE('',#2011,#2010);
#2013=DIRECTION('',(-1.E0,0.E0,0.E0));
#2014=VECTOR('',#2013,6.15E-1);
#2015=CARTESIAN_POINT('',(2.1335E1,-2.43575E1,-9.2E0));
#2016=LINE('',#2015,#2014);
#2017=DIRECTION('',(0.E0,-1.E0,0.E0));
#2018=VECTOR('',#2017,6.15E-1);
#2019=CARTESIAN_POINT('',(2.1335E1,-2.37425E1,-9.2E0));
#2020=LINE('',#2019,#2018);
#2021=DIRECTION('',(1.E0,0.E0,0.E0));
#2022=VECTOR('',#2021,6.15E-1);
#2023=CARTESIAN_POINT('',(2.072E1,-2.37425E1,-9.2E0));
#2024=LINE('',#2023,#2022);
#2025=DIRECTION('',(0.E0,1.E0,0.E0));
#2026=VECTOR('',#2025,6.15E-1);
#2027=CARTESIAN_POINT('',(2.3235E1,-2.43575E1,-9.2E0));
#2028=LINE('',#2027,#2026);
#2029=DIRECTION('',(-1.E0,0.E0,0.E0));
#2030=VECTOR('',#2029,6.15E-1);
#2031=CARTESIAN_POINT('',(2.385E1,-2.43575E1,-9.2E0));
#2032=LINE('',#2031,#2030);
#2033=DIRECTION('',(0.E0,-1.E0,0.E0));
#2034=VECTOR('',#2033,6.15E-1);
#2035=CARTESIAN_POINT('',(2.385E1,-2.37425E1,-9.2E0));
#2036=LINE('',#2035,#2034);
#2037=DIRECTION('',(1.E0,0.E0,0.E0));
#2038=VECTOR('',#2037,6.15E-1);
#2039=CARTESIAN_POINT('',(2.3235E1,-2.37425E1,-9.2E0));
#2040=LINE('',#2039,#2038);
#2041=DIRECTION('',(0.E0,1.E0,0.E0));
#2042=VECTOR('',#2041,6.15E-1);
#2043=CARTESIAN_POINT('',(3.6005E1,-2.43575E1,-9.2E0));
#2044=LINE('',#2043,#2042);
#2045=DIRECTION('',(-1.E0,0.E0,0.E0));
#2046=VECTOR('',#2045,6.15E-1);
#2047=CARTESIAN_POINT('',(3.662E1,-2.43575E1,-9.2E0));
#2048=LINE('',#2047,#2046);
#2049=DIRECTION('',(0.E0,-1.E0,0.E0));
#2050=VECTOR('',#2049,6.15E-1);
#2051=CARTESIAN_POINT('',(3.662E1,-2.37425E1,-9.2E0));
#2052=LINE('',#2051,#2050);
#2053=DIRECTION('',(1.E0,0.E0,0.E0));
#2054=VECTOR('',#2053,6.15E-1);
#2055=CARTESIAN_POINT('',(3.6005E1,-2.37425E1,-9.2E0));
#2056=LINE('',#2055,#2054);
#2057=DIRECTION('',(0.E0,1.E0,0.E0));
#2058=VECTOR('',#2057,6.15E-1);
#2059=CARTESIAN_POINT('',(3.852E1,-2.43575E1,-9.2E0));
#2060=LINE('',#2059,#2058);
#2061=DIRECTION('',(-1.E0,0.E0,0.E0));
#2062=VECTOR('',#2061,6.15E-1);
#2063=CARTESIAN_POINT('',(3.9135E1,-2.43575E1,-9.2E0));
#2064=LINE('',#2063,#2062);
#2065=DIRECTION('',(0.E0,-1.E0,0.E0));
#2066=VECTOR('',#2065,6.15E-1);
#2067=CARTESIAN_POINT('',(3.9135E1,-2.37425E1,-9.2E0));
#2068=LINE('',#2067,#2066);
#2069=DIRECTION('',(1.E0,0.E0,0.E0));
#2070=VECTOR('',#2069,6.15E-1);
#2071=CARTESIAN_POINT('',(3.852E1,-2.37425E1,-9.2E0));
#2072=LINE('',#2071,#2070);
#2073=DIRECTION('',(0.E0,1.E0,0.E0));
#2074=VECTOR('',#2073,6.15E-1);
#2075=CARTESIAN_POINT('',(4.1035E1,-2.43575E1,-9.2E0));
#2076=LINE('',#2075,#2074);
#2077=DIRECTION('',(-1.E0,0.E0,0.E0));
#2078=VECTOR('',#2077,6.15E-1);
#2079=CARTESIAN_POINT('',(4.165E1,-2.43575E1,-9.2E0));
#2080=LINE('',#2079,#2078);
#2081=DIRECTION('',(0.E0,-1.E0,0.E0));
#2082=VECTOR('',#2081,6.15E-1);
#2083=CARTESIAN_POINT('',(4.165E1,-2.37425E1,-9.2E0));
#2084=LINE('',#2083,#2082);
#2085=DIRECTION('',(1.E0,0.E0,0.E0));
#2086=VECTOR('',#2085,6.15E-1);
#2087=CARTESIAN_POINT('',(4.1035E1,-2.37425E1,-9.2E0));
#2088=LINE('',#2087,#2086);
#2089=DIRECTION('',(-1.E0,0.E0,0.E0));
#2090=VECTOR('',#2089,6.15E-1);
#2091=CARTESIAN_POINT('',(3.4095E1,-2.43575E1,-9.2E0));
#2092=LINE('',#2091,#2090);
#2093=DIRECTION('',(0.E0,-1.E0,0.E0));
#2094=VECTOR('',#2093,6.15E-1);
#2095=CARTESIAN_POINT('',(3.4095E1,-2.37425E1,-9.2E0));
#2096=LINE('',#2095,#2094);
#2097=DIRECTION('',(1.E0,0.E0,0.E0));
#2098=VECTOR('',#2097,6.15E-1);
#2099=CARTESIAN_POINT('',(3.348E1,-2.37425E1,-9.2E0));
#2100=LINE('',#2099,#2098);
#2101=DIRECTION('',(0.E0,1.E0,0.E0));
#2102=VECTOR('',#2101,6.15E-1);
#2103=CARTESIAN_POINT('',(3.348E1,-2.43575E1,-9.2E0));
#2104=LINE('',#2103,#2102);
#2105=DIRECTION('',(-1.E0,0.E0,0.E0));
#2106=VECTOR('',#2105,6.15E-1);
#2107=CARTESIAN_POINT('',(3.158E1,-2.43575E1,-9.2E0));
#2108=LINE('',#2107,#2106);
#2109=DIRECTION('',(0.E0,-1.E0,0.E0));
#2110=VECTOR('',#2109,6.15E-1);
#2111=CARTESIAN_POINT('',(3.158E1,-2.37425E1,-9.2E0));
#2112=LINE('',#2111,#2110);
#2113=DIRECTION('',(1.E0,0.E0,0.E0));
#2114=VECTOR('',#2113,6.15E-1);
#2115=CARTESIAN_POINT('',(3.0965E1,-2.37425E1,-9.2E0));
#2116=LINE('',#2115,#2114);
#2117=DIRECTION('',(0.E0,1.E0,0.E0));
#2118=VECTOR('',#2117,6.15E-1);
#2119=CARTESIAN_POINT('',(3.0965E1,-2.43575E1,-9.2E0));
#2120=LINE('',#2119,#2118);
#2121=DIRECTION('',(-1.E0,0.E0,0.E0));
#2122=VECTOR('',#2121,6.15E-1);
#2123=CARTESIAN_POINT('',(2.9065E1,-2.43575E1,-9.2E0));
#2124=LINE('',#2123,#2122);
#2125=DIRECTION('',(0.E0,-1.E0,0.E0));
#2126=VECTOR('',#2125,6.15E-1);
#2127=CARTESIAN_POINT('',(2.9065E1,-2.37425E1,-9.2E0));
#2128=LINE('',#2127,#2126);
#2129=DIRECTION('',(1.E0,0.E0,0.E0));
#2130=VECTOR('',#2129,6.15E-1);
#2131=CARTESIAN_POINT('',(2.845E1,-2.37425E1,-9.2E0));
#2132=LINE('',#2131,#2130);
#2133=DIRECTION('',(0.E0,1.E0,0.E0));
#2134=VECTOR('',#2133,6.15E-1);
#2135=CARTESIAN_POINT('',(2.845E1,-2.43575E1,-9.2E0));
#2136=LINE('',#2135,#2134);
#2137=DIRECTION('',(0.E0,0.E0,1.E0));
#2138=VECTOR('',#2137,5.9E0);
#2139=CARTESIAN_POINT('',(1.378E1,-2.43575E1,-9.2E0));
#2140=LINE('',#2139,#2138);
#2141=DIRECTION('',(0.E0,0.E0,1.E0));
#2142=VECTOR('',#2141,5.9E0);
#2143=CARTESIAN_POINT('',(1.378E1,-2.37425E1,-9.2E0));
#2144=LINE('',#2143,#2142);
#2145=DIRECTION('',(0.E0,0.E0,1.E0));
#2146=VECTOR('',#2145,5.9E0);
#2147=CARTESIAN_POINT('',(1.3165E1,-2.37425E1,-9.2E0));
#2148=LINE('',#2147,#2146);
#2149=DIRECTION('',(0.E0,0.E0,1.E0));
#2150=VECTOR('',#2149,5.9E0);
#2151=CARTESIAN_POINT('',(1.3165E1,-2.43575E1,-9.2E0));
#2152=LINE('',#2151,#2150);
#2153=DIRECTION('',(0.E0,0.E0,1.E0));
#2154=VECTOR('',#2153,5.9E0);
#2155=CARTESIAN_POINT('',(1.1265E1,-2.43575E1,-9.2E0));
#2156=LINE('',#2155,#2154);
#2157=DIRECTION('',(0.E0,0.E0,1.E0));
#2158=VECTOR('',#2157,5.9E0);
#2159=CARTESIAN_POINT('',(1.1265E1,-2.37425E1,-9.2E0));
#2160=LINE('',#2159,#2158);
#2161=DIRECTION('',(0.E0,0.E0,1.E0));
#2162=VECTOR('',#2161,5.9E0);
#2163=CARTESIAN_POINT('',(1.065E1,-2.37425E1,-9.2E0));
#2164=LINE('',#2163,#2162);
#2165=DIRECTION('',(0.E0,0.E0,1.E0));
#2166=VECTOR('',#2165,5.9E0);
#2167=CARTESIAN_POINT('',(1.065E1,-2.43575E1,-9.2E0));
#2168=LINE('',#2167,#2166);
#2169=DIRECTION('',(0.E0,0.E0,1.E0));
#2170=VECTOR('',#2169,5.9E0);
#2171=CARTESIAN_POINT('',(1.8205E1,-2.43575E1,-9.2E0));
#2172=LINE('',#2171,#2170);
#2173=DIRECTION('',(0.E0,0.E0,1.E0));
#2174=VECTOR('',#2173,5.9E0);
#2175=CARTESIAN_POINT('',(1.882E1,-2.43575E1,-9.2E0));
#2176=LINE('',#2175,#2174);
#2177=DIRECTION('',(0.E0,0.E0,1.E0));
#2178=VECTOR('',#2177,5.9E0);
#2179=CARTESIAN_POINT('',(1.882E1,-2.37425E1,-9.2E0));
#2180=LINE('',#2179,#2178);
#2181=DIRECTION('',(0.E0,0.E0,1.E0));
#2182=VECTOR('',#2181,5.9E0);
#2183=CARTESIAN_POINT('',(1.8205E1,-2.37425E1,-9.2E0));
#2184=LINE('',#2183,#2182);
#2185=DIRECTION('',(0.E0,0.E0,1.E0));
#2186=VECTOR('',#2185,5.9E0);
#2187=CARTESIAN_POINT('',(2.072E1,-2.43575E1,-9.2E0));
#2188=LINE('',#2187,#2186);
#2189=DIRECTION('',(0.E0,0.E0,1.E0));
#2190=VECTOR('',#2189,5.9E0);
#2191=CARTESIAN_POINT('',(2.1335E1,-2.43575E1,-9.2E0));
#2192=LINE('',#2191,#2190);
#2193=DIRECTION('',(0.E0,0.E0,1.E0));
#2194=VECTOR('',#2193,5.9E0);
#2195=CARTESIAN_POINT('',(2.1335E1,-2.37425E1,-9.2E0));
#2196=LINE('',#2195,#2194);
#2197=DIRECTION('',(0.E0,0.E0,1.E0));
#2198=VECTOR('',#2197,5.9E0);
#2199=CARTESIAN_POINT('',(2.072E1,-2.37425E1,-9.2E0));
#2200=LINE('',#2199,#2198);
#2201=DIRECTION('',(0.E0,0.E0,1.E0));
#2202=VECTOR('',#2201,5.9E0);
#2203=CARTESIAN_POINT('',(2.3235E1,-2.43575E1,-9.2E0));
#2204=LINE('',#2203,#2202);
#2205=DIRECTION('',(0.E0,0.E0,1.E0));
#2206=VECTOR('',#2205,5.9E0);
#2207=CARTESIAN_POINT('',(2.385E1,-2.43575E1,-9.2E0));
#2208=LINE('',#2207,#2206);
#2209=DIRECTION('',(0.E0,0.E0,1.E0));
#2210=VECTOR('',#2209,5.9E0);
#2211=CARTESIAN_POINT('',(2.385E1,-2.37425E1,-9.2E0));
#2212=LINE('',#2211,#2210);
#2213=DIRECTION('',(0.E0,0.E0,1.E0));
#2214=VECTOR('',#2213,5.9E0);
#2215=CARTESIAN_POINT('',(2.3235E1,-2.37425E1,-9.2E0));
#2216=LINE('',#2215,#2214);
#2217=DIRECTION('',(0.E0,0.E0,1.E0));
#2218=VECTOR('',#2217,5.9E0);
#2219=CARTESIAN_POINT('',(3.6005E1,-2.43575E1,-9.2E0));
#2220=LINE('',#2219,#2218);
#2221=DIRECTION('',(0.E0,0.E0,1.E0));
#2222=VECTOR('',#2221,5.9E0);
#2223=CARTESIAN_POINT('',(3.662E1,-2.43575E1,-9.2E0));
#2224=LINE('',#2223,#2222);
#2225=DIRECTION('',(0.E0,0.E0,1.E0));
#2226=VECTOR('',#2225,5.9E0);
#2227=CARTESIAN_POINT('',(3.662E1,-2.37425E1,-9.2E0));
#2228=LINE('',#2227,#2226);
#2229=DIRECTION('',(0.E0,0.E0,1.E0));
#2230=VECTOR('',#2229,5.9E0);
#2231=CARTESIAN_POINT('',(3.6005E1,-2.37425E1,-9.2E0));
#2232=LINE('',#2231,#2230);
#2233=DIRECTION('',(0.E0,0.E0,1.E0));
#2234=VECTOR('',#2233,5.9E0);
#2235=CARTESIAN_POINT('',(3.852E1,-2.43575E1,-9.2E0));
#2236=LINE('',#2235,#2234);
#2237=DIRECTION('',(0.E0,0.E0,1.E0));
#2238=VECTOR('',#2237,5.9E0);
#2239=CARTESIAN_POINT('',(3.9135E1,-2.43575E1,-9.2E0));
#2240=LINE('',#2239,#2238);
#2241=DIRECTION('',(0.E0,0.E0,1.E0));
#2242=VECTOR('',#2241,5.9E0);
#2243=CARTESIAN_POINT('',(3.9135E1,-2.37425E1,-9.2E0));
#2244=LINE('',#2243,#2242);
#2245=DIRECTION('',(0.E0,0.E0,1.E0));
#2246=VECTOR('',#2245,5.9E0);
#2247=CARTESIAN_POINT('',(3.852E1,-2.37425E1,-9.2E0));
#2248=LINE('',#2247,#2246);
#2249=DIRECTION('',(0.E0,0.E0,1.E0));
#2250=VECTOR('',#2249,5.9E0);
#2251=CARTESIAN_POINT('',(4.1035E1,-2.43575E1,-9.2E0));
#2252=LINE('',#2251,#2250);
#2253=DIRECTION('',(0.E0,0.E0,1.E0));
#2254=VECTOR('',#2253,5.9E0);
#2255=CARTESIAN_POINT('',(4.165E1,-2.43575E1,-9.2E0));
#2256=LINE('',#2255,#2254);
#2257=DIRECTION('',(0.E0,0.E0,1.E0));
#2258=VECTOR('',#2257,5.9E0);
#2259=CARTESIAN_POINT('',(4.165E1,-2.37425E1,-9.2E0));
#2260=LINE('',#2259,#2258);
#2261=DIRECTION('',(0.E0,0.E0,1.E0));
#2262=VECTOR('',#2261,5.9E0);
#2263=CARTESIAN_POINT('',(4.1035E1,-2.37425E1,-9.2E0));
#2264=LINE('',#2263,#2262);
#2265=DIRECTION('',(0.E0,0.E0,1.E0));
#2266=VECTOR('',#2265,5.9E0);
#2267=CARTESIAN_POINT('',(3.4095E1,-2.43575E1,-9.2E0));
#2268=LINE('',#2267,#2266);
#2269=DIRECTION('',(0.E0,0.E0,1.E0));
#2270=VECTOR('',#2269,5.9E0);
#2271=CARTESIAN_POINT('',(3.4095E1,-2.37425E1,-9.2E0));
#2272=LINE('',#2271,#2270);
#2273=DIRECTION('',(0.E0,0.E0,1.E0));
#2274=VECTOR('',#2273,5.9E0);
#2275=CARTESIAN_POINT('',(3.348E1,-2.37425E1,-9.2E0));
#2276=LINE('',#2275,#2274);
#2277=DIRECTION('',(0.E0,0.E0,1.E0));
#2278=VECTOR('',#2277,5.9E0);
#2279=CARTESIAN_POINT('',(3.348E1,-2.43575E1,-9.2E0));
#2280=LINE('',#2279,#2278);
#2281=DIRECTION('',(0.E0,0.E0,1.E0));
#2282=VECTOR('',#2281,5.9E0);
#2283=CARTESIAN_POINT('',(3.158E1,-2.43575E1,-9.2E0));
#2284=LINE('',#2283,#2282);
#2285=DIRECTION('',(0.E0,0.E0,1.E0));
#2286=VECTOR('',#2285,5.9E0);
#2287=CARTESIAN_POINT('',(3.158E1,-2.37425E1,-9.2E0));
#2288=LINE('',#2287,#2286);
#2289=DIRECTION('',(0.E0,0.E0,1.E0));
#2290=VECTOR('',#2289,5.9E0);
#2291=CARTESIAN_POINT('',(3.0965E1,-2.37425E1,-9.2E0));
#2292=LINE('',#2291,#2290);
#2293=DIRECTION('',(0.E0,0.E0,1.E0));
#2294=VECTOR('',#2293,5.9E0);
#2295=CARTESIAN_POINT('',(3.0965E1,-2.43575E1,-9.2E0));
#2296=LINE('',#2295,#2294);
#2297=DIRECTION('',(0.E0,0.E0,1.E0));
#2298=VECTOR('',#2297,5.9E0);
#2299=CARTESIAN_POINT('',(2.9065E1,-2.43575E1,-9.2E0));
#2300=LINE('',#2299,#2298);
#2301=DIRECTION('',(0.E0,0.E0,1.E0));
#2302=VECTOR('',#2301,5.9E0);
#2303=CARTESIAN_POINT('',(2.9065E1,-2.37425E1,-9.2E0));
#2304=LINE('',#2303,#2302);
#2305=DIRECTION('',(0.E0,0.E0,1.E0));
#2306=VECTOR('',#2305,5.9E0);
#2307=CARTESIAN_POINT('',(2.845E1,-2.37425E1,-9.2E0));
#2308=LINE('',#2307,#2306);
#2309=DIRECTION('',(0.E0,0.E0,1.E0));
#2310=VECTOR('',#2309,5.9E0);
#2311=CARTESIAN_POINT('',(2.845E1,-2.43575E1,-9.2E0));
#2312=LINE('',#2311,#2310);
#2313=CARTESIAN_POINT('',(-4.62E1,3.11E1,0.E0));
#2314=CARTESIAN_POINT('',(-4.62E1,3.01E1,0.E0));
#2315=VERTEX_POINT('',#2313);
#2316=VERTEX_POINT('',#2314);
#2317=CARTESIAN_POINT('',(-4.7E1,2.93E1,0.E0));
#2318=VERTEX_POINT('',#2317);
#2319=CARTESIAN_POINT('',(-4.75E1,2.93E1,0.E0));
#2320=VERTEX_POINT('',#2319);
#2321=CARTESIAN_POINT('',(-4.75E1,-2.93E1,0.E0));
#2322=CARTESIAN_POINT('',(-4.7E1,-2.93E1,0.E0));
#2323=VERTEX_POINT('',#2321);
#2324=VERTEX_POINT('',#2322);
#2325=CARTESIAN_POINT('',(-4.62E1,-3.01E1,0.E0));
#2326=VERTEX_POINT('',#2325);
#2327=CARTESIAN_POINT('',(-4.62E1,-3.11E1,0.E0));
#2328=VERTEX_POINT('',#2327);
#2329=CARTESIAN_POINT('',(4.73E1,2.93E1,0.E0));
#2330=CARTESIAN_POINT('',(4.62E1,3.04E1,0.E0));
#2331=VERTEX_POINT('',#2329);
#2332=VERTEX_POINT('',#2330);
#2333=CARTESIAN_POINT('',(4.62E1,3.11E1,0.E0));
#2334=VERTEX_POINT('',#2333);
#2335=CARTESIAN_POINT('',(4.75E1,2.93E1,0.E0));
#2336=VERTEX_POINT('',#2335);
#2337=CARTESIAN_POINT('',(4.62E1,-3.11E1,0.E0));
#2338=CARTESIAN_POINT('',(4.62E1,-2.98E1,0.E0));
#2339=VERTEX_POINT('',#2337);
#2340=VERTEX_POINT('',#2338);
#2341=CARTESIAN_POINT('',(4.72E1,-2.88E1,0.E0));
#2342=VERTEX_POINT('',#2341);
#2343=CARTESIAN_POINT('',(4.75E1,-2.88E1,0.E0));
#2344=VERTEX_POINT('',#2343);
#2345=CARTESIAN_POINT('',(-4.62E1,3.11E1,1.6E0));
#2346=CARTESIAN_POINT('',(-4.62E1,3.01E1,1.6E0));
#2347=VERTEX_POINT('',#2345);
#2348=VERTEX_POINT('',#2346);
#2349=CARTESIAN_POINT('',(-4.7E1,2.93E1,1.6E0));
#2350=VERTEX_POINT('',#2349);
#2351=CARTESIAN_POINT('',(-4.75E1,2.93E1,1.6E0));
#2352=VERTEX_POINT('',#2351);
#2353=CARTESIAN_POINT('',(-4.75E1,-2.93E1,1.6E0));
#2354=CARTESIAN_POINT('',(-4.7E1,-2.93E1,1.6E0));
#2355=VERTEX_POINT('',#2353);
#2356=VERTEX_POINT('',#2354);
#2357=CARTESIAN_POINT('',(-4.62E1,-3.01E1,1.6E0));
#2358=VERTEX_POINT('',#2357);
#2359=CARTESIAN_POINT('',(-4.62E1,-3.11E1,1.6E0));
#2360=VERTEX_POINT('',#2359);
#2361=CARTESIAN_POINT('',(4.73E1,2.93E1,1.6E0));
#2362=CARTESIAN_POINT('',(4.62E1,3.04E1,1.6E0));
#2363=VERTEX_POINT('',#2361);
#2364=VERTEX_POINT('',#2362);
#2365=CARTESIAN_POINT('',(4.62E1,3.11E1,1.6E0));
#2366=VERTEX_POINT('',#2365);
#2367=CARTESIAN_POINT('',(4.75E1,2.93E1,1.6E0));
#2368=VERTEX_POINT('',#2367);
#2369=CARTESIAN_POINT('',(4.62E1,-3.11E1,1.6E0));
#2370=CARTESIAN_POINT('',(4.62E1,-2.98E1,1.6E0));
#2371=VERTEX_POINT('',#2369);
#2372=VERTEX_POINT('',#2370);
#2373=CARTESIAN_POINT('',(4.72E1,-2.88E1,1.6E0));
#2374=VERTEX_POINT('',#2373);
#2375=CARTESIAN_POINT('',(4.75E1,-2.88E1,1.6E0));
#2376=VERTEX_POINT('',#2375);
#2377=CARTESIAN_POINT('',(4.04E1,-2.6E0,-9.4E0));
#2378=CARTESIAN_POINT('',(4.04E1,5.4E0,-9.4E0));
#2379=VERTEX_POINT('',#2377);
#2380=VERTEX_POINT('',#2378);
#2381=CARTESIAN_POINT('',(4.54E1,5.4E0,-9.4E0));
#2382=VERTEX_POINT('',#2381);
#2383=CARTESIAN_POINT('',(4.54E1,-2.6E0,-9.4E0));
#2384=VERTEX_POINT('',#2383);
#2385=CARTESIAN_POINT('',(4.04E1,-2.6E0,0.E0));
#2386=CARTESIAN_POINT('',(4.04E1,5.4E0,0.E0));
#2387=VERTEX_POINT('',#2385);
#2388=VERTEX_POINT('',#2386);
#2389=CARTESIAN_POINT('',(4.54E1,5.4E0,0.E0));
#2390=VERTEX_POINT('',#2389);
#2391=CARTESIAN_POINT('',(4.54E1,-2.6E0,0.E0));
#2392=VERTEX_POINT('',#2391);
#2393=CARTESIAN_POINT('',(4.44E1,1.06E1,-3.6E0));
#2394=CARTESIAN_POINT('',(4.44E1,1.76E1,-3.6E0));
#2395=VERTEX_POINT('',#2393);
#2396=VERTEX_POINT('',#2394);
#2397=CARTESIAN_POINT('',(4.66E1,1.76E1,-3.6E0));
#2398=VERTEX_POINT('',#2397);
#2399=CARTESIAN_POINT('',(4.66E1,1.06E1,-3.6E0));
#2400=VERTEX_POINT('',#2399);
#2401=CARTESIAN_POINT('',(4.44E1,1.06E1,0.E0));
#2402=CARTESIAN_POINT('',(4.44E1,1.76E1,0.E0));
#2403=VERTEX_POINT('',#2401);
#2404=VERTEX_POINT('',#2402);
#2405=CARTESIAN_POINT('',(4.66E1,1.03E1,0.E0));
#2406=CARTESIAN_POINT('',(4.66E1,1.06E1,0.E0));
#2407=VERTEX_POINT('',#2405);
#2408=VERTEX_POINT('',#2406);
#2409=CARTESIAN_POINT('',(4.66E1,1.76E1,0.E0));
#2410=CARTESIAN_POINT('',(4.66E1,1.79E1,0.E0));
#2411=VERTEX_POINT('',#2409);
#2412=VERTEX_POINT('',#2410);
#2413=CARTESIAN_POINT('',(4.75E1,1.88E1,0.E0));
#2414=VERTEX_POINT('',#2413);
#2415=CARTESIAN_POINT('',(4.75E1,9.4E0,0.E0));
#2416=VERTEX_POINT('',#2415);
#2417=CARTESIAN_POINT('',(4.66E1,1.03E1,1.6E0));
#2418=CARTESIAN_POINT('',(4.66E1,1.79E1,1.6E0));
#2419=VERTEX_POINT('',#2417);
#2420=VERTEX_POINT('',#2418);
#2421=CARTESIAN_POINT('',(4.75E1,1.88E1,1.6E0));
#2422=VERTEX_POINT('',#2421);
#2423=CARTESIAN_POINT('',(4.75E1,9.4E0,1.6E0));
#2424=VERTEX_POINT('',#2423);
#2425=CARTESIAN_POINT('',(4.78E1,1.56E1,-2.55E0));
#2426=CARTESIAN_POINT('',(4.78E1,1.56E1,-1.05E0));
#2427=VERTEX_POINT('',#2425);
#2428=VERTEX_POINT('',#2426);
#2429=CARTESIAN_POINT('',(4.78E1,1.26E1,-1.05E0));
#2430=VERTEX_POINT('',#2429);
#2431=CARTESIAN_POINT('',(4.78E1,1.26E1,-2.55E0));
#2432=VERTEX_POINT('',#2431);
#2433=CARTESIAN_POINT('',(4.66E1,1.56E1,-2.55E0));
#2434=CARTESIAN_POINT('',(4.66E1,1.56E1,-1.05E0));
#2435=VERTEX_POINT('',#2433);
#2436=VERTEX_POINT('',#2434);
#2437=CARTESIAN_POINT('',(4.66E1,1.26E1,-1.05E0));
#2438=VERTEX_POINT('',#2437);
#2439=CARTESIAN_POINT('',(4.66E1,1.26E1,-2.55E0));
#2440=VERTEX_POINT('',#2439);
#2441=CARTESIAN_POINT('',(4.75E1,-1.73E1,0.E0));
#2442=CARTESIAN_POINT('',(4.57E1,-1.540319577449E1,0.E0));
#2443=VERTEX_POINT('',#2441);
#2444=VERTEX_POINT('',#2442);
#2445=CARTESIAN_POINT('',(4.57E1,-4.196804225506E0,0.E0));
#2446=VERTEX_POINT('',#2445);
#2447=CARTESIAN_POINT('',(4.75E1,-2.3E0,0.E0));
#2448=VERTEX_POINT('',#2447);
#2449=CARTESIAN_POINT('',(4.75E1,-1.73E1,1.6E0));
#2450=CARTESIAN_POINT('',(4.57E1,-1.540319577449E1,1.6E0));
#2451=VERTEX_POINT('',#2449);
#2452=VERTEX_POINT('',#2450);
#2453=CARTESIAN_POINT('',(4.57E1,-4.196804225506E0,1.6E0));
#2454=VERTEX_POINT('',#2453);
#2455=CARTESIAN_POINT('',(4.75E1,-2.3E0,1.6E0));
#2456=VERTEX_POINT('',#2455);
#2457=CARTESIAN_POINT('',(4.47E1,-1.884750013157E1,-2.E0));
#2458=CARTESIAN_POINT('',(2.99E1,-1.884750013157E1,-2.E0));
#2459=VERTEX_POINT('',#2457);
#2460=VERTEX_POINT('',#2458);
#2461=CARTESIAN_POINT('',(2.99E1,-4.047500131566E0,-2.E0));
#2462=VERTEX_POINT('',#2461);
#2463=CARTESIAN_POINT('',(3.82E1,-1.867750013157E1,-1.9E0));
#2464=CARTESIAN_POINT('',(3.82E1,-1.740750013157E1,-1.9E0));
#2465=VERTEX_POINT('',#2463);
#2466=VERTEX_POINT('',#2464);
#2467=CARTESIAN_POINT('',(4.028E1,-1.740750013157E1,-1.9E0));
#2468=VERTEX_POINT('',#2467);
#2469=CARTESIAN_POINT('',(4.103E1,-1.792750013157E1,-1.9E0));
#2470=VERTEX_POINT('',#2469);
#2471=CARTESIAN_POINT('',(4.295E1,-1.792750013157E1,-1.9E0));
#2472=VERTEX_POINT('',#2471);
#2473=CARTESIAN_POINT('',(4.295E1,-1.822750013157E1,-1.9E0));
#2474=VERTEX_POINT('',#2473);
#2475=CARTESIAN_POINT('',(4.087E1,-1.822750013157E1,-1.9E0));
#2476=VERTEX_POINT('',#2475);
#2477=CARTESIAN_POINT('',(4.012E1,-1.770750013157E1,-1.9E0));
#2478=VERTEX_POINT('',#2477);
#2479=CARTESIAN_POINT('',(3.851E1,-1.770750013157E1,-1.9E0));
#2480=VERTEX_POINT('',#2479);
#2481=CARTESIAN_POINT('',(3.851E1,-1.851750013157E1,-1.9E0));
#2482=VERTEX_POINT('',#2481);
#2483=CARTESIAN_POINT('',(4.295E1,-1.851750013157E1,-1.9E0));
#2484=VERTEX_POINT('',#2483);
#2485=CARTESIAN_POINT('',(4.295E1,-1.867750013157E1,-1.9E0));
#2486=VERTEX_POINT('',#2485);
#2487=CARTESIAN_POINT('',(3.82E1,-1.867750013157E1,-2.E0));
#2488=CARTESIAN_POINT('',(3.82E1,-1.740750013157E1,-2.E0));
#2489=VERTEX_POINT('',#2487);
#2490=VERTEX_POINT('',#2488);
#2491=CARTESIAN_POINT('',(4.028E1,-1.740750013157E1,-2.E0));
#2492=VERTEX_POINT('',#2491);
#2493=CARTESIAN_POINT('',(4.103E1,-1.792750013157E1,-2.E0));
#2494=VERTEX_POINT('',#2493);
#2495=CARTESIAN_POINT('',(4.295E1,-1.792750013157E1,-2.E0));
#2496=VERTEX_POINT('',#2495);
#2497=CARTESIAN_POINT('',(4.295E1,-1.822750013157E1,-2.E0));
#2498=VERTEX_POINT('',#2497);
#2499=CARTESIAN_POINT('',(4.087E1,-1.822750013157E1,-2.E0));
#2500=VERTEX_POINT('',#2499);
#2501=CARTESIAN_POINT('',(4.012E1,-1.770750013157E1,-2.E0));
#2502=VERTEX_POINT('',#2501);
#2503=CARTESIAN_POINT('',(3.851E1,-1.770750013157E1,-2.E0));
#2504=VERTEX_POINT('',#2503);
#2505=CARTESIAN_POINT('',(3.851E1,-1.851750013157E1,-2.E0));
#2506=VERTEX_POINT('',#2505);
#2507=CARTESIAN_POINT('',(4.295E1,-1.851750013157E1,-2.E0));
#2508=VERTEX_POINT('',#2507);
#2509=CARTESIAN_POINT('',(4.295E1,-1.867750013157E1,-2.E0));
#2510=VERTEX_POINT('',#2509);
#2511=CARTESIAN_POINT('',(3.375940925944E1,-5.541329886115E0,-1.8E0));
#2512=CARTESIAN_POINT('',(3.081795232902E1,-5.541329886115E0,-1.8E0));
#2513=VERTEX_POINT('',#2511);
#2514=VERTEX_POINT('',#2512);
#2515=CARTESIAN_POINT('',(3.081795232902E1,-5.032929922831E0,-1.8E0));
#2516=VERTEX_POINT('',#2515);
#2517=CARTESIAN_POINT('',(3.375940925944E1,-5.032929922831E0,-1.8E0));
#2518=VERTEX_POINT('',#2517);
#2519=CARTESIAN_POINT('',(3.375940925944E1,-5.541329886115E0,-2.E0));
#2520=CARTESIAN_POINT('',(3.081795232902E1,-5.541329886115E0,-2.E0));
#2521=VERTEX_POINT('',#2519);
#2522=VERTEX_POINT('',#2520);
#2523=CARTESIAN_POINT('',(3.081795232902E1,-5.032929922831E0,-2.E0));
#2524=VERTEX_POINT('',#2523);
#2525=CARTESIAN_POINT('',(3.375940925944E1,-5.032929922831E0,-2.E0));
#2526=VERTEX_POINT('',#2525);
#2527=CARTESIAN_POINT('',(4.47E1,-1.514750013157E1,-2.E0));
#2528=CARTESIAN_POINT('',(4.37E1,-1.324750013157E1,-2.E0));
#2529=VERTEX_POINT('',#2527);
#2530=VERTEX_POINT('',#2528);
#2531=CARTESIAN_POINT('',(4.37E1,-4.047500131566E0,-2.E0));
#2532=VERTEX_POINT('',#2531);
#2533=CARTESIAN_POINT('',(3.441E1,-1.619750013157E1,-1.85E0));
#2534=CARTESIAN_POINT('',(3.441E1,-4.947500131566E0,-1.85E0));
#2535=VERTEX_POINT('',#2533);
#2536=VERTEX_POINT('',#2534);
#2537=CARTESIAN_POINT('',(3.441E1,-1.619750013157E1,-8.5E-1));
#2538=CARTESIAN_POINT('',(3.441E1,-4.947500131566E0,-8.5E-1));
#2539=VERTEX_POINT('',#2537);
#2540=VERTEX_POINT('',#2538);
#2541=CARTESIAN_POINT('',(4.47E1,-1.514750013157E1,-8.5E-1));
#2542=CARTESIAN_POINT('',(4.47E1,-1.619750013157E1,-8.5E-1));
#2543=VERTEX_POINT('',#2541);
#2544=VERTEX_POINT('',#2542);
#2545=CARTESIAN_POINT('',(4.47E1,-1.619750013157E1,-1.85E0));
#2546=VERTEX_POINT('',#2545);
#2547=CARTESIAN_POINT('',(4.37E1,-1.324750013157E1,-8.5E-1));
#2548=VERTEX_POINT('',#2547);
#2549=CARTESIAN_POINT('',(4.37E1,-4.947500131566E0,-8.5E-1));
#2550=VERTEX_POINT('',#2549);
#2551=CARTESIAN_POINT('',(4.37E1,-4.947500131566E0,-1.85E0));
#2552=VERTEX_POINT('',#2551);
#2553=CARTESIAN_POINT('',(4.37E1,-1.324750013157E1,-1.85E0));
#2554=VERTEX_POINT('',#2553);
#2555=CARTESIAN_POINT('',(4.47E1,-1.514750013157E1,-1.85E0));
#2556=VERTEX_POINT('',#2555);
#2557=CARTESIAN_POINT('',(8.E-1,2.31E1,-3.3E0));
#2558=CARTESIAN_POINT('',(8.E-1,2.56E1,-3.3E0));
#2559=VERTEX_POINT('',#2557);
#2560=VERTEX_POINT('',#2558);
#2561=CARTESIAN_POINT('',(2.08E1,2.56E1,-3.3E0));
#2562=VERTEX_POINT('',#2561);
#2563=CARTESIAN_POINT('',(2.08E1,2.31E1,-3.3E0));
#2564=VERTEX_POINT('',#2563);
#2565=CARTESIAN_POINT('',(2.25E1,2.31E1,-3.3E0));
#2566=CARTESIAN_POINT('',(2.25E1,2.56E1,-3.3E0));
#2567=VERTEX_POINT('',#2565);
#2568=VERTEX_POINT('',#2566);
#2569=CARTESIAN_POINT('',(4.25E1,2.56E1,-3.3E0));
#2570=VERTEX_POINT('',#2569);
#2571=CARTESIAN_POINT('',(4.25E1,2.31E1,-3.3E0));
#2572=VERTEX_POINT('',#2571);
#2573=CARTESIAN_POINT('',(9.7E0,-2.53E1,-3.3E0));
#2574=CARTESIAN_POINT('',(9.7E0,-2.28E1,-3.3E0));
#2575=VERTEX_POINT('',#2573);
#2576=VERTEX_POINT('',#2574);
#2577=CARTESIAN_POINT('',(2.48E1,-2.28E1,-3.3E0));
#2578=VERTEX_POINT('',#2577);
#2579=CARTESIAN_POINT('',(2.48E1,-2.53E1,-3.3E0));
#2580=VERTEX_POINT('',#2579);
#2581=CARTESIAN_POINT('',(2.75E1,-2.53E1,-3.3E0));
#2582=CARTESIAN_POINT('',(2.75E1,-2.28E1,-3.3E0));
#2583=VERTEX_POINT('',#2581);
#2584=VERTEX_POINT('',#2582);
#2585=CARTESIAN_POINT('',(4.26E1,-2.28E1,-3.3E0));
#2586=VERTEX_POINT('',#2585);
#2587=CARTESIAN_POINT('',(4.26E1,-2.53E1,-3.3E0));
#2588=VERTEX_POINT('',#2587);
#2589=CARTESIAN_POINT('',(8.E-1,2.31E1,0.E0));
#2590=CARTESIAN_POINT('',(8.E-1,2.56E1,0.E0));
#2591=VERTEX_POINT('',#2589);
#2592=VERTEX_POINT('',#2590);
#2593=CARTESIAN_POINT('',(2.08E1,2.56E1,0.E0));
#2594=VERTEX_POINT('',#2593);
#2595=CARTESIAN_POINT('',(2.08E1,2.31E1,0.E0));
#2596=VERTEX_POINT('',#2595);
#2597=CARTESIAN_POINT('',(2.25E1,2.31E1,0.E0));
#2598=CARTESIAN_POINT('',(2.25E1,2.56E1,0.E0));
#2599=VERTEX_POINT('',#2597);
#2600=VERTEX_POINT('',#2598);
#2601=CARTESIAN_POINT('',(4.25E1,2.56E1,0.E0));
#2602=VERTEX_POINT('',#2601);
#2603=CARTESIAN_POINT('',(4.25E1,2.31E1,0.E0));
#2604=VERTEX_POINT('',#2603);
#2605=CARTESIAN_POINT('',(9.7E0,-2.53E1,0.E0));
#2606=CARTESIAN_POINT('',(9.7E0,-2.28E1,0.E0));
#2607=VERTEX_POINT('',#2605);
#2608=VERTEX_POINT('',#2606);
#2609=CARTESIAN_POINT('',(2.48E1,-2.28E1,0.E0));
#2610=VERTEX_POINT('',#2609);
#2611=CARTESIAN_POINT('',(2.48E1,-2.53E1,0.E0));
#2612=VERTEX_POINT('',#2611);
#2613=CARTESIAN_POINT('',(2.75E1,-2.53E1,0.E0));
#2614=CARTESIAN_POINT('',(2.75E1,-2.28E1,0.E0));
#2615=VERTEX_POINT('',#2613);
#2616=VERTEX_POINT('',#2614);
#2617=CARTESIAN_POINT('',(4.26E1,-2.28E1,0.E0));
#2618=VERTEX_POINT('',#2617);
#2619=CARTESIAN_POINT('',(4.26E1,-2.53E1,0.E0));
#2620=VERTEX_POINT('',#2619);
#2621=CARTESIAN_POINT('',(1.68E0,2.40425E1,-9.2E0));
#2622=CARTESIAN_POINT('',(1.68E0,2.46575E1,-9.2E0));
#2623=VERTEX_POINT('',#2621);
#2624=VERTEX_POINT('',#2622);
#2625=CARTESIAN_POINT('',(2.295E0,2.46575E1,-9.2E0));
#2626=VERTEX_POINT('',#2625);
#2627=CARTESIAN_POINT('',(2.295E0,2.40425E1,-9.2E0));
#2628=VERTEX_POINT('',#2627);
#2629=CARTESIAN_POINT('',(4.195E0,2.40425E1,-9.2E0));
#2630=CARTESIAN_POINT('',(4.195E0,2.46575E1,-9.2E0));
#2631=VERTEX_POINT('',#2629);
#2632=VERTEX_POINT('',#2630);
#2633=CARTESIAN_POINT('',(4.81E0,2.46575E1,-9.2E0));
#2634=VERTEX_POINT('',#2633);
#2635=CARTESIAN_POINT('',(4.81E0,2.40425E1,-9.2E0));
#2636=VERTEX_POINT('',#2635);
#2637=CARTESIAN_POINT('',(6.71E0,2.40425E1,-9.2E0));
#2638=CARTESIAN_POINT('',(6.71E0,2.46575E1,-9.2E0));
#2639=VERTEX_POINT('',#2637);
#2640=VERTEX_POINT('',#2638);
#2641=CARTESIAN_POINT('',(7.325E0,2.46575E1,-9.2E0));
#2642=VERTEX_POINT('',#2641);
#2643=CARTESIAN_POINT('',(7.325E0,2.40425E1,-9.2E0));
#2644=VERTEX_POINT('',#2643);
#2645=CARTESIAN_POINT('',(9.225E0,2.40425E1,-9.2E0));
#2646=CARTESIAN_POINT('',(9.225E0,2.46575E1,-9.2E0));
#2647=VERTEX_POINT('',#2645);
#2648=VERTEX_POINT('',#2646);
#2649=CARTESIAN_POINT('',(9.84E0,2.46575E1,-9.2E0));
#2650=VERTEX_POINT('',#2649);
#2651=CARTESIAN_POINT('',(9.84E0,2.40425E1,-9.2E0));
#2652=VERTEX_POINT('',#2651);
#2653=CARTESIAN_POINT('',(1.992E1,2.40425E1,-9.2E0));
#2654=CARTESIAN_POINT('',(1.9305E1,2.40425E1,-9.2E0));
#2655=VERTEX_POINT('',#2653);
#2656=VERTEX_POINT('',#2654);
#2657=CARTESIAN_POINT('',(1.9305E1,2.46575E1,-9.2E0));
#2658=VERTEX_POINT('',#2657);
#2659=CARTESIAN_POINT('',(1.992E1,2.46575E1,-9.2E0));
#2660=VERTEX_POINT('',#2659);
#2661=CARTESIAN_POINT('',(1.7405E1,2.40425E1,-9.2E0));
#2662=CARTESIAN_POINT('',(1.679E1,2.40425E1,-9.2E0));
#2663=VERTEX_POINT('',#2661);
#2664=VERTEX_POINT('',#2662);
#2665=CARTESIAN_POINT('',(1.679E1,2.46575E1,-9.2E0));
#2666=VERTEX_POINT('',#2665);
#2667=CARTESIAN_POINT('',(1.7405E1,2.46575E1,-9.2E0));
#2668=VERTEX_POINT('',#2667);
#2669=CARTESIAN_POINT('',(1.489E1,2.40425E1,-9.2E0));
#2670=CARTESIAN_POINT('',(1.4275E1,2.40425E1,-9.2E0));
#2671=VERTEX_POINT('',#2669);
#2672=VERTEX_POINT('',#2670);
#2673=CARTESIAN_POINT('',(1.4275E1,2.46575E1,-9.2E0));
#2674=VERTEX_POINT('',#2673);
#2675=CARTESIAN_POINT('',(1.489E1,2.46575E1,-9.2E0));
#2676=VERTEX_POINT('',#2675);
#2677=CARTESIAN_POINT('',(1.2375E1,2.40425E1,-9.2E0));
#2678=CARTESIAN_POINT('',(1.176E1,2.40425E1,-9.2E0));
#2679=VERTEX_POINT('',#2677);
#2680=VERTEX_POINT('',#2678);
#2681=CARTESIAN_POINT('',(1.176E1,2.46575E1,-9.2E0));
#2682=VERTEX_POINT('',#2681);
#2683=CARTESIAN_POINT('',(1.2375E1,2.46575E1,-9.2E0));
#2684=VERTEX_POINT('',#2683);
#2685=CARTESIAN_POINT('',(4.162E1,2.40425E1,-9.2E0));
#2686=CARTESIAN_POINT('',(4.1005E1,2.40425E1,-9.2E0));
#2687=VERTEX_POINT('',#2685);
#2688=VERTEX_POINT('',#2686);
#2689=CARTESIAN_POINT('',(4.1005E1,2.46575E1,-9.2E0));
#2690=VERTEX_POINT('',#2689);
#2691=CARTESIAN_POINT('',(4.162E1,2.46575E1,-9.2E0));
#2692=VERTEX_POINT('',#2691);
#2693=CARTESIAN_POINT('',(3.9105E1,2.40425E1,-9.2E0));
#2694=CARTESIAN_POINT('',(3.849E1,2.40425E1,-9.2E0));
#2695=VERTEX_POINT('',#2693);
#2696=VERTEX_POINT('',#2694);
#2697=CARTESIAN_POINT('',(3.849E1,2.46575E1,-9.2E0));
#2698=VERTEX_POINT('',#2697);
#2699=CARTESIAN_POINT('',(3.9105E1,2.46575E1,-9.2E0));
#2700=VERTEX_POINT('',#2699);
#2701=CARTESIAN_POINT('',(3.659E1,2.40425E1,-9.2E0));
#2702=CARTESIAN_POINT('',(3.5975E1,2.40425E1,-9.2E0));
#2703=VERTEX_POINT('',#2701);
#2704=VERTEX_POINT('',#2702);
#2705=CARTESIAN_POINT('',(3.5975E1,2.46575E1,-9.2E0));
#2706=VERTEX_POINT('',#2705);
#2707=CARTESIAN_POINT('',(3.659E1,2.46575E1,-9.2E0));
#2708=VERTEX_POINT('',#2707);
#2709=CARTESIAN_POINT('',(3.4075E1,2.40425E1,-9.2E0));
#2710=CARTESIAN_POINT('',(3.346E1,2.40425E1,-9.2E0));
#2711=VERTEX_POINT('',#2709);
#2712=VERTEX_POINT('',#2710);
#2713=CARTESIAN_POINT('',(3.346E1,2.46575E1,-9.2E0));
#2714=VERTEX_POINT('',#2713);
#2715=CARTESIAN_POINT('',(3.4075E1,2.46575E1,-9.2E0));
#2716=VERTEX_POINT('',#2715);
#2717=CARTESIAN_POINT('',(2.338E1,2.40425E1,-9.2E0));
#2718=CARTESIAN_POINT('',(2.338E1,2.46575E1,-9.2E0));
#2719=VERTEX_POINT('',#2717);
#2720=VERTEX_POINT('',#2718);
#2721=CARTESIAN_POINT('',(2.3995E1,2.46575E1,-9.2E0));
#2722=VERTEX_POINT('',#2721);
#2723=CARTESIAN_POINT('',(2.3995E1,2.40425E1,-9.2E0));
#2724=VERTEX_POINT('',#2723);
#2725=CARTESIAN_POINT('',(2.5895E1,2.40425E1,-9.2E0));
#2726=CARTESIAN_POINT('',(2.5895E1,2.46575E1,-9.2E0));
#2727=VERTEX_POINT('',#2725);
#2728=VERTEX_POINT('',#2726);
#2729=CARTESIAN_POINT('',(2.651E1,2.46575E1,-9.2E0));
#2730=VERTEX_POINT('',#2729);
#2731=CARTESIAN_POINT('',(2.651E1,2.40425E1,-9.2E0));
#2732=VERTEX_POINT('',#2731);
#2733=CARTESIAN_POINT('',(2.841E1,2.40425E1,-9.2E0));
#2734=CARTESIAN_POINT('',(2.841E1,2.46575E1,-9.2E0));
#2735=VERTEX_POINT('',#2733);
#2736=VERTEX_POINT('',#2734);
#2737=CARTESIAN_POINT('',(2.9025E1,2.46575E1,-9.2E0));
#2738=VERTEX_POINT('',#2737);
#2739=CARTESIAN_POINT('',(2.9025E1,2.40425E1,-9.2E0));
#2740=VERTEX_POINT('',#2739);
#2741=CARTESIAN_POINT('',(3.0925E1,2.40425E1,-9.2E0));
#2742=CARTESIAN_POINT('',(3.0925E1,2.46575E1,-9.2E0));
#2743=VERTEX_POINT('',#2741);
#2744=VERTEX_POINT('',#2742);
#2745=CARTESIAN_POINT('',(3.154E1,2.46575E1,-9.2E0));
#2746=VERTEX_POINT('',#2745);
#2747=CARTESIAN_POINT('',(3.154E1,2.40425E1,-9.2E0));
#2748=VERTEX_POINT('',#2747);
#2749=CARTESIAN_POINT('',(1.68E0,2.40425E1,-3.3E0));
#2750=CARTESIAN_POINT('',(1.68E0,2.46575E1,-3.3E0));
#2751=VERTEX_POINT('',#2749);
#2752=VERTEX_POINT('',#2750);
#2753=CARTESIAN_POINT('',(2.295E0,2.46575E1,-3.3E0));
#2754=VERTEX_POINT('',#2753);
#2755=CARTESIAN_POINT('',(2.295E0,2.40425E1,-3.3E0));
#2756=VERTEX_POINT('',#2755);
#2757=CARTESIAN_POINT('',(4.195E0,2.40425E1,-3.3E0));
#2758=CARTESIAN_POINT('',(4.195E0,2.46575E1,-3.3E0));
#2759=VERTEX_POINT('',#2757);
#2760=VERTEX_POINT('',#2758);
#2761=CARTESIAN_POINT('',(4.81E0,2.46575E1,-3.3E0));
#2762=VERTEX_POINT('',#2761);
#2763=CARTESIAN_POINT('',(4.81E0,2.40425E1,-3.3E0));
#2764=VERTEX_POINT('',#2763);
#2765=CARTESIAN_POINT('',(6.71E0,2.40425E1,-3.3E0));
#2766=CARTESIAN_POINT('',(6.71E0,2.46575E1,-3.3E0));
#2767=VERTEX_POINT('',#2765);
#2768=VERTEX_POINT('',#2766);
#2769=CARTESIAN_POINT('',(7.325E0,2.46575E1,-3.3E0));
#2770=VERTEX_POINT('',#2769);
#2771=CARTESIAN_POINT('',(7.325E0,2.40425E1,-3.3E0));
#2772=VERTEX_POINT('',#2771);
#2773=CARTESIAN_POINT('',(9.225E0,2.40425E1,-3.3E0));
#2774=CARTESIAN_POINT('',(9.225E0,2.46575E1,-3.3E0));
#2775=VERTEX_POINT('',#2773);
#2776=VERTEX_POINT('',#2774);
#2777=CARTESIAN_POINT('',(9.84E0,2.46575E1,-3.3E0));
#2778=VERTEX_POINT('',#2777);
#2779=CARTESIAN_POINT('',(9.84E0,2.40425E1,-3.3E0));
#2780=VERTEX_POINT('',#2779);
#2781=CARTESIAN_POINT('',(1.992E1,2.40425E1,-3.3E0));
#2782=CARTESIAN_POINT('',(1.9305E1,2.40425E1,-3.3E0));
#2783=VERTEX_POINT('',#2781);
#2784=VERTEX_POINT('',#2782);
#2785=CARTESIAN_POINT('',(1.9305E1,2.46575E1,-3.3E0));
#2786=VERTEX_POINT('',#2785);
#2787=CARTESIAN_POINT('',(1.992E1,2.46575E1,-3.3E0));
#2788=VERTEX_POINT('',#2787);
#2789=CARTESIAN_POINT('',(1.7405E1,2.40425E1,-3.3E0));
#2790=CARTESIAN_POINT('',(1.679E1,2.40425E1,-3.3E0));
#2791=VERTEX_POINT('',#2789);
#2792=VERTEX_POINT('',#2790);
#2793=CARTESIAN_POINT('',(1.679E1,2.46575E1,-3.3E0));
#2794=VERTEX_POINT('',#2793);
#2795=CARTESIAN_POINT('',(1.7405E1,2.46575E1,-3.3E0));
#2796=VERTEX_POINT('',#2795);
#2797=CARTESIAN_POINT('',(1.489E1,2.40425E1,-3.3E0));
#2798=CARTESIAN_POINT('',(1.4275E1,2.40425E1,-3.3E0));
#2799=VERTEX_POINT('',#2797);
#2800=VERTEX_POINT('',#2798);
#2801=CARTESIAN_POINT('',(1.4275E1,2.46575E1,-3.3E0));
#2802=VERTEX_POINT('',#2801);
#2803=CARTESIAN_POINT('',(1.489E1,2.46575E1,-3.3E0));
#2804=VERTEX_POINT('',#2803);
#2805=CARTESIAN_POINT('',(1.2375E1,2.40425E1,-3.3E0));
#2806=CARTESIAN_POINT('',(1.176E1,2.40425E1,-3.3E0));
#2807=VERTEX_POINT('',#2805);
#2808=VERTEX_POINT('',#2806);
#2809=CARTESIAN_POINT('',(1.176E1,2.46575E1,-3.3E0));
#2810=VERTEX_POINT('',#2809);
#2811=CARTESIAN_POINT('',(1.2375E1,2.46575E1,-3.3E0));
#2812=VERTEX_POINT('',#2811);
#2813=CARTESIAN_POINT('',(4.162E1,2.40425E1,-3.3E0));
#2814=CARTESIAN_POINT('',(4.1005E1,2.40425E1,-3.3E0));
#2815=VERTEX_POINT('',#2813);
#2816=VERTEX_POINT('',#2814);
#2817=CARTESIAN_POINT('',(4.1005E1,2.46575E1,-3.3E0));
#2818=VERTEX_POINT('',#2817);
#2819=CARTESIAN_POINT('',(4.162E1,2.46575E1,-3.3E0));
#2820=VERTEX_POINT('',#2819);
#2821=CARTESIAN_POINT('',(3.9105E1,2.40425E1,-3.3E0));
#2822=CARTESIAN_POINT('',(3.849E1,2.40425E1,-3.3E0));
#2823=VERTEX_POINT('',#2821);
#2824=VERTEX_POINT('',#2822);
#2825=CARTESIAN_POINT('',(3.849E1,2.46575E1,-3.3E0));
#2826=VERTEX_POINT('',#2825);
#2827=CARTESIAN_POINT('',(3.9105E1,2.46575E1,-3.3E0));
#2828=VERTEX_POINT('',#2827);
#2829=CARTESIAN_POINT('',(3.659E1,2.40425E1,-3.3E0));
#2830=CARTESIAN_POINT('',(3.5975E1,2.40425E1,-3.3E0));
#2831=VERTEX_POINT('',#2829);
#2832=VERTEX_POINT('',#2830);
#2833=CARTESIAN_POINT('',(3.5975E1,2.46575E1,-3.3E0));
#2834=VERTEX_POINT('',#2833);
#2835=CARTESIAN_POINT('',(3.659E1,2.46575E1,-3.3E0));
#2836=VERTEX_POINT('',#2835);
#2837=CARTESIAN_POINT('',(3.4075E1,2.40425E1,-3.3E0));
#2838=CARTESIAN_POINT('',(3.346E1,2.40425E1,-3.3E0));
#2839=VERTEX_POINT('',#2837);
#2840=VERTEX_POINT('',#2838);
#2841=CARTESIAN_POINT('',(3.346E1,2.46575E1,-3.3E0));
#2842=VERTEX_POINT('',#2841);
#2843=CARTESIAN_POINT('',(3.4075E1,2.46575E1,-3.3E0));
#2844=VERTEX_POINT('',#2843);
#2845=CARTESIAN_POINT('',(2.338E1,2.40425E1,-3.3E0));
#2846=CARTESIAN_POINT('',(2.338E1,2.46575E1,-3.3E0));
#2847=VERTEX_POINT('',#2845);
#2848=VERTEX_POINT('',#2846);
#2849=CARTESIAN_POINT('',(2.3995E1,2.46575E1,-3.3E0));
#2850=VERTEX_POINT('',#2849);
#2851=CARTESIAN_POINT('',(2.3995E1,2.40425E1,-3.3E0));
#2852=VERTEX_POINT('',#2851);
#2853=CARTESIAN_POINT('',(2.5895E1,2.40425E1,-3.3E0));
#2854=CARTESIAN_POINT('',(2.5895E1,2.46575E1,-3.3E0));
#2855=VERTEX_POINT('',#2853);
#2856=VERTEX_POINT('',#2854);
#2857=CARTESIAN_POINT('',(2.651E1,2.46575E1,-3.3E0));
#2858=VERTEX_POINT('',#2857);
#2859=CARTESIAN_POINT('',(2.651E1,2.40425E1,-3.3E0));
#2860=VERTEX_POINT('',#2859);
#2861=CARTESIAN_POINT('',(2.841E1,2.40425E1,-3.3E0));
#2862=CARTESIAN_POINT('',(2.841E1,2.46575E1,-3.3E0));
#2863=VERTEX_POINT('',#2861);
#2864=VERTEX_POINT('',#2862);
#2865=CARTESIAN_POINT('',(2.9025E1,2.46575E1,-3.3E0));
#2866=VERTEX_POINT('',#2865);
#2867=CARTESIAN_POINT('',(2.9025E1,2.40425E1,-3.3E0));
#2868=VERTEX_POINT('',#2867);
#2869=CARTESIAN_POINT('',(3.0925E1,2.40425E1,-3.3E0));
#2870=CARTESIAN_POINT('',(3.0925E1,2.46575E1,-3.3E0));
#2871=VERTEX_POINT('',#2869);
#2872=VERTEX_POINT('',#2870);
#2873=CARTESIAN_POINT('',(3.154E1,2.46575E1,-3.3E0));
#2874=VERTEX_POINT('',#2873);
#2875=CARTESIAN_POINT('',(3.154E1,2.40425E1,-3.3E0));
#2876=VERTEX_POINT('',#2875);
#2877=CARTESIAN_POINT('',(1.6295E1,-2.43575E1,-9.2E0));
#2878=CARTESIAN_POINT('',(1.568E1,-2.43575E1,-9.2E0));
#2879=VERTEX_POINT('',#2877);
#2880=VERTEX_POINT('',#2878);
#2881=CARTESIAN_POINT('',(1.568E1,-2.37425E1,-9.2E0));
#2882=VERTEX_POINT('',#2881);
#2883=CARTESIAN_POINT('',(1.6295E1,-2.37425E1,-9.2E0));
#2884=VERTEX_POINT('',#2883);
#2885=CARTESIAN_POINT('',(1.378E1,-2.43575E1,-9.2E0));
#2886=CARTESIAN_POINT('',(1.3165E1,-2.43575E1,-9.2E0));
#2887=VERTEX_POINT('',#2885);
#2888=VERTEX_POINT('',#2886);
#2889=CARTESIAN_POINT('',(1.3165E1,-2.37425E1,-9.2E0));
#2890=VERTEX_POINT('',#2889);
#2891=CARTESIAN_POINT('',(1.378E1,-2.37425E1,-9.2E0));
#2892=VERTEX_POINT('',#2891);
#2893=CARTESIAN_POINT('',(1.1265E1,-2.43575E1,-9.2E0));
#2894=CARTESIAN_POINT('',(1.065E1,-2.43575E1,-9.2E0));
#2895=VERTEX_POINT('',#2893);
#2896=VERTEX_POINT('',#2894);
#2897=CARTESIAN_POINT('',(1.065E1,-2.37425E1,-9.2E0));
#2898=VERTEX_POINT('',#2897);
#2899=CARTESIAN_POINT('',(1.1265E1,-2.37425E1,-9.2E0));
#2900=VERTEX_POINT('',#2899);
#2901=CARTESIAN_POINT('',(1.8205E1,-2.43575E1,-9.2E0));
#2902=CARTESIAN_POINT('',(1.8205E1,-2.37425E1,-9.2E0));
#2903=VERTEX_POINT('',#2901);
#2904=VERTEX_POINT('',#2902);
#2905=CARTESIAN_POINT('',(1.882E1,-2.37425E1,-9.2E0));
#2906=VERTEX_POINT('',#2905);
#2907=CARTESIAN_POINT('',(1.882E1,-2.43575E1,-9.2E0));
#2908=VERTEX_POINT('',#2907);
#2909=CARTESIAN_POINT('',(2.072E1,-2.43575E1,-9.2E0));
#2910=CARTESIAN_POINT('',(2.072E1,-2.37425E1,-9.2E0));
#2911=VERTEX_POINT('',#2909);
#2912=VERTEX_POINT('',#2910);
#2913=CARTESIAN_POINT('',(2.1335E1,-2.37425E1,-9.2E0));
#2914=VERTEX_POINT('',#2913);
#2915=CARTESIAN_POINT('',(2.1335E1,-2.43575E1,-9.2E0));
#2916=VERTEX_POINT('',#2915);
#2917=CARTESIAN_POINT('',(2.3235E1,-2.43575E1,-9.2E0));
#2918=CARTESIAN_POINT('',(2.3235E1,-2.37425E1,-9.2E0));
#2919=VERTEX_POINT('',#2917);
#2920=VERTEX_POINT('',#2918);
#2921=CARTESIAN_POINT('',(2.385E1,-2.37425E1,-9.2E0));
#2922=VERTEX_POINT('',#2921);
#2923=CARTESIAN_POINT('',(2.385E1,-2.43575E1,-9.2E0));
#2924=VERTEX_POINT('',#2923);
#2925=CARTESIAN_POINT('',(3.6005E1,-2.43575E1,-9.2E0));
#2926=CARTESIAN_POINT('',(3.6005E1,-2.37425E1,-9.2E0));
#2927=VERTEX_POINT('',#2925);
#2928=VERTEX_POINT('',#2926);
#2929=CARTESIAN_POINT('',(3.662E1,-2.37425E1,-9.2E0));
#2930=VERTEX_POINT('',#2929);
#2931=CARTESIAN_POINT('',(3.662E1,-2.43575E1,-9.2E0));
#2932=VERTEX_POINT('',#2931);
#2933=CARTESIAN_POINT('',(3.852E1,-2.43575E1,-9.2E0));
#2934=CARTESIAN_POINT('',(3.852E1,-2.37425E1,-9.2E0));
#2935=VERTEX_POINT('',#2933);
#2936=VERTEX_POINT('',#2934);
#2937=CARTESIAN_POINT('',(3.9135E1,-2.37425E1,-9.2E0));
#2938=VERTEX_POINT('',#2937);
#2939=CARTESIAN_POINT('',(3.9135E1,-2.43575E1,-9.2E0));
#2940=VERTEX_POINT('',#2939);
#2941=CARTESIAN_POINT('',(4.1035E1,-2.43575E1,-9.2E0));
#2942=CARTESIAN_POINT('',(4.1035E1,-2.37425E1,-9.2E0));
#2943=VERTEX_POINT('',#2941);
#2944=VERTEX_POINT('',#2942);
#2945=CARTESIAN_POINT('',(4.165E1,-2.37425E1,-9.2E0));
#2946=VERTEX_POINT('',#2945);
#2947=CARTESIAN_POINT('',(4.165E1,-2.43575E1,-9.2E0));
#2948=VERTEX_POINT('',#2947);
#2949=CARTESIAN_POINT('',(3.4095E1,-2.43575E1,-9.2E0));
#2950=CARTESIAN_POINT('',(3.348E1,-2.43575E1,-9.2E0));
#2951=VERTEX_POINT('',#2949);
#2952=VERTEX_POINT('',#2950);
#2953=CARTESIAN_POINT('',(3.348E1,-2.37425E1,-9.2E0));
#2954=VERTEX_POINT('',#2953);
#2955=CARTESIAN_POINT('',(3.4095E1,-2.37425E1,-9.2E0));
#2956=VERTEX_POINT('',#2955);
#2957=CARTESIAN_POINT('',(3.158E1,-2.43575E1,-9.2E0));
#2958=CARTESIAN_POINT('',(3.0965E1,-2.43575E1,-9.2E0));
#2959=VERTEX_POINT('',#2957);
#2960=VERTEX_POINT('',#2958);
#2961=CARTESIAN_POINT('',(3.0965E1,-2.37425E1,-9.2E0));
#2962=VERTEX_POINT('',#2961);
#2963=CARTESIAN_POINT('',(3.158E1,-2.37425E1,-9.2E0));
#2964=VERTEX_POINT('',#2963);
#2965=CARTESIAN_POINT('',(2.9065E1,-2.43575E1,-9.2E0));
#2966=CARTESIAN_POINT('',(2.845E1,-2.43575E1,-9.2E0));
#2967=VERTEX_POINT('',#2965);
#2968=VERTEX_POINT('',#2966);
#2969=CARTESIAN_POINT('',(2.845E1,-2.37425E1,-9.2E0));
#2970=VERTEX_POINT('',#2969);
#2971=CARTESIAN_POINT('',(2.9065E1,-2.37425E1,-9.2E0));
#2972=VERTEX_POINT('',#2971);
#2973=CARTESIAN_POINT('',(1.6295E1,-2.43575E1,-3.3E0));
#2974=CARTESIAN_POINT('',(1.568E1,-2.43575E1,-3.3E0));
#2975=VERTEX_POINT('',#2973);
#2976=VERTEX_POINT('',#2974);
#2977=CARTESIAN_POINT('',(1.568E1,-2.37425E1,-3.3E0));
#2978=VERTEX_POINT('',#2977);
#2979=CARTESIAN_POINT('',(1.6295E1,-2.37425E1,-3.3E0));
#2980=VERTEX_POINT('',#2979);
#2981=CARTESIAN_POINT('',(1.378E1,-2.43575E1,-3.3E0));
#2982=CARTESIAN_POINT('',(1.3165E1,-2.43575E1,-3.3E0));
#2983=VERTEX_POINT('',#2981);
#2984=VERTEX_POINT('',#2982);
#2985=CARTESIAN_POINT('',(1.3165E1,-2.37425E1,-3.3E0));
#2986=VERTEX_POINT('',#2985);
#2987=CARTESIAN_POINT('',(1.378E1,-2.37425E1,-3.3E0));
#2988=VERTEX_POINT('',#2987);
#2989=CARTESIAN_POINT('',(1.1265E1,-2.43575E1,-3.3E0));
#2990=CARTESIAN_POINT('',(1.065E1,-2.43575E1,-3.3E0));
#2991=VERTEX_POINT('',#2989);
#2992=VERTEX_POINT('',#2990);
#2993=CARTESIAN_POINT('',(1.065E1,-2.37425E1,-3.3E0));
#2994=VERTEX_POINT('',#2993);
#2995=CARTESIAN_POINT('',(1.1265E1,-2.37425E1,-3.3E0));
#2996=VERTEX_POINT('',#2995);
#2997=CARTESIAN_POINT('',(1.8205E1,-2.43575E1,-3.3E0));
#2998=CARTESIAN_POINT('',(1.8205E1,-2.37425E1,-3.3E0));
#2999=VERTEX_POINT('',#2997);
#3000=VERTEX_POINT('',#2998);
#3001=CARTESIAN_POINT('',(1.882E1,-2.37425E1,-3.3E0));
#3002=VERTEX_POINT('',#3001);
#3003=CARTESIAN_POINT('',(1.882E1,-2.43575E1,-3.3E0));
#3004=VERTEX_POINT('',#3003);
#3005=CARTESIAN_POINT('',(2.072E1,-2.43575E1,-3.3E0));
#3006=CARTESIAN_POINT('',(2.072E1,-2.37425E1,-3.3E0));
#3007=VERTEX_POINT('',#3005);
#3008=VERTEX_POINT('',#3006);
#3009=CARTESIAN_POINT('',(2.1335E1,-2.37425E1,-3.3E0));
#3010=VERTEX_POINT('',#3009);
#3011=CARTESIAN_POINT('',(2.1335E1,-2.43575E1,-3.3E0));
#3012=VERTEX_POINT('',#3011);
#3013=CARTESIAN_POINT('',(2.3235E1,-2.43575E1,-3.3E0));
#3014=CARTESIAN_POINT('',(2.3235E1,-2.37425E1,-3.3E0));
#3015=VERTEX_POINT('',#3013);
#3016=VERTEX_POINT('',#3014);
#3017=CARTESIAN_POINT('',(2.385E1,-2.37425E1,-3.3E0));
#3018=VERTEX_POINT('',#3017);
#3019=CARTESIAN_POINT('',(2.385E1,-2.43575E1,-3.3E0));
#3020=VERTEX_POINT('',#3019);
#3021=CARTESIAN_POINT('',(3.6005E1,-2.43575E1,-3.3E0));
#3022=CARTESIAN_POINT('',(3.6005E1,-2.37425E1,-3.3E0));
#3023=VERTEX_POINT('',#3021);
#3024=VERTEX_POINT('',#3022);
#3025=CARTESIAN_POINT('',(3.662E1,-2.37425E1,-3.3E0));
#3026=VERTEX_POINT('',#3025);
#3027=CARTESIAN_POINT('',(3.662E1,-2.43575E1,-3.3E0));
#3028=VERTEX_POINT('',#3027);
#3029=CARTESIAN_POINT('',(3.852E1,-2.43575E1,-3.3E0));
#3030=CARTESIAN_POINT('',(3.852E1,-2.37425E1,-3.3E0));
#3031=VERTEX_POINT('',#3029);
#3032=VERTEX_POINT('',#3030);
#3033=CARTESIAN_POINT('',(3.9135E1,-2.37425E1,-3.3E0));
#3034=VERTEX_POINT('',#3033);
#3035=CARTESIAN_POINT('',(3.9135E1,-2.43575E1,-3.3E0));
#3036=VERTEX_POINT('',#3035);
#3037=CARTESIAN_POINT('',(4.1035E1,-2.43575E1,-3.3E0));
#3038=CARTESIAN_POINT('',(4.1035E1,-2.37425E1,-3.3E0));
#3039=VERTEX_POINT('',#3037);
#3040=VERTEX_POINT('',#3038);
#3041=CARTESIAN_POINT('',(4.165E1,-2.37425E1,-3.3E0));
#3042=VERTEX_POINT('',#3041);
#3043=CARTESIAN_POINT('',(4.165E1,-2.43575E1,-3.3E0));
#3044=VERTEX_POINT('',#3043);
#3045=CARTESIAN_POINT('',(3.4095E1,-2.43575E1,-3.3E0));
#3046=CARTESIAN_POINT('',(3.348E1,-2.43575E1,-3.3E0));
#3047=VERTEX_POINT('',#3045);
#3048=VERTEX_POINT('',#3046);
#3049=CARTESIAN_POINT('',(3.348E1,-2.37425E1,-3.3E0));
#3050=VERTEX_POINT('',#3049);
#3051=CARTESIAN_POINT('',(3.4095E1,-2.37425E1,-3.3E0));
#3052=VERTEX_POINT('',#3051);
#3053=CARTESIAN_POINT('',(3.158E1,-2.43575E1,-3.3E0));
#3054=CARTESIAN_POINT('',(3.0965E1,-2.43575E1,-3.3E0));
#3055=VERTEX_POINT('',#3053);
#3056=VERTEX_POINT('',#3054);
#3057=CARTESIAN_POINT('',(3.0965E1,-2.37425E1,-3.3E0));
#3058=VERTEX_POINT('',#3057);
#3059=CARTESIAN_POINT('',(3.158E1,-2.37425E1,-3.3E0));
#3060=VERTEX_POINT('',#3059);
#3061=CARTESIAN_POINT('',(2.9065E1,-2.43575E1,-3.3E0));
#3062=CARTESIAN_POINT('',(2.845E1,-2.43575E1,-3.3E0));
#3063=VERTEX_POINT('',#3061);
#3064=VERTEX_POINT('',#3062);
#3065=CARTESIAN_POINT('',(2.845E1,-2.37425E1,-3.3E0));
#3066=VERTEX_POINT('',#3065);
#3067=CARTESIAN_POINT('',(2.9065E1,-2.37425E1,-3.3E0));
#3068=VERTEX_POINT('',#3067);
#3069=CARTESIAN_POINT('',(4.47E1,-1.884750013157E1,0.E0));
#3070=CARTESIAN_POINT('',(2.99E1,-1.884750013157E1,0.E0));
#3071=VERTEX_POINT('',#3069);
#3072=VERTEX_POINT('',#3070);
#3073=CARTESIAN_POINT('',(2.99E1,-4.047500131566E0,0.E0));
#3074=VERTEX_POINT('',#3073);
#3075=CARTESIAN_POINT('',(4.37E1,-4.047500131566E0,0.E0));
#3076=VERTEX_POINT('',#3075);
#3077=CARTESIAN_POINT('',(4.47E1,-1.514750013157E1,0.E0));
#3078=VERTEX_POINT('',#3077);
#3079=CARTESIAN_POINT('',(4.37E1,-1.324750013157E1,0.E0));
#3080=VERTEX_POINT('',#3079);
#3081=CARTESIAN_POINT('',(2.3995E1,2.46575E1,-9.2E0));
#3082=DIRECTION('',(1.E0,1.155354041886E-14,0.E0));
#3083=DIRECTION('',(1.155354041886E-14,-1.E0,0.E0));
#3084=AXIS2_PLACEMENT_3D('',#3081,#3082,#3083);
#3085=PLANE('',#3084);
#3087=ORIENTED_EDGE('',*,*,#3086,.F.);
#3089=ORIENTED_EDGE('',*,*,#3088,.F.);
#3091=ORIENTED_EDGE('',*,*,#3090,.T.);
#3093=ORIENTED_EDGE('',*,*,#3092,.T.);
#3094=EDGE_LOOP('',(#3087,#3089,#3091,#3093));
#3095=FACE_OUTER_BOUND('',#3094,.F.);
#3096=ADVANCED_FACE('',(#3095),#3085,.T.);
#3097=CARTESIAN_POINT('',(0.E0,0.E0,-3.3E0));
#3098=DIRECTION('',(0.E0,0.E0,-1.E0));
#3099=DIRECTION('',(1.E0,0.E0,0.E0));
#3100=AXIS2_PLACEMENT_3D('',#3097,#3098,#3099);
#3101=PLANE('',#3100);
#3103=ORIENTED_EDGE('',*,*,#3102,.F.);
#3105=ORIENTED_EDGE('',*,*,#3104,.F.);
#3107=ORIENTED_EDGE('',*,*,#3106,.F.);
#3109=ORIENTED_EDGE('',*,*,#3108,.F.);
#3110=EDGE_LOOP('',(#3103,#3105,#3107,#3109));
#3111=FACE_OUTER_BOUND('',#3110,.F.);
#3113=ORIENTED_EDGE('',*,*,#3112,.T.);
#3115=ORIENTED_EDGE('',*,*,#3114,.T.);
#3117=ORIENTED_EDGE('',*,*,#3116,.T.);
#3119=ORIENTED_EDGE('',*,*,#3118,.T.);
#3120=EDGE_LOOP('',(#3113,#3115,#3117,#3119));
#3121=FACE_BOUND('',#3120,.F.);
#3123=ORIENTED_EDGE('',*,*,#3122,.T.);
#3125=ORIENTED_EDGE('',*,*,#3124,.T.);
#3127=ORIENTED_EDGE('',*,*,#3126,.T.);
#3129=ORIENTED_EDGE('',*,*,#3128,.T.);
#3130=EDGE_LOOP('',(#3123,#3125,#3127,#3129));
#3131=FACE_BOUND('',#3130,.F.);
#3133=ORIENTED_EDGE('',*,*,#3132,.T.);
#3135=ORIENTED_EDGE('',*,*,#3134,.T.);
#3137=ORIENTED_EDGE('',*,*,#3136,.T.);
#3139=ORIENTED_EDGE('',*,*,#3138,.T.);
#3140=EDGE_LOOP('',(#3133,#3135,#3137,#3139));
#3141=FACE_BOUND('',#3140,.F.);
#3143=ORIENTED_EDGE('',*,*,#3142,.T.);
#3145=ORIENTED_EDGE('',*,*,#3144,.T.);
#3147=ORIENTED_EDGE('',*,*,#3146,.T.);
#3149=ORIENTED_EDGE('',*,*,#3148,.T.);
#3150=EDGE_LOOP('',(#3143,#3145,#3147,#3149));
#3151=FACE_BOUND('',#3150,.F.);
#3153=ORIENTED_EDGE('',*,*,#3152,.T.);
#3155=ORIENTED_EDGE('',*,*,#3154,.T.);
#3157=ORIENTED_EDGE('',*,*,#3156,.T.);
#3159=ORIENTED_EDGE('',*,*,#3158,.T.);
#3160=EDGE_LOOP('',(#3153,#3155,#3157,#3159));
#3161=FACE_BOUND('',#3160,.F.);
#3163=ORIENTED_EDGE('',*,*,#3162,.T.);
#3165=ORIENTED_EDGE('',*,*,#3164,.T.);
#3167=ORIENTED_EDGE('',*,*,#3166,.T.);
#3169=ORIENTED_EDGE('',*,*,#3168,.T.);
#3170=EDGE_LOOP('',(#3163,#3165,#3167,#3169));
#3171=FACE_BOUND('',#3170,.F.);
#3173=ORIENTED_EDGE('',*,*,#3172,.T.);
#3175=ORIENTED_EDGE('',*,*,#3174,.T.);
#3177=ORIENTED_EDGE('',*,*,#3176,.T.);
#3179=ORIENTED_EDGE('',*,*,#3178,.T.);
#3180=EDGE_LOOP('',(#3173,#3175,#3177,#3179));
#3181=FACE_BOUND('',#3180,.F.);
#3183=ORIENTED_EDGE('',*,*,#3182,.T.);
#3185=ORIENTED_EDGE('',*,*,#3184,.T.);
#3187=ORIENTED_EDGE('',*,*,#3186,.T.);
#3189=ORIENTED_EDGE('',*,*,#3188,.T.);
#3190=EDGE_LOOP('',(#3183,#3185,#3187,#3189));
#3191=FACE_BOUND('',#3190,.F.);
#3192=ADVANCED_FACE('',(#3111,#3121,#3131,#3141,#3151,#3161,#3171,#3181,#3191),
#3101,.T.);
#3193=CARTESIAN_POINT('',(0.E0,0.E0,-3.3E0));
#3194=DIRECTION('',(0.E0,0.E0,-1.E0));
#3195=DIRECTION('',(1.E0,0.E0,0.E0));
#3196=AXIS2_PLACEMENT_3D('',#3193,#3194,#3195);
#3197=PLANE('',#3196);
#3199=ORIENTED_EDGE('',*,*,#3198,.F.);
#3201=ORIENTED_EDGE('',*,*,#3200,.F.);
#3203=ORIENTED_EDGE('',*,*,#3202,.F.);
#3205=ORIENTED_EDGE('',*,*,#3204,.F.);
#3206=EDGE_LOOP('',(#3199,#3201,#3203,#3205));
#3207=FACE_OUTER_BOUND('',#3206,.F.);
#3209=ORIENTED_EDGE('',*,*,#3208,.T.);
#3211=ORIENTED_EDGE('',*,*,#3210,.T.);
#3213=ORIENTED_EDGE('',*,*,#3212,.T.);
#3215=ORIENTED_EDGE('',*,*,#3214,.T.);
#3216=EDGE_LOOP('',(#3209,#3211,#3213,#3215));
#3217=FACE_BOUND('',#3216,.F.);
#3219=ORIENTED_EDGE('',*,*,#3218,.T.);
#3221=ORIENTED_EDGE('',*,*,#3220,.T.);
#3223=ORIENTED_EDGE('',*,*,#3222,.T.);
#3225=ORIENTED_EDGE('',*,*,#3224,.T.);
#3226=EDGE_LOOP('',(#3219,#3221,#3223,#3225));
#3227=FACE_BOUND('',#3226,.F.);
#3229=ORIENTED_EDGE('',*,*,#3228,.T.);
#3231=ORIENTED_EDGE('',*,*,#3230,.T.);
#3233=ORIENTED_EDGE('',*,*,#3232,.T.);
#3235=ORIENTED_EDGE('',*,*,#3234,.T.);
#3236=EDGE_LOOP('',(#3229,#3231,#3233,#3235));
#3237=FACE_BOUND('',#3236,.F.);
#3239=ORIENTED_EDGE('',*,*,#3238,.T.);
#3241=ORIENTED_EDGE('',*,*,#3240,.T.);
#3243=ORIENTED_EDGE('',*,*,#3242,.T.);
#3245=ORIENTED_EDGE('',*,*,#3244,.T.);
#3246=EDGE_LOOP('',(#3239,#3241,#3243,#3245));
#3247=FACE_BOUND('',#3246,.F.);
#3249=ORIENTED_EDGE('',*,*,#3248,.T.);
#3251=ORIENTED_EDGE('',*,*,#3250,.T.);
#3252=ORIENTED_EDGE('',*,*,#3086,.T.);
#3254=ORIENTED_EDGE('',*,*,#3253,.T.);
#3255=EDGE_LOOP('',(#3249,#3251,#3252,#3254));
#3256=FACE_BOUND('',#3255,.F.);
#3258=ORIENTED_EDGE('',*,*,#3257,.T.);
#3260=ORIENTED_EDGE('',*,*,#3259,.T.);
#3262=ORIENTED_EDGE('',*,*,#3261,.T.);
#3264=ORIENTED_EDGE('',*,*,#3263,.T.);
#3265=EDGE_LOOP('',(#3258,#3260,#3262,#3264));
#3266=FACE_BOUND('',#3265,.F.);
#3268=ORIENTED_EDGE('',*,*,#3267,.T.);
#3270=ORIENTED_EDGE('',*,*,#3269,.T.);
#3272=ORIENTED_EDGE('',*,*,#3271,.T.);
#3274=ORIENTED_EDGE('',*,*,#3273,.T.);
#3275=EDGE_LOOP('',(#3268,#3270,#3272,#3274));
#3276=FACE_BOUND('',#3275,.F.);
#3278=ORIENTED_EDGE('',*,*,#3277,.T.);
#3280=ORIENTED_EDGE('',*,*,#3279,.T.);
#3282=ORIENTED_EDGE('',*,*,#3281,.T.);
#3284=ORIENTED_EDGE('',*,*,#3283,.T.);
#3285=EDGE_LOOP('',(#3278,#3280,#3282,#3284));
#3286=FACE_BOUND('',#3285,.F.);
#3287=ADVANCED_FACE('',(#3207,#3217,#3227,#3237,#3247,#3256,#3266,#3276,#3286),
#3197,.T.);
#3288=CARTESIAN_POINT('',(0.E0,0.E0,-3.3E0));
#3289=DIRECTION('',(0.E0,0.E0,-1.E0));
#3290=DIRECTION('',(1.E0,0.E0,0.E0));
#3291=AXIS2_PLACEMENT_3D('',#3288,#3289,#3290);
#3292=PLANE('',#3291);
#3294=ORIENTED_EDGE('',*,*,#3293,.F.);
#3296=ORIENTED_EDGE('',*,*,#3295,.F.);
#3298=ORIENTED_EDGE('',*,*,#3297,.F.);
#3300=ORIENTED_EDGE('',*,*,#3299,.F.);
#3301=EDGE_LOOP('',(#3294,#3296,#3298,#3300));
#3302=FACE_OUTER_BOUND('',#3301,.F.);
#3304=ORIENTED_EDGE('',*,*,#3303,.T.);
#3306=ORIENTED_EDGE('',*,*,#3305,.T.);
#3308=ORIENTED_EDGE('',*,*,#3307,.T.);
#3310=ORIENTED_EDGE('',*,*,#3309,.T.);
#3311=EDGE_LOOP('',(#3304,#3306,#3308,#3310));
#3312=FACE_BOUND('',#3311,.F.);
#3314=ORIENTED_EDGE('',*,*,#3313,.T.);
#3316=ORIENTED_EDGE('',*,*,#3315,.T.);
#3318=ORIENTED_EDGE('',*,*,#3317,.T.);
#3320=ORIENTED_EDGE('',*,*,#3319,.T.);
#3321=EDGE_LOOP('',(#3314,#3316,#3318,#3320));
#3322=FACE_BOUND('',#3321,.F.);
#3324=ORIENTED_EDGE('',*,*,#3323,.T.);
#3326=ORIENTED_EDGE('',*,*,#3325,.T.);
#3328=ORIENTED_EDGE('',*,*,#3327,.T.);
#3330=ORIENTED_EDGE('',*,*,#3329,.T.);
#3331=EDGE_LOOP('',(#3324,#3326,#3328,#3330));
#3332=FACE_BOUND('',#3331,.F.);
#3334=ORIENTED_EDGE('',*,*,#3333,.T.);
#3336=ORIENTED_EDGE('',*,*,#3335,.T.);
#3338=ORIENTED_EDGE('',*,*,#3337,.T.);
#3340=ORIENTED_EDGE('',*,*,#3339,.T.);
#3341=EDGE_LOOP('',(#3334,#3336,#3338,#3340));
#3342=FACE_BOUND('',#3341,.F.);
#3344=ORIENTED_EDGE('',*,*,#3343,.T.);
#3346=ORIENTED_EDGE('',*,*,#3345,.T.);
#3348=ORIENTED_EDGE('',*,*,#3347,.T.);
#3350=ORIENTED_EDGE('',*,*,#3349,.T.);
#3351=EDGE_LOOP('',(#3344,#3346,#3348,#3350));
#3352=FACE_BOUND('',#3351,.F.);
#3354=ORIENTED_EDGE('',*,*,#3353,.T.);
#3356=ORIENTED_EDGE('',*,*,#3355,.T.);
#3358=ORIENTED_EDGE('',*,*,#3357,.T.);
#3360=ORIENTED_EDGE('',*,*,#3359,.T.);
#3361=EDGE_LOOP('',(#3354,#3356,#3358,#3360));
#3362=FACE_BOUND('',#3361,.F.);
#3363=ADVANCED_FACE('',(#3302,#3312,#3322,#3332,#3342,#3352,#3362),#3292,.T.);
#3364=CARTESIAN_POINT('',(0.E0,0.E0,-3.3E0));
#3365=DIRECTION('',(0.E0,0.E0,-1.E0));
#3366=DIRECTION('',(1.E0,0.E0,0.E0));
#3367=AXIS2_PLACEMENT_3D('',#3364,#3365,#3366);
#3368=PLANE('',#3367);
#3370=ORIENTED_EDGE('',*,*,#3369,.F.);
#3372=ORIENTED_EDGE('',*,*,#3371,.F.);
#3374=ORIENTED_EDGE('',*,*,#3373,.F.);
#3376=ORIENTED_EDGE('',*,*,#3375,.F.);
#3377=EDGE_LOOP('',(#3370,#3372,#3374,#3376));
#3378=FACE_OUTER_BOUND('',#3377,.F.);
#3380=ORIENTED_EDGE('',*,*,#3379,.T.);
#3382=ORIENTED_EDGE('',*,*,#3381,.T.);
#3384=ORIENTED_EDGE('',*,*,#3383,.T.);
#3386=ORIENTED_EDGE('',*,*,#3385,.T.);
#3387=EDGE_LOOP('',(#3380,#3382,#3384,#3386));
#3388=FACE_BOUND('',#3387,.F.);
#3390=ORIENTED_EDGE('',*,*,#3389,.T.);
#3392=ORIENTED_EDGE('',*,*,#3391,.T.);
#3394=ORIENTED_EDGE('',*,*,#3393,.T.);
#3396=ORIENTED_EDGE('',*,*,#3395,.T.);
#3397=EDGE_LOOP('',(#3390,#3392,#3394,#3396));
#3398=FACE_BOUND('',#3397,.F.);
#3400=ORIENTED_EDGE('',*,*,#3399,.T.);
#3402=ORIENTED_EDGE('',*,*,#3401,.T.);
#3404=ORIENTED_EDGE('',*,*,#3403,.T.);
#3406=ORIENTED_EDGE('',*,*,#3405,.T.);
#3407=EDGE_LOOP('',(#3400,#3402,#3404,#3406));
#3408=FACE_BOUND('',#3407,.F.);
#3410=ORIENTED_EDGE('',*,*,#3409,.T.);
#3412=ORIENTED_EDGE('',*,*,#3411,.T.);
#3414=ORIENTED_EDGE('',*,*,#3413,.T.);
#3416=ORIENTED_EDGE('',*,*,#3415,.T.);
#3417=EDGE_LOOP('',(#3410,#3412,#3414,#3416));
#3418=FACE_BOUND('',#3417,.F.);
#3420=ORIENTED_EDGE('',*,*,#3419,.T.);
#3422=ORIENTED_EDGE('',*,*,#3421,.T.);
#3424=ORIENTED_EDGE('',*,*,#3423,.T.);
#3426=ORIENTED_EDGE('',*,*,#3425,.T.);
#3427=EDGE_LOOP('',(#3420,#3422,#3424,#3426));
#3428=FACE_BOUND('',#3427,.F.);
#3430=ORIENTED_EDGE('',*,*,#3429,.T.);
#3432=ORIENTED_EDGE('',*,*,#3431,.T.);
#3434=ORIENTED_EDGE('',*,*,#3433,.T.);
#3436=ORIENTED_EDGE('',*,*,#3435,.T.);
#3437=EDGE_LOOP('',(#3430,#3432,#3434,#3436));
#3438=FACE_BOUND('',#3437,.F.);
#3439=ADVANCED_FACE('',(#3378,#3388,#3398,#3408,#3418,#3428,#3438),#3368,.T.);
#3440=CARTESIAN_POINT('',(8.E-1,2.31E1,-3.3E0));
#3441=DIRECTION('',(-1.E0,0.E0,0.E0));
#3442=DIRECTION('',(0.E0,1.E0,0.E0));
#3443=AXIS2_PLACEMENT_3D('',#3440,#3441,#3442);
#3444=PLANE('',#3443);
#3446=ORIENTED_EDGE('',*,*,#3445,.F.);
#3448=ORIENTED_EDGE('',*,*,#3447,.F.);
#3449=ORIENTED_EDGE('',*,*,#3102,.T.);
#3451=ORIENTED_EDGE('',*,*,#3450,.T.);
#3452=EDGE_LOOP('',(#3446,#3448,#3449,#3451));
#3453=FACE_OUTER_BOUND('',#3452,.F.);
#3454=ADVANCED_FACE('',(#3453),#3444,.T.);
#3455=CARTESIAN_POINT('',(0.E0,0.E0,0.E0));
#3456=DIRECTION('',(0.E0,0.E0,-1.E0));
#3457=DIRECTION('',(1.E0,0.E0,0.E0));
#3458=AXIS2_PLACEMENT_3D('',#3455,#3456,#3457);
#3459=PLANE('',#3458);
#3461=ORIENTED_EDGE('',*,*,#3460,.T.);
#3463=ORIENTED_EDGE('',*,*,#3462,.T.);
#3465=ORIENTED_EDGE('',*,*,#3464,.T.);
#3467=ORIENTED_EDGE('',*,*,#3466,.F.);
#3469=ORIENTED_EDGE('',*,*,#3468,.T.);
#3471=ORIENTED_EDGE('',*,*,#3470,.T.);
#3473=ORIENTED_EDGE('',*,*,#3472,.T.);
#3475=ORIENTED_EDGE('',*,*,#3474,.T.);
#3477=ORIENTED_EDGE('',*,*,#3476,.T.);
#3479=ORIENTED_EDGE('',*,*,#3478,.T.);
#3481=ORIENTED_EDGE('',*,*,#3480,.F.);
#3483=ORIENTED_EDGE('',*,*,#3482,.F.);
#3485=ORIENTED_EDGE('',*,*,#3484,.T.);
#3487=ORIENTED_EDGE('',*,*,#3486,.T.);
#3489=ORIENTED_EDGE('',*,*,#3488,.F.);
#3491=ORIENTED_EDGE('',*,*,#3490,.F.);
#3493=ORIENTED_EDGE('',*,*,#3492,.T.);
#3495=ORIENTED_EDGE('',*,*,#3494,.T.);
#3497=ORIENTED_EDGE('',*,*,#3496,.F.);
#3499=ORIENTED_EDGE('',*,*,#3498,.F.);
#3501=ORIENTED_EDGE('',*,*,#3500,.T.);
#3503=ORIENTED_EDGE('',*,*,#3502,.T.);
#3505=ORIENTED_EDGE('',*,*,#3504,.F.);
#3507=ORIENTED_EDGE('',*,*,#3506,.F.);
#3509=ORIENTED_EDGE('',*,*,#3508,.T.);
#3511=ORIENTED_EDGE('',*,*,#3510,.T.);
#3513=ORIENTED_EDGE('',*,*,#3512,.F.);
#3515=ORIENTED_EDGE('',*,*,#3514,.F.);
#3516=EDGE_LOOP('',(#3461,#3463,#3465,#3467,#3469,#3471,#3473,#3475,#3477,#3479,
#3481,#3483,#3485,#3487,#3489,#3491,#3493,#3495,#3497,#3499,#3501,#3503,#3505,
#3507,#3509,#3511,#3513,#3515));
#3517=FACE_OUTER_BOUND('',#3516,.F.);
#3519=ORIENTED_EDGE('',*,*,#3518,.T.);
#3521=ORIENTED_EDGE('',*,*,#3520,.T.);
#3523=ORIENTED_EDGE('',*,*,#3522,.T.);
#3525=ORIENTED_EDGE('',*,*,#3524,.T.);
#3526=EDGE_LOOP('',(#3519,#3521,#3523,#3525));
#3527=FACE_BOUND('',#3526,.F.);
#3529=ORIENTED_EDGE('',*,*,#3528,.T.);
#3531=ORIENTED_EDGE('',*,*,#3530,.T.);
#3533=ORIENTED_EDGE('',*,*,#3532,.T.);
#3535=ORIENTED_EDGE('',*,*,#3534,.F.);
#3537=ORIENTED_EDGE('',*,*,#3536,.F.);
#3539=ORIENTED_EDGE('',*,*,#3538,.T.);
#3540=EDGE_LOOP('',(#3529,#3531,#3533,#3535,#3537,#3539));
#3541=FACE_BOUND('',#3540,.F.);
#3542=ORIENTED_EDGE('',*,*,#3445,.T.);
#3544=ORIENTED_EDGE('',*,*,#3543,.T.);
#3546=ORIENTED_EDGE('',*,*,#3545,.T.);
#3548=ORIENTED_EDGE('',*,*,#3547,.T.);
#3549=EDGE_LOOP('',(#3542,#3544,#3546,#3548));
#3550=FACE_BOUND('',#3549,.F.);
#3552=ORIENTED_EDGE('',*,*,#3551,.T.);
#3554=ORIENTED_EDGE('',*,*,#3553,.T.);
#3556=ORIENTED_EDGE('',*,*,#3555,.T.);
#3558=ORIENTED_EDGE('',*,*,#3557,.T.);
#3559=EDGE_LOOP('',(#3552,#3554,#3556,#3558));
#3560=FACE_BOUND('',#3559,.F.);
#3562=ORIENTED_EDGE('',*,*,#3561,.T.);
#3564=ORIENTED_EDGE('',*,*,#3563,.T.);
#3566=ORIENTED_EDGE('',*,*,#3565,.T.);
#3568=ORIENTED_EDGE('',*,*,#3567,.T.);
#3569=EDGE_LOOP('',(#3562,#3564,#3566,#3568));
#3570=FACE_BOUND('',#3569,.F.);
#3572=ORIENTED_EDGE('',*,*,#3571,.T.);
#3574=ORIENTED_EDGE('',*,*,#3573,.T.);
#3576=ORIENTED_EDGE('',*,*,#3575,.T.);
#3578=ORIENTED_EDGE('',*,*,#3577,.T.);
#3579=EDGE_LOOP('',(#3572,#3574,#3576,#3578));
#3580=FACE_BOUND('',#3579,.F.);
#3581=ADVANCED_FACE('',(#3517,#3527,#3541,#3550,#3560,#3570,#3580),#3459,.T.);
#3582=CARTESIAN_POINT('',(4.04E1,-2.6E0,0.E0));
#3583=DIRECTION('',(-1.E0,0.E0,0.E0));
#3584=DIRECTION('',(0.E0,1.E0,0.E0));
#3585=AXIS2_PLACEMENT_3D('',#3582,#3583,#3584);
#3586=PLANE('',#3585);
#3587=ORIENTED_EDGE('',*,*,#3518,.F.);
#3589=ORIENTED_EDGE('',*,*,#3588,.T.);
#3591=ORIENTED_EDGE('',*,*,#3590,.T.);
#3593=ORIENTED_EDGE('',*,*,#3592,.F.);
#3594=EDGE_LOOP('',(#3587,#3589,#3591,#3593));
#3595=FACE_OUTER_BOUND('',#3594,.F.);
#3596=ADVANCED_FACE('',(#3595),#3586,.T.);
#3597=CARTESIAN_POINT('',(4.54E1,-2.6E0,0.E0));
#3598=DIRECTION('',(0.E0,-1.E0,0.E0));
#3599=DIRECTION('',(-1.E0,0.E0,0.E0));
#3600=AXIS2_PLACEMENT_3D('',#3597,#3598,#3599);
#3601=PLANE('',#3600);
#3602=ORIENTED_EDGE('',*,*,#3524,.F.);
#3604=ORIENTED_EDGE('',*,*,#3603,.T.);
#3606=ORIENTED_EDGE('',*,*,#3605,.T.);
#3607=ORIENTED_EDGE('',*,*,#3588,.F.);
#3608=EDGE_LOOP('',(#3602,#3604,#3606,#3607));
#3609=FACE_OUTER_BOUND('',#3608,.F.);
#3610=ADVANCED_FACE('',(#3609),#3601,.T.);
#3611=CARTESIAN_POINT('',(4.54E1,5.4E0,0.E0));
#3612=DIRECTION('',(1.E0,0.E0,0.E0));
#3613=DIRECTION('',(0.E0,-1.E0,0.E0));
#3614=AXIS2_PLACEMENT_3D('',#3611,#3612,#3613);
#3615=PLANE('',#3614);
#3616=ORIENTED_EDGE('',*,*,#3522,.F.);
#3618=ORIENTED_EDGE('',*,*,#3617,.T.);
#3620=ORIENTED_EDGE('',*,*,#3619,.T.);
#3621=ORIENTED_EDGE('',*,*,#3603,.F.);
#3622=EDGE_LOOP('',(#3616,#3618,#3620,#3621));
#3623=FACE_OUTER_BOUND('',#3622,.F.);
#3624=ADVANCED_FACE('',(#3623),#3615,.T.);
#3625=CARTESIAN_POINT('',(4.04E1,5.4E0,0.E0));
#3626=DIRECTION('',(0.E0,1.E0,0.E0));
#3627=DIRECTION('',(1.E0,0.E0,0.E0));
#3628=AXIS2_PLACEMENT_3D('',#3625,#3626,#3627);
#3629=PLANE('',#3628);
#3630=ORIENTED_EDGE('',*,*,#3520,.F.);
#3631=ORIENTED_EDGE('',*,*,#3592,.T.);
#3633=ORIENTED_EDGE('',*,*,#3632,.T.);
#3634=ORIENTED_EDGE('',*,*,#3617,.F.);
#3635=EDGE_LOOP('',(#3630,#3631,#3633,#3634));
#3636=FACE_OUTER_BOUND('',#3635,.F.);
#3637=ADVANCED_FACE('',(#3636),#3629,.T.);
#3638=CARTESIAN_POINT('',(0.E0,0.E0,-9.4E0));
#3639=DIRECTION('',(0.E0,0.E0,-1.E0));
#3640=DIRECTION('',(1.E0,0.E0,0.E0));
#3641=AXIS2_PLACEMENT_3D('',#3638,#3639,#3640);
#3642=PLANE('',#3641);
#3643=ORIENTED_EDGE('',*,*,#3590,.F.);
#3644=ORIENTED_EDGE('',*,*,#3605,.F.);
#3645=ORIENTED_EDGE('',*,*,#3619,.F.);
#3646=ORIENTED_EDGE('',*,*,#3632,.F.);
#3647=EDGE_LOOP('',(#3643,#3644,#3645,#3646));
#3648=FACE_OUTER_BOUND('',#3647,.F.);
#3649=ADVANCED_FACE('',(#3648),#3642,.T.);
#3650=CARTESIAN_POINT('',(4.75E1,-1.73E1,0.E0));
#3651=DIRECTION('',(-7.253743710123E-1,-6.883545756938E-1,0.E0));
#3652=DIRECTION('',(-6.883545756938E-1,7.253743710123E-1,0.E0));
#3653=AXIS2_PLACEMENT_3D('',#3650,#3651,#3652);
#3654=PLANE('',#3653);
#3655=ORIENTED_EDGE('',*,*,#3460,.F.);
#3657=ORIENTED_EDGE('',*,*,#3656,.F.);
#3659=ORIENTED_EDGE('',*,*,#3658,.T.);
#3661=ORIENTED_EDGE('',*,*,#3660,.F.);
#3662=EDGE_LOOP('',(#3655,#3657,#3659,#3661));
#3663=FACE_OUTER_BOUND('',#3662,.F.);
#3664=ADVANCED_FACE('',(#3663),#3654,.F.);
#3665=CARTESIAN_POINT('',(4.75E1,3.11E1,0.E0));
#3666=DIRECTION('',(1.E0,0.E0,0.E0));
#3667=DIRECTION('',(0.E0,-1.E0,0.E0));
#3668=AXIS2_PLACEMENT_3D('',#3665,#3666,#3667);
#3669=PLANE('',#3668);
#3671=ORIENTED_EDGE('',*,*,#3670,.F.);
#3673=ORIENTED_EDGE('',*,*,#3672,.F.);
#3675=ORIENTED_EDGE('',*,*,#3674,.T.);
#3676=ORIENTED_EDGE('',*,*,#3482,.T.);
#3677=EDGE_LOOP('',(#3671,#3673,#3675,#3676));
#3678=FACE_OUTER_BOUND('',#3677,.F.);
#3679=ADVANCED_FACE('',(#3678),#3669,.T.);
#3680=CARTESIAN_POINT('',(4.75E1,3.11E1,0.E0));
#3681=DIRECTION('',(1.E0,0.E0,0.E0));
#3682=DIRECTION('',(0.E0,-1.E0,0.E0));
#3683=AXIS2_PLACEMENT_3D('',#3680,#3681,#3682);
#3684=PLANE('',#3683);
#3685=ORIENTED_EDGE('',*,*,#3656,.T.);
#3686=ORIENTED_EDGE('',*,*,#3514,.T.);
#3688=ORIENTED_EDGE('',*,*,#3687,.F.);
#3690=ORIENTED_EDGE('',*,*,#3689,.F.);
#3691=EDGE_LOOP('',(#3685,#3686,#3688,#3690));
#3692=FACE_OUTER_BOUND('',#3691,.F.);
#3693=ADVANCED_FACE('',(#3692),#3684,.T.);
#3694=CARTESIAN_POINT('',(4.75E1,3.11E1,0.E0));
#3695=DIRECTION('',(1.E0,0.E0,0.E0));
#3696=DIRECTION('',(0.E0,-1.E0,0.E0));
#3697=AXIS2_PLACEMENT_3D('',#3694,#3695,#3696);
#3698=PLANE('',#3697);
#3700=ORIENTED_EDGE('',*,*,#3699,.F.);
#3702=ORIENTED_EDGE('',*,*,#3701,.F.);
#3704=ORIENTED_EDGE('',*,*,#3703,.T.);
#3705=ORIENTED_EDGE('',*,*,#3466,.T.);
#3706=EDGE_LOOP('',(#3700,#3702,#3704,#3705));
#3707=FACE_OUTER_BOUND('',#3706,.F.);
#3708=ADVANCED_FACE('',(#3707),#3698,.T.);
#3709=CARTESIAN_POINT('',(4.66E1,1.79E1,0.E0));
#3710=DIRECTION('',(-7.071067811865E-1,7.071067811865E-1,0.E0));
#3711=DIRECTION('',(7.071067811865E-1,7.071067811865E-1,0.E0));
#3712=AXIS2_PLACEMENT_3D('',#3709,#3710,#3711);
#3713=PLANE('',#3712);
#3714=ORIENTED_EDGE('',*,*,#3480,.T.);
#3716=ORIENTED_EDGE('',*,*,#3715,.T.);
#3718=ORIENTED_EDGE('',*,*,#3717,.F.);
#3719=ORIENTED_EDGE('',*,*,#3670,.T.);
#3720=EDGE_LOOP('',(#3714,#3716,#3718,#3719));
#3721=FACE_OUTER_BOUND('',#3720,.F.);
#3722=ADVANCED_FACE('',(#3721),#3713,.F.);
#3723=CARTESIAN_POINT('',(4.66E1,1.76E1,-3.6E0));
#3724=DIRECTION('',(1.E0,0.E0,0.E0));
#3725=DIRECTION('',(0.E0,-1.E0,0.E0));
#3726=AXIS2_PLACEMENT_3D('',#3723,#3724,#3725);
#3727=PLANE('',#3726);
#3729=ORIENTED_EDGE('',*,*,#3728,.T.);
#3730=ORIENTED_EDGE('',*,*,#3470,.F.);
#3732=ORIENTED_EDGE('',*,*,#3731,.T.);
#3734=ORIENTED_EDGE('',*,*,#3733,.T.);
#3735=ORIENTED_EDGE('',*,*,#3715,.F.);
#3736=ORIENTED_EDGE('',*,*,#3478,.F.);
#3738=ORIENTED_EDGE('',*,*,#3737,.F.);
#3740=ORIENTED_EDGE('',*,*,#3739,.T.);
#3741=EDGE_LOOP('',(#3729,#3730,#3732,#3734,#3735,#3736,#3738,#3740));
#3742=FACE_OUTER_BOUND('',#3741,.F.);
#3744=ORIENTED_EDGE('',*,*,#3743,.T.);
#3746=ORIENTED_EDGE('',*,*,#3745,.T.);
#3748=ORIENTED_EDGE('',*,*,#3747,.T.);
#3750=ORIENTED_EDGE('',*,*,#3749,.T.);
#3751=EDGE_LOOP('',(#3744,#3746,#3748,#3750));
#3752=FACE_BOUND('',#3751,.F.);
#3753=ADVANCED_FACE('',(#3742,#3752),#3727,.T.);
#3754=CARTESIAN_POINT('',(4.66E1,1.06E1,-3.6E0));
#3755=DIRECTION('',(0.E0,-1.E0,0.E0));
#3756=DIRECTION('',(-1.E0,0.E0,0.E0));
#3757=AXIS2_PLACEMENT_3D('',#3754,#3755,#3756);
#3758=PLANE('',#3757);
#3759=ORIENTED_EDGE('',*,*,#3472,.F.);
#3760=ORIENTED_EDGE('',*,*,#3728,.F.);
#3762=ORIENTED_EDGE('',*,*,#3761,.T.);
#3764=ORIENTED_EDGE('',*,*,#3763,.T.);
#3765=EDGE_LOOP('',(#3759,#3760,#3762,#3764));
#3766=FACE_OUTER_BOUND('',#3765,.F.);
#3767=ADVANCED_FACE('',(#3766),#3758,.T.);
#3768=CARTESIAN_POINT('',(0.E0,0.E0,-3.6E0));
#3769=DIRECTION('',(0.E0,0.E0,-1.E0));
#3770=DIRECTION('',(1.E0,0.E0,0.E0));
#3771=AXIS2_PLACEMENT_3D('',#3768,#3769,#3770);
#3772=PLANE('',#3771);
#3774=ORIENTED_EDGE('',*,*,#3773,.F.);
#3775=ORIENTED_EDGE('',*,*,#3761,.F.);
#3776=ORIENTED_EDGE('',*,*,#3739,.F.);
#3778=ORIENTED_EDGE('',*,*,#3777,.F.);
#3779=EDGE_LOOP('',(#3774,#3775,#3776,#3778));
#3780=FACE_OUTER_BOUND('',#3779,.F.);
#3781=ADVANCED_FACE('',(#3780),#3772,.T.);
#3782=CARTESIAN_POINT('',(4.44E1,1.06E1,-3.6E0));
#3783=DIRECTION('',(-1.E0,0.E0,0.E0));
#3784=DIRECTION('',(0.E0,1.E0,0.E0));
#3785=AXIS2_PLACEMENT_3D('',#3782,#3783,#3784);
#3786=PLANE('',#3785);
#3787=ORIENTED_EDGE('',*,*,#3474,.F.);
#3788=ORIENTED_EDGE('',*,*,#3763,.F.);
#3789=ORIENTED_EDGE('',*,*,#3773,.T.);
#3791=ORIENTED_EDGE('',*,*,#3790,.T.);
#3792=EDGE_LOOP('',(#3787,#3788,#3789,#3791));
#3793=FACE_OUTER_BOUND('',#3792,.F.);
#3794=ADVANCED_FACE('',(#3793),#3786,.T.);
#3795=CARTESIAN_POINT('',(4.44E1,1.76E1,-3.6E0));
#3796=DIRECTION('',(0.E0,1.E0,0.E0));
#3797=DIRECTION('',(1.E0,0.E0,0.E0));
#3798=AXIS2_PLACEMENT_3D('',#3795,#3796,#3797);
#3799=PLANE('',#3798);
#3800=ORIENTED_EDGE('',*,*,#3476,.F.);
#3801=ORIENTED_EDGE('',*,*,#3790,.F.);
#3802=ORIENTED_EDGE('',*,*,#3777,.T.);
#3803=ORIENTED_EDGE('',*,*,#3737,.T.);
#3804=EDGE_LOOP('',(#3800,#3801,#3802,#3803));
#3805=FACE_OUTER_BOUND('',#3804,.F.);
#3806=ADVANCED_FACE('',(#3805),#3799,.T.);
#3807=CARTESIAN_POINT('',(4.91E1,7.8E0,0.E0));
#3808=DIRECTION('',(-7.071067811865E-1,-7.071067811865E-1,0.E0));
#3809=DIRECTION('',(-7.071067811865E-1,7.071067811865E-1,0.E0));
#3810=AXIS2_PLACEMENT_3D('',#3807,#3808,#3809);
#3811=PLANE('',#3810);
#3812=ORIENTED_EDGE('',*,*,#3468,.F.);
#3813=ORIENTED_EDGE('',*,*,#3703,.F.);
#3815=ORIENTED_EDGE('',*,*,#3814,.T.);
#3816=ORIENTED_EDGE('',*,*,#3731,.F.);
#3817=EDGE_LOOP('',(#3812,#3813,#3815,#3816));
#3818=FACE_OUTER_BOUND('',#3817,.F.);
#3819=ADVANCED_FACE('',(#3818),#3811,.F.);
#3820=CARTESIAN_POINT('',(0.E0,0.E0,1.6E0));
#3821=DIRECTION('',(0.E0,0.E0,-1.E0));
#3822=DIRECTION('',(1.E0,0.E0,0.E0));
#3823=AXIS2_PLACEMENT_3D('',#3820,#3821,#3822);
#3824=PLANE('',#3823);
#3825=ORIENTED_EDGE('',*,*,#3658,.F.);
#3826=ORIENTED_EDGE('',*,*,#3689,.T.);
#3828=ORIENTED_EDGE('',*,*,#3827,.T.);
#3830=ORIENTED_EDGE('',*,*,#3829,.F.);
#3832=ORIENTED_EDGE('',*,*,#3831,.F.);
#3834=ORIENTED_EDGE('',*,*,#3833,.T.);
#3836=ORIENTED_EDGE('',*,*,#3835,.T.);
#3838=ORIENTED_EDGE('',*,*,#3837,.F.);
#3840=ORIENTED_EDGE('',*,*,#3839,.F.);
#3842=ORIENTED_EDGE('',*,*,#3841,.T.);
#3844=ORIENTED_EDGE('',*,*,#3843,.T.);
#3846=ORIENTED_EDGE('',*,*,#3845,.F.);
#3848=ORIENTED_EDGE('',*,*,#3847,.F.);
#3850=ORIENTED_EDGE('',*,*,#3849,.T.);
#3852=ORIENTED_EDGE('',*,*,#3851,.T.);
#3854=ORIENTED_EDGE('',*,*,#3853,.F.);
#3856=ORIENTED_EDGE('',*,*,#3855,.F.);
#3857=ORIENTED_EDGE('',*,*,#3672,.T.);
#3858=ORIENTED_EDGE('',*,*,#3717,.T.);
#3859=ORIENTED_EDGE('',*,*,#3733,.F.);
#3860=ORIENTED_EDGE('',*,*,#3814,.F.);
#3861=ORIENTED_EDGE('',*,*,#3701,.T.);
#3863=ORIENTED_EDGE('',*,*,#3862,.F.);
#3865=ORIENTED_EDGE('',*,*,#3864,.F.);
#3866=EDGE_LOOP('',(#3825,#3826,#3828,#3830,#3832,#3834,#3836,#3838,#3840,#3842,
#3844,#3846,#3848,#3850,#3852,#3854,#3856,#3857,#3858,#3859,#3860,#3861,#3863,
#3865));
#3867=FACE_OUTER_BOUND('',#3866,.F.);
#3868=ADVANCED_FACE('',(#3867),#3824,.F.);
#3869=CARTESIAN_POINT('',(4.72E1,-2.88E1,0.E0));
#3870=DIRECTION('',(0.E0,1.E0,0.E0));
#3871=DIRECTION('',(1.E0,0.E0,0.E0));
#3872=AXIS2_PLACEMENT_3D('',#3869,#3870,#3871);
#3873=PLANE('',#3872);
#3874=ORIENTED_EDGE('',*,*,#3512,.T.);
#3876=ORIENTED_EDGE('',*,*,#3875,.T.);
#3877=ORIENTED_EDGE('',*,*,#3827,.F.);
#3878=ORIENTED_EDGE('',*,*,#3687,.T.);
#3879=EDGE_LOOP('',(#3874,#3876,#3877,#3878));
#3880=FACE_OUTER_BOUND('',#3879,.F.);
#3881=ADVANCED_FACE('',(#3880),#3873,.F.);
#3882=CARTESIAN_POINT('',(4.72E1,-2.98E1,0.E0));
#3883=DIRECTION('',(0.E0,0.E0,-1.E0));
#3884=DIRECTION('',(1.E0,0.E0,0.E0));
#3885=AXIS2_PLACEMENT_3D('',#3882,#3883,#3884);
#3886=CYLINDRICAL_SURFACE('',#3885,1.E0);
#3887=ORIENTED_EDGE('',*,*,#3510,.F.);
#3889=ORIENTED_EDGE('',*,*,#3888,.T.);
#3890=ORIENTED_EDGE('',*,*,#3829,.T.);
#3891=ORIENTED_EDGE('',*,*,#3875,.F.);
#3892=EDGE_LOOP('',(#3887,#3889,#3890,#3891));
#3893=FACE_OUTER_BOUND('',#3892,.F.);
#3894=ADVANCED_FACE('',(#3893),#3886,.F.);
#3895=CARTESIAN_POINT('',(4.62E1,-3.252E1,0.E0));
#3896=DIRECTION('',(-1.E0,0.E0,0.E0));
#3897=DIRECTION('',(0.E0,1.E0,0.E0));
#3898=AXIS2_PLACEMENT_3D('',#3895,#3896,#3897);
#3899=PLANE('',#3898);
#3900=ORIENTED_EDGE('',*,*,#3508,.F.);
#3902=ORIENTED_EDGE('',*,*,#3901,.F.);
#3903=ORIENTED_EDGE('',*,*,#3831,.T.);
#3904=ORIENTED_EDGE('',*,*,#3888,.F.);
#3905=EDGE_LOOP('',(#3900,#3902,#3903,#3904));
#3906=FACE_OUTER_BOUND('',#3905,.F.);
#3907=ADVANCED_FACE('',(#3906),#3899,.F.);
#3908=CARTESIAN_POINT('',(4.75E1,-3.11E1,0.E0));
#3909=DIRECTION('',(0.E0,-1.E0,0.E0));
#3910=DIRECTION('',(-1.E0,0.E0,0.E0));
#3911=AXIS2_PLACEMENT_3D('',#3908,#3909,#3910);
#3912=PLANE('',#3911);
#3914=ORIENTED_EDGE('',*,*,#3913,.F.);
#3915=ORIENTED_EDGE('',*,*,#3833,.F.);
#3916=ORIENTED_EDGE('',*,*,#3901,.T.);
#3917=ORIENTED_EDGE('',*,*,#3506,.T.);
#3918=EDGE_LOOP('',(#3914,#3915,#3916,#3917));
#3919=FACE_OUTER_BOUND('',#3918,.F.);
#3920=ADVANCED_FACE('',(#3919),#3912,.T.);
#3921=CARTESIAN_POINT('',(-4.62E1,-3.01E1,0.E0));
#3922=DIRECTION('',(1.E0,0.E0,0.E0));
#3923=DIRECTION('',(0.E0,-1.E0,0.E0));
#3924=AXIS2_PLACEMENT_3D('',#3921,#3922,#3923);
#3925=PLANE('',#3924);
#3926=ORIENTED_EDGE('',*,*,#3504,.T.);
#3928=ORIENTED_EDGE('',*,*,#3927,.T.);
#3929=ORIENTED_EDGE('',*,*,#3835,.F.);
#3930=ORIENTED_EDGE('',*,*,#3913,.T.);
#3931=EDGE_LOOP('',(#3926,#3928,#3929,#3930));
#3932=FACE_OUTER_BOUND('',#3931,.F.);
#3933=ADVANCED_FACE('',(#3932),#3925,.F.);
#3934=CARTESIAN_POINT('',(-4.7E1,-3.01E1,0.E0));
#3935=DIRECTION('',(0.E0,0.E0,-1.E0));
#3936=DIRECTION('',(1.E0,0.E0,0.E0));
#3937=AXIS2_PLACEMENT_3D('',#3934,#3935,#3936);
#3938=CYLINDRICAL_SURFACE('',#3937,8.E-1);
#3939=ORIENTED_EDGE('',*,*,#3502,.F.);
#3941=ORIENTED_EDGE('',*,*,#3940,.T.);
#3942=ORIENTED_EDGE('',*,*,#3837,.T.);
#3943=ORIENTED_EDGE('',*,*,#3927,.F.);
#3944=EDGE_LOOP('',(#3939,#3941,#3942,#3943));
#3945=FACE_OUTER_BOUND('',#3944,.F.);
#3946=ADVANCED_FACE('',(#3945),#3938,.F.);
#3947=CARTESIAN_POINT('',(-4.92E1,-2.93E1,0.E0));
#3948=DIRECTION('',(0.E0,1.E0,0.E0));
#3949=DIRECTION('',(1.E0,0.E0,0.E0));
#3950=AXIS2_PLACEMENT_3D('',#3947,#3948,#3949);
#3951=PLANE('',#3950);
#3952=ORIENTED_EDGE('',*,*,#3500,.F.);
#3954=ORIENTED_EDGE('',*,*,#3953,.F.);
#3955=ORIENTED_EDGE('',*,*,#3839,.T.);
#3956=ORIENTED_EDGE('',*,*,#3940,.F.);
#3957=EDGE_LOOP('',(#3952,#3954,#3955,#3956));
#3958=FACE_OUTER_BOUND('',#3957,.F.);
#3959=ADVANCED_FACE('',(#3958),#3951,.F.);
#3960=CARTESIAN_POINT('',(-4.75E1,-3.11E1,0.E0));
#3961=DIRECTION('',(-1.E0,0.E0,0.E0));
#3962=DIRECTION('',(0.E0,1.E0,0.E0));
#3963=AXIS2_PLACEMENT_3D('',#3960,#3961,#3962);
#3964=PLANE('',#3963);
#3966=ORIENTED_EDGE('',*,*,#3965,.F.);
#3967=ORIENTED_EDGE('',*,*,#3841,.F.);
#3968=ORIENTED_EDGE('',*,*,#3953,.T.);
#3969=ORIENTED_EDGE('',*,*,#3498,.T.);
#3970=EDGE_LOOP('',(#3966,#3967,#3968,#3969));
#3971=FACE_OUTER_BOUND('',#3970,.F.);
#3972=ADVANCED_FACE('',(#3971),#3964,.T.);
#3973=CARTESIAN_POINT('',(-4.7E1,2.93E1,0.E0));
#3974=DIRECTION('',(0.E0,-1.E0,0.E0));
#3975=DIRECTION('',(-1.E0,0.E0,0.E0));
#3976=AXIS2_PLACEMENT_3D('',#3973,#3974,#3975);
#3977=PLANE('',#3976);
#3978=ORIENTED_EDGE('',*,*,#3496,.T.);
#3980=ORIENTED_EDGE('',*,*,#3979,.T.);
#3981=ORIENTED_EDGE('',*,*,#3843,.F.);
#3982=ORIENTED_EDGE('',*,*,#3965,.T.);
#3983=EDGE_LOOP('',(#3978,#3980,#3981,#3982));
#3984=FACE_OUTER_BOUND('',#3983,.F.);
#3985=ADVANCED_FACE('',(#3984),#3977,.F.);
#3986=CARTESIAN_POINT('',(-4.7E1,3.01E1,0.E0));
#3987=DIRECTION('',(0.E0,0.E0,-1.E0));
#3988=DIRECTION('',(1.E0,0.E0,0.E0));
#3989=AXIS2_PLACEMENT_3D('',#3986,#3987,#3988);
#3990=CYLINDRICAL_SURFACE('',#3989,8.E-1);
#3991=ORIENTED_EDGE('',*,*,#3494,.F.);
#3993=ORIENTED_EDGE('',*,*,#3992,.T.);
#3994=ORIENTED_EDGE('',*,*,#3845,.T.);
#3995=ORIENTED_EDGE('',*,*,#3979,.F.);
#3996=EDGE_LOOP('',(#3991,#3993,#3994,#3995));
#3997=FACE_OUTER_BOUND('',#3996,.F.);
#3998=ADVANCED_FACE('',(#3997),#3990,.F.);
#3999=CARTESIAN_POINT('',(-4.62E1,3.23E1,0.E0));
#4000=DIRECTION('',(1.E0,0.E0,0.E0));
#4001=DIRECTION('',(0.E0,-1.E0,0.E0));
#4002=AXIS2_PLACEMENT_3D('',#3999,#4000,#4001);
#4003=PLANE('',#4002);
#4004=ORIENTED_EDGE('',*,*,#3492,.F.);
#4006=ORIENTED_EDGE('',*,*,#4005,.F.);
#4007=ORIENTED_EDGE('',*,*,#3847,.T.);
#4008=ORIENTED_EDGE('',*,*,#3992,.F.);
#4009=EDGE_LOOP('',(#4004,#4006,#4007,#4008));
#4010=FACE_OUTER_BOUND('',#4009,.F.);
#4011=ADVANCED_FACE('',(#4010),#4003,.F.);
#4012=CARTESIAN_POINT('',(-4.75E1,3.11E1,0.E0));
#4013=DIRECTION('',(0.E0,1.E0,0.E0));
#4014=DIRECTION('',(1.E0,0.E0,0.E0));
#4015=AXIS2_PLACEMENT_3D('',#4012,#4013,#4014);
#4016=PLANE('',#4015);
#4017=ORIENTED_EDGE('',*,*,#4005,.T.);
#4018=ORIENTED_EDGE('',*,*,#3490,.T.);
#4020=ORIENTED_EDGE('',*,*,#4019,.F.);
#4021=ORIENTED_EDGE('',*,*,#3849,.F.);
#4022=EDGE_LOOP('',(#4017,#4018,#4020,#4021));
#4023=FACE_OUTER_BOUND('',#4022,.F.);
#4024=ADVANCED_FACE('',(#4023),#4016,.T.);
#4025=CARTESIAN_POINT('',(4.62E1,3.04E1,0.E0));
#4026=DIRECTION('',(-1.E0,0.E0,0.E0));
#4027=DIRECTION('',(0.E0,1.E0,0.E0));
#4028=AXIS2_PLACEMENT_3D('',#4025,#4026,#4027);
#4029=PLANE('',#4028);
#4030=ORIENTED_EDGE('',*,*,#3488,.T.);
#4032=ORIENTED_EDGE('',*,*,#4031,.T.);
#4033=ORIENTED_EDGE('',*,*,#3851,.F.);
#4034=ORIENTED_EDGE('',*,*,#4019,.T.);
#4035=EDGE_LOOP('',(#4030,#4032,#4033,#4034));
#4036=FACE_OUTER_BOUND('',#4035,.F.);
#4037=ADVANCED_FACE('',(#4036),#4029,.F.);
#4038=CARTESIAN_POINT('',(4.73E1,3.04E1,0.E0));
#4039=DIRECTION('',(0.E0,0.E0,-1.E0));
#4040=DIRECTION('',(1.E0,0.E0,0.E0));
#4041=AXIS2_PLACEMENT_3D('',#4038,#4039,#4040);
#4042=CYLINDRICAL_SURFACE('',#4041,1.1E0);
#4043=ORIENTED_EDGE('',*,*,#3486,.F.);
#4045=ORIENTED_EDGE('',*,*,#4044,.T.);
#4046=ORIENTED_EDGE('',*,*,#3853,.T.);
#4047=ORIENTED_EDGE('',*,*,#4031,.F.);
#4048=EDGE_LOOP('',(#4043,#4045,#4046,#4047));
#4049=FACE_OUTER_BOUND('',#4048,.F.);
#4050=ADVANCED_FACE('',(#4049),#4042,.F.);
#4051=CARTESIAN_POINT('',(4.895E1,2.93E1,0.E0));
#4052=DIRECTION('',(0.E0,-1.E0,0.E0));
#4053=DIRECTION('',(-1.E0,0.E0,0.E0));
#4054=AXIS2_PLACEMENT_3D('',#4051,#4052,#4053);
#4055=PLANE('',#4054);
#4056=ORIENTED_EDGE('',*,*,#3484,.F.);
#4057=ORIENTED_EDGE('',*,*,#3674,.F.);
#4058=ORIENTED_EDGE('',*,*,#3855,.T.);
#4059=ORIENTED_EDGE('',*,*,#4044,.F.);
#4060=EDGE_LOOP('',(#4056,#4057,#4058,#4059));
#4061=FACE_OUTER_BOUND('',#4060,.F.);
#4062=ADVANCED_FACE('',(#4061),#4055,.F.);
#4063=CARTESIAN_POINT('',(4.57E1,-4.196804225506E0,0.E0));
#4064=DIRECTION('',(-7.253743710123E-1,6.883545756938E-1,0.E0));
#4065=DIRECTION('',(6.883545756938E-1,7.253743710123E-1,0.E0));
#4066=AXIS2_PLACEMENT_3D('',#4063,#4064,#4065);
#4067=PLANE('',#4066);
#4068=ORIENTED_EDGE('',*,*,#3464,.F.);
#4070=ORIENTED_EDGE('',*,*,#4069,.T.);
#4071=ORIENTED_EDGE('',*,*,#3862,.T.);
#4072=ORIENTED_EDGE('',*,*,#3699,.T.);
#4073=EDGE_LOOP('',(#4068,#4070,#4071,#4072));
#4074=FACE_OUTER_BOUND('',#4073,.F.);
#4075=ADVANCED_FACE('',(#4074),#4067,.F.);
#4076=CARTESIAN_POINT('',(4.57E1,-1.540319577449E1,0.E0));
#4077=DIRECTION('',(-1.E0,0.E0,0.E0));
#4078=DIRECTION('',(0.E0,1.E0,0.E0));
#4079=AXIS2_PLACEMENT_3D('',#4076,#4077,#4078);
#4080=PLANE('',#4079);
#4081=ORIENTED_EDGE('',*,*,#3462,.F.);
#4082=ORIENTED_EDGE('',*,*,#3660,.T.);
#4083=ORIENTED_EDGE('',*,*,#3864,.T.);
#4084=ORIENTED_EDGE('',*,*,#4069,.F.);
#4085=EDGE_LOOP('',(#4081,#4082,#4083,#4084));
#4086=FACE_OUTER_BOUND('',#4085,.F.);
#4087=ADVANCED_FACE('',(#4086),#4080,.F.);
#4088=CARTESIAN_POINT('',(4.78E1,1.56E1,-2.55E0));
#4089=DIRECTION('',(0.E0,1.E0,0.E0));
#4090=DIRECTION('',(0.E0,0.E0,1.E0));
#4091=AXIS2_PLACEMENT_3D('',#4088,#4089,#4090);
#4092=PLANE('',#4091);
#4093=ORIENTED_EDGE('',*,*,#3743,.F.);
#4095=ORIENTED_EDGE('',*,*,#4094,.F.);
#4097=ORIENTED_EDGE('',*,*,#4096,.T.);
#4099=ORIENTED_EDGE('',*,*,#4098,.T.);
#4100=EDGE_LOOP('',(#4093,#4095,#4097,#4099));
#4101=FACE_OUTER_BOUND('',#4100,.F.);
#4102=ADVANCED_FACE('',(#4101),#4092,.T.);
#4103=CARTESIAN_POINT('',(4.78E1,1.26E1,-2.55E0));
#4104=DIRECTION('',(0.E0,0.E0,-1.E0));
#4105=DIRECTION('',(0.E0,1.E0,0.E0));
#4106=AXIS2_PLACEMENT_3D('',#4103,#4104,#4105);
#4107=PLANE('',#4106);
#4108=ORIENTED_EDGE('',*,*,#3749,.F.);
#4110=ORIENTED_EDGE('',*,*,#4109,.F.);
#4112=ORIENTED_EDGE('',*,*,#4111,.T.);
#4113=ORIENTED_EDGE('',*,*,#4094,.T.);
#4114=EDGE_LOOP('',(#4108,#4110,#4112,#4113));
#4115=FACE_OUTER_BOUND('',#4114,.F.);
#4116=ADVANCED_FACE('',(#4115),#4107,.T.);
#4117=CARTESIAN_POINT('',(4.78E1,1.26E1,-1.05E0));
#4118=DIRECTION('',(0.E0,-1.E0,0.E0));
#4119=DIRECTION('',(0.E0,0.E0,-1.E0));
#4120=AXIS2_PLACEMENT_3D('',#4117,#4118,#4119);
#4121=PLANE('',#4120);
#4122=ORIENTED_EDGE('',*,*,#3747,.F.);
#4124=ORIENTED_EDGE('',*,*,#4123,.F.);
#4126=ORIENTED_EDGE('',*,*,#4125,.T.);
#4127=ORIENTED_EDGE('',*,*,#4109,.T.);
#4128=EDGE_LOOP('',(#4122,#4124,#4126,#4127));
#4129=FACE_OUTER_BOUND('',#4128,.F.);
#4130=ADVANCED_FACE('',(#4129),#4121,.T.);
#4131=CARTESIAN_POINT('',(4.78E1,1.56E1,-1.05E0));
#4132=DIRECTION('',(0.E0,0.E0,1.E0));
#4133=DIRECTION('',(0.E0,-1.E0,0.E0));
#4134=AXIS2_PLACEMENT_3D('',#4131,#4132,#4133);
#4135=PLANE('',#4134);
#4136=ORIENTED_EDGE('',*,*,#3745,.F.);
#4137=ORIENTED_EDGE('',*,*,#4098,.F.);
#4139=ORIENTED_EDGE('',*,*,#4138,.T.);
#4140=ORIENTED_EDGE('',*,*,#4123,.T.);
#4141=EDGE_LOOP('',(#4136,#4137,#4139,#4140));
#4142=FACE_OUTER_BOUND('',#4141,.F.);
#4143=ADVANCED_FACE('',(#4142),#4135,.T.);
#4144=CARTESIAN_POINT('',(4.78E1,0.E0,-3.6E0));
#4145=DIRECTION('',(1.E0,0.E0,0.E0));
#4146=DIRECTION('',(0.E0,-1.E0,0.E0));
#4147=AXIS2_PLACEMENT_3D('',#4144,#4145,#4146);
#4148=PLANE('',#4147);
#4149=ORIENTED_EDGE('',*,*,#4096,.F.);
#4150=ORIENTED_EDGE('',*,*,#4111,.F.);
#4151=ORIENTED_EDGE('',*,*,#4125,.F.);
#4152=ORIENTED_EDGE('',*,*,#4138,.F.);
#4153=EDGE_LOOP('',(#4149,#4150,#4151,#4152));
#4154=FACE_OUTER_BOUND('',#4153,.F.);
#4155=ADVANCED_FACE('',(#4154),#4148,.T.);
#4156=CARTESIAN_POINT('',(4.47E1,-1.884750013157E1,0.E0));
#4157=DIRECTION('',(0.E0,-1.E0,0.E0));
#4158=DIRECTION('',(-1.E0,0.E0,0.E0));
#4159=AXIS2_PLACEMENT_3D('',#4156,#4157,#4158);
#4160=PLANE('',#4159);
#4161=ORIENTED_EDGE('',*,*,#3528,.F.);
#4163=ORIENTED_EDGE('',*,*,#4162,.T.);
#4165=ORIENTED_EDGE('',*,*,#4164,.T.);
#4167=ORIENTED_EDGE('',*,*,#4166,.F.);
#4168=EDGE_LOOP('',(#4161,#4163,#4165,#4167));
#4169=FACE_OUTER_BOUND('',#4168,.F.);
#4170=ADVANCED_FACE('',(#4169),#4160,.T.);
#4171=CARTESIAN_POINT('',(4.47E1,-4.047500131566E0,0.E0));
#4172=DIRECTION('',(1.E0,0.E0,0.E0));
#4173=DIRECTION('',(0.E0,-1.E0,0.E0));
#4174=AXIS2_PLACEMENT_3D('',#4171,#4172,#4173);
#4175=PLANE('',#4174);
#4176=ORIENTED_EDGE('',*,*,#3538,.F.);
#4178=ORIENTED_EDGE('',*,*,#4177,.T.);
#4180=ORIENTED_EDGE('',*,*,#4179,.T.);
#4182=ORIENTED_EDGE('',*,*,#4181,.F.);
#4184=ORIENTED_EDGE('',*,*,#4183,.F.);
#4186=ORIENTED_EDGE('',*,*,#4185,.T.);
#4188=ORIENTED_EDGE('',*,*,#4187,.T.);
#4189=ORIENTED_EDGE('',*,*,#4162,.F.);
#4190=EDGE_LOOP('',(#4176,#4178,#4180,#4182,#4184,#4186,#4188,#4189));
#4191=FACE_OUTER_BOUND('',#4190,.F.);
#4192=ADVANCED_FACE('',(#4191),#4175,.T.);
#4193=CARTESIAN_POINT('',(4.47E1,-1.514750013157E1,-2.E0));
#4194=DIRECTION('',(-8.849182223820E-1,-4.657464328326E-1,0.E0));
#4195=DIRECTION('',(-4.657464328326E-1,8.849182223820E-1,0.E0));
#4196=AXIS2_PLACEMENT_3D('',#4193,#4194,#4195);
#4197=PLANE('',#4196);
#4199=ORIENTED_EDGE('',*,*,#4198,.F.);
#4201=ORIENTED_EDGE('',*,*,#4200,.F.);
#4202=ORIENTED_EDGE('',*,*,#4185,.F.);
#4204=ORIENTED_EDGE('',*,*,#4203,.T.);
#4205=EDGE_LOOP('',(#4199,#4201,#4202,#4204));
#4206=FACE_OUTER_BOUND('',#4205,.F.);
#4207=ADVANCED_FACE('',(#4206),#4197,.F.);
#4208=CARTESIAN_POINT('',(4.47E1,-1.514750013157E1,-2.E0));
#4209=DIRECTION('',(-8.849182223820E-1,-4.657464328326E-1,0.E0));
#4210=DIRECTION('',(-4.657464328326E-1,8.849182223820E-1,0.E0));
#4211=AXIS2_PLACEMENT_3D('',#4208,#4209,#4210);
#4212=PLANE('',#4211);
#4214=ORIENTED_EDGE('',*,*,#4213,.F.);
#4216=ORIENTED_EDGE('',*,*,#4215,.F.);
#4217=ORIENTED_EDGE('',*,*,#4177,.F.);
#4218=ORIENTED_EDGE('',*,*,#3536,.T.);
#4219=EDGE_LOOP('',(#4214,#4216,#4217,#4218));
#4220=FACE_OUTER_BOUND('',#4219,.F.);
#4221=ADVANCED_FACE('',(#4220),#4212,.F.);
#4222=CARTESIAN_POINT('',(4.37E1,-1.324750013157E1,-2.E0));
#4223=DIRECTION('',(-1.E0,0.E0,0.E0));
#4224=DIRECTION('',(0.E0,1.E0,0.E0));
#4225=AXIS2_PLACEMENT_3D('',#4222,#4223,#4224);
#4226=PLANE('',#4225);
#4227=ORIENTED_EDGE('',*,*,#3534,.T.);
#4229=ORIENTED_EDGE('',*,*,#4228,.T.);
#4231=ORIENTED_EDGE('',*,*,#4230,.T.);
#4232=ORIENTED_EDGE('',*,*,#4198,.T.);
#4234=ORIENTED_EDGE('',*,*,#4233,.T.);
#4236=ORIENTED_EDGE('',*,*,#4235,.T.);
#4238=ORIENTED_EDGE('',*,*,#4237,.F.);
#4239=ORIENTED_EDGE('',*,*,#4213,.T.);
#4240=EDGE_LOOP('',(#4227,#4229,#4231,#4232,#4234,#4236,#4238,#4239));
#4241=FACE_OUTER_BOUND('',#4240,.F.);
#4242=ADVANCED_FACE('',(#4241),#4226,.F.);
#4243=CARTESIAN_POINT('',(2.99E1,-4.047500131566E0,0.E0));
#4244=DIRECTION('',(0.E0,1.E0,0.E0));
#4245=DIRECTION('',(1.E0,0.E0,0.E0));
#4246=AXIS2_PLACEMENT_3D('',#4243,#4244,#4245);
#4247=PLANE('',#4246);
#4248=ORIENTED_EDGE('',*,*,#3532,.F.);
#4250=ORIENTED_EDGE('',*,*,#4249,.T.);
#4252=ORIENTED_EDGE('',*,*,#4251,.T.);
#4253=ORIENTED_EDGE('',*,*,#4228,.F.);
#4254=EDGE_LOOP('',(#4248,#4250,#4252,#4253));
#4255=FACE_OUTER_BOUND('',#4254,.F.);
#4256=ADVANCED_FACE('',(#4255),#4247,.T.);
#4257=CARTESIAN_POINT('',(2.99E1,-1.884750013157E1,0.E0));
#4258=DIRECTION('',(-1.E0,0.E0,0.E0));
#4259=DIRECTION('',(0.E0,1.E0,0.E0));
#4260=AXIS2_PLACEMENT_3D('',#4257,#4258,#4259);
#4261=PLANE('',#4260);
#4262=ORIENTED_EDGE('',*,*,#3530,.F.);
#4263=ORIENTED_EDGE('',*,*,#4166,.T.);
#4265=ORIENTED_EDGE('',*,*,#4264,.T.);
#4266=ORIENTED_EDGE('',*,*,#4249,.F.);
#4267=EDGE_LOOP('',(#4262,#4263,#4265,#4266));
#4268=FACE_OUTER_BOUND('',#4267,.F.);
#4269=ADVANCED_FACE('',(#4268),#4261,.T.);
#4270=CARTESIAN_POINT('',(4.47E1,-1.144750013157E1,-2.E0));
#4271=DIRECTION('',(0.E0,0.E0,-1.E0));
#4272=DIRECTION('',(0.E0,1.E0,0.E0));
#4273=AXIS2_PLACEMENT_3D('',#4270,#4271,#4272);
#4274=PLANE('',#4273);
#4275=ORIENTED_EDGE('',*,*,#4200,.T.);
#4276=ORIENTED_EDGE('',*,*,#4230,.F.);
#4277=ORIENTED_EDGE('',*,*,#4251,.F.);
#4278=ORIENTED_EDGE('',*,*,#4264,.F.);
#4279=ORIENTED_EDGE('',*,*,#4164,.F.);
#4280=ORIENTED_EDGE('',*,*,#4187,.F.);
#4281=EDGE_LOOP('',(#4275,#4276,#4277,#4278,#4279,#4280));
#4282=FACE_OUTER_BOUND('',#4281,.F.);
#4284=ORIENTED_EDGE('',*,*,#4283,.T.);
#4286=ORIENTED_EDGE('',*,*,#4285,.T.);
#4288=ORIENTED_EDGE('',*,*,#4287,.T.);
#4290=ORIENTED_EDGE('',*,*,#4289,.T.);
#4292=ORIENTED_EDGE('',*,*,#4291,.T.);
#4294=ORIENTED_EDGE('',*,*,#4293,.T.);
#4296=ORIENTED_EDGE('',*,*,#4295,.T.);
#4298=ORIENTED_EDGE('',*,*,#4297,.T.);
#4300=ORIENTED_EDGE('',*,*,#4299,.T.);
#4302=ORIENTED_EDGE('',*,*,#4301,.T.);
#4304=ORIENTED_EDGE('',*,*,#4303,.T.);
#4306=ORIENTED_EDGE('',*,*,#4305,.T.);
#4307=EDGE_LOOP('',(#4284,#4286,#4288,#4290,#4292,#4294,#4296,#4298,#4300,#4302,
#4304,#4306));
#4308=FACE_BOUND('',#4307,.F.);
#4310=ORIENTED_EDGE('',*,*,#4309,.T.);
#4312=ORIENTED_EDGE('',*,*,#4311,.T.);
#4314=ORIENTED_EDGE('',*,*,#4313,.T.);
#4316=ORIENTED_EDGE('',*,*,#4315,.T.);
#4317=EDGE_LOOP('',(#4310,#4312,#4314,#4316));
#4318=FACE_BOUND('',#4317,.F.);
#4319=ADVANCED_FACE('',(#4282,#4308,#4318),#4274,.T.);
#4320=CARTESIAN_POINT('',(3.82E1,-1.867750013157E1,-2.1E0));
#4321=DIRECTION('',(-1.E0,0.E0,0.E0));
#4322=DIRECTION('',(0.E0,1.E0,0.E0));
#4323=AXIS2_PLACEMENT_3D('',#4320,#4321,#4322);
#4324=PLANE('',#4323);
#4325=ORIENTED_EDGE('',*,*,#4283,.F.);
#4327=ORIENTED_EDGE('',*,*,#4326,.T.);
#4329=ORIENTED_EDGE('',*,*,#4328,.T.);
#4331=ORIENTED_EDGE('',*,*,#4330,.F.);
#4332=EDGE_LOOP('',(#4325,#4327,#4329,#4331));
#4333=FACE_OUTER_BOUND('',#4332,.F.);
#4334=ADVANCED_FACE('',(#4333),#4324,.F.);
#4335=CARTESIAN_POINT('',(4.295E1,-1.867750013157E1,-2.1E0));
#4336=DIRECTION('',(0.E0,-1.E0,0.E0));
#4337=DIRECTION('',(-1.E0,0.E0,0.E0));
#4338=AXIS2_PLACEMENT_3D('',#4335,#4336,#4337);
#4339=PLANE('',#4338);
#4340=ORIENTED_EDGE('',*,*,#4305,.F.);
#4342=ORIENTED_EDGE('',*,*,#4341,.T.);
#4344=ORIENTED_EDGE('',*,*,#4343,.T.);
#4345=ORIENTED_EDGE('',*,*,#4326,.F.);
#4346=EDGE_LOOP('',(#4340,#4342,#4344,#4345));
#4347=FACE_OUTER_BOUND('',#4346,.F.);
#4348=ADVANCED_FACE('',(#4347),#4339,.F.);
#4349=CARTESIAN_POINT('',(4.295E1,-1.851750013157E1,-2.1E0));
#4350=DIRECTION('',(1.E0,0.E0,0.E0));
#4351=DIRECTION('',(0.E0,-1.E0,0.E0));
#4352=AXIS2_PLACEMENT_3D('',#4349,#4350,#4351);
#4353=PLANE('',#4352);
#4354=ORIENTED_EDGE('',*,*,#4303,.F.);
#4356=ORIENTED_EDGE('',*,*,#4355,.T.);
#4358=ORIENTED_EDGE('',*,*,#4357,.T.);
#4359=ORIENTED_EDGE('',*,*,#4341,.F.);
#4360=EDGE_LOOP('',(#4354,#4356,#4358,#4359));
#4361=FACE_OUTER_BOUND('',#4360,.F.);
#4362=ADVANCED_FACE('',(#4361),#4353,.F.);
#4363=CARTESIAN_POINT('',(3.851E1,-1.851750013157E1,-2.1E0));
#4364=DIRECTION('',(0.E0,1.E0,0.E0));
#4365=DIRECTION('',(1.E0,0.E0,0.E0));
#4366=AXIS2_PLACEMENT_3D('',#4363,#4364,#4365);
#4367=PLANE('',#4366);
#4368=ORIENTED_EDGE('',*,*,#4301,.F.);
#4370=ORIENTED_EDGE('',*,*,#4369,.T.);
#4372=ORIENTED_EDGE('',*,*,#4371,.T.);
#4373=ORIENTED_EDGE('',*,*,#4355,.F.);
#4374=EDGE_LOOP('',(#4368,#4370,#4372,#4373));
#4375=FACE_OUTER_BOUND('',#4374,.F.);
#4376=ADVANCED_FACE('',(#4375),#4367,.F.);
#4377=CARTESIAN_POINT('',(3.851E1,-1.770750013157E1,-2.1E0));
#4378=DIRECTION('',(1.E0,0.E0,0.E0));
#4379=DIRECTION('',(0.E0,-1.E0,0.E0));
#4380=AXIS2_PLACEMENT_3D('',#4377,#4378,#4379);
#4381=PLANE('',#4380);
#4382=ORIENTED_EDGE('',*,*,#4299,.F.);
#4384=ORIENTED_EDGE('',*,*,#4383,.T.);
#4386=ORIENTED_EDGE('',*,*,#4385,.T.);
#4387=ORIENTED_EDGE('',*,*,#4369,.F.);
#4388=EDGE_LOOP('',(#4382,#4384,#4386,#4387));
#4389=FACE_OUTER_BOUND('',#4388,.F.);
#4390=ADVANCED_FACE('',(#4389),#4381,.F.);
#4391=CARTESIAN_POINT('',(4.012E1,-1.770750013157E1,-2.1E0));
#4392=DIRECTION('',(0.E0,-1.E0,0.E0));
#4393=DIRECTION('',(-1.E0,0.E0,0.E0));
#4394=AXIS2_PLACEMENT_3D('',#4391,#4392,#4393);
#4395=PLANE('',#4394);
#4396=ORIENTED_EDGE('',*,*,#4297,.F.);
#4398=ORIENTED_EDGE('',*,*,#4397,.T.);
#4400=ORIENTED_EDGE('',*,*,#4399,.T.);
#4401=ORIENTED_EDGE('',*,*,#4383,.F.);
#4402=EDGE_LOOP('',(#4396,#4398,#4400,#4401));
#4403=FACE_OUTER_BOUND('',#4402,.F.);
#4404=ADVANCED_FACE('',(#4403),#4395,.F.);
#4405=CARTESIAN_POINT('',(4.087E1,-1.822750013157E1,-2.1E0));
#4406=DIRECTION('',(-5.697796217706E-1,-8.217975313999E-1,0.E0));
#4407=DIRECTION('',(-8.217975313999E-1,5.697796217706E-1,0.E0));
#4408=AXIS2_PLACEMENT_3D('',#4405,#4406,#4407);
#4409=PLANE('',#4408);
#4410=ORIENTED_EDGE('',*,*,#4295,.F.);
#4412=ORIENTED_EDGE('',*,*,#4411,.T.);
#4414=ORIENTED_EDGE('',*,*,#4413,.T.);
#4415=ORIENTED_EDGE('',*,*,#4397,.F.);
#4416=EDGE_LOOP('',(#4410,#4412,#4414,#4415));
#4417=FACE_OUTER_BOUND('',#4416,.F.);
#4418=ADVANCED_FACE('',(#4417),#4409,.F.);
#4419=CARTESIAN_POINT('',(4.295E1,-1.822750013157E1,-2.1E0));
#4420=DIRECTION('',(0.E0,-1.E0,0.E0));
#4421=DIRECTION('',(-1.E0,0.E0,0.E0));
#4422=AXIS2_PLACEMENT_3D('',#4419,#4420,#4421);
#4423=PLANE('',#4422);
#4424=ORIENTED_EDGE('',*,*,#4293,.F.);
#4426=ORIENTED_EDGE('',*,*,#4425,.T.);
#4428=ORIENTED_EDGE('',*,*,#4427,.T.);
#4429=ORIENTED_EDGE('',*,*,#4411,.F.);
#4430=EDGE_LOOP('',(#4424,#4426,#4428,#4429));
#4431=FACE_OUTER_BOUND('',#4430,.F.);
#4432=ADVANCED_FACE('',(#4431),#4423,.F.);
#4433=CARTESIAN_POINT('',(4.295E1,-1.792750013157E1,-2.1E0));
#4434=DIRECTION('',(1.E0,0.E0,0.E0));
#4435=DIRECTION('',(0.E0,-1.E0,0.E0));
#4436=AXIS2_PLACEMENT_3D('',#4433,#4434,#4435);
#4437=PLANE('',#4436);
#4438=ORIENTED_EDGE('',*,*,#4291,.F.);
#4440=ORIENTED_EDGE('',*,*,#4439,.T.);
#4442=ORIENTED_EDGE('',*,*,#4441,.T.);
#4443=ORIENTED_EDGE('',*,*,#4425,.F.);
#4444=EDGE_LOOP('',(#4438,#4440,#4442,#4443));
#4445=FACE_OUTER_BOUND('',#4444,.F.);
#4446=ADVANCED_FACE('',(#4445),#4437,.F.);
#4447=CARTESIAN_POINT('',(4.103E1,-1.792750013157E1,-2.1E0));
#4448=DIRECTION('',(0.E0,1.E0,0.E0));
#4449=DIRECTION('',(1.E0,0.E0,0.E0));
#4450=AXIS2_PLACEMENT_3D('',#4447,#4448,#4449);
#4451=PLANE('',#4450);
#4452=ORIENTED_EDGE('',*,*,#4289,.F.);
#4454=ORIENTED_EDGE('',*,*,#4453,.T.);
#4456=ORIENTED_EDGE('',*,*,#4455,.T.);
#4457=ORIENTED_EDGE('',*,*,#4439,.F.);
#4458=EDGE_LOOP('',(#4452,#4454,#4456,#4457));
#4459=FACE_OUTER_BOUND('',#4458,.F.);
#4460=ADVANCED_FACE('',(#4459),#4451,.F.);
#4461=CARTESIAN_POINT('',(4.028E1,-1.740750013157E1,-2.1E0));
#4462=DIRECTION('',(5.697796217706E-1,8.217975313999E-1,0.E0));
#4463=DIRECTION('',(8.217975313999E-1,-5.697796217706E-1,0.E0));
#4464=AXIS2_PLACEMENT_3D('',#4461,#4462,#4463);
#4465=PLANE('',#4464);
#4466=ORIENTED_EDGE('',*,*,#4287,.F.);
#4468=ORIENTED_EDGE('',*,*,#4467,.T.);
#4470=ORIENTED_EDGE('',*,*,#4469,.T.);
#4471=ORIENTED_EDGE('',*,*,#4453,.F.);
#4472=EDGE_LOOP('',(#4466,#4468,#4470,#4471));
#4473=FACE_OUTER_BOUND('',#4472,.F.);
#4474=ADVANCED_FACE('',(#4473),#4465,.F.);
#4475=CARTESIAN_POINT('',(3.82E1,-1.740750013157E1,-2.1E0));
#4476=DIRECTION('',(0.E0,1.E0,0.E0));
#4477=DIRECTION('',(1.E0,0.E0,0.E0));
#4478=AXIS2_PLACEMENT_3D('',#4475,#4476,#4477);
#4479=PLANE('',#4478);
#4480=ORIENTED_EDGE('',*,*,#4285,.F.);
#4481=ORIENTED_EDGE('',*,*,#4330,.T.);
#4483=ORIENTED_EDGE('',*,*,#4482,.T.);
#4484=ORIENTED_EDGE('',*,*,#4467,.F.);
#4485=EDGE_LOOP('',(#4480,#4481,#4483,#4484));
#4486=FACE_OUTER_BOUND('',#4485,.F.);
#4487=ADVANCED_FACE('',(#4486),#4479,.F.);
#4488=CARTESIAN_POINT('',(4.47E1,-1.144750013157E1,-1.9E0));
#4489=DIRECTION('',(0.E0,0.E0,-1.E0));
#4490=DIRECTION('',(0.E0,1.E0,0.E0));
#4491=AXIS2_PLACEMENT_3D('',#4488,#4489,#4490);
#4492=PLANE('',#4491);
#4493=ORIENTED_EDGE('',*,*,#4328,.F.);
#4494=ORIENTED_EDGE('',*,*,#4343,.F.);
#4495=ORIENTED_EDGE('',*,*,#4357,.F.);
#4496=ORIENTED_EDGE('',*,*,#4371,.F.);
#4497=ORIENTED_EDGE('',*,*,#4385,.F.);
#4498=ORIENTED_EDGE('',*,*,#4399,.F.);
#4499=ORIENTED_EDGE('',*,*,#4413,.F.);
#4500=ORIENTED_EDGE('',*,*,#4427,.F.);
#4501=ORIENTED_EDGE('',*,*,#4441,.F.);
#4502=ORIENTED_EDGE('',*,*,#4455,.F.);
#4503=ORIENTED_EDGE('',*,*,#4469,.F.);
#4504=ORIENTED_EDGE('',*,*,#4482,.F.);
#4505=EDGE_LOOP('',(#4493,#4494,#4495,#4496,#4497,#4498,#4499,#4500,#4501,#4502,
#4503,#4504));
#4506=FACE_OUTER_BOUND('',#4505,.F.);
#4507=ADVANCED_FACE('',(#4506),#4492,.T.);
#4508=CARTESIAN_POINT('',(3.375940925944E1,-5.541329886115E0,-2.E0));
#4509=DIRECTION('',(0.E0,-1.E0,0.E0));
#4510=DIRECTION('',(-1.E0,0.E0,0.E0));
#4511=AXIS2_PLACEMENT_3D('',#4508,#4509,#4510);
#4512=PLANE('',#4511);
#4513=ORIENTED_EDGE('',*,*,#4309,.F.);
#4515=ORIENTED_EDGE('',*,*,#4514,.T.);
#4517=ORIENTED_EDGE('',*,*,#4516,.T.);
#4519=ORIENTED_EDGE('',*,*,#4518,.F.);
#4520=EDGE_LOOP('',(#4513,#4515,#4517,#4519));
#4521=FACE_OUTER_BOUND('',#4520,.F.);
#4522=ADVANCED_FACE('',(#4521),#4512,.F.);
#4523=CARTESIAN_POINT('',(3.375940925944E1,-5.032929922831E0,-2.E0));
#4524=DIRECTION('',(1.E0,0.E0,0.E0));
#4525=DIRECTION('',(0.E0,-1.E0,0.E0));
#4526=AXIS2_PLACEMENT_3D('',#4523,#4524,#4525);
#4527=PLANE('',#4526);
#4528=ORIENTED_EDGE('',*,*,#4315,.F.);
#4530=ORIENTED_EDGE('',*,*,#4529,.T.);
#4532=ORIENTED_EDGE('',*,*,#4531,.T.);
#4533=ORIENTED_EDGE('',*,*,#4514,.F.);
#4534=EDGE_LOOP('',(#4528,#4530,#4532,#4533));
#4535=FACE_OUTER_BOUND('',#4534,.F.);
#4536=ADVANCED_FACE('',(#4535),#4527,.F.);
#4537=CARTESIAN_POINT('',(3.081795232902E1,-5.032929922831E0,-2.E0));
#4538=DIRECTION('',(0.E0,1.E0,0.E0));
#4539=DIRECTION('',(1.E0,0.E0,0.E0));
#4540=AXIS2_PLACEMENT_3D('',#4537,#4538,#4539);
#4541=PLANE('',#4540);
#4542=ORIENTED_EDGE('',*,*,#4313,.F.);
#4544=ORIENTED_EDGE('',*,*,#4543,.T.);
#4546=ORIENTED_EDGE('',*,*,#4545,.T.);
#4547=ORIENTED_EDGE('',*,*,#4529,.F.);
#4548=EDGE_LOOP('',(#4542,#4544,#4546,#4547));
#4549=FACE_OUTER_BOUND('',#4548,.F.);
#4550=ADVANCED_FACE('',(#4549),#4541,.F.);
#4551=CARTESIAN_POINT('',(3.081795232902E1,-5.541329886115E0,-2.E0));
#4552=DIRECTION('',(-1.E0,0.E0,0.E0));
#4553=DIRECTION('',(0.E0,1.E0,0.E0));
#4554=AXIS2_PLACEMENT_3D('',#4551,#4552,#4553);
#4555=PLANE('',#4554);
#4556=ORIENTED_EDGE('',*,*,#4311,.F.);
#4557=ORIENTED_EDGE('',*,*,#4518,.T.);
#4559=ORIENTED_EDGE('',*,*,#4558,.T.);
#4560=ORIENTED_EDGE('',*,*,#4543,.F.);
#4561=EDGE_LOOP('',(#4556,#4557,#4559,#4560));
#4562=FACE_OUTER_BOUND('',#4561,.F.);
#4563=ADVANCED_FACE('',(#4562),#4555,.F.);
#4564=CARTESIAN_POINT('',(4.47E1,-1.144750013157E1,-1.8E0));
#4565=DIRECTION('',(0.E0,0.E0,-1.E0));
#4566=DIRECTION('',(0.E0,1.E0,0.E0));
#4567=AXIS2_PLACEMENT_3D('',#4564,#4565,#4566);
#4568=PLANE('',#4567);
#4569=ORIENTED_EDGE('',*,*,#4516,.F.);
#4570=ORIENTED_EDGE('',*,*,#4531,.F.);
#4571=ORIENTED_EDGE('',*,*,#4545,.F.);
#4572=ORIENTED_EDGE('',*,*,#4558,.F.);
#4573=EDGE_LOOP('',(#4569,#4570,#4571,#4572));
#4574=FACE_OUTER_BOUND('',#4573,.F.);
#4575=ADVANCED_FACE('',(#4574),#4568,.T.);
#4576=CARTESIAN_POINT('',(4.47E1,-1.144750013157E1,-1.85E0));
#4577=DIRECTION('',(0.E0,0.E0,-1.E0));
#4578=DIRECTION('',(0.E0,1.E0,0.E0));
#4579=AXIS2_PLACEMENT_3D('',#4576,#4577,#4578);
#4580=PLANE('',#4579);
#4581=ORIENTED_EDGE('',*,*,#4183,.T.);
#4583=ORIENTED_EDGE('',*,*,#4582,.T.);
#4585=ORIENTED_EDGE('',*,*,#4584,.T.);
#4587=ORIENTED_EDGE('',*,*,#4586,.T.);
#4588=ORIENTED_EDGE('',*,*,#4233,.F.);
#4589=ORIENTED_EDGE('',*,*,#4203,.F.);
#4590=EDGE_LOOP('',(#4581,#4583,#4585,#4587,#4588,#4589));
#4591=FACE_OUTER_BOUND('',#4590,.F.);
#4592=ADVANCED_FACE('',(#4591),#4580,.F.);
#4593=CARTESIAN_POINT('',(5.02E1,-1.619750013157E1,-1.85E0));
#4594=DIRECTION('',(0.E0,-1.E0,0.E0));
#4595=DIRECTION('',(-1.E0,0.E0,0.E0));
#4596=AXIS2_PLACEMENT_3D('',#4593,#4594,#4595);
#4597=PLANE('',#4596);
#4598=ORIENTED_EDGE('',*,*,#4181,.T.);
#4600=ORIENTED_EDGE('',*,*,#4599,.T.);
#4602=ORIENTED_EDGE('',*,*,#4601,.F.);
#4603=ORIENTED_EDGE('',*,*,#4582,.F.);
#4604=EDGE_LOOP('',(#4598,#4600,#4602,#4603));
#4605=FACE_OUTER_BOUND('',#4604,.F.);
#4606=ADVANCED_FACE('',(#4605),#4597,.F.);
#4607=CARTESIAN_POINT('',(4.47E1,-1.144750013157E1,-8.5E-1));
#4608=DIRECTION('',(0.E0,0.E0,-1.E0));
#4609=DIRECTION('',(0.E0,1.E0,0.E0));
#4610=AXIS2_PLACEMENT_3D('',#4607,#4608,#4609);
#4611=PLANE('',#4610);
#4612=ORIENTED_EDGE('',*,*,#4179,.F.);
#4613=ORIENTED_EDGE('',*,*,#4215,.T.);
#4614=ORIENTED_EDGE('',*,*,#4237,.T.);
#4616=ORIENTED_EDGE('',*,*,#4615,.F.);
#4618=ORIENTED_EDGE('',*,*,#4617,.F.);
#4619=ORIENTED_EDGE('',*,*,#4599,.F.);
#4620=EDGE_LOOP('',(#4612,#4613,#4614,#4616,#4618,#4619));
#4621=FACE_OUTER_BOUND('',#4620,.F.);
#4622=ADVANCED_FACE('',(#4621),#4611,.T.);
#4623=CARTESIAN_POINT('',(3.441E1,-4.947500131566E0,-1.85E0));
#4624=DIRECTION('',(0.E0,1.E0,0.E0));
#4625=DIRECTION('',(1.E0,0.E0,0.E0));
#4626=AXIS2_PLACEMENT_3D('',#4623,#4624,#4625);
#4627=PLANE('',#4626);
#4628=ORIENTED_EDGE('',*,*,#4235,.F.);
#4629=ORIENTED_EDGE('',*,*,#4586,.F.);
#4631=ORIENTED_EDGE('',*,*,#4630,.T.);
#4632=ORIENTED_EDGE('',*,*,#4615,.T.);
#4633=EDGE_LOOP('',(#4628,#4629,#4631,#4632));
#4634=FACE_OUTER_BOUND('',#4633,.F.);
#4635=ADVANCED_FACE('',(#4634),#4627,.F.);
#4636=CARTESIAN_POINT('',(3.441E1,-1.619750013157E1,-1.85E0));
#4637=DIRECTION('',(-1.E0,0.E0,0.E0));
#4638=DIRECTION('',(0.E0,1.E0,0.E0));
#4639=AXIS2_PLACEMENT_3D('',#4636,#4637,#4638);
#4640=PLANE('',#4639);
#4641=ORIENTED_EDGE('',*,*,#4584,.F.);
#4642=ORIENTED_EDGE('',*,*,#4601,.T.);
#4643=ORIENTED_EDGE('',*,*,#4617,.T.);
#4644=ORIENTED_EDGE('',*,*,#4630,.F.);
#4645=EDGE_LOOP('',(#4641,#4642,#4643,#4644));
#4646=FACE_OUTER_BOUND('',#4645,.F.);
#4647=ADVANCED_FACE('',(#4646),#4640,.F.);
#4648=CARTESIAN_POINT('',(8.E-1,2.56E1,-3.3E0));
#4649=DIRECTION('',(0.E0,1.E0,0.E0));
#4650=DIRECTION('',(1.E0,0.E0,0.E0));
#4651=AXIS2_PLACEMENT_3D('',#4648,#4649,#4650);
#4652=PLANE('',#4651);
#4653=ORIENTED_EDGE('',*,*,#3543,.F.);
#4654=ORIENTED_EDGE('',*,*,#3450,.F.);
#4655=ORIENTED_EDGE('',*,*,#3108,.T.);
#4657=ORIENTED_EDGE('',*,*,#4656,.T.);
#4658=EDGE_LOOP('',(#4653,#4654,#4655,#4657));
#4659=FACE_OUTER_BOUND('',#4658,.F.);
#4660=ADVANCED_FACE('',(#4659),#4652,.T.);
#4661=CARTESIAN_POINT('',(2.08E1,2.56E1,-3.3E0));
#4662=DIRECTION('',(1.E0,0.E0,0.E0));
#4663=DIRECTION('',(0.E0,-1.E0,0.E0));
#4664=AXIS2_PLACEMENT_3D('',#4661,#4662,#4663);
#4665=PLANE('',#4664);
#4666=ORIENTED_EDGE('',*,*,#3545,.F.);
#4667=ORIENTED_EDGE('',*,*,#4656,.F.);
#4668=ORIENTED_EDGE('',*,*,#3106,.T.);
#4670=ORIENTED_EDGE('',*,*,#4669,.T.);
#4671=EDGE_LOOP('',(#4666,#4667,#4668,#4670));
#4672=FACE_OUTER_BOUND('',#4671,.F.);
#4673=ADVANCED_FACE('',(#4672),#4665,.T.);
#4674=CARTESIAN_POINT('',(2.08E1,2.31E1,-3.3E0));
#4675=DIRECTION('',(0.E0,-1.E0,0.E0));
#4676=DIRECTION('',(-1.E0,0.E0,0.E0));
#4677=AXIS2_PLACEMENT_3D('',#4674,#4675,#4676);
#4678=PLANE('',#4677);
#4679=ORIENTED_EDGE('',*,*,#3547,.F.);
#4680=ORIENTED_EDGE('',*,*,#4669,.F.);
#4681=ORIENTED_EDGE('',*,*,#3104,.T.);
#4682=ORIENTED_EDGE('',*,*,#3447,.T.);
#4683=EDGE_LOOP('',(#4679,#4680,#4681,#4682));
#4684=FACE_OUTER_BOUND('',#4683,.F.);
#4685=ADVANCED_FACE('',(#4684),#4678,.T.);
#4686=CARTESIAN_POINT('',(2.25E1,2.31E1,-3.3E0));
#4687=DIRECTION('',(-1.E0,0.E0,0.E0));
#4688=DIRECTION('',(0.E0,1.E0,0.E0));
#4689=AXIS2_PLACEMENT_3D('',#4686,#4687,#4688);
#4690=PLANE('',#4689);
#4691=ORIENTED_EDGE('',*,*,#3551,.F.);
#4693=ORIENTED_EDGE('',*,*,#4692,.F.);
#4694=ORIENTED_EDGE('',*,*,#3198,.T.);
#4696=ORIENTED_EDGE('',*,*,#4695,.T.);
#4697=EDGE_LOOP('',(#4691,#4693,#4694,#4696));
#4698=FACE_OUTER_BOUND('',#4697,.F.);
#4699=ADVANCED_FACE('',(#4698),#4690,.T.);
#4700=CARTESIAN_POINT('',(4.25E1,2.31E1,-3.3E0));
#4701=DIRECTION('',(0.E0,-1.E0,0.E0));
#4702=DIRECTION('',(-1.E0,0.E0,0.E0));
#4703=AXIS2_PLACEMENT_3D('',#4700,#4701,#4702);
#4704=PLANE('',#4703);
#4705=ORIENTED_EDGE('',*,*,#3557,.F.);
#4707=ORIENTED_EDGE('',*,*,#4706,.F.);
#4708=ORIENTED_EDGE('',*,*,#3200,.T.);
#4709=ORIENTED_EDGE('',*,*,#4692,.T.);
#4710=EDGE_LOOP('',(#4705,#4707,#4708,#4709));
#4711=FACE_OUTER_BOUND('',#4710,.F.);
#4712=ADVANCED_FACE('',(#4711),#4704,.T.);
#4713=CARTESIAN_POINT('',(4.25E1,2.56E1,-3.3E0));
#4714=DIRECTION('',(1.E0,0.E0,0.E0));
#4715=DIRECTION('',(0.E0,-1.E0,0.E0));
#4716=AXIS2_PLACEMENT_3D('',#4713,#4714,#4715);
#4717=PLANE('',#4716);
#4718=ORIENTED_EDGE('',*,*,#3555,.F.);
#4720=ORIENTED_EDGE('',*,*,#4719,.F.);
#4721=ORIENTED_EDGE('',*,*,#3202,.T.);
#4722=ORIENTED_EDGE('',*,*,#4706,.T.);
#4723=EDGE_LOOP('',(#4718,#4720,#4721,#4722));
#4724=FACE_OUTER_BOUND('',#4723,.F.);
#4725=ADVANCED_FACE('',(#4724),#4717,.T.);
#4726=CARTESIAN_POINT('',(2.25E1,2.56E1,-3.3E0));
#4727=DIRECTION('',(0.E0,1.E0,0.E0));
#4728=DIRECTION('',(1.E0,0.E0,0.E0));
#4729=AXIS2_PLACEMENT_3D('',#4726,#4727,#4728);
#4730=PLANE('',#4729);
#4731=ORIENTED_EDGE('',*,*,#3553,.F.);
#4732=ORIENTED_EDGE('',*,*,#4695,.F.);
#4733=ORIENTED_EDGE('',*,*,#3204,.T.);
#4734=ORIENTED_EDGE('',*,*,#4719,.T.);
#4735=EDGE_LOOP('',(#4731,#4732,#4733,#4734));
#4736=FACE_OUTER_BOUND('',#4735,.F.);
#4737=ADVANCED_FACE('',(#4736),#4730,.T.);
#4738=CARTESIAN_POINT('',(9.7E0,-2.53E1,-3.3E0));
#4739=DIRECTION('',(-1.E0,0.E0,0.E0));
#4740=DIRECTION('',(0.E0,1.E0,0.E0));
#4741=AXIS2_PLACEMENT_3D('',#4738,#4739,#4740);
#4742=PLANE('',#4741);
#4743=ORIENTED_EDGE('',*,*,#3561,.F.);
#4745=ORIENTED_EDGE('',*,*,#4744,.F.);
#4746=ORIENTED_EDGE('',*,*,#3293,.T.);
#4748=ORIENTED_EDGE('',*,*,#4747,.T.);
#4749=EDGE_LOOP('',(#4743,#4745,#4746,#4748));
#4750=FACE_OUTER_BOUND('',#4749,.F.);
#4751=ADVANCED_FACE('',(#4750),#4742,.T.);
#4752=CARTESIAN_POINT('',(2.48E1,-2.53E1,-3.3E0));
#4753=DIRECTION('',(0.E0,-1.E0,0.E0));
#4754=DIRECTION('',(-1.E0,0.E0,0.E0));
#4755=AXIS2_PLACEMENT_3D('',#4752,#4753,#4754);
#4756=PLANE('',#4755);
#4757=ORIENTED_EDGE('',*,*,#3567,.F.);
#4759=ORIENTED_EDGE('',*,*,#4758,.F.);
#4760=ORIENTED_EDGE('',*,*,#3295,.T.);
#4761=ORIENTED_EDGE('',*,*,#4744,.T.);
#4762=EDGE_LOOP('',(#4757,#4759,#4760,#4761));
#4763=FACE_OUTER_BOUND('',#4762,.F.);
#4764=ADVANCED_FACE('',(#4763),#4756,.T.);
#4765=CARTESIAN_POINT('',(2.48E1,-2.28E1,-3.3E0));
#4766=DIRECTION('',(1.E0,0.E0,0.E0));
#4767=DIRECTION('',(0.E0,-1.E0,0.E0));
#4768=AXIS2_PLACEMENT_3D('',#4765,#4766,#4767);
#4769=PLANE('',#4768);
#4770=ORIENTED_EDGE('',*,*,#3565,.F.);
#4772=ORIENTED_EDGE('',*,*,#4771,.F.);
#4773=ORIENTED_EDGE('',*,*,#3297,.T.);
#4774=ORIENTED_EDGE('',*,*,#4758,.T.);
#4775=EDGE_LOOP('',(#4770,#4772,#4773,#4774));
#4776=FACE_OUTER_BOUND('',#4775,.F.);
#4777=ADVANCED_FACE('',(#4776),#4769,.T.);
#4778=CARTESIAN_POINT('',(9.7E0,-2.28E1,-3.3E0));
#4779=DIRECTION('',(0.E0,1.E0,0.E0));
#4780=DIRECTION('',(1.E0,0.E0,0.E0));
#4781=AXIS2_PLACEMENT_3D('',#4778,#4779,#4780);
#4782=PLANE('',#4781);
#4783=ORIENTED_EDGE('',*,*,#3563,.F.);
#4784=ORIENTED_EDGE('',*,*,#4747,.F.);
#4785=ORIENTED_EDGE('',*,*,#3299,.T.);
#4786=ORIENTED_EDGE('',*,*,#4771,.T.);
#4787=EDGE_LOOP('',(#4783,#4784,#4785,#4786));
#4788=FACE_OUTER_BOUND('',#4787,.F.);
#4789=ADVANCED_FACE('',(#4788),#4782,.T.);
#4790=CARTESIAN_POINT('',(2.75E1,-2.53E1,-3.3E0));
#4791=DIRECTION('',(-1.E0,0.E0,0.E0));
#4792=DIRECTION('',(0.E0,1.E0,0.E0));
#4793=AXIS2_PLACEMENT_3D('',#4790,#4791,#4792);
#4794=PLANE('',#4793);
#4795=ORIENTED_EDGE('',*,*,#3571,.F.);
#4797=ORIENTED_EDGE('',*,*,#4796,.F.);
#4798=ORIENTED_EDGE('',*,*,#3369,.T.);
#4800=ORIENTED_EDGE('',*,*,#4799,.T.);
#4801=EDGE_LOOP('',(#4795,#4797,#4798,#4800));
#4802=FACE_OUTER_BOUND('',#4801,.F.);
#4803=ADVANCED_FACE('',(#4802),#4794,.T.);
#4804=CARTESIAN_POINT('',(4.26E1,-2.53E1,-3.3E0));
#4805=DIRECTION('',(0.E0,-1.E0,0.E0));
#4806=DIRECTION('',(-1.E0,0.E0,0.E0));
#4807=AXIS2_PLACEMENT_3D('',#4804,#4805,#4806);
#4808=PLANE('',#4807);
#4809=ORIENTED_EDGE('',*,*,#3577,.F.);
#4811=ORIENTED_EDGE('',*,*,#4810,.F.);
#4812=ORIENTED_EDGE('',*,*,#3371,.T.);
#4813=ORIENTED_EDGE('',*,*,#4796,.T.);
#4814=EDGE_LOOP('',(#4809,#4811,#4812,#4813));
#4815=FACE_OUTER_BOUND('',#4814,.F.);
#4816=ADVANCED_FACE('',(#4815),#4808,.T.);
#4817=CARTESIAN_POINT('',(4.26E1,-2.28E1,-3.3E0));
#4818=DIRECTION('',(1.E0,0.E0,0.E0));
#4819=DIRECTION('',(0.E0,-1.E0,0.E0));
#4820=AXIS2_PLACEMENT_3D('',#4817,#4818,#4819);
#4821=PLANE('',#4820);
#4822=ORIENTED_EDGE('',*,*,#3575,.F.);
#4824=ORIENTED_EDGE('',*,*,#4823,.F.);
#4825=ORIENTED_EDGE('',*,*,#3373,.T.);
#4826=ORIENTED_EDGE('',*,*,#4810,.T.);
#4827=EDGE_LOOP('',(#4822,#4824,#4825,#4826));
#4828=FACE_OUTER_BOUND('',#4827,.F.);
#4829=ADVANCED_FACE('',(#4828),#4821,.T.);
#4830=CARTESIAN_POINT('',(2.75E1,-2.28E1,-3.3E0));
#4831=DIRECTION('',(0.E0,1.E0,0.E0));
#4832=DIRECTION('',(1.E0,0.E0,0.E0));
#4833=AXIS2_PLACEMENT_3D('',#4830,#4831,#4832);
#4834=PLANE('',#4833);
#4835=ORIENTED_EDGE('',*,*,#3573,.F.);
#4836=ORIENTED_EDGE('',*,*,#4799,.F.);
#4837=ORIENTED_EDGE('',*,*,#3375,.T.);
#4838=ORIENTED_EDGE('',*,*,#4823,.T.);
#4839=EDGE_LOOP('',(#4835,#4836,#4837,#4838));
#4840=FACE_OUTER_BOUND('',#4839,.F.);
#4841=ADVANCED_FACE('',(#4840),#4834,.T.);
#4842=CARTESIAN_POINT('',(1.68E0,2.40425E1,-9.2E0));
#4843=DIRECTION('',(-1.E0,0.E0,0.E0));
#4844=DIRECTION('',(0.E0,1.E0,0.E0));
#4845=AXIS2_PLACEMENT_3D('',#4842,#4843,#4844);
#4846=PLANE('',#4845);
#4847=ORIENTED_EDGE('',*,*,#3112,.F.);
#4849=ORIENTED_EDGE('',*,*,#4848,.F.);
#4851=ORIENTED_EDGE('',*,*,#4850,.T.);
#4853=ORIENTED_EDGE('',*,*,#4852,.T.);
#4854=EDGE_LOOP('',(#4847,#4849,#4851,#4853));
#4855=FACE_OUTER_BOUND('',#4854,.F.);
#4856=ADVANCED_FACE('',(#4855),#4846,.T.);
#4857=CARTESIAN_POINT('',(2.295E0,2.40425E1,-9.2E0));
#4858=DIRECTION('',(0.E0,-1.E0,0.E0));
#4859=DIRECTION('',(-1.E0,0.E0,0.E0));
#4860=AXIS2_PLACEMENT_3D('',#4857,#4858,#4859);
#4861=PLANE('',#4860);
#4862=ORIENTED_EDGE('',*,*,#3118,.F.);
#4864=ORIENTED_EDGE('',*,*,#4863,.F.);
#4866=ORIENTED_EDGE('',*,*,#4865,.T.);
#4867=ORIENTED_EDGE('',*,*,#4848,.T.);
#4868=EDGE_LOOP('',(#4862,#4864,#4866,#4867));
#4869=FACE_OUTER_BOUND('',#4868,.F.);
#4870=ADVANCED_FACE('',(#4869),#4861,.T.);
#4871=CARTESIAN_POINT('',(2.295E0,2.46575E1,-9.2E0));
#4872=DIRECTION('',(1.E0,0.E0,0.E0));
#4873=DIRECTION('',(0.E0,-1.E0,0.E0));
#4874=AXIS2_PLACEMENT_3D('',#4871,#4872,#4873);
#4875=PLANE('',#4874);
#4876=ORIENTED_EDGE('',*,*,#3116,.F.);
#4878=ORIENTED_EDGE('',*,*,#4877,.F.);
#4880=ORIENTED_EDGE('',*,*,#4879,.T.);
#4881=ORIENTED_EDGE('',*,*,#4863,.T.);
#4882=EDGE_LOOP('',(#4876,#4878,#4880,#4881));
#4883=FACE_OUTER_BOUND('',#4882,.F.);
#4884=ADVANCED_FACE('',(#4883),#4875,.T.);
#4885=CARTESIAN_POINT('',(1.68E0,2.46575E1,-9.2E0));
#4886=DIRECTION('',(0.E0,1.E0,0.E0));
#4887=DIRECTION('',(1.E0,0.E0,0.E0));
#4888=AXIS2_PLACEMENT_3D('',#4885,#4886,#4887);
#4889=PLANE('',#4888);
#4890=ORIENTED_EDGE('',*,*,#3114,.F.);
#4891=ORIENTED_EDGE('',*,*,#4852,.F.);
#4893=ORIENTED_EDGE('',*,*,#4892,.T.);
#4894=ORIENTED_EDGE('',*,*,#4877,.T.);
#4895=EDGE_LOOP('',(#4890,#4891,#4893,#4894));
#4896=FACE_OUTER_BOUND('',#4895,.F.);
#4897=ADVANCED_FACE('',(#4896),#4889,.T.);
#4898=CARTESIAN_POINT('',(0.E0,0.E0,-9.2E0));
#4899=DIRECTION('',(0.E0,0.E0,-1.E0));
#4900=DIRECTION('',(1.E0,0.E0,0.E0));
#4901=AXIS2_PLACEMENT_3D('',#4898,#4899,#4900);
#4902=PLANE('',#4901);
#4903=ORIENTED_EDGE('',*,*,#4850,.F.);
#4904=ORIENTED_EDGE('',*,*,#4865,.F.);
#4905=ORIENTED_EDGE('',*,*,#4879,.F.);
#4906=ORIENTED_EDGE('',*,*,#4892,.F.);
#4907=EDGE_LOOP('',(#4903,#4904,#4905,#4906));
#4908=FACE_OUTER_BOUND('',#4907,.F.);
#4909=ADVANCED_FACE('',(#4908),#4902,.T.);
#4910=CARTESIAN_POINT('',(0.E0,0.E0,-9.2E0));
#4911=DIRECTION('',(0.E0,0.E0,-1.E0));
#4912=DIRECTION('',(1.E0,0.E0,0.E0));
#4913=AXIS2_PLACEMENT_3D('',#4910,#4911,#4912);
#4914=PLANE('',#4913);
#4916=ORIENTED_EDGE('',*,*,#4915,.F.);
#4918=ORIENTED_EDGE('',*,*,#4917,.F.);
#4920=ORIENTED_EDGE('',*,*,#4919,.F.);
#4922=ORIENTED_EDGE('',*,*,#4921,.F.);
#4923=EDGE_LOOP('',(#4916,#4918,#4920,#4922));
#4924=FACE_OUTER_BOUND('',#4923,.F.);
#4925=ADVANCED_FACE('',(#4924),#4914,.T.);
#4926=CARTESIAN_POINT('',(0.E0,0.E0,-9.2E0));
#4927=DIRECTION('',(0.E0,0.E0,-1.E0));
#4928=DIRECTION('',(1.E0,0.E0,0.E0));
#4929=AXIS2_PLACEMENT_3D('',#4926,#4927,#4928);
#4930=PLANE('',#4929);
#4932=ORIENTED_EDGE('',*,*,#4931,.F.);
#4934=ORIENTED_EDGE('',*,*,#4933,.F.);
#4936=ORIENTED_EDGE('',*,*,#4935,.F.);
#4938=ORIENTED_EDGE('',*,*,#4937,.F.);
#4939=EDGE_LOOP('',(#4932,#4934,#4936,#4938));
#4940=FACE_OUTER_BOUND('',#4939,.F.);
#4941=ADVANCED_FACE('',(#4940),#4930,.T.);
#4942=CARTESIAN_POINT('',(0.E0,0.E0,-9.2E0));
#4943=DIRECTION('',(0.E0,0.E0,-1.E0));
#4944=DIRECTION('',(1.E0,0.E0,0.E0));
#4945=AXIS2_PLACEMENT_3D('',#4942,#4943,#4944);
#4946=PLANE('',#4945);
#4948=ORIENTED_EDGE('',*,*,#4947,.F.);
#4950=ORIENTED_EDGE('',*,*,#4949,.F.);
#4952=ORIENTED_EDGE('',*,*,#4951,.F.);
#4954=ORIENTED_EDGE('',*,*,#4953,.F.);
#4955=EDGE_LOOP('',(#4948,#4950,#4952,#4954));
#4956=FACE_OUTER_BOUND('',#4955,.F.);
#4957=ADVANCED_FACE('',(#4956),#4946,.T.);
#4958=CARTESIAN_POINT('',(0.E0,0.E0,-9.2E0));
#4959=DIRECTION('',(0.E0,0.E0,-1.E0));
#4960=DIRECTION('',(1.E0,0.E0,0.E0));
#4961=AXIS2_PLACEMENT_3D('',#4958,#4959,#4960);
#4962=PLANE('',#4961);
#4964=ORIENTED_EDGE('',*,*,#4963,.F.);
#4966=ORIENTED_EDGE('',*,*,#4965,.F.);
#4968=ORIENTED_EDGE('',*,*,#4967,.F.);
#4970=ORIENTED_EDGE('',*,*,#4969,.F.);
#4971=EDGE_LOOP('',(#4964,#4966,#4968,#4970));
#4972=FACE_OUTER_BOUND('',#4971,.F.);
#4973=ADVANCED_FACE('',(#4972),#4962,.T.);
#4974=CARTESIAN_POINT('',(0.E0,0.E0,-9.2E0));
#4975=DIRECTION('',(0.E0,0.E0,-1.E0));
#4976=DIRECTION('',(1.E0,0.E0,0.E0));
#4977=AXIS2_PLACEMENT_3D('',#4974,#4975,#4976);
#4978=PLANE('',#4977);
#4980=ORIENTED_EDGE('',*,*,#4979,.F.);
#4982=ORIENTED_EDGE('',*,*,#4981,.F.);
#4984=ORIENTED_EDGE('',*,*,#4983,.F.);
#4986=ORIENTED_EDGE('',*,*,#4985,.F.);
#4987=EDGE_LOOP('',(#4980,#4982,#4984,#4986));
#4988=FACE_OUTER_BOUND('',#4987,.F.);
#4989=ADVANCED_FACE('',(#4988),#4978,.T.);
#4990=CARTESIAN_POINT('',(0.E0,0.E0,-9.2E0));
#4991=DIRECTION('',(0.E0,0.E0,-1.E0));
#4992=DIRECTION('',(1.E0,0.E0,0.E0));
#4993=AXIS2_PLACEMENT_3D('',#4990,#4991,#4992);
#4994=PLANE('',#4993);
#4996=ORIENTED_EDGE('',*,*,#4995,.F.);
#4998=ORIENTED_EDGE('',*,*,#4997,.F.);
#5000=ORIENTED_EDGE('',*,*,#4999,.F.);
#5002=ORIENTED_EDGE('',*,*,#5001,.F.);
#5003=EDGE_LOOP('',(#4996,#4998,#5000,#5002));
#5004=FACE_OUTER_BOUND('',#5003,.F.);
#5005=ADVANCED_FACE('',(#5004),#4994,.T.);
#5006=CARTESIAN_POINT('',(0.E0,0.E0,-9.2E0));
#5007=DIRECTION('',(0.E0,0.E0,-1.E0));
#5008=DIRECTION('',(1.E0,0.E0,0.E0));
#5009=AXIS2_PLACEMENT_3D('',#5006,#5007,#5008);
#5010=PLANE('',#5009);
#5012=ORIENTED_EDGE('',*,*,#5011,.F.);
#5014=ORIENTED_EDGE('',*,*,#5013,.F.);
#5016=ORIENTED_EDGE('',*,*,#5015,.F.);
#5018=ORIENTED_EDGE('',*,*,#5017,.F.);
#5019=EDGE_LOOP('',(#5012,#5014,#5016,#5018));
#5020=FACE_OUTER_BOUND('',#5019,.F.);
#5021=ADVANCED_FACE('',(#5020),#5010,.T.);
#5022=CARTESIAN_POINT('',(0.E0,0.E0,-9.2E0));
#5023=DIRECTION('',(0.E0,0.E0,-1.E0));
#5024=DIRECTION('',(1.E0,0.E0,0.E0));
#5025=AXIS2_PLACEMENT_3D('',#5022,#5023,#5024);
#5026=PLANE('',#5025);
#5028=ORIENTED_EDGE('',*,*,#5027,.F.);
#5030=ORIENTED_EDGE('',*,*,#5029,.F.);
#5032=ORIENTED_EDGE('',*,*,#5031,.F.);
#5034=ORIENTED_EDGE('',*,*,#5033,.F.);
#5035=EDGE_LOOP('',(#5028,#5030,#5032,#5034));
#5036=FACE_OUTER_BOUND('',#5035,.F.);
#5037=ADVANCED_FACE('',(#5036),#5026,.T.);
#5038=CARTESIAN_POINT('',(0.E0,0.E0,-9.2E0));
#5039=DIRECTION('',(0.E0,0.E0,-1.E0));
#5040=DIRECTION('',(1.E0,0.E0,0.E0));
#5041=AXIS2_PLACEMENT_3D('',#5038,#5039,#5040);
#5042=PLANE('',#5041);
#5044=ORIENTED_EDGE('',*,*,#5043,.F.);
#5046=ORIENTED_EDGE('',*,*,#5045,.F.);
#5048=ORIENTED_EDGE('',*,*,#5047,.F.);
#5050=ORIENTED_EDGE('',*,*,#5049,.F.);
#5051=EDGE_LOOP('',(#5044,#5046,#5048,#5050));
#5052=FACE_OUTER_BOUND('',#5051,.F.);
#5053=ADVANCED_FACE('',(#5052),#5042,.T.);
#5054=CARTESIAN_POINT('',(0.E0,0.E0,-9.2E0));
#5055=DIRECTION('',(0.E0,0.E0,-1.E0));
#5056=DIRECTION('',(1.E0,0.E0,0.E0));
#5057=AXIS2_PLACEMENT_3D('',#5054,#5055,#5056);
#5058=PLANE('',#5057);
#5060=ORIENTED_EDGE('',*,*,#5059,.F.);
#5062=ORIENTED_EDGE('',*,*,#5061,.F.);
#5064=ORIENTED_EDGE('',*,*,#5063,.F.);
#5066=ORIENTED_EDGE('',*,*,#5065,.F.);
#5067=EDGE_LOOP('',(#5060,#5062,#5064,#5066));
#5068=FACE_OUTER_BOUND('',#5067,.F.);
#5069=ADVANCED_FACE('',(#5068),#5058,.T.);
#5070=CARTESIAN_POINT('',(0.E0,0.E0,-9.2E0));
#5071=DIRECTION('',(0.E0,0.E0,-1.E0));
#5072=DIRECTION('',(1.E0,0.E0,0.E0));
#5073=AXIS2_PLACEMENT_3D('',#5070,#5071,#5072);
#5074=PLANE('',#5073);
#5076=ORIENTED_EDGE('',*,*,#5075,.F.);
#5078=ORIENTED_EDGE('',*,*,#5077,.F.);
#5080=ORIENTED_EDGE('',*,*,#5079,.F.);
#5082=ORIENTED_EDGE('',*,*,#5081,.F.);
#5083=EDGE_LOOP('',(#5076,#5078,#5080,#5082));
#5084=FACE_OUTER_BOUND('',#5083,.F.);
#5085=ADVANCED_FACE('',(#5084),#5074,.T.);
#5086=CARTESIAN_POINT('',(0.E0,0.E0,-9.2E0));
#5087=DIRECTION('',(0.E0,0.E0,-1.E0));
#5088=DIRECTION('',(1.E0,0.E0,0.E0));
#5089=AXIS2_PLACEMENT_3D('',#5086,#5087,#5088);
#5090=PLANE('',#5089);
#5092=ORIENTED_EDGE('',*,*,#5091,.F.);
#5094=ORIENTED_EDGE('',*,*,#5093,.F.);
#5095=ORIENTED_EDGE('',*,*,#3090,.F.);
#5097=ORIENTED_EDGE('',*,*,#5096,.F.);
#5098=EDGE_LOOP('',(#5092,#5094,#5095,#5097));
#5099=FACE_OUTER_BOUND('',#5098,.F.);
#5100=ADVANCED_FACE('',(#5099),#5090,.T.);
#5101=CARTESIAN_POINT('',(0.E0,0.E0,-9.2E0));
#5102=DIRECTION('',(0.E0,0.E0,-1.E0));
#5103=DIRECTION('',(1.E0,0.E0,0.E0));
#5104=AXIS2_PLACEMENT_3D('',#5101,#5102,#5103);
#5105=PLANE('',#5104);
#5107=ORIENTED_EDGE('',*,*,#5106,.F.);
#5109=ORIENTED_EDGE('',*,*,#5108,.F.);
#5111=ORIENTED_EDGE('',*,*,#5110,.F.);
#5113=ORIENTED_EDGE('',*,*,#5112,.F.);
#5114=EDGE_LOOP('',(#5107,#5109,#5111,#5113));
#5115=FACE_OUTER_BOUND('',#5114,.F.);
#5116=ADVANCED_FACE('',(#5115),#5105,.T.);
#5117=CARTESIAN_POINT('',(0.E0,0.E0,-9.2E0));
#5118=DIRECTION('',(0.E0,0.E0,-1.E0));
#5119=DIRECTION('',(1.E0,0.E0,0.E0));
#5120=AXIS2_PLACEMENT_3D('',#5117,#5118,#5119);
#5121=PLANE('',#5120);
#5123=ORIENTED_EDGE('',*,*,#5122,.F.);
#5125=ORIENTED_EDGE('',*,*,#5124,.F.);
#5127=ORIENTED_EDGE('',*,*,#5126,.F.);
#5129=ORIENTED_EDGE('',*,*,#5128,.F.);
#5130=EDGE_LOOP('',(#5123,#5125,#5127,#5129));
#5131=FACE_OUTER_BOUND('',#5130,.F.);
#5132=ADVANCED_FACE('',(#5131),#5121,.T.);
#5133=CARTESIAN_POINT('',(0.E0,0.E0,-9.2E0));
#5134=DIRECTION('',(0.E0,0.E0,-1.E0));
#5135=DIRECTION('',(1.E0,0.E0,0.E0));
#5136=AXIS2_PLACEMENT_3D('',#5133,#5134,#5135);
#5137=PLANE('',#5136);
#5139=ORIENTED_EDGE('',*,*,#5138,.F.);
#5141=ORIENTED_EDGE('',*,*,#5140,.F.);
#5143=ORIENTED_EDGE('',*,*,#5142,.F.);
#5145=ORIENTED_EDGE('',*,*,#5144,.F.);
#5146=EDGE_LOOP('',(#5139,#5141,#5143,#5145));
#5147=FACE_OUTER_BOUND('',#5146,.F.);
#5148=ADVANCED_FACE('',(#5147),#5137,.T.);
#5149=CARTESIAN_POINT('',(4.195E0,2.40425E1,-9.2E0));
#5150=DIRECTION('',(-1.E0,0.E0,0.E0));
#5151=DIRECTION('',(0.E0,1.E0,0.E0));
#5152=AXIS2_PLACEMENT_3D('',#5149,#5150,#5151);
#5153=PLANE('',#5152);
#5154=ORIENTED_EDGE('',*,*,#3122,.F.);
#5156=ORIENTED_EDGE('',*,*,#5155,.F.);
#5157=ORIENTED_EDGE('',*,*,#4915,.T.);
#5159=ORIENTED_EDGE('',*,*,#5158,.T.);
#5160=EDGE_LOOP('',(#5154,#5156,#5157,#5159));
#5161=FACE_OUTER_BOUND('',#5160,.F.);
#5162=ADVANCED_FACE('',(#5161),#5153,.T.);
#5163=CARTESIAN_POINT('',(4.81E0,2.40425E1,-9.2E0));
#5164=DIRECTION('',(0.E0,-1.E0,0.E0));
#5165=DIRECTION('',(-1.E0,0.E0,0.E0));
#5166=AXIS2_PLACEMENT_3D('',#5163,#5164,#5165);
#5167=PLANE('',#5166);
#5168=ORIENTED_EDGE('',*,*,#3128,.F.);
#5170=ORIENTED_EDGE('',*,*,#5169,.F.);
#5171=ORIENTED_EDGE('',*,*,#4917,.T.);
#5172=ORIENTED_EDGE('',*,*,#5155,.T.);
#5173=EDGE_LOOP('',(#5168,#5170,#5171,#5172));
#5174=FACE_OUTER_BOUND('',#5173,.F.);
#5175=ADVANCED_FACE('',(#5174),#5167,.T.);
#5176=CARTESIAN_POINT('',(4.81E0,2.46575E1,-9.2E0));
#5177=DIRECTION('',(1.E0,0.E0,0.E0));
#5178=DIRECTION('',(0.E0,-1.E0,0.E0));
#5179=AXIS2_PLACEMENT_3D('',#5176,#5177,#5178);
#5180=PLANE('',#5179);
#5181=ORIENTED_EDGE('',*,*,#3126,.F.);
#5183=ORIENTED_EDGE('',*,*,#5182,.F.);
#5184=ORIENTED_EDGE('',*,*,#4919,.T.);
#5185=ORIENTED_EDGE('',*,*,#5169,.T.);
#5186=EDGE_LOOP('',(#5181,#5183,#5184,#5185));
#5187=FACE_OUTER_BOUND('',#5186,.F.);
#5188=ADVANCED_FACE('',(#5187),#5180,.T.);
#5189=CARTESIAN_POINT('',(4.195E0,2.46575E1,-9.2E0));
#5190=DIRECTION('',(1.155354041886E-14,1.E0,0.E0));
#5191=DIRECTION('',(1.E0,-1.155354041886E-14,0.E0));
#5192=AXIS2_PLACEMENT_3D('',#5189,#5190,#5191);
#5193=PLANE('',#5192);
#5194=ORIENTED_EDGE('',*,*,#3124,.F.);
#5195=ORIENTED_EDGE('',*,*,#5158,.F.);
#5196=ORIENTED_EDGE('',*,*,#4921,.T.);
#5197=ORIENTED_EDGE('',*,*,#5182,.T.);
#5198=EDGE_LOOP('',(#5194,#5195,#5196,#5197));
#5199=FACE_OUTER_BOUND('',#5198,.F.);
#5200=ADVANCED_FACE('',(#5199),#5193,.T.);
#5201=CARTESIAN_POINT('',(6.71E0,2.40425E1,-9.2E0));
#5202=DIRECTION('',(-1.E0,0.E0,0.E0));
#5203=DIRECTION('',(0.E0,1.E0,0.E0));
#5204=AXIS2_PLACEMENT_3D('',#5201,#5202,#5203);
#5205=PLANE('',#5204);
#5206=ORIENTED_EDGE('',*,*,#3132,.F.);
#5208=ORIENTED_EDGE('',*,*,#5207,.F.);
#5209=ORIENTED_EDGE('',*,*,#4931,.T.);
#5211=ORIENTED_EDGE('',*,*,#5210,.T.);
#5212=EDGE_LOOP('',(#5206,#5208,#5209,#5211));
#5213=FACE_OUTER_BOUND('',#5212,.F.);
#5214=ADVANCED_FACE('',(#5213),#5205,.T.);
#5215=CARTESIAN_POINT('',(7.325E0,2.40425E1,-9.2E0));
#5216=DIRECTION('',(0.E0,-1.E0,0.E0));
#5217=DIRECTION('',(-1.E0,0.E0,0.E0));
#5218=AXIS2_PLACEMENT_3D('',#5215,#5216,#5217);
#5219=PLANE('',#5218);
#5220=ORIENTED_EDGE('',*,*,#3138,.F.);
#5222=ORIENTED_EDGE('',*,*,#5221,.F.);
#5223=ORIENTED_EDGE('',*,*,#4933,.T.);
#5224=ORIENTED_EDGE('',*,*,#5207,.T.);
#5225=EDGE_LOOP('',(#5220,#5222,#5223,#5224));
#5226=FACE_OUTER_BOUND('',#5225,.F.);
#5227=ADVANCED_FACE('',(#5226),#5219,.T.);
#5228=CARTESIAN_POINT('',(7.325E0,2.46575E1,-9.2E0));
#5229=DIRECTION('',(1.E0,0.E0,0.E0));
#5230=DIRECTION('',(0.E0,-1.E0,0.E0));
#5231=AXIS2_PLACEMENT_3D('',#5228,#5229,#5230);
#5232=PLANE('',#5231);
#5233=ORIENTED_EDGE('',*,*,#3136,.F.);
#5235=ORIENTED_EDGE('',*,*,#5234,.F.);
#5236=ORIENTED_EDGE('',*,*,#4935,.T.);
#5237=ORIENTED_EDGE('',*,*,#5221,.T.);
#5238=EDGE_LOOP('',(#5233,#5235,#5236,#5237));
#5239=FACE_OUTER_BOUND('',#5238,.F.);
#5240=ADVANCED_FACE('',(#5239),#5232,.T.);
#5241=CARTESIAN_POINT('',(6.71E0,2.46575E1,-9.2E0));
#5242=DIRECTION('',(0.E0,1.E0,0.E0));
#5243=DIRECTION('',(1.E0,0.E0,0.E0));
#5244=AXIS2_PLACEMENT_3D('',#5241,#5242,#5243);
#5245=PLANE('',#5244);
#5246=ORIENTED_EDGE('',*,*,#3134,.F.);
#5247=ORIENTED_EDGE('',*,*,#5210,.F.);
#5248=ORIENTED_EDGE('',*,*,#4937,.T.);
#5249=ORIENTED_EDGE('',*,*,#5234,.T.);
#5250=EDGE_LOOP('',(#5246,#5247,#5248,#5249));
#5251=FACE_OUTER_BOUND('',#5250,.F.);
#5252=ADVANCED_FACE('',(#5251),#5245,.T.);
#5253=CARTESIAN_POINT('',(9.225E0,2.40425E1,-9.2E0));
#5254=DIRECTION('',(-1.E0,0.E0,0.E0));
#5255=DIRECTION('',(0.E0,1.E0,0.E0));
#5256=AXIS2_PLACEMENT_3D('',#5253,#5254,#5255);
#5257=PLANE('',#5256);
#5258=ORIENTED_EDGE('',*,*,#3142,.F.);
#5260=ORIENTED_EDGE('',*,*,#5259,.F.);
#5261=ORIENTED_EDGE('',*,*,#4947,.T.);
#5263=ORIENTED_EDGE('',*,*,#5262,.T.);
#5264=EDGE_LOOP('',(#5258,#5260,#5261,#5263));
#5265=FACE_OUTER_BOUND('',#5264,.F.);
#5266=ADVANCED_FACE('',(#5265),#5257,.T.);
#5267=CARTESIAN_POINT('',(9.84E0,2.40425E1,-9.2E0));
#5268=DIRECTION('',(0.E0,-1.E0,0.E0));
#5269=DIRECTION('',(-1.E0,0.E0,0.E0));
#5270=AXIS2_PLACEMENT_3D('',#5267,#5268,#5269);
#5271=PLANE('',#5270);
#5272=ORIENTED_EDGE('',*,*,#3148,.F.);
#5274=ORIENTED_EDGE('',*,*,#5273,.F.);
#5275=ORIENTED_EDGE('',*,*,#4949,.T.);
#5276=ORIENTED_EDGE('',*,*,#5259,.T.);
#5277=EDGE_LOOP('',(#5272,#5274,#5275,#5276));
#5278=FACE_OUTER_BOUND('',#5277,.F.);
#5279=ADVANCED_FACE('',(#5278),#5271,.T.);
#5280=CARTESIAN_POINT('',(9.84E0,2.46575E1,-9.2E0));
#5281=DIRECTION('',(1.E0,0.E0,0.E0));
#5282=DIRECTION('',(0.E0,-1.E0,0.E0));
#5283=AXIS2_PLACEMENT_3D('',#5280,#5281,#5282);
#5284=PLANE('',#5283);
#5285=ORIENTED_EDGE('',*,*,#3146,.F.);
#5287=ORIENTED_EDGE('',*,*,#5286,.F.);
#5288=ORIENTED_EDGE('',*,*,#4951,.T.);
#5289=ORIENTED_EDGE('',*,*,#5273,.T.);
#5290=EDGE_LOOP('',(#5285,#5287,#5288,#5289));
#5291=FACE_OUTER_BOUND('',#5290,.F.);
#5292=ADVANCED_FACE('',(#5291),#5284,.T.);
#5293=CARTESIAN_POINT('',(9.225E0,2.46575E1,-9.2E0));
#5294=DIRECTION('',(0.E0,1.E0,0.E0));
#5295=DIRECTION('',(1.E0,0.E0,0.E0));
#5296=AXIS2_PLACEMENT_3D('',#5293,#5294,#5295);
#5297=PLANE('',#5296);
#5298=ORIENTED_EDGE('',*,*,#3144,.F.);
#5299=ORIENTED_EDGE('',*,*,#5262,.F.);
#5300=ORIENTED_EDGE('',*,*,#4953,.T.);
#5301=ORIENTED_EDGE('',*,*,#5286,.T.);
#5302=EDGE_LOOP('',(#5298,#5299,#5300,#5301));
#5303=FACE_OUTER_BOUND('',#5302,.F.);
#5304=ADVANCED_FACE('',(#5303),#5297,.T.);
#5305=CARTESIAN_POINT('',(1.992E1,2.40425E1,-9.2E0));
#5306=DIRECTION('',(0.E0,-1.E0,0.E0));
#5307=DIRECTION('',(-1.E0,0.E0,0.E0));
#5308=AXIS2_PLACEMENT_3D('',#5305,#5306,#5307);
#5309=PLANE('',#5308);
#5310=ORIENTED_EDGE('',*,*,#3152,.F.);
#5312=ORIENTED_EDGE('',*,*,#5311,.F.);
#5313=ORIENTED_EDGE('',*,*,#4963,.T.);
#5315=ORIENTED_EDGE('',*,*,#5314,.T.);
#5316=EDGE_LOOP('',(#5310,#5312,#5313,#5315));
#5317=FACE_OUTER_BOUND('',#5316,.F.);
#5318=ADVANCED_FACE('',(#5317),#5309,.T.);
#5319=CARTESIAN_POINT('',(1.992E1,2.46575E1,-9.2E0));
#5320=DIRECTION('',(1.E0,0.E0,0.E0));
#5321=DIRECTION('',(0.E0,-1.E0,0.E0));
#5322=AXIS2_PLACEMENT_3D('',#5319,#5320,#5321);
#5323=PLANE('',#5322);
#5324=ORIENTED_EDGE('',*,*,#3158,.F.);
#5326=ORIENTED_EDGE('',*,*,#5325,.F.);
#5327=ORIENTED_EDGE('',*,*,#4965,.T.);
#5328=ORIENTED_EDGE('',*,*,#5311,.T.);
#5329=EDGE_LOOP('',(#5324,#5326,#5327,#5328));
#5330=FACE_OUTER_BOUND('',#5329,.F.);
#5331=ADVANCED_FACE('',(#5330),#5323,.T.);
#5332=CARTESIAN_POINT('',(1.9305E1,2.46575E1,-9.2E0));
#5333=DIRECTION('',(0.E0,1.E0,0.E0));
#5334=DIRECTION('',(1.E0,0.E0,0.E0));
#5335=AXIS2_PLACEMENT_3D('',#5332,#5333,#5334);
#5336=PLANE('',#5335);
#5337=ORIENTED_EDGE('',*,*,#3156,.F.);
#5339=ORIENTED_EDGE('',*,*,#5338,.F.);
#5340=ORIENTED_EDGE('',*,*,#4967,.T.);
#5341=ORIENTED_EDGE('',*,*,#5325,.T.);
#5342=EDGE_LOOP('',(#5337,#5339,#5340,#5341));
#5343=FACE_OUTER_BOUND('',#5342,.F.);
#5344=ADVANCED_FACE('',(#5343),#5336,.T.);
#5345=CARTESIAN_POINT('',(1.9305E1,2.40425E1,-9.2E0));
#5346=DIRECTION('',(-1.E0,0.E0,0.E0));
#5347=DIRECTION('',(0.E0,1.E0,0.E0));
#5348=AXIS2_PLACEMENT_3D('',#5345,#5346,#5347);
#5349=PLANE('',#5348);
#5350=ORIENTED_EDGE('',*,*,#3154,.F.);
#5351=ORIENTED_EDGE('',*,*,#5314,.F.);
#5352=ORIENTED_EDGE('',*,*,#4969,.T.);
#5353=ORIENTED_EDGE('',*,*,#5338,.T.);
#5354=EDGE_LOOP('',(#5350,#5351,#5352,#5353));
#5355=FACE_OUTER_BOUND('',#5354,.F.);
#5356=ADVANCED_FACE('',(#5355),#5349,.T.);
#5357=CARTESIAN_POINT('',(1.7405E1,2.40425E1,-9.2E0));
#5358=DIRECTION('',(0.E0,-1.E0,0.E0));
#5359=DIRECTION('',(-1.E0,0.E0,0.E0));
#5360=AXIS2_PLACEMENT_3D('',#5357,#5358,#5359);
#5361=PLANE('',#5360);
#5362=ORIENTED_EDGE('',*,*,#3162,.F.);
#5364=ORIENTED_EDGE('',*,*,#5363,.F.);
#5365=ORIENTED_EDGE('',*,*,#4979,.T.);
#5367=ORIENTED_EDGE('',*,*,#5366,.T.);
#5368=EDGE_LOOP('',(#5362,#5364,#5365,#5367));
#5369=FACE_OUTER_BOUND('',#5368,.F.);
#5370=ADVANCED_FACE('',(#5369),#5361,.T.);
#5371=CARTESIAN_POINT('',(1.7405E1,2.46575E1,-9.2E0));
#5372=DIRECTION('',(1.E0,0.E0,0.E0));
#5373=DIRECTION('',(0.E0,-1.E0,0.E0));
#5374=AXIS2_PLACEMENT_3D('',#5371,#5372,#5373);
#5375=PLANE('',#5374);
#5376=ORIENTED_EDGE('',*,*,#3168,.F.);
#5378=ORIENTED_EDGE('',*,*,#5377,.F.);
#5379=ORIENTED_EDGE('',*,*,#4981,.T.);
#5380=ORIENTED_EDGE('',*,*,#5363,.T.);
#5381=EDGE_LOOP('',(#5376,#5378,#5379,#5380));
#5382=FACE_OUTER_BOUND('',#5381,.F.);
#5383=ADVANCED_FACE('',(#5382),#5375,.T.);
#5384=CARTESIAN_POINT('',(1.679E1,2.46575E1,-9.2E0));
#5385=DIRECTION('',(1.155354041886E-14,1.E0,0.E0));
#5386=DIRECTION('',(1.E0,-1.155354041886E-14,0.E0));
#5387=AXIS2_PLACEMENT_3D('',#5384,#5385,#5386);
#5388=PLANE('',#5387);
#5389=ORIENTED_EDGE('',*,*,#3166,.F.);
#5391=ORIENTED_EDGE('',*,*,#5390,.F.);
#5392=ORIENTED_EDGE('',*,*,#4983,.T.);
#5393=ORIENTED_EDGE('',*,*,#5377,.T.);
#5394=EDGE_LOOP('',(#5389,#5391,#5392,#5393));
#5395=FACE_OUTER_BOUND('',#5394,.F.);
#5396=ADVANCED_FACE('',(#5395),#5388,.T.);
#5397=CARTESIAN_POINT('',(1.679E1,2.40425E1,-9.2E0));
#5398=DIRECTION('',(-1.E0,0.E0,0.E0));
#5399=DIRECTION('',(0.E0,1.E0,0.E0));
#5400=AXIS2_PLACEMENT_3D('',#5397,#5398,#5399);
#5401=PLANE('',#5400);
#5402=ORIENTED_EDGE('',*,*,#3164,.F.);
#5403=ORIENTED_EDGE('',*,*,#5366,.F.);
#5404=ORIENTED_EDGE('',*,*,#4985,.T.);
#5405=ORIENTED_EDGE('',*,*,#5390,.T.);
#5406=EDGE_LOOP('',(#5402,#5403,#5404,#5405));
#5407=FACE_OUTER_BOUND('',#5406,.F.);
#5408=ADVANCED_FACE('',(#5407),#5401,.T.);
#5409=CARTESIAN_POINT('',(1.489E1,2.40425E1,-9.2E0));
#5410=DIRECTION('',(0.E0,-1.E0,0.E0));
#5411=DIRECTION('',(-1.E0,0.E0,0.E0));
#5412=AXIS2_PLACEMENT_3D('',#5409,#5410,#5411);
#5413=PLANE('',#5412);
#5414=ORIENTED_EDGE('',*,*,#3172,.F.);
#5416=ORIENTED_EDGE('',*,*,#5415,.F.);
#5417=ORIENTED_EDGE('',*,*,#4995,.T.);
#5419=ORIENTED_EDGE('',*,*,#5418,.T.);
#5420=EDGE_LOOP('',(#5414,#5416,#5417,#5419));
#5421=FACE_OUTER_BOUND('',#5420,.F.);
#5422=ADVANCED_FACE('',(#5421),#5413,.T.);
#5423=CARTESIAN_POINT('',(1.489E1,2.46575E1,-9.2E0));
#5424=DIRECTION('',(1.E0,0.E0,0.E0));
#5425=DIRECTION('',(0.E0,-1.E0,0.E0));
#5426=AXIS2_PLACEMENT_3D('',#5423,#5424,#5425);
#5427=PLANE('',#5426);
#5428=ORIENTED_EDGE('',*,*,#3178,.F.);
#5430=ORIENTED_EDGE('',*,*,#5429,.F.);
#5431=ORIENTED_EDGE('',*,*,#4997,.T.);
#5432=ORIENTED_EDGE('',*,*,#5415,.T.);
#5433=EDGE_LOOP('',(#5428,#5430,#5431,#5432));
#5434=FACE_OUTER_BOUND('',#5433,.F.);
#5435=ADVANCED_FACE('',(#5434),#5427,.T.);
#5436=CARTESIAN_POINT('',(1.4275E1,2.46575E1,-9.2E0));
#5437=DIRECTION('',(0.E0,1.E0,0.E0));
#5438=DIRECTION('',(1.E0,0.E0,0.E0));
#5439=AXIS2_PLACEMENT_3D('',#5436,#5437,#5438);
#5440=PLANE('',#5439);
#5441=ORIENTED_EDGE('',*,*,#3176,.F.);
#5443=ORIENTED_EDGE('',*,*,#5442,.F.);
#5444=ORIENTED_EDGE('',*,*,#4999,.T.);
#5445=ORIENTED_EDGE('',*,*,#5429,.T.);
#5446=EDGE_LOOP('',(#5441,#5443,#5444,#5445));
#5447=FACE_OUTER_BOUND('',#5446,.F.);
#5448=ADVANCED_FACE('',(#5447),#5440,.T.);
#5449=CARTESIAN_POINT('',(1.4275E1,2.40425E1,-9.2E0));
#5450=DIRECTION('',(-1.E0,0.E0,0.E0));
#5451=DIRECTION('',(0.E0,1.E0,0.E0));
#5452=AXIS2_PLACEMENT_3D('',#5449,#5450,#5451);
#5453=PLANE('',#5452);
#5454=ORIENTED_EDGE('',*,*,#3174,.F.);
#5455=ORIENTED_EDGE('',*,*,#5418,.F.);
#5456=ORIENTED_EDGE('',*,*,#5001,.T.);
#5457=ORIENTED_EDGE('',*,*,#5442,.T.);
#5458=EDGE_LOOP('',(#5454,#5455,#5456,#5457));
#5459=FACE_OUTER_BOUND('',#5458,.F.);
#5460=ADVANCED_FACE('',(#5459),#5453,.T.);
#5461=CARTESIAN_POINT('',(1.2375E1,2.40425E1,-9.2E0));
#5462=DIRECTION('',(0.E0,-1.E0,0.E0));
#5463=DIRECTION('',(-1.E0,0.E0,0.E0));
#5464=AXIS2_PLACEMENT_3D('',#5461,#5462,#5463);
#5465=PLANE('',#5464);
#5466=ORIENTED_EDGE('',*,*,#3182,.F.);
#5468=ORIENTED_EDGE('',*,*,#5467,.F.);
#5469=ORIENTED_EDGE('',*,*,#5011,.T.);
#5471=ORIENTED_EDGE('',*,*,#5470,.T.);
#5472=EDGE_LOOP('',(#5466,#5468,#5469,#5471));
#5473=FACE_OUTER_BOUND('',#5472,.F.);
#5474=ADVANCED_FACE('',(#5473),#5465,.T.);
#5475=CARTESIAN_POINT('',(1.2375E1,2.46575E1,-9.2E0));
#5476=DIRECTION('',(1.E0,0.E0,0.E0));
#5477=DIRECTION('',(0.E0,-1.E0,0.E0));
#5478=AXIS2_PLACEMENT_3D('',#5475,#5476,#5477);
#5479=PLANE('',#5478);
#5480=ORIENTED_EDGE('',*,*,#3188,.F.);
#5482=ORIENTED_EDGE('',*,*,#5481,.F.);
#5483=ORIENTED_EDGE('',*,*,#5013,.T.);
#5484=ORIENTED_EDGE('',*,*,#5467,.T.);
#5485=EDGE_LOOP('',(#5480,#5482,#5483,#5484));
#5486=FACE_OUTER_BOUND('',#5485,.F.);
#5487=ADVANCED_FACE('',(#5486),#5479,.T.);
#5488=CARTESIAN_POINT('',(1.176E1,2.46575E1,-9.2E0));
#5489=DIRECTION('',(0.E0,1.E0,0.E0));
#5490=DIRECTION('',(1.E0,0.E0,0.E0));
#5491=AXIS2_PLACEMENT_3D('',#5488,#5489,#5490);
#5492=PLANE('',#5491);
#5493=ORIENTED_EDGE('',*,*,#3186,.F.);
#5495=ORIENTED_EDGE('',*,*,#5494,.F.);
#5496=ORIENTED_EDGE('',*,*,#5015,.T.);
#5497=ORIENTED_EDGE('',*,*,#5481,.T.);
#5498=EDGE_LOOP('',(#5493,#5495,#5496,#5497));
#5499=FACE_OUTER_BOUND('',#5498,.F.);
#5500=ADVANCED_FACE('',(#5499),#5492,.T.);
#5501=CARTESIAN_POINT('',(1.176E1,2.40425E1,-9.2E0));
#5502=DIRECTION('',(-1.E0,0.E0,0.E0));
#5503=DIRECTION('',(0.E0,1.E0,0.E0));
#5504=AXIS2_PLACEMENT_3D('',#5501,#5502,#5503);
#5505=PLANE('',#5504);
#5506=ORIENTED_EDGE('',*,*,#3184,.F.);
#5507=ORIENTED_EDGE('',*,*,#5470,.F.);
#5508=ORIENTED_EDGE('',*,*,#5017,.T.);
#5509=ORIENTED_EDGE('',*,*,#5494,.T.);
#5510=EDGE_LOOP('',(#5506,#5507,#5508,#5509));
#5511=FACE_OUTER_BOUND('',#5510,.F.);
#5512=ADVANCED_FACE('',(#5511),#5505,.T.);
#5513=CARTESIAN_POINT('',(4.162E1,2.40425E1,-9.2E0));
#5514=DIRECTION('',(0.E0,-1.E0,0.E0));
#5515=DIRECTION('',(-1.E0,0.E0,0.E0));
#5516=AXIS2_PLACEMENT_3D('',#5513,#5514,#5515);
#5517=PLANE('',#5516);
#5518=ORIENTED_EDGE('',*,*,#3208,.F.);
#5520=ORIENTED_EDGE('',*,*,#5519,.F.);
#5521=ORIENTED_EDGE('',*,*,#5027,.T.);
#5523=ORIENTED_EDGE('',*,*,#5522,.T.);
#5524=EDGE_LOOP('',(#5518,#5520,#5521,#5523));
#5525=FACE_OUTER_BOUND('',#5524,.F.);
#5526=ADVANCED_FACE('',(#5525),#5517,.T.);
#5527=CARTESIAN_POINT('',(4.162E1,2.46575E1,-9.2E0));
#5528=DIRECTION('',(1.E0,-1.155354041886E-14,0.E0));
#5529=DIRECTION('',(-1.155354041886E-14,-1.E0,0.E0));
#5530=AXIS2_PLACEMENT_3D('',#5527,#5528,#5529);
#5531=PLANE('',#5530);
#5532=ORIENTED_EDGE('',*,*,#3214,.F.);
#5534=ORIENTED_EDGE('',*,*,#5533,.F.);
#5535=ORIENTED_EDGE('',*,*,#5029,.T.);
#5536=ORIENTED_EDGE('',*,*,#5519,.T.);
#5537=EDGE_LOOP('',(#5532,#5534,#5535,#5536));
#5538=FACE_OUTER_BOUND('',#5537,.F.);
#5539=ADVANCED_FACE('',(#5538),#5531,.T.);
#5540=CARTESIAN_POINT('',(4.1005E1,2.46575E1,-9.2E0));
#5541=DIRECTION('',(0.E0,1.E0,0.E0));
#5542=DIRECTION('',(1.E0,0.E0,0.E0));
#5543=AXIS2_PLACEMENT_3D('',#5540,#5541,#5542);
#5544=PLANE('',#5543);
#5545=ORIENTED_EDGE('',*,*,#3212,.F.);
#5547=ORIENTED_EDGE('',*,*,#5546,.F.);
#5548=ORIENTED_EDGE('',*,*,#5031,.T.);
#5549=ORIENTED_EDGE('',*,*,#5533,.T.);
#5550=EDGE_LOOP('',(#5545,#5547,#5548,#5549));
#5551=FACE_OUTER_BOUND('',#5550,.F.);
#5552=ADVANCED_FACE('',(#5551),#5544,.T.);
#5553=CARTESIAN_POINT('',(4.1005E1,2.40425E1,-9.2E0));
#5554=DIRECTION('',(-1.E0,0.E0,0.E0));
#5555=DIRECTION('',(0.E0,1.E0,0.E0));
#5556=AXIS2_PLACEMENT_3D('',#5553,#5554,#5555);
#5557=PLANE('',#5556);
#5558=ORIENTED_EDGE('',*,*,#3210,.F.);
#5559=ORIENTED_EDGE('',*,*,#5522,.F.);
#5560=ORIENTED_EDGE('',*,*,#5033,.T.);
#5561=ORIENTED_EDGE('',*,*,#5546,.T.);
#5562=EDGE_LOOP('',(#5558,#5559,#5560,#5561));
#5563=FACE_OUTER_BOUND('',#5562,.F.);
#5564=ADVANCED_FACE('',(#5563),#5557,.T.);
#5565=CARTESIAN_POINT('',(3.9105E1,2.40425E1,-9.2E0));
#5566=DIRECTION('',(0.E0,-1.E0,0.E0));
#5567=DIRECTION('',(-1.E0,0.E0,0.E0));
#5568=AXIS2_PLACEMENT_3D('',#5565,#5566,#5567);
#5569=PLANE('',#5568);
#5570=ORIENTED_EDGE('',*,*,#3218,.F.);
#5572=ORIENTED_EDGE('',*,*,#5571,.F.);
#5573=ORIENTED_EDGE('',*,*,#5043,.T.);
#5575=ORIENTED_EDGE('',*,*,#5574,.T.);
#5576=EDGE_LOOP('',(#5570,#5572,#5573,#5575));
#5577=FACE_OUTER_BOUND('',#5576,.F.);
#5578=ADVANCED_FACE('',(#5577),#5569,.T.);
#5579=CARTESIAN_POINT('',(3.9105E1,2.46575E1,-9.2E0));
#5580=DIRECTION('',(1.E0,1.155354041886E-14,0.E0));
#5581=DIRECTION('',(1.155354041886E-14,-1.E0,0.E0));
#5582=AXIS2_PLACEMENT_3D('',#5579,#5580,#5581);
#5583=PLANE('',#5582);
#5584=ORIENTED_EDGE('',*,*,#3224,.F.);
#5586=ORIENTED_EDGE('',*,*,#5585,.F.);
#5587=ORIENTED_EDGE('',*,*,#5045,.T.);
#5588=ORIENTED_EDGE('',*,*,#5571,.T.);
#5589=EDGE_LOOP('',(#5584,#5586,#5587,#5588));
#5590=FACE_OUTER_BOUND('',#5589,.F.);
#5591=ADVANCED_FACE('',(#5590),#5583,.T.);
#5592=CARTESIAN_POINT('',(3.849E1,2.46575E1,-9.2E0));
#5593=DIRECTION('',(0.E0,1.E0,0.E0));
#5594=DIRECTION('',(1.E0,0.E0,0.E0));
#5595=AXIS2_PLACEMENT_3D('',#5592,#5593,#5594);
#5596=PLANE('',#5595);
#5597=ORIENTED_EDGE('',*,*,#3222,.F.);
#5599=ORIENTED_EDGE('',*,*,#5598,.F.);
#5600=ORIENTED_EDGE('',*,*,#5047,.T.);
#5601=ORIENTED_EDGE('',*,*,#5585,.T.);
#5602=EDGE_LOOP('',(#5597,#5599,#5600,#5601));
#5603=FACE_OUTER_BOUND('',#5602,.F.);
#5604=ADVANCED_FACE('',(#5603),#5596,.T.);
#5605=CARTESIAN_POINT('',(3.849E1,2.40425E1,-9.2E0));
#5606=DIRECTION('',(-1.E0,1.155354041886E-14,0.E0));
#5607=DIRECTION('',(1.155354041886E-14,1.E0,0.E0));
#5608=AXIS2_PLACEMENT_3D('',#5605,#5606,#5607);
#5609=PLANE('',#5608);
#5610=ORIENTED_EDGE('',*,*,#3220,.F.);
#5611=ORIENTED_EDGE('',*,*,#5574,.F.);
#5612=ORIENTED_EDGE('',*,*,#5049,.T.);
#5613=ORIENTED_EDGE('',*,*,#5598,.T.);
#5614=EDGE_LOOP('',(#5610,#5611,#5612,#5613));
#5615=FACE_OUTER_BOUND('',#5614,.F.);
#5616=ADVANCED_FACE('',(#5615),#5609,.T.);
#5617=CARTESIAN_POINT('',(3.659E1,2.40425E1,-9.2E0));
#5618=DIRECTION('',(0.E0,-1.E0,0.E0));
#5619=DIRECTION('',(-1.E0,0.E0,0.E0));
#5620=AXIS2_PLACEMENT_3D('',#5617,#5618,#5619);
#5621=PLANE('',#5620);
#5622=ORIENTED_EDGE('',*,*,#3228,.F.);
#5624=ORIENTED_EDGE('',*,*,#5623,.F.);
#5625=ORIENTED_EDGE('',*,*,#5059,.T.);
#5627=ORIENTED_EDGE('',*,*,#5626,.T.);
#5628=EDGE_LOOP('',(#5622,#5624,#5625,#5627));
#5629=FACE_OUTER_BOUND('',#5628,.F.);
#5630=ADVANCED_FACE('',(#5629),#5621,.T.);
#5631=CARTESIAN_POINT('',(3.659E1,2.46575E1,-9.2E0));
#5632=DIRECTION('',(1.E0,0.E0,0.E0));
#5633=DIRECTION('',(0.E0,-1.E0,0.E0));
#5634=AXIS2_PLACEMENT_3D('',#5631,#5632,#5633);
#5635=PLANE('',#5634);
#5636=ORIENTED_EDGE('',*,*,#3234,.F.);
#5638=ORIENTED_EDGE('',*,*,#5637,.F.);
#5639=ORIENTED_EDGE('',*,*,#5061,.T.);
#5640=ORIENTED_EDGE('',*,*,#5623,.T.);
#5641=EDGE_LOOP('',(#5636,#5638,#5639,#5640));
#5642=FACE_OUTER_BOUND('',#5641,.F.);
#5643=ADVANCED_FACE('',(#5642),#5635,.T.);
#5644=CARTESIAN_POINT('',(3.5975E1,2.46575E1,-9.2E0));
#5645=DIRECTION('',(0.E0,1.E0,0.E0));
#5646=DIRECTION('',(1.E0,0.E0,0.E0));
#5647=AXIS2_PLACEMENT_3D('',#5644,#5645,#5646);
#5648=PLANE('',#5647);
#5649=ORIENTED_EDGE('',*,*,#3232,.F.);
#5651=ORIENTED_EDGE('',*,*,#5650,.F.);
#5652=ORIENTED_EDGE('',*,*,#5063,.T.);
#5653=ORIENTED_EDGE('',*,*,#5637,.T.);
#5654=EDGE_LOOP('',(#5649,#5651,#5652,#5653));
#5655=FACE_OUTER_BOUND('',#5654,.F.);
#5656=ADVANCED_FACE('',(#5655),#5648,.T.);
#5657=CARTESIAN_POINT('',(3.5975E1,2.40425E1,-9.2E0));
#5658=DIRECTION('',(-1.E0,1.155354041886E-14,0.E0));
#5659=DIRECTION('',(1.155354041886E-14,1.E0,0.E0));
#5660=AXIS2_PLACEMENT_3D('',#5657,#5658,#5659);
#5661=PLANE('',#5660);
#5662=ORIENTED_EDGE('',*,*,#3230,.F.);
#5663=ORIENTED_EDGE('',*,*,#5626,.F.);
#5664=ORIENTED_EDGE('',*,*,#5065,.T.);
#5665=ORIENTED_EDGE('',*,*,#5650,.T.);
#5666=EDGE_LOOP('',(#5662,#5663,#5664,#5665));
#5667=FACE_OUTER_BOUND('',#5666,.F.);
#5668=ADVANCED_FACE('',(#5667),#5661,.T.);
#5669=CARTESIAN_POINT('',(3.4075E1,2.40425E1,-9.2E0));
#5670=DIRECTION('',(0.E0,-1.E0,0.E0));
#5671=DIRECTION('',(-1.E0,0.E0,0.E0));
#5672=AXIS2_PLACEMENT_3D('',#5669,#5670,#5671);
#5673=PLANE('',#5672);
#5674=ORIENTED_EDGE('',*,*,#3238,.F.);
#5676=ORIENTED_EDGE('',*,*,#5675,.F.);
#5677=ORIENTED_EDGE('',*,*,#5075,.T.);
#5679=ORIENTED_EDGE('',*,*,#5678,.T.);
#5680=EDGE_LOOP('',(#5674,#5676,#5677,#5679));
#5681=FACE_OUTER_BOUND('',#5680,.F.);
#5682=ADVANCED_FACE('',(#5681),#5673,.T.);
#5683=CARTESIAN_POINT('',(3.4075E1,2.46575E1,-9.2E0));
#5684=DIRECTION('',(1.E0,0.E0,0.E0));
#5685=DIRECTION('',(0.E0,-1.E0,0.E0));
#5686=AXIS2_PLACEMENT_3D('',#5683,#5684,#5685);
#5687=PLANE('',#5686);
#5688=ORIENTED_EDGE('',*,*,#3244,.F.);
#5690=ORIENTED_EDGE('',*,*,#5689,.F.);
#5691=ORIENTED_EDGE('',*,*,#5077,.T.);
#5692=ORIENTED_EDGE('',*,*,#5675,.T.);
#5693=EDGE_LOOP('',(#5688,#5690,#5691,#5692));
#5694=FACE_OUTER_BOUND('',#5693,.F.);
#5695=ADVANCED_FACE('',(#5694),#5687,.T.);
#5696=CARTESIAN_POINT('',(3.346E1,2.46575E1,-9.2E0));
#5697=DIRECTION('',(0.E0,1.E0,0.E0));
#5698=DIRECTION('',(1.E0,0.E0,0.E0));
#5699=AXIS2_PLACEMENT_3D('',#5696,#5697,#5698);
#5700=PLANE('',#5699);
#5701=ORIENTED_EDGE('',*,*,#3242,.F.);
#5703=ORIENTED_EDGE('',*,*,#5702,.F.);
#5704=ORIENTED_EDGE('',*,*,#5079,.T.);
#5705=ORIENTED_EDGE('',*,*,#5689,.T.);
#5706=EDGE_LOOP('',(#5701,#5703,#5704,#5705));
#5707=FACE_OUTER_BOUND('',#5706,.F.);
#5708=ADVANCED_FACE('',(#5707),#5700,.T.);
#5709=CARTESIAN_POINT('',(3.346E1,2.40425E1,-9.2E0));
#5710=DIRECTION('',(-1.E0,-1.155354041886E-14,0.E0));
#5711=DIRECTION('',(-1.155354041886E-14,1.E0,0.E0));
#5712=AXIS2_PLACEMENT_3D('',#5709,#5710,#5711);
#5713=PLANE('',#5712);
#5714=ORIENTED_EDGE('',*,*,#3240,.F.);
#5715=ORIENTED_EDGE('',*,*,#5678,.F.);
#5716=ORIENTED_EDGE('',*,*,#5081,.T.);
#5717=ORIENTED_EDGE('',*,*,#5702,.T.);
#5718=EDGE_LOOP('',(#5714,#5715,#5716,#5717));
#5719=FACE_OUTER_BOUND('',#5718,.F.);
#5720=ADVANCED_FACE('',(#5719),#5713,.T.);
#5721=CARTESIAN_POINT('',(2.338E1,2.40425E1,-9.2E0));
#5722=DIRECTION('',(-1.E0,-1.733031062830E-14,0.E0));
#5723=DIRECTION('',(-1.733031062830E-14,1.E0,0.E0));
#5724=AXIS2_PLACEMENT_3D('',#5721,#5722,#5723);
#5725=PLANE('',#5724);
#5726=ORIENTED_EDGE('',*,*,#3248,.F.);
#5728=ORIENTED_EDGE('',*,*,#5727,.F.);
#5729=ORIENTED_EDGE('',*,*,#5091,.T.);
#5731=ORIENTED_EDGE('',*,*,#5730,.T.);
#5732=EDGE_LOOP('',(#5726,#5728,#5729,#5731));
#5733=FACE_OUTER_BOUND('',#5732,.F.);
#5734=ADVANCED_FACE('',(#5733),#5725,.T.);
#5735=CARTESIAN_POINT('',(2.3995E1,2.40425E1,-9.2E0));
#5736=DIRECTION('',(0.E0,-1.E0,0.E0));
#5737=DIRECTION('',(-1.E0,0.E0,0.E0));
#5738=AXIS2_PLACEMENT_3D('',#5735,#5736,#5737);
#5739=PLANE('',#5738);
#5740=ORIENTED_EDGE('',*,*,#3253,.F.);
#5741=ORIENTED_EDGE('',*,*,#3092,.F.);
#5742=ORIENTED_EDGE('',*,*,#5093,.T.);
#5743=ORIENTED_EDGE('',*,*,#5727,.T.);
#5744=EDGE_LOOP('',(#5740,#5741,#5742,#5743));
#5745=FACE_OUTER_BOUND('',#5744,.F.);
#5746=ADVANCED_FACE('',(#5745),#5739,.T.);
#5747=CARTESIAN_POINT('',(2.338E1,2.46575E1,-9.2E0));
#5748=DIRECTION('',(0.E0,1.E0,0.E0));
#5749=DIRECTION('',(1.E0,0.E0,0.E0));
#5750=AXIS2_PLACEMENT_3D('',#5747,#5748,#5749);
#5751=PLANE('',#5750);
#5752=ORIENTED_EDGE('',*,*,#3250,.F.);
#5753=ORIENTED_EDGE('',*,*,#5730,.F.);
#5754=ORIENTED_EDGE('',*,*,#5096,.T.);
#5755=ORIENTED_EDGE('',*,*,#3088,.T.);
#5756=EDGE_LOOP('',(#5752,#5753,#5754,#5755));
#5757=FACE_OUTER_BOUND('',#5756,.F.);
#5758=ADVANCED_FACE('',(#5757),#5751,.T.);
#5759=CARTESIAN_POINT('',(2.5895E1,2.40425E1,-9.2E0));
#5760=DIRECTION('',(-1.E0,0.E0,0.E0));
#5761=DIRECTION('',(0.E0,1.E0,0.E0));
#5762=AXIS2_PLACEMENT_3D('',#5759,#5760,#5761);
#5763=PLANE('',#5762);
#5764=ORIENTED_EDGE('',*,*,#3257,.F.);
#5766=ORIENTED_EDGE('',*,*,#5765,.F.);
#5767=ORIENTED_EDGE('',*,*,#5106,.T.);
#5769=ORIENTED_EDGE('',*,*,#5768,.T.);
#5770=EDGE_LOOP('',(#5764,#5766,#5767,#5769));
#5771=FACE_OUTER_BOUND('',#5770,.F.);
#5772=ADVANCED_FACE('',(#5771),#5763,.T.);
#5773=CARTESIAN_POINT('',(2.651E1,2.40425E1,-9.2E0));
#5774=DIRECTION('',(0.E0,-1.E0,0.E0));
#5775=DIRECTION('',(-1.E0,0.E0,0.E0));
#5776=AXIS2_PLACEMENT_3D('',#5773,#5774,#5775);
#5777=PLANE('',#5776);
#5778=ORIENTED_EDGE('',*,*,#3263,.F.);
#5780=ORIENTED_EDGE('',*,*,#5779,.F.);
#5781=ORIENTED_EDGE('',*,*,#5108,.T.);
#5782=ORIENTED_EDGE('',*,*,#5765,.T.);
#5783=EDGE_LOOP('',(#5778,#5780,#5781,#5782));
#5784=FACE_OUTER_BOUND('',#5783,.F.);
#5785=ADVANCED_FACE('',(#5784),#5777,.T.);
#5786=CARTESIAN_POINT('',(2.651E1,2.46575E1,-9.2E0));
#5787=DIRECTION('',(1.E0,1.155354041886E-14,0.E0));
#5788=DIRECTION('',(1.155354041886E-14,-1.E0,0.E0));
#5789=AXIS2_PLACEMENT_3D('',#5786,#5787,#5788);
#5790=PLANE('',#5789);
#5791=ORIENTED_EDGE('',*,*,#3261,.F.);
#5793=ORIENTED_EDGE('',*,*,#5792,.F.);
#5794=ORIENTED_EDGE('',*,*,#5110,.T.);
#5795=ORIENTED_EDGE('',*,*,#5779,.T.);
#5796=EDGE_LOOP('',(#5791,#5793,#5794,#5795));
#5797=FACE_OUTER_BOUND('',#5796,.F.);
#5798=ADVANCED_FACE('',(#5797),#5790,.T.);
#5799=CARTESIAN_POINT('',(2.5895E1,2.46575E1,-9.2E0));
#5800=DIRECTION('',(-1.155354041886E-14,1.E0,0.E0));
#5801=DIRECTION('',(1.E0,1.155354041886E-14,0.E0));
#5802=AXIS2_PLACEMENT_3D('',#5799,#5800,#5801);
#5803=PLANE('',#5802);
#5804=ORIENTED_EDGE('',*,*,#3259,.F.);
#5805=ORIENTED_EDGE('',*,*,#5768,.F.);
#5806=ORIENTED_EDGE('',*,*,#5112,.T.);
#5807=ORIENTED_EDGE('',*,*,#5792,.T.);
#5808=EDGE_LOOP('',(#5804,#5805,#5806,#5807));
#5809=FACE_OUTER_BOUND('',#5808,.F.);
#5810=ADVANCED_FACE('',(#5809),#5803,.T.);
#5811=CARTESIAN_POINT('',(2.841E1,2.40425E1,-9.2E0));
#5812=DIRECTION('',(-1.E0,0.E0,0.E0));
#5813=DIRECTION('',(0.E0,1.E0,0.E0));
#5814=AXIS2_PLACEMENT_3D('',#5811,#5812,#5813);
#5815=PLANE('',#5814);
#5816=ORIENTED_EDGE('',*,*,#3267,.F.);
#5818=ORIENTED_EDGE('',*,*,#5817,.F.);
#5819=ORIENTED_EDGE('',*,*,#5122,.T.);
#5821=ORIENTED_EDGE('',*,*,#5820,.T.);
#5822=EDGE_LOOP('',(#5816,#5818,#5819,#5821));
#5823=FACE_OUTER_BOUND('',#5822,.F.);
#5824=ADVANCED_FACE('',(#5823),#5815,.T.);
#5825=CARTESIAN_POINT('',(2.9025E1,2.40425E1,-9.2E0));
#5826=DIRECTION('',(0.E0,-1.E0,0.E0));
#5827=DIRECTION('',(-1.E0,0.E0,0.E0));
#5828=AXIS2_PLACEMENT_3D('',#5825,#5826,#5827);
#5829=PLANE('',#5828);
#5830=ORIENTED_EDGE('',*,*,#3273,.F.);
#5832=ORIENTED_EDGE('',*,*,#5831,.F.);
#5833=ORIENTED_EDGE('',*,*,#5124,.T.);
#5834=ORIENTED_EDGE('',*,*,#5817,.T.);
#5835=EDGE_LOOP('',(#5830,#5832,#5833,#5834));
#5836=FACE_OUTER_BOUND('',#5835,.F.);
#5837=ADVANCED_FACE('',(#5836),#5829,.T.);
#5838=CARTESIAN_POINT('',(2.9025E1,2.46575E1,-9.2E0));
#5839=DIRECTION('',(1.E0,0.E0,0.E0));
#5840=DIRECTION('',(0.E0,-1.E0,0.E0));
#5841=AXIS2_PLACEMENT_3D('',#5838,#5839,#5840);
#5842=PLANE('',#5841);
#5843=ORIENTED_EDGE('',*,*,#3271,.F.);
#5845=ORIENTED_EDGE('',*,*,#5844,.F.);
#5846=ORIENTED_EDGE('',*,*,#5126,.T.);
#5847=ORIENTED_EDGE('',*,*,#5831,.T.);
#5848=EDGE_LOOP('',(#5843,#5845,#5846,#5847));
#5849=FACE_OUTER_BOUND('',#5848,.F.);
#5850=ADVANCED_FACE('',(#5849),#5842,.T.);
#5851=CARTESIAN_POINT('',(2.841E1,2.46575E1,-9.2E0));
#5852=DIRECTION('',(0.E0,1.E0,0.E0));
#5853=DIRECTION('',(1.E0,0.E0,0.E0));
#5854=AXIS2_PLACEMENT_3D('',#5851,#5852,#5853);
#5855=PLANE('',#5854);
#5856=ORIENTED_EDGE('',*,*,#3269,.F.);
#5857=ORIENTED_EDGE('',*,*,#5820,.F.);
#5858=ORIENTED_EDGE('',*,*,#5128,.T.);
#5859=ORIENTED_EDGE('',*,*,#5844,.T.);
#5860=EDGE_LOOP('',(#5856,#5857,#5858,#5859));
#5861=FACE_OUTER_BOUND('',#5860,.F.);
#5862=ADVANCED_FACE('',(#5861),#5855,.T.);
#5863=CARTESIAN_POINT('',(3.0925E1,2.40425E1,-9.2E0));
#5864=DIRECTION('',(-1.E0,0.E0,0.E0));
#5865=DIRECTION('',(0.E0,1.E0,0.E0));
#5866=AXIS2_PLACEMENT_3D('',#5863,#5864,#5865);
#5867=PLANE('',#5866);
#5868=ORIENTED_EDGE('',*,*,#3277,.F.);
#5870=ORIENTED_EDGE('',*,*,#5869,.F.);
#5871=ORIENTED_EDGE('',*,*,#5138,.T.);
#5873=ORIENTED_EDGE('',*,*,#5872,.T.);
#5874=EDGE_LOOP('',(#5868,#5870,#5871,#5873));
#5875=FACE_OUTER_BOUND('',#5874,.F.);
#5876=ADVANCED_FACE('',(#5875),#5867,.T.);
#5877=CARTESIAN_POINT('',(3.154E1,2.40425E1,-9.2E0));
#5878=DIRECTION('',(0.E0,-1.E0,0.E0));
#5879=DIRECTION('',(-1.E0,0.E0,0.E0));
#5880=AXIS2_PLACEMENT_3D('',#5877,#5878,#5879);
#5881=PLANE('',#5880);
#5882=ORIENTED_EDGE('',*,*,#3283,.F.);
#5884=ORIENTED_EDGE('',*,*,#5883,.F.);
#5885=ORIENTED_EDGE('',*,*,#5140,.T.);
#5886=ORIENTED_EDGE('',*,*,#5869,.T.);
#5887=EDGE_LOOP('',(#5882,#5884,#5885,#5886));
#5888=FACE_OUTER_BOUND('',#5887,.F.);
#5889=ADVANCED_FACE('',(#5888),#5881,.T.);
#5890=CARTESIAN_POINT('',(3.154E1,2.46575E1,-9.2E0));
#5891=DIRECTION('',(1.E0,0.E0,0.E0));
#5892=DIRECTION('',(0.E0,-1.E0,0.E0));
#5893=AXIS2_PLACEMENT_3D('',#5890,#5891,#5892);
#5894=PLANE('',#5893);
#5895=ORIENTED_EDGE('',*,*,#3281,.F.);
#5897=ORIENTED_EDGE('',*,*,#5896,.F.);
#5898=ORIENTED_EDGE('',*,*,#5142,.T.);
#5899=ORIENTED_EDGE('',*,*,#5883,.T.);
#5900=EDGE_LOOP('',(#5895,#5897,#5898,#5899));
#5901=FACE_OUTER_BOUND('',#5900,.F.);
#5902=ADVANCED_FACE('',(#5901),#5894,.T.);
#5903=CARTESIAN_POINT('',(3.0925E1,2.46575E1,-9.2E0));
#5904=DIRECTION('',(0.E0,1.E0,0.E0));
#5905=DIRECTION('',(1.E0,0.E0,0.E0));
#5906=AXIS2_PLACEMENT_3D('',#5903,#5904,#5905);
#5907=PLANE('',#5906);
#5908=ORIENTED_EDGE('',*,*,#3279,.F.);
#5909=ORIENTED_EDGE('',*,*,#5872,.F.);
#5910=ORIENTED_EDGE('',*,*,#5144,.T.);
#5911=ORIENTED_EDGE('',*,*,#5896,.T.);
#5912=EDGE_LOOP('',(#5908,#5909,#5910,#5911));
#5913=FACE_OUTER_BOUND('',#5912,.F.);
#5914=ADVANCED_FACE('',(#5913),#5907,.T.);
#5915=CARTESIAN_POINT('',(1.6295E1,-2.43575E1,-9.2E0));
#5916=DIRECTION('',(0.E0,-1.E0,0.E0));
#5917=DIRECTION('',(-1.E0,0.E0,0.E0));
#5918=AXIS2_PLACEMENT_3D('',#5915,#5916,#5917);
#5919=PLANE('',#5918);
#5920=ORIENTED_EDGE('',*,*,#3303,.F.);
#5922=ORIENTED_EDGE('',*,*,#5921,.F.);
#5924=ORIENTED_EDGE('',*,*,#5923,.T.);
#5926=ORIENTED_EDGE('',*,*,#5925,.T.);
#5927=EDGE_LOOP('',(#5920,#5922,#5924,#5926));
#5928=FACE_OUTER_BOUND('',#5927,.F.);
#5929=ADVANCED_FACE('',(#5928),#5919,.T.);
#5930=CARTESIAN_POINT('',(1.6295E1,-2.37425E1,-9.2E0));
#5931=DIRECTION('',(1.E0,0.E0,0.E0));
#5932=DIRECTION('',(0.E0,-1.E0,0.E0));
#5933=AXIS2_PLACEMENT_3D('',#5930,#5931,#5932);
#5934=PLANE('',#5933);
#5935=ORIENTED_EDGE('',*,*,#3309,.F.);
#5937=ORIENTED_EDGE('',*,*,#5936,.F.);
#5939=ORIENTED_EDGE('',*,*,#5938,.T.);
#5940=ORIENTED_EDGE('',*,*,#5921,.T.);
#5941=EDGE_LOOP('',(#5935,#5937,#5939,#5940));
#5942=FACE_OUTER_BOUND('',#5941,.F.);
#5943=ADVANCED_FACE('',(#5942),#5934,.T.);
#5944=CARTESIAN_POINT('',(1.568E1,-2.37425E1,-9.2E0));
#5945=DIRECTION('',(0.E0,1.E0,0.E0));
#5946=DIRECTION('',(1.E0,0.E0,0.E0));
#5947=AXIS2_PLACEMENT_3D('',#5944,#5945,#5946);
#5948=PLANE('',#5947);
#5949=ORIENTED_EDGE('',*,*,#3307,.F.);
#5951=ORIENTED_EDGE('',*,*,#5950,.F.);
#5953=ORIENTED_EDGE('',*,*,#5952,.T.);
#5954=ORIENTED_EDGE('',*,*,#5936,.T.);
#5955=EDGE_LOOP('',(#5949,#5951,#5953,#5954));
#5956=FACE_OUTER_BOUND('',#5955,.F.);
#5957=ADVANCED_FACE('',(#5956),#5948,.T.);
#5958=CARTESIAN_POINT('',(1.568E1,-2.43575E1,-9.2E0));
#5959=DIRECTION('',(-1.E0,0.E0,0.E0));
#5960=DIRECTION('',(0.E0,1.E0,0.E0));
#5961=AXIS2_PLACEMENT_3D('',#5958,#5959,#5960);
#5962=PLANE('',#5961);
#5963=ORIENTED_EDGE('',*,*,#3305,.F.);
#5964=ORIENTED_EDGE('',*,*,#5925,.F.);
#5966=ORIENTED_EDGE('',*,*,#5965,.T.);
#5967=ORIENTED_EDGE('',*,*,#5950,.T.);
#5968=EDGE_LOOP('',(#5963,#5964,#5966,#5967));
#5969=FACE_OUTER_BOUND('',#5968,.F.);
#5970=ADVANCED_FACE('',(#5969),#5962,.T.);
#5971=CARTESIAN_POINT('',(0.E0,0.E0,-9.2E0));
#5972=DIRECTION('',(0.E0,0.E0,-1.E0));
#5973=DIRECTION('',(1.E0,0.E0,0.E0));
#5974=AXIS2_PLACEMENT_3D('',#5971,#5972,#5973);
#5975=PLANE('',#5974);
#5976=ORIENTED_EDGE('',*,*,#5923,.F.);
#5977=ORIENTED_EDGE('',*,*,#5938,.F.);
#5978=ORIENTED_EDGE('',*,*,#5952,.F.);
#5979=ORIENTED_EDGE('',*,*,#5965,.F.);
#5980=EDGE_LOOP('',(#5976,#5977,#5978,#5979));
#5981=FACE_OUTER_BOUND('',#5980,.F.);
#5982=ADVANCED_FACE('',(#5981),#5975,.T.);
#5983=CARTESIAN_POINT('',(0.E0,0.E0,-9.2E0));
#5984=DIRECTION('',(0.E0,0.E0,-1.E0));
#5985=DIRECTION('',(1.E0,0.E0,0.E0));
#5986=AXIS2_PLACEMENT_3D('',#5983,#5984,#5985);
#5987=PLANE('',#5986);
#5989=ORIENTED_EDGE('',*,*,#5988,.F.);
#5991=ORIENTED_EDGE('',*,*,#5990,.F.);
#5993=ORIENTED_EDGE('',*,*,#5992,.F.);
#5995=ORIENTED_EDGE('',*,*,#5994,.F.);
#5996=EDGE_LOOP('',(#5989,#5991,#5993,#5995));
#5997=FACE_OUTER_BOUND('',#5996,.F.);
#5998=ADVANCED_FACE('',(#5997),#5987,.T.);
#5999=CARTESIAN_POINT('',(0.E0,0.E0,-9.2E0));
#6000=DIRECTION('',(0.E0,0.E0,-1.E0));
#6001=DIRECTION('',(1.E0,0.E0,0.E0));
#6002=AXIS2_PLACEMENT_3D('',#5999,#6000,#6001);
#6003=PLANE('',#6002);
#6005=ORIENTED_EDGE('',*,*,#6004,.F.);
#6007=ORIENTED_EDGE('',*,*,#6006,.F.);
#6009=ORIENTED_EDGE('',*,*,#6008,.F.);
#6011=ORIENTED_EDGE('',*,*,#6010,.F.);
#6012=EDGE_LOOP('',(#6005,#6007,#6009,#6011));
#6013=FACE_OUTER_BOUND('',#6012,.F.);
#6014=ADVANCED_FACE('',(#6013),#6003,.T.);
#6015=CARTESIAN_POINT('',(0.E0,0.E0,-9.2E0));
#6016=DIRECTION('',(0.E0,0.E0,-1.E0));
#6017=DIRECTION('',(1.E0,0.E0,0.E0));
#6018=AXIS2_PLACEMENT_3D('',#6015,#6016,#6017);
#6019=PLANE('',#6018);
#6021=ORIENTED_EDGE('',*,*,#6020,.F.);
#6023=ORIENTED_EDGE('',*,*,#6022,.F.);
#6025=ORIENTED_EDGE('',*,*,#6024,.F.);
#6027=ORIENTED_EDGE('',*,*,#6026,.F.);
#6028=EDGE_LOOP('',(#6021,#6023,#6025,#6027));
#6029=FACE_OUTER_BOUND('',#6028,.F.);
#6030=ADVANCED_FACE('',(#6029),#6019,.T.);
#6031=CARTESIAN_POINT('',(0.E0,0.E0,-9.2E0));
#6032=DIRECTION('',(0.E0,0.E0,-1.E0));
#6033=DIRECTION('',(1.E0,0.E0,0.E0));
#6034=AXIS2_PLACEMENT_3D('',#6031,#6032,#6033);
#6035=PLANE('',#6034);
#6037=ORIENTED_EDGE('',*,*,#6036,.F.);
#6039=ORIENTED_EDGE('',*,*,#6038,.F.);
#6041=ORIENTED_EDGE('',*,*,#6040,.F.);
#6043=ORIENTED_EDGE('',*,*,#6042,.F.);
#6044=EDGE_LOOP('',(#6037,#6039,#6041,#6043));
#6045=FACE_OUTER_BOUND('',#6044,.F.);
#6046=ADVANCED_FACE('',(#6045),#6035,.T.);
#6047=CARTESIAN_POINT('',(0.E0,0.E0,-9.2E0));
#6048=DIRECTION('',(0.E0,0.E0,-1.E0));
#6049=DIRECTION('',(1.E0,0.E0,0.E0));
#6050=AXIS2_PLACEMENT_3D('',#6047,#6048,#6049);
#6051=PLANE('',#6050);
#6053=ORIENTED_EDGE('',*,*,#6052,.F.);
#6055=ORIENTED_EDGE('',*,*,#6054,.F.);
#6057=ORIENTED_EDGE('',*,*,#6056,.F.);
#6059=ORIENTED_EDGE('',*,*,#6058,.F.);
#6060=EDGE_LOOP('',(#6053,#6055,#6057,#6059));
#6061=FACE_OUTER_BOUND('',#6060,.F.);
#6062=ADVANCED_FACE('',(#6061),#6051,.T.);
#6063=CARTESIAN_POINT('',(0.E0,0.E0,-9.2E0));
#6064=DIRECTION('',(0.E0,0.E0,-1.E0));
#6065=DIRECTION('',(1.E0,0.E0,0.E0));
#6066=AXIS2_PLACEMENT_3D('',#6063,#6064,#6065);
#6067=PLANE('',#6066);
#6069=ORIENTED_EDGE('',*,*,#6068,.F.);
#6071=ORIENTED_EDGE('',*,*,#6070,.F.);
#6073=ORIENTED_EDGE('',*,*,#6072,.F.);
#6075=ORIENTED_EDGE('',*,*,#6074,.F.);
#6076=EDGE_LOOP('',(#6069,#6071,#6073,#6075));
#6077=FACE_OUTER_BOUND('',#6076,.F.);
#6078=ADVANCED_FACE('',(#6077),#6067,.T.);
#6079=CARTESIAN_POINT('',(0.E0,0.E0,-9.2E0));
#6080=DIRECTION('',(0.E0,0.E0,-1.E0));
#6081=DIRECTION('',(1.E0,0.E0,0.E0));
#6082=AXIS2_PLACEMENT_3D('',#6079,#6080,#6081);
#6083=PLANE('',#6082);
#6085=ORIENTED_EDGE('',*,*,#6084,.F.);
#6087=ORIENTED_EDGE('',*,*,#6086,.F.);
#6089=ORIENTED_EDGE('',*,*,#6088,.F.);
#6091=ORIENTED_EDGE('',*,*,#6090,.F.);
#6092=EDGE_LOOP('',(#6085,#6087,#6089,#6091));
#6093=FACE_OUTER_BOUND('',#6092,.F.);
#6094=ADVANCED_FACE('',(#6093),#6083,.T.);
#6095=CARTESIAN_POINT('',(0.E0,0.E0,-9.2E0));
#6096=DIRECTION('',(0.E0,0.E0,-1.E0));
#6097=DIRECTION('',(1.E0,0.E0,0.E0));
#6098=AXIS2_PLACEMENT_3D('',#6095,#6096,#6097);
#6099=PLANE('',#6098);
#6101=ORIENTED_EDGE('',*,*,#6100,.F.);
#6103=ORIENTED_EDGE('',*,*,#6102,.F.);
#6105=ORIENTED_EDGE('',*,*,#6104,.F.);
#6107=ORIENTED_EDGE('',*,*,#6106,.F.);
#6108=EDGE_LOOP('',(#6101,#6103,#6105,#6107));
#6109=FACE_OUTER_BOUND('',#6108,.F.);
#6110=ADVANCED_FACE('',(#6109),#6099,.T.);
#6111=CARTESIAN_POINT('',(0.E0,0.E0,-9.2E0));
#6112=DIRECTION('',(0.E0,0.E0,-1.E0));
#6113=DIRECTION('',(1.E0,0.E0,0.E0));
#6114=AXIS2_PLACEMENT_3D('',#6111,#6112,#6113);
#6115=PLANE('',#6114);
#6117=ORIENTED_EDGE('',*,*,#6116,.F.);
#6119=ORIENTED_EDGE('',*,*,#6118,.F.);
#6121=ORIENTED_EDGE('',*,*,#6120,.F.);
#6123=ORIENTED_EDGE('',*,*,#6122,.F.);
#6124=EDGE_LOOP('',(#6117,#6119,#6121,#6123));
#6125=FACE_OUTER_BOUND('',#6124,.F.);
#6126=ADVANCED_FACE('',(#6125),#6115,.T.);
#6127=CARTESIAN_POINT('',(0.E0,0.E0,-9.2E0));
#6128=DIRECTION('',(0.E0,0.E0,-1.E0));
#6129=DIRECTION('',(1.E0,0.E0,0.E0));
#6130=AXIS2_PLACEMENT_3D('',#6127,#6128,#6129);
#6131=PLANE('',#6130);
#6133=ORIENTED_EDGE('',*,*,#6132,.F.);
#6135=ORIENTED_EDGE('',*,*,#6134,.F.);
#6137=ORIENTED_EDGE('',*,*,#6136,.F.);
#6139=ORIENTED_EDGE('',*,*,#6138,.F.);
#6140=EDGE_LOOP('',(#6133,#6135,#6137,#6139));
#6141=FACE_OUTER_BOUND('',#6140,.F.);
#6142=ADVANCED_FACE('',(#6141),#6131,.T.);
#6143=CARTESIAN_POINT('',(0.E0,0.E0,-9.2E0));
#6144=DIRECTION('',(0.E0,0.E0,-1.E0));
#6145=DIRECTION('',(1.E0,0.E0,0.E0));
#6146=AXIS2_PLACEMENT_3D('',#6143,#6144,#6145);
#6147=PLANE('',#6146);
#6149=ORIENTED_EDGE('',*,*,#6148,.F.);
#6151=ORIENTED_EDGE('',*,*,#6150,.F.);
#6153=ORIENTED_EDGE('',*,*,#6152,.F.);
#6155=ORIENTED_EDGE('',*,*,#6154,.F.);
#6156=EDGE_LOOP('',(#6149,#6151,#6153,#6155));
#6157=FACE_OUTER_BOUND('',#6156,.F.);
#6158=ADVANCED_FACE('',(#6157),#6147,.T.);
#6159=CARTESIAN_POINT('',(1.378E1,-2.43575E1,-9.2E0));
#6160=DIRECTION('',(0.E0,-1.E0,0.E0));
#6161=DIRECTION('',(-1.E0,0.E0,0.E0));
#6162=AXIS2_PLACEMENT_3D('',#6159,#6160,#6161);
#6163=PLANE('',#6162);
#6164=ORIENTED_EDGE('',*,*,#3313,.F.);
#6166=ORIENTED_EDGE('',*,*,#6165,.F.);
#6167=ORIENTED_EDGE('',*,*,#5988,.T.);
#6169=ORIENTED_EDGE('',*,*,#6168,.T.);
#6170=EDGE_LOOP('',(#6164,#6166,#6167,#6169));
#6171=FACE_OUTER_BOUND('',#6170,.F.);
#6172=ADVANCED_FACE('',(#6171),#6163,.T.);
#6173=CARTESIAN_POINT('',(1.378E1,-2.37425E1,-9.2E0));
#6174=DIRECTION('',(1.E0,0.E0,0.E0));
#6175=DIRECTION('',(0.E0,-1.E0,0.E0));
#6176=AXIS2_PLACEMENT_3D('',#6173,#6174,#6175);
#6177=PLANE('',#6176);
#6178=ORIENTED_EDGE('',*,*,#3319,.F.);
#6180=ORIENTED_EDGE('',*,*,#6179,.F.);
#6181=ORIENTED_EDGE('',*,*,#5990,.T.);
#6182=ORIENTED_EDGE('',*,*,#6165,.T.);
#6183=EDGE_LOOP('',(#6178,#6180,#6181,#6182));
#6184=FACE_OUTER_BOUND('',#6183,.F.);
#6185=ADVANCED_FACE('',(#6184),#6177,.T.);
#6186=CARTESIAN_POINT('',(1.3165E1,-2.37425E1,-9.2E0));
#6187=DIRECTION('',(0.E0,1.E0,0.E0));
#6188=DIRECTION('',(1.E0,0.E0,0.E0));
#6189=AXIS2_PLACEMENT_3D('',#6186,#6187,#6188);
#6190=PLANE('',#6189);
#6191=ORIENTED_EDGE('',*,*,#3317,.F.);
#6193=ORIENTED_EDGE('',*,*,#6192,.F.);
#6194=ORIENTED_EDGE('',*,*,#5992,.T.);
#6195=ORIENTED_EDGE('',*,*,#6179,.T.);
#6196=EDGE_LOOP('',(#6191,#6193,#6194,#6195));
#6197=FACE_OUTER_BOUND('',#6196,.F.);
#6198=ADVANCED_FACE('',(#6197),#6190,.T.);
#6199=CARTESIAN_POINT('',(1.3165E1,-2.43575E1,-9.2E0));
#6200=DIRECTION('',(-1.E0,0.E0,0.E0));
#6201=DIRECTION('',(0.E0,1.E0,0.E0));
#6202=AXIS2_PLACEMENT_3D('',#6199,#6200,#6201);
#6203=PLANE('',#6202);
#6204=ORIENTED_EDGE('',*,*,#3315,.F.);
#6205=ORIENTED_EDGE('',*,*,#6168,.F.);
#6206=ORIENTED_EDGE('',*,*,#5994,.T.);
#6207=ORIENTED_EDGE('',*,*,#6192,.T.);
#6208=EDGE_LOOP('',(#6204,#6205,#6206,#6207));
#6209=FACE_OUTER_BOUND('',#6208,.F.);
#6210=ADVANCED_FACE('',(#6209),#6203,.T.);
#6211=CARTESIAN_POINT('',(1.1265E1,-2.43575E1,-9.2E0));
#6212=DIRECTION('',(0.E0,-1.E0,0.E0));
#6213=DIRECTION('',(-1.E0,0.E0,0.E0));
#6214=AXIS2_PLACEMENT_3D('',#6211,#6212,#6213);
#6215=PLANE('',#6214);
#6216=ORIENTED_EDGE('',*,*,#3323,.F.);
#6218=ORIENTED_EDGE('',*,*,#6217,.F.);
#6219=ORIENTED_EDGE('',*,*,#6004,.T.);
#6221=ORIENTED_EDGE('',*,*,#6220,.T.);
#6222=EDGE_LOOP('',(#6216,#6218,#6219,#6221));
#6223=FACE_OUTER_BOUND('',#6222,.F.);
#6224=ADVANCED_FACE('',(#6223),#6215,.T.);
#6225=CARTESIAN_POINT('',(1.1265E1,-2.37425E1,-9.2E0));
#6226=DIRECTION('',(1.E0,0.E0,0.E0));
#6227=DIRECTION('',(0.E0,-1.E0,0.E0));
#6228=AXIS2_PLACEMENT_3D('',#6225,#6226,#6227);
#6229=PLANE('',#6228);
#6230=ORIENTED_EDGE('',*,*,#3329,.F.);
#6232=ORIENTED_EDGE('',*,*,#6231,.F.);
#6233=ORIENTED_EDGE('',*,*,#6006,.T.);
#6234=ORIENTED_EDGE('',*,*,#6217,.T.);
#6235=EDGE_LOOP('',(#6230,#6232,#6233,#6234));
#6236=FACE_OUTER_BOUND('',#6235,.F.);
#6237=ADVANCED_FACE('',(#6236),#6229,.T.);
#6238=CARTESIAN_POINT('',(1.065E1,-2.37425E1,-9.2E0));
#6239=DIRECTION('',(0.E0,1.E0,0.E0));
#6240=DIRECTION('',(1.E0,0.E0,0.E0));
#6241=AXIS2_PLACEMENT_3D('',#6238,#6239,#6240);
#6242=PLANE('',#6241);
#6243=ORIENTED_EDGE('',*,*,#3327,.F.);
#6245=ORIENTED_EDGE('',*,*,#6244,.F.);
#6246=ORIENTED_EDGE('',*,*,#6008,.T.);
#6247=ORIENTED_EDGE('',*,*,#6231,.T.);
#6248=EDGE_LOOP('',(#6243,#6245,#6246,#6247));
#6249=FACE_OUTER_BOUND('',#6248,.F.);
#6250=ADVANCED_FACE('',(#6249),#6242,.T.);
#6251=CARTESIAN_POINT('',(1.065E1,-2.43575E1,-9.2E0));
#6252=DIRECTION('',(-1.E0,0.E0,0.E0));
#6253=DIRECTION('',(0.E0,1.E0,0.E0));
#6254=AXIS2_PLACEMENT_3D('',#6251,#6252,#6253);
#6255=PLANE('',#6254);
#6256=ORIENTED_EDGE('',*,*,#3325,.F.);
#6257=ORIENTED_EDGE('',*,*,#6220,.F.);
#6258=ORIENTED_EDGE('',*,*,#6010,.T.);
#6259=ORIENTED_EDGE('',*,*,#6244,.T.);
#6260=EDGE_LOOP('',(#6256,#6257,#6258,#6259));
#6261=FACE_OUTER_BOUND('',#6260,.F.);
#6262=ADVANCED_FACE('',(#6261),#6255,.T.);
#6263=CARTESIAN_POINT('',(1.8205E1,-2.43575E1,-9.2E0));
#6264=DIRECTION('',(-1.E0,0.E0,0.E0));
#6265=DIRECTION('',(0.E0,1.E0,0.E0));
#6266=AXIS2_PLACEMENT_3D('',#6263,#6264,#6265);
#6267=PLANE('',#6266);
#6268=ORIENTED_EDGE('',*,*,#3333,.F.);
#6270=ORIENTED_EDGE('',*,*,#6269,.F.);
#6271=ORIENTED_EDGE('',*,*,#6020,.T.);
#6273=ORIENTED_EDGE('',*,*,#6272,.T.);
#6274=EDGE_LOOP('',(#6268,#6270,#6271,#6273));
#6275=FACE_OUTER_BOUND('',#6274,.F.);
#6276=ADVANCED_FACE('',(#6275),#6267,.T.);
#6277=CARTESIAN_POINT('',(1.882E1,-2.43575E1,-9.2E0));
#6278=DIRECTION('',(0.E0,-1.E0,0.E0));
#6279=DIRECTION('',(-1.E0,0.E0,0.E0));
#6280=AXIS2_PLACEMENT_3D('',#6277,#6278,#6279);
#6281=PLANE('',#6280);
#6282=ORIENTED_EDGE('',*,*,#3339,.F.);
#6284=ORIENTED_EDGE('',*,*,#6283,.F.);
#6285=ORIENTED_EDGE('',*,*,#6022,.T.);
#6286=ORIENTED_EDGE('',*,*,#6269,.T.);
#6287=EDGE_LOOP('',(#6282,#6284,#6285,#6286));
#6288=FACE_OUTER_BOUND('',#6287,.F.);
#6289=ADVANCED_FACE('',(#6288),#6281,.T.);
#6290=CARTESIAN_POINT('',(1.882E1,-2.37425E1,-9.2E0));
#6291=DIRECTION('',(1.E0,0.E0,0.E0));
#6292=DIRECTION('',(0.E0,-1.E0,0.E0));
#6293=AXIS2_PLACEMENT_3D('',#6290,#6291,#6292);
#6294=PLANE('',#6293);
#6295=ORIENTED_EDGE('',*,*,#3337,.F.);
#6297=ORIENTED_EDGE('',*,*,#6296,.F.);
#6298=ORIENTED_EDGE('',*,*,#6024,.T.);
#6299=ORIENTED_EDGE('',*,*,#6283,.T.);
#6300=EDGE_LOOP('',(#6295,#6297,#6298,#6299));
#6301=FACE_OUTER_BOUND('',#6300,.F.);
#6302=ADVANCED_FACE('',(#6301),#6294,.T.);
#6303=CARTESIAN_POINT('',(1.8205E1,-2.37425E1,-9.2E0));
#6304=DIRECTION('',(0.E0,1.E0,0.E0));
#6305=DIRECTION('',(1.E0,0.E0,0.E0));
#6306=AXIS2_PLACEMENT_3D('',#6303,#6304,#6305);
#6307=PLANE('',#6306);
#6308=ORIENTED_EDGE('',*,*,#3335,.F.);
#6309=ORIENTED_EDGE('',*,*,#6272,.F.);
#6310=ORIENTED_EDGE('',*,*,#6026,.T.);
#6311=ORIENTED_EDGE('',*,*,#6296,.T.);
#6312=EDGE_LOOP('',(#6308,#6309,#6310,#6311));
#6313=FACE_OUTER_BOUND('',#6312,.F.);
#6314=ADVANCED_FACE('',(#6313),#6307,.T.);
#6315=CARTESIAN_POINT('',(2.072E1,-2.43575E1,-9.2E0));
#6316=DIRECTION('',(-1.E0,0.E0,0.E0));
#6317=DIRECTION('',(0.E0,1.E0,0.E0));
#6318=AXIS2_PLACEMENT_3D('',#6315,#6316,#6317);
#6319=PLANE('',#6318);
#6320=ORIENTED_EDGE('',*,*,#3343,.F.);
#6322=ORIENTED_EDGE('',*,*,#6321,.F.);
#6323=ORIENTED_EDGE('',*,*,#6036,.T.);
#6325=ORIENTED_EDGE('',*,*,#6324,.T.);
#6326=EDGE_LOOP('',(#6320,#6322,#6323,#6325));
#6327=FACE_OUTER_BOUND('',#6326,.F.);
#6328=ADVANCED_FACE('',(#6327),#6319,.T.);
#6329=CARTESIAN_POINT('',(2.1335E1,-2.43575E1,-9.2E0));
#6330=DIRECTION('',(0.E0,-1.E0,0.E0));
#6331=DIRECTION('',(-1.E0,0.E0,0.E0));
#6332=AXIS2_PLACEMENT_3D('',#6329,#6330,#6331);
#6333=PLANE('',#6332);
#6334=ORIENTED_EDGE('',*,*,#3349,.F.);
#6336=ORIENTED_EDGE('',*,*,#6335,.F.);
#6337=ORIENTED_EDGE('',*,*,#6038,.T.);
#6338=ORIENTED_EDGE('',*,*,#6321,.T.);
#6339=EDGE_LOOP('',(#6334,#6336,#6337,#6338));
#6340=FACE_OUTER_BOUND('',#6339,.F.);
#6341=ADVANCED_FACE('',(#6340),#6333,.T.);
#6342=CARTESIAN_POINT('',(2.1335E1,-2.37425E1,-9.2E0));
#6343=DIRECTION('',(1.E0,0.E0,0.E0));
#6344=DIRECTION('',(0.E0,-1.E0,0.E0));
#6345=AXIS2_PLACEMENT_3D('',#6342,#6343,#6344);
#6346=PLANE('',#6345);
#6347=ORIENTED_EDGE('',*,*,#3347,.F.);
#6349=ORIENTED_EDGE('',*,*,#6348,.F.);
#6350=ORIENTED_EDGE('',*,*,#6040,.T.);
#6351=ORIENTED_EDGE('',*,*,#6335,.T.);
#6352=EDGE_LOOP('',(#6347,#6349,#6350,#6351));
#6353=FACE_OUTER_BOUND('',#6352,.F.);
#6354=ADVANCED_FACE('',(#6353),#6346,.T.);
#6355=CARTESIAN_POINT('',(2.072E1,-2.37425E1,-9.2E0));
#6356=DIRECTION('',(0.E0,1.E0,0.E0));
#6357=DIRECTION('',(1.E0,0.E0,0.E0));
#6358=AXIS2_PLACEMENT_3D('',#6355,#6356,#6357);
#6359=PLANE('',#6358);
#6360=ORIENTED_EDGE('',*,*,#3345,.F.);
#6361=ORIENTED_EDGE('',*,*,#6324,.F.);
#6362=ORIENTED_EDGE('',*,*,#6042,.T.);
#6363=ORIENTED_EDGE('',*,*,#6348,.T.);
#6364=EDGE_LOOP('',(#6360,#6361,#6362,#6363));
#6365=FACE_OUTER_BOUND('',#6364,.F.);
#6366=ADVANCED_FACE('',(#6365),#6359,.T.);
#6367=CARTESIAN_POINT('',(2.3235E1,-2.43575E1,-9.2E0));
#6368=DIRECTION('',(-1.E0,0.E0,0.E0));
#6369=DIRECTION('',(0.E0,1.E0,0.E0));
#6370=AXIS2_PLACEMENT_3D('',#6367,#6368,#6369);
#6371=PLANE('',#6370);
#6372=ORIENTED_EDGE('',*,*,#3353,.F.);
#6374=ORIENTED_EDGE('',*,*,#6373,.F.);
#6375=ORIENTED_EDGE('',*,*,#6052,.T.);
#6377=ORIENTED_EDGE('',*,*,#6376,.T.);
#6378=EDGE_LOOP('',(#6372,#6374,#6375,#6377));
#6379=FACE_OUTER_BOUND('',#6378,.F.);
#6380=ADVANCED_FACE('',(#6379),#6371,.T.);
#6381=CARTESIAN_POINT('',(2.385E1,-2.43575E1,-9.2E0));
#6382=DIRECTION('',(0.E0,-1.E0,0.E0));
#6383=DIRECTION('',(-1.E0,0.E0,0.E0));
#6384=AXIS2_PLACEMENT_3D('',#6381,#6382,#6383);
#6385=PLANE('',#6384);
#6386=ORIENTED_EDGE('',*,*,#3359,.F.);
#6388=ORIENTED_EDGE('',*,*,#6387,.F.);
#6389=ORIENTED_EDGE('',*,*,#6054,.T.);
#6390=ORIENTED_EDGE('',*,*,#6373,.T.);
#6391=EDGE_LOOP('',(#6386,#6388,#6389,#6390));
#6392=FACE_OUTER_BOUND('',#6391,.F.);
#6393=ADVANCED_FACE('',(#6392),#6385,.T.);
#6394=CARTESIAN_POINT('',(2.385E1,-2.37425E1,-9.2E0));
#6395=DIRECTION('',(1.E0,0.E0,0.E0));
#6396=DIRECTION('',(0.E0,-1.E0,0.E0));
#6397=AXIS2_PLACEMENT_3D('',#6394,#6395,#6396);
#6398=PLANE('',#6397);
#6399=ORIENTED_EDGE('',*,*,#3357,.F.);
#6401=ORIENTED_EDGE('',*,*,#6400,.F.);
#6402=ORIENTED_EDGE('',*,*,#6056,.T.);
#6403=ORIENTED_EDGE('',*,*,#6387,.T.);
#6404=EDGE_LOOP('',(#6399,#6401,#6402,#6403));
#6405=FACE_OUTER_BOUND('',#6404,.F.);
#6406=ADVANCED_FACE('',(#6405),#6398,.T.);
#6407=CARTESIAN_POINT('',(2.3235E1,-2.37425E1,-9.2E0));
#6408=DIRECTION('',(0.E0,1.E0,0.E0));
#6409=DIRECTION('',(1.E0,0.E0,0.E0));
#6410=AXIS2_PLACEMENT_3D('',#6407,#6408,#6409);
#6411=PLANE('',#6410);
#6412=ORIENTED_EDGE('',*,*,#3355,.F.);
#6413=ORIENTED_EDGE('',*,*,#6376,.F.);
#6414=ORIENTED_EDGE('',*,*,#6058,.T.);
#6415=ORIENTED_EDGE('',*,*,#6400,.T.);
#6416=EDGE_LOOP('',(#6412,#6413,#6414,#6415));
#6417=FACE_OUTER_BOUND('',#6416,.F.);
#6418=ADVANCED_FACE('',(#6417),#6411,.T.);
#6419=CARTESIAN_POINT('',(3.6005E1,-2.43575E1,-9.2E0));
#6420=DIRECTION('',(-1.E0,0.E0,0.E0));
#6421=DIRECTION('',(0.E0,1.E0,0.E0));
#6422=AXIS2_PLACEMENT_3D('',#6419,#6420,#6421);
#6423=PLANE('',#6422);
#6424=ORIENTED_EDGE('',*,*,#3379,.F.);
#6426=ORIENTED_EDGE('',*,*,#6425,.F.);
#6427=ORIENTED_EDGE('',*,*,#6068,.T.);
#6429=ORIENTED_EDGE('',*,*,#6428,.T.);
#6430=EDGE_LOOP('',(#6424,#6426,#6427,#6429));
#6431=FACE_OUTER_BOUND('',#6430,.F.);
#6432=ADVANCED_FACE('',(#6431),#6423,.T.);
#6433=CARTESIAN_POINT('',(3.662E1,-2.43575E1,-9.2E0));
#6434=DIRECTION('',(0.E0,-1.E0,0.E0));
#6435=DIRECTION('',(-1.E0,0.E0,0.E0));
#6436=AXIS2_PLACEMENT_3D('',#6433,#6434,#6435);
#6437=PLANE('',#6436);
#6438=ORIENTED_EDGE('',*,*,#3385,.F.);
#6440=ORIENTED_EDGE('',*,*,#6439,.F.);
#6441=ORIENTED_EDGE('',*,*,#6070,.T.);
#6442=ORIENTED_EDGE('',*,*,#6425,.T.);
#6443=EDGE_LOOP('',(#6438,#6440,#6441,#6442));
#6444=FACE_OUTER_BOUND('',#6443,.F.);
#6445=ADVANCED_FACE('',(#6444),#6437,.T.);
#6446=CARTESIAN_POINT('',(3.662E1,-2.37425E1,-9.2E0));
#6447=DIRECTION('',(1.E0,0.E0,0.E0));
#6448=DIRECTION('',(0.E0,-1.E0,0.E0));
#6449=AXIS2_PLACEMENT_3D('',#6446,#6447,#6448);
#6450=PLANE('',#6449);
#6451=ORIENTED_EDGE('',*,*,#3383,.F.);
#6453=ORIENTED_EDGE('',*,*,#6452,.F.);
#6454=ORIENTED_EDGE('',*,*,#6072,.T.);
#6455=ORIENTED_EDGE('',*,*,#6439,.T.);
#6456=EDGE_LOOP('',(#6451,#6453,#6454,#6455));
#6457=FACE_OUTER_BOUND('',#6456,.F.);
#6458=ADVANCED_FACE('',(#6457),#6450,.T.);
#6459=CARTESIAN_POINT('',(3.6005E1,-2.37425E1,-9.2E0));
#6460=DIRECTION('',(0.E0,1.E0,0.E0));
#6461=DIRECTION('',(1.E0,0.E0,0.E0));
#6462=AXIS2_PLACEMENT_3D('',#6459,#6460,#6461);
#6463=PLANE('',#6462);
#6464=ORIENTED_EDGE('',*,*,#3381,.F.);
#6465=ORIENTED_EDGE('',*,*,#6428,.F.);
#6466=ORIENTED_EDGE('',*,*,#6074,.T.);
#6467=ORIENTED_EDGE('',*,*,#6452,.T.);
#6468=EDGE_LOOP('',(#6464,#6465,#6466,#6467));
#6469=FACE_OUTER_BOUND('',#6468,.F.);
#6470=ADVANCED_FACE('',(#6469),#6463,.T.);
#6471=CARTESIAN_POINT('',(3.852E1,-2.43575E1,-9.2E0));
#6472=DIRECTION('',(-1.E0,0.E0,0.E0));
#6473=DIRECTION('',(0.E0,1.E0,0.E0));
#6474=AXIS2_PLACEMENT_3D('',#6471,#6472,#6473);
#6475=PLANE('',#6474);
#6476=ORIENTED_EDGE('',*,*,#3389,.F.);
#6478=ORIENTED_EDGE('',*,*,#6477,.F.);
#6479=ORIENTED_EDGE('',*,*,#6084,.T.);
#6481=ORIENTED_EDGE('',*,*,#6480,.T.);
#6482=EDGE_LOOP('',(#6476,#6478,#6479,#6481));
#6483=FACE_OUTER_BOUND('',#6482,.F.);
#6484=ADVANCED_FACE('',(#6483),#6475,.T.);
#6485=CARTESIAN_POINT('',(3.9135E1,-2.43575E1,-9.2E0));
#6486=DIRECTION('',(0.E0,-1.E0,0.E0));
#6487=DIRECTION('',(-1.E0,0.E0,0.E0));
#6488=AXIS2_PLACEMENT_3D('',#6485,#6486,#6487);
#6489=PLANE('',#6488);
#6490=ORIENTED_EDGE('',*,*,#3395,.F.);
#6492=ORIENTED_EDGE('',*,*,#6491,.F.);
#6493=ORIENTED_EDGE('',*,*,#6086,.T.);
#6494=ORIENTED_EDGE('',*,*,#6477,.T.);
#6495=EDGE_LOOP('',(#6490,#6492,#6493,#6494));
#6496=FACE_OUTER_BOUND('',#6495,.F.);
#6497=ADVANCED_FACE('',(#6496),#6489,.T.);
#6498=CARTESIAN_POINT('',(3.9135E1,-2.37425E1,-9.2E0));
#6499=DIRECTION('',(1.E0,0.E0,0.E0));
#6500=DIRECTION('',(0.E0,-1.E0,0.E0));
#6501=AXIS2_PLACEMENT_3D('',#6498,#6499,#6500);
#6502=PLANE('',#6501);
#6503=ORIENTED_EDGE('',*,*,#3393,.F.);
#6505=ORIENTED_EDGE('',*,*,#6504,.F.);
#6506=ORIENTED_EDGE('',*,*,#6088,.T.);
#6507=ORIENTED_EDGE('',*,*,#6491,.T.);
#6508=EDGE_LOOP('',(#6503,#6505,#6506,#6507));
#6509=FACE_OUTER_BOUND('',#6508,.F.);
#6510=ADVANCED_FACE('',(#6509),#6502,.T.);
#6511=CARTESIAN_POINT('',(3.852E1,-2.37425E1,-9.2E0));
#6512=DIRECTION('',(0.E0,1.E0,0.E0));
#6513=DIRECTION('',(1.E0,0.E0,0.E0));
#6514=AXIS2_PLACEMENT_3D('',#6511,#6512,#6513);
#6515=PLANE('',#6514);
#6516=ORIENTED_EDGE('',*,*,#3391,.F.);
#6517=ORIENTED_EDGE('',*,*,#6480,.F.);
#6518=ORIENTED_EDGE('',*,*,#6090,.T.);
#6519=ORIENTED_EDGE('',*,*,#6504,.T.);
#6520=EDGE_LOOP('',(#6516,#6517,#6518,#6519));
#6521=FACE_OUTER_BOUND('',#6520,.F.);
#6522=ADVANCED_FACE('',(#6521),#6515,.T.);
#6523=CARTESIAN_POINT('',(4.1035E1,-2.43575E1,-9.2E0));
#6524=DIRECTION('',(-1.E0,0.E0,0.E0));
#6525=DIRECTION('',(0.E0,1.E0,0.E0));
#6526=AXIS2_PLACEMENT_3D('',#6523,#6524,#6525);
#6527=PLANE('',#6526);
#6528=ORIENTED_EDGE('',*,*,#3399,.F.);
#6530=ORIENTED_EDGE('',*,*,#6529,.F.);
#6531=ORIENTED_EDGE('',*,*,#6100,.T.);
#6533=ORIENTED_EDGE('',*,*,#6532,.T.);
#6534=EDGE_LOOP('',(#6528,#6530,#6531,#6533));
#6535=FACE_OUTER_BOUND('',#6534,.F.);
#6536=ADVANCED_FACE('',(#6535),#6527,.T.);
#6537=CARTESIAN_POINT('',(4.165E1,-2.43575E1,-9.2E0));
#6538=DIRECTION('',(0.E0,-1.E0,0.E0));
#6539=DIRECTION('',(-1.E0,0.E0,0.E0));
#6540=AXIS2_PLACEMENT_3D('',#6537,#6538,#6539);
#6541=PLANE('',#6540);
#6542=ORIENTED_EDGE('',*,*,#3405,.F.);
#6544=ORIENTED_EDGE('',*,*,#6543,.F.);
#6545=ORIENTED_EDGE('',*,*,#6102,.T.);
#6546=ORIENTED_EDGE('',*,*,#6529,.T.);
#6547=EDGE_LOOP('',(#6542,#6544,#6545,#6546));
#6548=FACE_OUTER_BOUND('',#6547,.F.);
#6549=ADVANCED_FACE('',(#6548),#6541,.T.);
#6550=CARTESIAN_POINT('',(4.165E1,-2.37425E1,-9.2E0));
#6551=DIRECTION('',(1.E0,0.E0,0.E0));
#6552=DIRECTION('',(0.E0,-1.E0,0.E0));
#6553=AXIS2_PLACEMENT_3D('',#6550,#6551,#6552);
#6554=PLANE('',#6553);
#6555=ORIENTED_EDGE('',*,*,#3403,.F.);
#6557=ORIENTED_EDGE('',*,*,#6556,.F.);
#6558=ORIENTED_EDGE('',*,*,#6104,.T.);
#6559=ORIENTED_EDGE('',*,*,#6543,.T.);
#6560=EDGE_LOOP('',(#6555,#6557,#6558,#6559));
#6561=FACE_OUTER_BOUND('',#6560,.F.);
#6562=ADVANCED_FACE('',(#6561),#6554,.T.);
#6563=CARTESIAN_POINT('',(4.1035E1,-2.37425E1,-9.2E0));
#6564=DIRECTION('',(0.E0,1.E0,0.E0));
#6565=DIRECTION('',(1.E0,0.E0,0.E0));
#6566=AXIS2_PLACEMENT_3D('',#6563,#6564,#6565);
#6567=PLANE('',#6566);
#6568=ORIENTED_EDGE('',*,*,#3401,.F.);
#6569=ORIENTED_EDGE('',*,*,#6532,.F.);
#6570=ORIENTED_EDGE('',*,*,#6106,.T.);
#6571=ORIENTED_EDGE('',*,*,#6556,.T.);
#6572=EDGE_LOOP('',(#6568,#6569,#6570,#6571));
#6573=FACE_OUTER_BOUND('',#6572,.F.);
#6574=ADVANCED_FACE('',(#6573),#6567,.T.);
#6575=CARTESIAN_POINT('',(3.4095E1,-2.43575E1,-9.2E0));
#6576=DIRECTION('',(0.E0,-1.E0,0.E0));
#6577=DIRECTION('',(-1.E0,0.E0,0.E0));
#6578=AXIS2_PLACEMENT_3D('',#6575,#6576,#6577);
#6579=PLANE('',#6578);
#6580=ORIENTED_EDGE('',*,*,#3409,.F.);
#6582=ORIENTED_EDGE('',*,*,#6581,.F.);
#6583=ORIENTED_EDGE('',*,*,#6116,.T.);
#6585=ORIENTED_EDGE('',*,*,#6584,.T.);
#6586=EDGE_LOOP('',(#6580,#6582,#6583,#6585));
#6587=FACE_OUTER_BOUND('',#6586,.F.);
#6588=ADVANCED_FACE('',(#6587),#6579,.T.);
#6589=CARTESIAN_POINT('',(3.4095E1,-2.37425E1,-9.2E0));
#6590=DIRECTION('',(1.E0,0.E0,0.E0));
#6591=DIRECTION('',(0.E0,-1.E0,0.E0));
#6592=AXIS2_PLACEMENT_3D('',#6589,#6590,#6591);
#6593=PLANE('',#6592);
#6594=ORIENTED_EDGE('',*,*,#3415,.F.);
#6596=ORIENTED_EDGE('',*,*,#6595,.F.);
#6597=ORIENTED_EDGE('',*,*,#6118,.T.);
#6598=ORIENTED_EDGE('',*,*,#6581,.T.);
#6599=EDGE_LOOP('',(#6594,#6596,#6597,#6598));
#6600=FACE_OUTER_BOUND('',#6599,.F.);
#6601=ADVANCED_FACE('',(#6600),#6593,.T.);
#6602=CARTESIAN_POINT('',(3.348E1,-2.37425E1,-9.2E0));
#6603=DIRECTION('',(0.E0,1.E0,0.E0));
#6604=DIRECTION('',(1.E0,0.E0,0.E0));
#6605=AXIS2_PLACEMENT_3D('',#6602,#6603,#6604);
#6606=PLANE('',#6605);
#6607=ORIENTED_EDGE('',*,*,#3413,.F.);
#6609=ORIENTED_EDGE('',*,*,#6608,.F.);
#6610=ORIENTED_EDGE('',*,*,#6120,.T.);
#6611=ORIENTED_EDGE('',*,*,#6595,.T.);
#6612=EDGE_LOOP('',(#6607,#6609,#6610,#6611));
#6613=FACE_OUTER_BOUND('',#6612,.F.);
#6614=ADVANCED_FACE('',(#6613),#6606,.T.);
#6615=CARTESIAN_POINT('',(3.348E1,-2.43575E1,-9.2E0));
#6616=DIRECTION('',(-1.E0,0.E0,0.E0));
#6617=DIRECTION('',(0.E0,1.E0,0.E0));
#6618=AXIS2_PLACEMENT_3D('',#6615,#6616,#6617);
#6619=PLANE('',#6618);
#6620=ORIENTED_EDGE('',*,*,#3411,.F.);
#6621=ORIENTED_EDGE('',*,*,#6584,.F.);
#6622=ORIENTED_EDGE('',*,*,#6122,.T.);
#6623=ORIENTED_EDGE('',*,*,#6608,.T.);
#6624=EDGE_LOOP('',(#6620,#6621,#6622,#6623));
#6625=FACE_OUTER_BOUND('',#6624,.F.);
#6626=ADVANCED_FACE('',(#6625),#6619,.T.);
#6627=CARTESIAN_POINT('',(3.158E1,-2.43575E1,-9.2E0));
#6628=DIRECTION('',(0.E0,-1.E0,0.E0));
#6629=DIRECTION('',(-1.E0,0.E0,0.E0));
#6630=AXIS2_PLACEMENT_3D('',#6627,#6628,#6629);
#6631=PLANE('',#6630);
#6632=ORIENTED_EDGE('',*,*,#3419,.F.);
#6634=ORIENTED_EDGE('',*,*,#6633,.F.);
#6635=ORIENTED_EDGE('',*,*,#6132,.T.);
#6637=ORIENTED_EDGE('',*,*,#6636,.T.);
#6638=EDGE_LOOP('',(#6632,#6634,#6635,#6637));
#6639=FACE_OUTER_BOUND('',#6638,.F.);
#6640=ADVANCED_FACE('',(#6639),#6631,.T.);
#6641=CARTESIAN_POINT('',(3.158E1,-2.37425E1,-9.2E0));
#6642=DIRECTION('',(1.E0,0.E0,0.E0));
#6643=DIRECTION('',(0.E0,-1.E0,0.E0));
#6644=AXIS2_PLACEMENT_3D('',#6641,#6642,#6643);
#6645=PLANE('',#6644);
#6646=ORIENTED_EDGE('',*,*,#3425,.F.);
#6648=ORIENTED_EDGE('',*,*,#6647,.F.);
#6649=ORIENTED_EDGE('',*,*,#6134,.T.);
#6650=ORIENTED_EDGE('',*,*,#6633,.T.);
#6651=EDGE_LOOP('',(#6646,#6648,#6649,#6650));
#6652=FACE_OUTER_BOUND('',#6651,.F.);
#6653=ADVANCED_FACE('',(#6652),#6645,.T.);
#6654=CARTESIAN_POINT('',(3.0965E1,-2.37425E1,-9.2E0));
#6655=DIRECTION('',(0.E0,1.E0,0.E0));
#6656=DIRECTION('',(1.E0,0.E0,0.E0));
#6657=AXIS2_PLACEMENT_3D('',#6654,#6655,#6656);
#6658=PLANE('',#6657);
#6659=ORIENTED_EDGE('',*,*,#3423,.F.);
#6661=ORIENTED_EDGE('',*,*,#6660,.F.);
#6662=ORIENTED_EDGE('',*,*,#6136,.T.);
#6663=ORIENTED_EDGE('',*,*,#6647,.T.);
#6664=EDGE_LOOP('',(#6659,#6661,#6662,#6663));
#6665=FACE_OUTER_BOUND('',#6664,.F.);
#6666=ADVANCED_FACE('',(#6665),#6658,.T.);
#6667=CARTESIAN_POINT('',(3.0965E1,-2.43575E1,-9.2E0));
#6668=DIRECTION('',(-1.E0,0.E0,0.E0));
#6669=DIRECTION('',(0.E0,1.E0,0.E0));
#6670=AXIS2_PLACEMENT_3D('',#6667,#6668,#6669);
#6671=PLANE('',#6670);
#6672=ORIENTED_EDGE('',*,*,#3421,.F.);
#6673=ORIENTED_EDGE('',*,*,#6636,.F.);
#6674=ORIENTED_EDGE('',*,*,#6138,.T.);
#6675=ORIENTED_EDGE('',*,*,#6660,.T.);
#6676=EDGE_LOOP('',(#6672,#6673,#6674,#6675));
#6677=FACE_OUTER_BOUND('',#6676,.F.);
#6678=ADVANCED_FACE('',(#6677),#6671,.T.);
#6679=CARTESIAN_POINT('',(2.9065E1,-2.43575E1,-9.2E0));
#6680=DIRECTION('',(0.E0,-1.E0,0.E0));
#6681=DIRECTION('',(-1.E0,0.E0,0.E0));
#6682=AXIS2_PLACEMENT_3D('',#6679,#6680,#6681);
#6683=PLANE('',#6682);
#6684=ORIENTED_EDGE('',*,*,#3429,.F.);
#6686=ORIENTED_EDGE('',*,*,#6685,.F.);
#6687=ORIENTED_EDGE('',*,*,#6148,.T.);
#6689=ORIENTED_EDGE('',*,*,#6688,.T.);
#6690=EDGE_LOOP('',(#6684,#6686,#6687,#6689));
#6691=FACE_OUTER_BOUND('',#6690,.F.);
#6692=ADVANCED_FACE('',(#6691),#6683,.T.);
#6693=CARTESIAN_POINT('',(2.9065E1,-2.37425E1,-9.2E0));
#6694=DIRECTION('',(1.E0,0.E0,0.E0));
#6695=DIRECTION('',(0.E0,-1.E0,0.E0));
#6696=AXIS2_PLACEMENT_3D('',#6693,#6694,#6695);
#6697=PLANE('',#6696);
#6698=ORIENTED_EDGE('',*,*,#3435,.F.);
#6700=ORIENTED_EDGE('',*,*,#6699,.F.);
#6701=ORIENTED_EDGE('',*,*,#6150,.T.);
#6702=ORIENTED_EDGE('',*,*,#6685,.T.);
#6703=EDGE_LOOP('',(#6698,#6700,#6701,#6702));
#6704=FACE_OUTER_BOUND('',#6703,.F.);
#6705=ADVANCED_FACE('',(#6704),#6697,.T.);
#6706=CARTESIAN_POINT('',(2.845E1,-2.37425E1,-9.2E0));
#6707=DIRECTION('',(0.E0,1.E0,0.E0));
#6708=DIRECTION('',(1.E0,0.E0,0.E0));
#6709=AXIS2_PLACEMENT_3D('',#6706,#6707,#6708);
#6710=PLANE('',#6709);
#6711=ORIENTED_EDGE('',*,*,#3433,.F.);
#6713=ORIENTED_EDGE('',*,*,#6712,.F.);
#6714=ORIENTED_EDGE('',*,*,#6152,.T.);
#6715=ORIENTED_EDGE('',*,*,#6699,.T.);
#6716=EDGE_LOOP('',(#6711,#6713,#6714,#6715));
#6717=FACE_OUTER_BOUND('',#6716,.F.);
#6718=ADVANCED_FACE('',(#6717),#6710,.T.);
#6719=CARTESIAN_POINT('',(2.845E1,-2.43575E1,-9.2E0));
#6720=DIRECTION('',(-1.E0,0.E0,0.E0));
#6721=DIRECTION('',(0.E0,1.E0,0.E0));
#6722=AXIS2_PLACEMENT_3D('',#6719,#6720,#6721);
#6723=PLANE('',#6722);
#6724=ORIENTED_EDGE('',*,*,#3431,.F.);
#6725=ORIENTED_EDGE('',*,*,#6688,.F.);
#6726=ORIENTED_EDGE('',*,*,#6154,.T.);
#6727=ORIENTED_EDGE('',*,*,#6712,.T.);
#6728=EDGE_LOOP('',(#6724,#6725,#6726,#6727));
#6729=FACE_OUTER_BOUND('',#6728,.F.);
#6730=ADVANCED_FACE('',(#6729),#6723,.T.);
#6731=CLOSED_SHELL('',(#3096,#3192,#3287,#3363,#3439,#3454,#3581,#3596,#3610,
#3624,#3637,#3649,#3664,#3679,#3693,#3708,#3722,#3753,#3767,#3781,#3794,#3806,
#3819,#3868,#3881,#3894,#3907,#3920,#3933,#3946,#3959,#3972,#3985,#3998,#4011,
#4024,#4037,#4050,#4062,#4075,#4087,#4102,#4116,#4130,#4143,#4155,#4170,#4192,
#4207,#4221,#4242,#4256,#4269,#4319,#4334,#4348,#4362,#4376,#4390,#4404,#4418,
#4432,#4446,#4460,#4474,#4487,#4507,#4522,#4536,#4550,#4563,#4575,#4592,#4606,
#4622,#4635,#4647,#4660,#4673,#4685,#4699,#4712,#4725,#4737,#4751,#4764,#4777,
#4789,#4803,#4816,#4829,#4841,#4856,#4870,#4884,#4897,#4909,#4925,#4941,#4957,
#4973,#4989,#5005,#5021,#5037,#5053,#5069,#5085,#5100,#5116,#5132,#5148,#5162,
#5175,#5188,#5200,#5214,#5227,#5240,#5252,#5266,#5279,#5292,#5304,#5318,#5331,
#5344,#5356,#5370,#5383,#5396,#5408,#5422,#5435,#5448,#5460,#5474,#5487,#5500,
#5512,#5526,#5539,#5552,#5564,#5578,#5591,#5604,#5616,#5630,#5643,#5656,#5668,
#5682,#5695,#5708,#5720,#5734,#5746,#5758,#5772,#5785,#5798,#5810,#5824,#5837,
#5850,#5862,#5876,#5889,#5902,#5914,#5929,#5943,#5957,#5970,#5982,#5998,#6014,
#6030,#6046,#6062,#6078,#6094,#6110,#6126,#6142,#6158,#6172,#6185,#6198,#6210,
#6224,#6237,#6250,#6262,#6276,#6289,#6302,#6314,#6328,#6341,#6354,#6366,#6380,
#6393,#6406,#6418,#6432,#6445,#6458,#6470,#6484,#6497,#6510,#6522,#6536,#6549,
#6562,#6574,#6588,#6601,#6614,#6626,#6640,#6653,#6666,#6678,#6692,#6705,#6718,
#6730));
#6732=MANIFOLD_SOLID_BREP('',#6731);
#6733=DIRECTION('',(0.E0,0.E0,-1.E0));
#6734=VECTOR('',#6733,5.E-2);
#6735=CARTESIAN_POINT('',(4.355E1,2.865E1,5.5E0));
#6736=LINE('',#6735,#6734);
#6737=DIRECTION('',(0.E0,-1.E0,0.E0));
#6738=VECTOR('',#6737,6.05E1);
#6739=CARTESIAN_POINT('',(-4.705E1,3.025E1,5.5E0));
#6740=LINE('',#6739,#6738);
#6741=DIRECTION('',(-1.E0,0.E0,0.E0));
#6742=VECTOR('',#6741,9.41E1);
#6743=CARTESIAN_POINT('',(4.705E1,3.025E1,5.5E0));
#6744=LINE('',#6743,#6742);
#6745=DIRECTION('',(0.E0,1.E0,0.E0));
#6746=VECTOR('',#6745,6.05E1);
#6747=CARTESIAN_POINT('',(4.705E1,-3.025E1,5.5E0));
#6748=LINE('',#6747,#6746);
#6749=DIRECTION('',(1.E0,0.E0,0.E0));
#6750=VECTOR('',#6749,9.41E1);
#6751=CARTESIAN_POINT('',(-4.705E1,-3.025E1,5.5E0));
#6752=LINE('',#6751,#6750);
#6753=DIRECTION('',(0.E0,-1.E0,0.E0));
#6754=VECTOR('',#6753,5.78E1);
#6755=CARTESIAN_POINT('',(-4.595E1,2.865E1,5.5E0));
#6756=LINE('',#6755,#6754);
#6757=DIRECTION('',(1.E0,0.E0,0.E0));
#6758=VECTOR('',#6757,8.95E1);
#6759=CARTESIAN_POINT('',(-4.595E1,-2.915E1,5.5E0));
#6760=LINE('',#6759,#6758);
#6761=DIRECTION('',(0.E0,1.E0,0.E0));
#6762=VECTOR('',#6761,5.78E1);
#6763=CARTESIAN_POINT('',(4.355E1,-2.915E1,5.5E0));
#6764=LINE('',#6763,#6762);
#6765=DIRECTION('',(-1.E0,0.E0,0.E0));
#6766=VECTOR('',#6765,8.95E1);
#6767=CARTESIAN_POINT('',(4.355E1,2.865E1,5.5E0));
#6768=LINE('',#6767,#6766);
#6769=DIRECTION('',(0.E0,0.E0,-1.E0));
#6770=VECTOR('',#6769,1.1E0);
#6771=CARTESIAN_POINT('',(-4.705E1,3.025E1,5.5E0));
#6772=LINE('',#6771,#6770);
#6773=DIRECTION('',(0.E0,0.E0,-1.E0));
#6774=VECTOR('',#6773,1.1E0);
#6775=CARTESIAN_POINT('',(-4.705E1,-3.025E1,5.5E0));
#6776=LINE('',#6775,#6774);
#6777=DIRECTION('',(0.E0,0.E0,-1.E0));
#6778=VECTOR('',#6777,1.1E0);
#6779=CARTESIAN_POINT('',(4.705E1,-3.025E1,5.5E0));
#6780=LINE('',#6779,#6778);
#6781=DIRECTION('',(0.E0,0.E0,-1.E0));
#6782=VECTOR('',#6781,1.1E0);
#6783=CARTESIAN_POINT('',(4.705E1,3.025E1,5.5E0));
#6784=LINE('',#6783,#6782);
#6785=DIRECTION('',(0.E0,-1.E0,0.E0));
#6786=VECTOR('',#6785,6.05E1);
#6787=CARTESIAN_POINT('',(-4.705E1,3.025E1,4.4E0));
#6788=LINE('',#6787,#6786);
#6789=DIRECTION('',(1.E0,0.E0,0.E0));
#6790=VECTOR('',#6789,9.41E1);
#6791=CARTESIAN_POINT('',(-4.705E1,-3.025E1,4.4E0));
#6792=LINE('',#6791,#6790);
#6793=DIRECTION('',(0.E0,1.E0,0.E0));
#6794=VECTOR('',#6793,6.05E1);
#6795=CARTESIAN_POINT('',(4.705E1,-3.025E1,4.4E0));
#6796=LINE('',#6795,#6794);
#6797=DIRECTION('',(-1.E0,0.E0,0.E0));
#6798=VECTOR('',#6797,9.41E1);
#6799=CARTESIAN_POINT('',(4.705E1,3.025E1,4.4E0));
#6800=LINE('',#6799,#6798);
#6801=DIRECTION('',(0.E0,0.E0,-1.E0));
#6802=VECTOR('',#6801,5.E-2);
#6803=CARTESIAN_POINT('',(-4.595E1,2.865E1,5.5E0));
#6804=LINE('',#6803,#6802);
#6805=DIRECTION('',(0.E0,-1.E0,0.E0));
#6806=VECTOR('',#6805,5.78E1);
#6807=CARTESIAN_POINT('',(-4.595E1,2.865E1,5.45E0));
#6808=LINE('',#6807,#6806);
#6809=DIRECTION('',(-1.E0,0.E0,0.E0));
#6810=VECTOR('',#6809,8.95E1);
#6811=CARTESIAN_POINT('',(4.355E1,2.865E1,5.45E0));
#6812=LINE('',#6811,#6810);
#6813=DIRECTION('',(0.E0,1.E0,0.E0));
#6814=VECTOR('',#6813,5.78E1);
#6815=CARTESIAN_POINT('',(4.355E1,-2.915E1,5.45E0));
#6816=LINE('',#6815,#6814);
#6817=DIRECTION('',(1.E0,0.E0,0.E0));
#6818=VECTOR('',#6817,8.95E1);
#6819=CARTESIAN_POINT('',(-4.595E1,-2.915E1,5.45E0));
#6820=LINE('',#6819,#6818);
#6821=DIRECTION('',(0.E0,0.E0,-1.E0));
#6822=VECTOR('',#6821,5.E-2);
#6823=CARTESIAN_POINT('',(4.355E1,-2.915E1,5.5E0));
#6824=LINE('',#6823,#6822);
#6825=DIRECTION('',(0.E0,0.E0,-1.E0));
#6826=VECTOR('',#6825,5.E-2);
#6827=CARTESIAN_POINT('',(-4.595E1,-2.915E1,5.5E0));
#6828=LINE('',#6827,#6826);
#6829=CARTESIAN_POINT('',(-4.705E1,3.025E1,5.5E0));
#6830=CARTESIAN_POINT('',(-4.705E1,-3.025E1,5.5E0));
#6831=VERTEX_POINT('',#6829);
#6832=VERTEX_POINT('',#6830);
#6833=CARTESIAN_POINT('',(4.705E1,-3.025E1,5.5E0));
#6834=VERTEX_POINT('',#6833);
#6835=CARTESIAN_POINT('',(4.705E1,3.025E1,5.5E0));
#6836=VERTEX_POINT('',#6835);
#6837=CARTESIAN_POINT('',(-4.705E1,3.025E1,4.4E0));
#6838=CARTESIAN_POINT('',(-4.705E1,-3.025E1,4.4E0));
#6839=VERTEX_POINT('',#6837);
#6840=VERTEX_POINT('',#6838);
#6841=CARTESIAN_POINT('',(4.705E1,-3.025E1,4.4E0));
#6842=VERTEX_POINT('',#6841);
#6843=CARTESIAN_POINT('',(4.705E1,3.025E1,4.4E0));
#6844=VERTEX_POINT('',#6843);
#6845=CARTESIAN_POINT('',(-4.595E1,2.865E1,5.45E0));
#6846=CARTESIAN_POINT('',(-4.595E1,-2.915E1,5.45E0));
#6847=VERTEX_POINT('',#6845);
#6848=VERTEX_POINT('',#6846);
#6849=CARTESIAN_POINT('',(4.355E1,-2.915E1,5.45E0));
#6850=VERTEX_POINT('',#6849);
#6851=CARTESIAN_POINT('',(4.355E1,2.865E1,5.45E0));
#6852=VERTEX_POINT('',#6851);
#6853=CARTESIAN_POINT('',(-4.595E1,2.865E1,5.5E0));
#6854=CARTESIAN_POINT('',(-4.595E1,-2.915E1,5.5E0));
#6855=VERTEX_POINT('',#6853);
#6856=VERTEX_POINT('',#6854);
#6857=CARTESIAN_POINT('',(4.355E1,-2.915E1,5.5E0));
#6858=VERTEX_POINT('',#6857);
#6859=CARTESIAN_POINT('',(4.355E1,2.865E1,5.5E0));
#6860=VERTEX_POINT('',#6859);
#6861=CARTESIAN_POINT('',(4.355E1,2.865E1,5.5E0));
#6862=DIRECTION('',(0.E0,1.E0,0.E0));
#6863=DIRECTION('',(-1.E0,0.E0,0.E0));
#6864=AXIS2_PLACEMENT_3D('',#6861,#6862,#6863);
#6865=PLANE('',#6864);
#6867=ORIENTED_EDGE('',*,*,#6866,.F.);
#6869=ORIENTED_EDGE('',*,*,#6868,.T.);
#6871=ORIENTED_EDGE('',*,*,#6870,.T.);
#6873=ORIENTED_EDGE('',*,*,#6872,.F.);
#6874=EDGE_LOOP('',(#6867,#6869,#6871,#6873));
#6875=FACE_OUTER_BOUND('',#6874,.F.);
#6876=ADVANCED_FACE('',(#6875),#6865,.F.);
#6877=CARTESIAN_POINT('',(0.E0,0.E0,5.5E0));
#6878=DIRECTION('',(0.E0,0.E0,1.E0));
#6879=DIRECTION('',(1.E0,0.E0,0.E0));
#6880=AXIS2_PLACEMENT_3D('',#6877,#6878,#6879);
#6881=PLANE('',#6880);
#6883=ORIENTED_EDGE('',*,*,#6882,.F.);
#6885=ORIENTED_EDGE('',*,*,#6884,.F.);
#6887=ORIENTED_EDGE('',*,*,#6886,.F.);
#6889=ORIENTED_EDGE('',*,*,#6888,.F.);
#6890=EDGE_LOOP('',(#6883,#6885,#6887,#6889));
#6891=FACE_OUTER_BOUND('',#6890,.F.);
#6893=ORIENTED_EDGE('',*,*,#6892,.T.);
#6895=ORIENTED_EDGE('',*,*,#6894,.T.);
#6897=ORIENTED_EDGE('',*,*,#6896,.T.);
#6898=ORIENTED_EDGE('',*,*,#6866,.T.);
#6899=EDGE_LOOP('',(#6893,#6895,#6897,#6898));
#6900=FACE_BOUND('',#6899,.F.);
#6901=ADVANCED_FACE('',(#6891,#6900),#6881,.T.);
#6902=CARTESIAN_POINT('',(-4.705E1,3.025E1,5.5E0));
#6903=DIRECTION('',(-1.E0,0.E0,0.E0));
#6904=DIRECTION('',(0.E0,-1.E0,0.E0));
#6905=AXIS2_PLACEMENT_3D('',#6902,#6903,#6904);
#6906=PLANE('',#6905);
#6907=ORIENTED_EDGE('',*,*,#6882,.T.);
#6909=ORIENTED_EDGE('',*,*,#6908,.T.);
#6911=ORIENTED_EDGE('',*,*,#6910,.F.);
#6913=ORIENTED_EDGE('',*,*,#6912,.F.);
#6914=EDGE_LOOP('',(#6907,#6909,#6911,#6913));
#6915=FACE_OUTER_BOUND('',#6914,.F.);
#6916=ADVANCED_FACE('',(#6915),#6906,.T.);
#6917=CARTESIAN_POINT('',(-4.705E1,-3.025E1,5.5E0));
#6918=DIRECTION('',(0.E0,-1.E0,0.E0));
#6919=DIRECTION('',(1.E0,0.E0,0.E0));
#6920=AXIS2_PLACEMENT_3D('',#6917,#6918,#6919);
#6921=PLANE('',#6920);
#6922=ORIENTED_EDGE('',*,*,#6888,.T.);
#6924=ORIENTED_EDGE('',*,*,#6923,.T.);
#6926=ORIENTED_EDGE('',*,*,#6925,.F.);
#6927=ORIENTED_EDGE('',*,*,#6908,.F.);
#6928=EDGE_LOOP('',(#6922,#6924,#6926,#6927));
#6929=FACE_OUTER_BOUND('',#6928,.F.);
#6930=ADVANCED_FACE('',(#6929),#6921,.T.);
#6931=CARTESIAN_POINT('',(4.705E1,-3.025E1,5.5E0));
#6932=DIRECTION('',(1.E0,0.E0,0.E0));
#6933=DIRECTION('',(0.E0,1.E0,0.E0));
#6934=AXIS2_PLACEMENT_3D('',#6931,#6932,#6933);
#6935=PLANE('',#6934);
#6936=ORIENTED_EDGE('',*,*,#6886,.T.);
#6938=ORIENTED_EDGE('',*,*,#6937,.T.);
#6940=ORIENTED_EDGE('',*,*,#6939,.F.);
#6941=ORIENTED_EDGE('',*,*,#6923,.F.);
#6942=EDGE_LOOP('',(#6936,#6938,#6940,#6941));
#6943=FACE_OUTER_BOUND('',#6942,.F.);
#6944=ADVANCED_FACE('',(#6943),#6935,.T.);
#6945=CARTESIAN_POINT('',(4.705E1,3.025E1,5.5E0));
#6946=DIRECTION('',(0.E0,1.E0,0.E0));
#6947=DIRECTION('',(-1.E0,0.E0,0.E0));
#6948=AXIS2_PLACEMENT_3D('',#6945,#6946,#6947);
#6949=PLANE('',#6948);
#6950=ORIENTED_EDGE('',*,*,#6884,.T.);
#6951=ORIENTED_EDGE('',*,*,#6912,.T.);
#6953=ORIENTED_EDGE('',*,*,#6952,.F.);
#6954=ORIENTED_EDGE('',*,*,#6937,.F.);
#6955=EDGE_LOOP('',(#6950,#6951,#6953,#6954));
#6956=FACE_OUTER_BOUND('',#6955,.F.);
#6957=ADVANCED_FACE('',(#6956),#6949,.T.);
#6958=CARTESIAN_POINT('',(0.E0,0.E0,4.4E0));
#6959=DIRECTION('',(0.E0,0.E0,1.E0));
#6960=DIRECTION('',(1.E0,0.E0,0.E0));
#6961=AXIS2_PLACEMENT_3D('',#6958,#6959,#6960);
#6962=PLANE('',#6961);
#6963=ORIENTED_EDGE('',*,*,#6910,.T.);
#6964=ORIENTED_EDGE('',*,*,#6925,.T.);
#6965=ORIENTED_EDGE('',*,*,#6939,.T.);
#6966=ORIENTED_EDGE('',*,*,#6952,.T.);
#6967=EDGE_LOOP('',(#6963,#6964,#6965,#6966));
#6968=FACE_OUTER_BOUND('',#6967,.F.);
#6969=ADVANCED_FACE('',(#6968),#6962,.F.);
#6970=CARTESIAN_POINT('',(-4.595E1,2.865E1,5.5E0));
#6971=DIRECTION('',(-1.E0,0.E0,0.E0));
#6972=DIRECTION('',(0.E0,-1.E0,0.E0));
#6973=AXIS2_PLACEMENT_3D('',#6970,#6971,#6972);
#6974=PLANE('',#6973);
#6975=ORIENTED_EDGE('',*,*,#6892,.F.);
#6976=ORIENTED_EDGE('',*,*,#6872,.T.);
#6978=ORIENTED_EDGE('',*,*,#6977,.T.);
#6980=ORIENTED_EDGE('',*,*,#6979,.F.);
#6981=EDGE_LOOP('',(#6975,#6976,#6978,#6980));
#6982=FACE_OUTER_BOUND('',#6981,.F.);
#6983=ADVANCED_FACE('',(#6982),#6974,.F.);
#6984=CARTESIAN_POINT('',(0.E0,0.E0,5.45E0));
#6985=DIRECTION('',(0.E0,0.E0,1.E0));
#6986=DIRECTION('',(1.E0,0.E0,0.E0));
#6987=AXIS2_PLACEMENT_3D('',#6984,#6985,#6986);
#6988=PLANE('',#6987);
#6989=ORIENTED_EDGE('',*,*,#6977,.F.);
#6990=ORIENTED_EDGE('',*,*,#6870,.F.);
#6992=ORIENTED_EDGE('',*,*,#6991,.F.);
#6994=ORIENTED_EDGE('',*,*,#6993,.F.);
#6995=EDGE_LOOP('',(#6989,#6990,#6992,#6994));
#6996=FACE_OUTER_BOUND('',#6995,.F.);
#6997=ADVANCED_FACE('',(#6996),#6988,.T.);
#6998=CARTESIAN_POINT('',(4.355E1,-2.915E1,5.5E0));
#6999=DIRECTION('',(1.E0,0.E0,0.E0));
#7000=DIRECTION('',(0.E0,1.E0,0.E0));
#7001=AXIS2_PLACEMENT_3D('',#6998,#6999,#7000);
#7002=PLANE('',#7001);
#7003=ORIENTED_EDGE('',*,*,#6896,.F.);
#7005=ORIENTED_EDGE('',*,*,#7004,.T.);
#7006=ORIENTED_EDGE('',*,*,#6991,.T.);
#7007=ORIENTED_EDGE('',*,*,#6868,.F.);
#7008=EDGE_LOOP('',(#7003,#7005,#7006,#7007));
#7009=FACE_OUTER_BOUND('',#7008,.F.);
#7010=ADVANCED_FACE('',(#7009),#7002,.F.);
#7011=CARTESIAN_POINT('',(-4.595E1,-2.915E1,5.5E0));
#7012=DIRECTION('',(0.E0,-1.E0,0.E0));
#7013=DIRECTION('',(1.E0,0.E0,0.E0));
#7014=AXIS2_PLACEMENT_3D('',#7011,#7012,#7013);
#7015=PLANE('',#7014);
#7016=ORIENTED_EDGE('',*,*,#6894,.F.);
#7017=ORIENTED_EDGE('',*,*,#6979,.T.);
#7018=ORIENTED_EDGE('',*,*,#6993,.T.);
#7019=ORIENTED_EDGE('',*,*,#7004,.F.);
#7020=EDGE_LOOP('',(#7016,#7017,#7018,#7019));
#7021=FACE_OUTER_BOUND('',#7020,.F.);
#7022=ADVANCED_FACE('',(#7021),#7015,.F.);
#7023=CLOSED_SHELL('',(#6876,#6901,#6916,#6930,#6944,#6957,#6969,#6983,#6997,
#7010,#7022));
#7024=MANIFOLD_SOLID_BREP('',#7023);
#7025=DIRECTION('',(1.E0,0.E0,0.E0));
#7026=VECTOR('',#7025,9.41E1);
#7027=CARTESIAN_POINT('',(-4.705E1,-3.025E1,4.2E0));
#7028=LINE('',#7027,#7026);
#7029=DIRECTION('',(0.E0,-1.E0,0.E0));
#7030=VECTOR('',#7029,6.05E1);
#7031=CARTESIAN_POINT('',(-4.705E1,3.025E1,4.2E0));
#7032=LINE('',#7031,#7030);
#7033=DIRECTION('',(-1.E0,0.E0,0.E0));
#7034=VECTOR('',#7033,9.41E1);
#7035=CARTESIAN_POINT('',(4.705E1,3.025E1,4.2E0));
#7036=LINE('',#7035,#7034);
#7037=DIRECTION('',(0.E0,1.E0,0.E0));
#7038=VECTOR('',#7037,6.05E1);
#7039=CARTESIAN_POINT('',(4.705E1,-3.025E1,4.2E0));
#7040=LINE('',#7039,#7038);
#7041=DIRECTION('',(0.E0,0.E0,-1.E0));
#7042=VECTOR('',#7041,2.1E0);
#7043=CARTESIAN_POINT('',(-4.705E1,-3.025E1,4.2E0));
#7044=LINE('',#7043,#7042);
#7045=DIRECTION('',(0.E0,0.E0,-1.E0));
#7046=VECTOR('',#7045,2.1E0);
#7047=CARTESIAN_POINT('',(4.705E1,-3.025E1,4.2E0));
#7048=LINE('',#7047,#7046);
#7049=DIRECTION('',(0.E0,0.E0,-1.E0));
#7050=VECTOR('',#7049,2.1E0);
#7051=CARTESIAN_POINT('',(4.705E1,3.025E1,4.2E0));
#7052=LINE('',#7051,#7050);
#7053=DIRECTION('',(0.E0,0.E0,-1.E0));
#7054=VECTOR('',#7053,2.1E0);
#7055=CARTESIAN_POINT('',(-4.705E1,3.025E1,4.2E0));
#7056=LINE('',#7055,#7054);
#7057=DIRECTION('',(1.E0,0.E0,0.E0));
#7058=VECTOR('',#7057,9.41E1);
#7059=CARTESIAN_POINT('',(-4.705E1,-3.025E1,2.1E0));
#7060=LINE('',#7059,#7058);
#7061=DIRECTION('',(0.E0,1.E0,0.E0));
#7062=VECTOR('',#7061,6.05E1);
#7063=CARTESIAN_POINT('',(4.705E1,-3.025E1,2.1E0));
#7064=LINE('',#7063,#7062);
#7065=DIRECTION('',(-1.E0,0.E0,0.E0));
#7066=VECTOR('',#7065,9.41E1);
#7067=CARTESIAN_POINT('',(4.705E1,3.025E1,2.1E0));
#7068=LINE('',#7067,#7066);
#7069=DIRECTION('',(0.E0,-1.E0,0.E0));
#7070=VECTOR('',#7069,6.05E1);
#7071=CARTESIAN_POINT('',(-4.705E1,3.025E1,2.1E0));
#7072=LINE('',#7071,#7070);
#7073=CARTESIAN_POINT('',(-4.705E1,-3.025E1,4.2E0));
#7074=CARTESIAN_POINT('',(4.705E1,-3.025E1,4.2E0));
#7075=VERTEX_POINT('',#7073);
#7076=VERTEX_POINT('',#7074);
#7077=CARTESIAN_POINT('',(4.705E1,3.025E1,4.2E0));
#7078=VERTEX_POINT('',#7077);
#7079=CARTESIAN_POINT('',(-4.705E1,3.025E1,4.2E0));
#7080=VERTEX_POINT('',#7079);
#7081=CARTESIAN_POINT('',(-4.705E1,-3.025E1,2.1E0));
#7082=CARTESIAN_POINT('',(4.705E1,-3.025E1,2.1E0));
#7083=VERTEX_POINT('',#7081);
#7084=VERTEX_POINT('',#7082);
#7085=CARTESIAN_POINT('',(4.705E1,3.025E1,2.1E0));
#7086=VERTEX_POINT('',#7085);
#7087=CARTESIAN_POINT('',(-4.705E1,3.025E1,2.1E0));
#7088=VERTEX_POINT('',#7087);
#7089=CARTESIAN_POINT('',(0.E0,0.E0,4.2E0));
#7090=DIRECTION('',(0.E0,0.E0,1.E0));
#7091=DIRECTION('',(1.E0,0.E0,0.E0));
#7092=AXIS2_PLACEMENT_3D('',#7089,#7090,#7091);
#7093=PLANE('',#7092);
#7095=ORIENTED_EDGE('',*,*,#7094,.F.);
#7097=ORIENTED_EDGE('',*,*,#7096,.F.);
#7099=ORIENTED_EDGE('',*,*,#7098,.F.);
#7101=ORIENTED_EDGE('',*,*,#7100,.F.);
#7102=EDGE_LOOP('',(#7095,#7097,#7099,#7101));
#7103=FACE_OUTER_BOUND('',#7102,.F.);
#7104=ADVANCED_FACE('',(#7103),#7093,.T.);
#7105=CARTESIAN_POINT('',(-4.705E1,-3.025E1,4.2E0));
#7106=DIRECTION('',(0.E0,-1.E0,0.E0));
#7107=DIRECTION('',(1.E0,0.E0,0.E0));
#7108=AXIS2_PLACEMENT_3D('',#7105,#7106,#7107);
#7109=PLANE('',#7108);
#7110=ORIENTED_EDGE('',*,*,#7094,.T.);
#7112=ORIENTED_EDGE('',*,*,#7111,.T.);
#7114=ORIENTED_EDGE('',*,*,#7113,.F.);
#7116=ORIENTED_EDGE('',*,*,#7115,.F.);
#7117=EDGE_LOOP('',(#7110,#7112,#7114,#7116));
#7118=FACE_OUTER_BOUND('',#7117,.F.);
#7119=ADVANCED_FACE('',(#7118),#7109,.T.);
#7120=CARTESIAN_POINT('',(4.705E1,-3.025E1,4.2E0));
#7121=DIRECTION('',(1.E0,0.E0,0.E0));
#7122=DIRECTION('',(0.E0,1.E0,0.E0));
#7123=AXIS2_PLACEMENT_3D('',#7120,#7121,#7122);
#7124=PLANE('',#7123);
#7125=ORIENTED_EDGE('',*,*,#7100,.T.);
#7127=ORIENTED_EDGE('',*,*,#7126,.T.);
#7129=ORIENTED_EDGE('',*,*,#7128,.F.);
#7130=ORIENTED_EDGE('',*,*,#7111,.F.);
#7131=EDGE_LOOP('',(#7125,#7127,#7129,#7130));
#7132=FACE_OUTER_BOUND('',#7131,.F.);
#7133=ADVANCED_FACE('',(#7132),#7124,.T.);
#7134=CARTESIAN_POINT('',(4.705E1,3.025E1,4.2E0));
#7135=DIRECTION('',(0.E0,1.E0,0.E0));
#7136=DIRECTION('',(-1.E0,0.E0,0.E0));
#7137=AXIS2_PLACEMENT_3D('',#7134,#7135,#7136);
#7138=PLANE('',#7137);
#7139=ORIENTED_EDGE('',*,*,#7098,.T.);
#7141=ORIENTED_EDGE('',*,*,#7140,.T.);
#7143=ORIENTED_EDGE('',*,*,#7142,.F.);
#7144=ORIENTED_EDGE('',*,*,#7126,.F.);
#7145=EDGE_LOOP('',(#7139,#7141,#7143,#7144));
#7146=FACE_OUTER_BOUND('',#7145,.F.);
#7147=ADVANCED_FACE('',(#7146),#7138,.T.);
#7148=CARTESIAN_POINT('',(-4.705E1,3.025E1,4.2E0));
#7149=DIRECTION('',(-1.E0,0.E0,0.E0));
#7150=DIRECTION('',(0.E0,-1.E0,0.E0));
#7151=AXIS2_PLACEMENT_3D('',#7148,#7149,#7150);
#7152=PLANE('',#7151);
#7153=ORIENTED_EDGE('',*,*,#7096,.T.);
#7154=ORIENTED_EDGE('',*,*,#7115,.T.);
#7156=ORIENTED_EDGE('',*,*,#7155,.F.);
#7157=ORIENTED_EDGE('',*,*,#7140,.F.);
#7158=EDGE_LOOP('',(#7153,#7154,#7156,#7157));
#7159=FACE_OUTER_BOUND('',#7158,.F.);
#7160=ADVANCED_FACE('',(#7159),#7152,.T.);
#7161=CARTESIAN_POINT('',(0.E0,0.E0,2.1E0));
#7162=DIRECTION('',(0.E0,0.E0,1.E0));
#7163=DIRECTION('',(1.E0,0.E0,0.E0));
#7164=AXIS2_PLACEMENT_3D('',#7161,#7162,#7163);
#7165=PLANE('',#7164);
#7166=ORIENTED_EDGE('',*,*,#7113,.T.);
#7167=ORIENTED_EDGE('',*,*,#7128,.T.);
#7168=ORIENTED_EDGE('',*,*,#7142,.T.);
#7169=ORIENTED_EDGE('',*,*,#7155,.T.);
#7170=EDGE_LOOP('',(#7166,#7167,#7168,#7169));
#7171=FACE_OUTER_BOUND('',#7170,.F.);
#7172=ADVANCED_FACE('',(#7171),#7165,.F.);
#7173=CLOSED_SHELL('',(#7104,#7119,#7133,#7147,#7160,#7172));
#7174=MANIFOLD_SOLID_BREP('',#7173);
#7175=(LENGTH_UNIT()NAMED_UNIT(*)SI_UNIT(.MILLI.,.METRE.));
#7176=DIMENSIONAL_EXPONENTS(0.E0,0.E0,0.E0,0.E0,0.E0,0.E0,0.E0);
#7177=(NAMED_UNIT(*)PLANE_ANGLE_UNIT()SI_UNIT($,.RADIAN.));
#7178=PLANE_ANGLE_MEASURE_WITH_UNIT(PLANE_ANGLE_MEASURE(1.745329251994E-2),
#7177);
#7179=(CONVERSION_BASED_UNIT('DEGREE',#7178)NAMED_UNIT(#7176)PLANE_ANGLE_UNIT(
));
#7180=(NAMED_UNIT(*)SI_UNIT($,.STERADIAN.)SOLID_ANGLE_UNIT());
#7181=UNCERTAINTY_MEASURE_WITH_UNIT(LENGTH_MEASURE(1.184446913681E-2),#7175,
'closure',
'Maximum model space distance between geometric entities at asserted connectivities');
#7182=(GEOMETRIC_REPRESENTATION_CONTEXT(3)GLOBAL_UNCERTAINTY_ASSIGNED_CONTEXT((
#7181))GLOBAL_UNIT_ASSIGNED_CONTEXT((#7175,#7179,#7180))REPRESENTATION_CONTEXT(
'ID1','3'));
#7184=APPLICATION_CONTEXT(
'CONFIGURATION CONTROLLED 3D DESIGNS OF MECHANICAL PARTS AND ASSEMBLIES');
#7185=APPLICATION_PROTOCOL_DEFINITION('international standard',
'config_control_design',1994,#7184);
#7186=DESIGN_CONTEXT('',#7184,'design');
#7187=MECHANICAL_CONTEXT('',#7184,'mechanical');
#7188=PRODUCT('L61-1','L61-1','NOT SPECIFIED',(#7187));
#7189=PRODUCT_DEFINITION_FORMATION_WITH_SPECIFIED_SOURCE('24','LAST_VERSION',
#7188,.MADE.);
#7193=PRODUCT_CATEGORY('part','');
#7194=PRODUCT_RELATED_PRODUCT_CATEGORY('detail','',(#7188));
#7195=PRODUCT_CATEGORY_RELATIONSHIP('','',#7193,#7194);
#7196=SECURITY_CLASSIFICATION_LEVEL('unclassified');
#7197=SECURITY_CLASSIFICATION('','',#7196);
#7198=CC_DESIGN_SECURITY_CLASSIFICATION(#7197,(#7189));
#7199=APPROVAL_STATUS('approved');
#7200=APPROVAL(#7199,'');
#7201=CC_DESIGN_APPROVAL(#7200,(#7197,#7189,#7190));
#7202=CALENDAR_DATE(120,25,12);
#7203=COORDINATED_UNIVERSAL_TIME_OFFSET(8,0,.AHEAD.);
#7204=LOCAL_TIME(11,10,2.7E1,#7203);
#7205=DATE_AND_TIME(#7202,#7204);
#7206=APPROVAL_DATE_TIME(#7205,#7200);
#7207=DATE_TIME_ROLE('creation_date');
#7208=CC_DESIGN_DATE_AND_TIME_ASSIGNMENT(#7205,#7207,(#7190));
#7209=DATE_TIME_ROLE('classification_date');
#7210=CC_DESIGN_DATE_AND_TIME_ASSIGNMENT(#7205,#7209,(#7197));
#7211=PERSON('UNSPECIFIED','UNSPECIFIED',$,$,$,$);
#7212=ORGANIZATION('UNSPECIFIED','UNSPECIFIED','UNSPECIFIED');
#7213=PERSON_AND_ORGANIZATION(#7211,#7212);
#7214=APPROVAL_ROLE('approver');
#7215=APPROVAL_PERSON_ORGANIZATION(#7213,#7200,#7214);
#7216=PERSON_AND_ORGANIZATION_ROLE('creator');
#7217=CC_DESIGN_PERSON_AND_ORGANIZATION_ASSIGNMENT(#7213,#7216,(#7189,#7190));
#7218=PERSON_AND_ORGANIZATION_ROLE('design_supplier');
#7219=CC_DESIGN_PERSON_AND_ORGANIZATION_ASSIGNMENT(#7213,#7218,(#7189));
#7220=PERSON_AND_ORGANIZATION_ROLE('classification_officer');
#7221=CC_DESIGN_PERSON_AND_ORGANIZATION_ASSIGNMENT(#7213,#7220,(#7197));
#7222=PERSON_AND_ORGANIZATION_ROLE('design_owner');
#7223=CC_DESIGN_PERSON_AND_ORGANIZATION_ASSIGNMENT(#7213,#7222,(#7188));
#593=CIRCLE('',#592,1.1E0);
#610=CIRCLE('',#609,8.E-1);
#627=CIRCLE('',#626,8.E-1);
#644=CIRCLE('',#643,1.E0);
#869=CIRCLE('',#868,1.E0);
#886=CIRCLE('',#885,8.E-1);
#903=CIRCLE('',#902,8.E-1);
#920=CIRCLE('',#919,1.1E0);
#3086=EDGE_CURVE('',#2850,#2852,#272,.T.);
#3088=EDGE_CURVE('',#2722,#2850,#4,.T.);
#3090=EDGE_CURVE('',#2722,#2724,#1640,.T.);
#3092=EDGE_CURVE('',#2724,#2852,#1876,.T.);
#3102=EDGE_CURVE('',#2559,#2560,#8,.T.);
#3104=EDGE_CURVE('',#2564,#2559,#12,.T.);
#3106=EDGE_CURVE('',#2562,#2564,#16,.T.);
#3108=EDGE_CURVE('',#2560,#2562,#20,.T.);
#3112=EDGE_CURVE('',#2751,#2752,#72,.T.);
#3114=EDGE_CURVE('',#2752,#2754,#76,.T.);
#3116=EDGE_CURVE('',#2754,#2756,#80,.T.);
#3118=EDGE_CURVE('',#2756,#2751,#84,.T.);
#3122=EDGE_CURVE('',#2759,#2760,#88,.T.);
#3124=EDGE_CURVE('',#2760,#2762,#92,.T.);
#3126=EDGE_CURVE('',#2762,#2764,#96,.T.);
#3128=EDGE_CURVE('',#2764,#2759,#100,.T.);
#3132=EDGE_CURVE('',#2767,#2768,#104,.T.);
#3134=EDGE_CURVE('',#2768,#2770,#108,.T.);
#3136=EDGE_CURVE('',#2770,#2772,#112,.T.);
#3138=EDGE_CURVE('',#2772,#2767,#116,.T.);
#3142=EDGE_CURVE('',#2775,#2776,#120,.T.);
#3144=EDGE_CURVE('',#2776,#2778,#124,.T.);
#3146=EDGE_CURVE('',#2778,#2780,#128,.T.);
#3148=EDGE_CURVE('',#2780,#2775,#132,.T.);
#3152=EDGE_CURVE('',#2783,#2784,#136,.T.);
#3154=EDGE_CURVE('',#2784,#2786,#140,.T.);
#3156=EDGE_CURVE('',#2786,#2788,#144,.T.);
#3158=EDGE_CURVE('',#2788,#2783,#148,.T.);
#3162=EDGE_CURVE('',#2791,#2792,#152,.T.);
#3164=EDGE_CURVE('',#2792,#2794,#156,.T.);
#3166=EDGE_CURVE('',#2794,#2796,#160,.T.);
#3168=EDGE_CURVE('',#2796,#2791,#164,.T.);
#3172=EDGE_CURVE('',#2799,#2800,#168,.T.);
#3174=EDGE_CURVE('',#2800,#2802,#172,.T.);
#3176=EDGE_CURVE('',#2802,#2804,#176,.T.);
#3178=EDGE_CURVE('',#2804,#2799,#180,.T.);
#3182=EDGE_CURVE('',#2807,#2808,#184,.T.);
#3184=EDGE_CURVE('',#2808,#2810,#188,.T.);
#3186=EDGE_CURVE('',#2810,#2812,#192,.T.);
#3188=EDGE_CURVE('',#2812,#2807,#196,.T.);
#3198=EDGE_CURVE('',#2567,#2568,#24,.T.);
#3200=EDGE_CURVE('',#2572,#2567,#28,.T.);
#3202=EDGE_CURVE('',#2570,#2572,#32,.T.);
#3204=EDGE_CURVE('',#2568,#2570,#36,.T.);
#3208=EDGE_CURVE('',#2815,#2816,#200,.T.);
#3210=EDGE_CURVE('',#2816,#2818,#204,.T.);
#3212=EDGE_CURVE('',#2818,#2820,#208,.T.);
#3214=EDGE_CURVE('',#2820,#2815,#212,.T.);
#3218=EDGE_CURVE('',#2823,#2824,#216,.T.);
#3220=EDGE_CURVE('',#2824,#2826,#220,.T.);
#3222=EDGE_CURVE('',#2826,#2828,#224,.T.);
#3224=EDGE_CURVE('',#2828,#2823,#228,.T.);
#3228=EDGE_CURVE('',#2831,#2832,#232,.T.);
#3230=EDGE_CURVE('',#2832,#2834,#236,.T.);
#3232=EDGE_CURVE('',#2834,#2836,#240,.T.);
#3234=EDGE_CURVE('',#2836,#2831,#244,.T.);
#3238=EDGE_CURVE('',#2839,#2840,#248,.T.);
#3240=EDGE_CURVE('',#2840,#2842,#252,.T.);
#3242=EDGE_CURVE('',#2842,#2844,#256,.T.);
#3244=EDGE_CURVE('',#2844,#2839,#260,.T.);
#3248=EDGE_CURVE('',#2847,#2848,#264,.T.);
#3250=EDGE_CURVE('',#2848,#2850,#268,.T.);
#3253=EDGE_CURVE('',#2852,#2847,#276,.T.);
#3257=EDGE_CURVE('',#2855,#2856,#280,.T.);
#3259=EDGE_CURVE('',#2856,#2858,#284,.T.);
#3261=EDGE_CURVE('',#2858,#2860,#288,.T.);
#3263=EDGE_CURVE('',#2860,#2855,#292,.T.);
#3267=EDGE_CURVE('',#2863,#2864,#296,.T.);
#3269=EDGE_CURVE('',#2864,#2866,#300,.T.);
#3271=EDGE_CURVE('',#2866,#2868,#304,.T.);
#3273=EDGE_CURVE('',#2868,#2863,#308,.T.);
#3277=EDGE_CURVE('',#2871,#2872,#312,.T.);
#3279=EDGE_CURVE('',#2872,#2874,#316,.T.);
#3281=EDGE_CURVE('',#2874,#2876,#320,.T.);
#3283=EDGE_CURVE('',#2876,#2871,#324,.T.);
#3293=EDGE_CURVE('',#2575,#2576,#40,.T.);
#3295=EDGE_CURVE('',#2580,#2575,#44,.T.);
#3297=EDGE_CURVE('',#2578,#2580,#48,.T.);
#3299=EDGE_CURVE('',#2576,#2578,#52,.T.);
#3303=EDGE_CURVE('',#2975,#2976,#328,.T.);
#3305=EDGE_CURVE('',#2976,#2978,#332,.T.);
#3307=EDGE_CURVE('',#2978,#2980,#336,.T.);
#3309=EDGE_CURVE('',#2980,#2975,#340,.T.);
#3313=EDGE_CURVE('',#2983,#2984,#344,.T.);
#3315=EDGE_CURVE('',#2984,#2986,#348,.T.);
#3317=EDGE_CURVE('',#2986,#2988,#352,.T.);
#3319=EDGE_CURVE('',#2988,#2983,#356,.T.);
#3323=EDGE_CURVE('',#2991,#2992,#360,.T.);
#3325=EDGE_CURVE('',#2992,#2994,#364,.T.);
#3327=EDGE_CURVE('',#2994,#2996,#368,.T.);
#3329=EDGE_CURVE('',#2996,#2991,#372,.T.);
#3333=EDGE_CURVE('',#2999,#3000,#376,.T.);
#3335=EDGE_CURVE('',#3000,#3002,#380,.T.);
#3337=EDGE_CURVE('',#3002,#3004,#384,.T.);
#3339=EDGE_CURVE('',#3004,#2999,#388,.T.);
#3343=EDGE_CURVE('',#3007,#3008,#392,.T.);
#3345=EDGE_CURVE('',#3008,#3010,#396,.T.);
#3347=EDGE_CURVE('',#3010,#3012,#400,.T.);
#3349=EDGE_CURVE('',#3012,#3007,#404,.T.);
#3353=EDGE_CURVE('',#3015,#3016,#408,.T.);
#3355=EDGE_CURVE('',#3016,#3018,#412,.T.);
#3357=EDGE_CURVE('',#3018,#3020,#416,.T.);
#3359=EDGE_CURVE('',#3020,#3015,#420,.T.);
#3369=EDGE_CURVE('',#2583,#2584,#56,.T.);
#3371=EDGE_CURVE('',#2588,#2583,#60,.T.);
#3373=EDGE_CURVE('',#2586,#2588,#64,.T.);
#3375=EDGE_CURVE('',#2584,#2586,#68,.T.);
#3379=EDGE_CURVE('',#3023,#3024,#424,.T.);
#3381=EDGE_CURVE('',#3024,#3026,#428,.T.);
#3383=EDGE_CURVE('',#3026,#3028,#432,.T.);
#3385=EDGE_CURVE('',#3028,#3023,#436,.T.);
#3389=EDGE_CURVE('',#3031,#3032,#440,.T.);
#3391=EDGE_CURVE('',#3032,#3034,#444,.T.);
#3393=EDGE_CURVE('',#3034,#3036,#448,.T.);
#3395=EDGE_CURVE('',#3036,#3031,#452,.T.);
#3399=EDGE_CURVE('',#3039,#3040,#456,.T.);
#3401=EDGE_CURVE('',#3040,#3042,#460,.T.);
#3403=EDGE_CURVE('',#3042,#3044,#464,.T.);
#3405=EDGE_CURVE('',#3044,#3039,#468,.T.);
#3409=EDGE_CURVE('',#3047,#3048,#472,.T.);
#3411=EDGE_CURVE('',#3048,#3050,#476,.T.);
#3413=EDGE_CURVE('',#3050,#3052,#480,.T.);
#3415=EDGE_CURVE('',#3052,#3047,#484,.T.);
#3419=EDGE_CURVE('',#3055,#3056,#488,.T.);
#3421=EDGE_CURVE('',#3056,#3058,#492,.T.);
#3423=EDGE_CURVE('',#3058,#3060,#496,.T.);
#3425=EDGE_CURVE('',#3060,#3055,#500,.T.);
#3429=EDGE_CURVE('',#3063,#3064,#504,.T.);
#3431=EDGE_CURVE('',#3064,#3066,#508,.T.);
#3433=EDGE_CURVE('',#3066,#3068,#512,.T.);
#3435=EDGE_CURVE('',#3068,#3063,#516,.T.);
#3445=EDGE_CURVE('',#2591,#2592,#680,.T.);
#3447=EDGE_CURVE('',#2559,#2591,#520,.T.);
#3450=EDGE_CURVE('',#2560,#2592,#1364,.T.);
#3460=EDGE_CURVE('',#2443,#2444,#540,.T.);
#3462=EDGE_CURVE('',#2444,#2446,#544,.T.);
#3464=EDGE_CURVE('',#2446,#2448,#548,.T.);
#3466=EDGE_CURVE('',#2416,#2448,#552,.T.);
#3468=EDGE_CURVE('',#2416,#2407,#556,.T.);
#3470=EDGE_CURVE('',#2407,#2408,#560,.T.);
#3472=EDGE_CURVE('',#2408,#2403,#564,.T.);
#3474=EDGE_CURVE('',#2403,#2404,#568,.T.);
#3476=EDGE_CURVE('',#2404,#2411,#572,.T.);
#3478=EDGE_CURVE('',#2411,#2412,#576,.T.);
#3480=EDGE_CURVE('',#2414,#2412,#580,.T.);
#3482=EDGE_CURVE('',#2336,#2414,#584,.T.);
#3484=EDGE_CURVE('',#2336,#2331,#588,.T.);
#3486=EDGE_CURVE('',#2331,#2332,#593,.T.);
#3488=EDGE_CURVE('',#2334,#2332,#597,.T.);
#3490=EDGE_CURVE('',#2315,#2334,#601,.T.);
#3492=EDGE_CURVE('',#2315,#2316,#605,.T.);
#3494=EDGE_CURVE('',#2316,#2318,#610,.T.);
#3496=EDGE_CURVE('',#2320,#2318,#614,.T.);
#3498=EDGE_CURVE('',#2323,#2320,#618,.T.);
#3500=EDGE_CURVE('',#2323,#2324,#622,.T.);
#3502=EDGE_CURVE('',#2324,#2326,#627,.T.);
#3504=EDGE_CURVE('',#2328,#2326,#631,.T.);
#3506=EDGE_CURVE('',#2339,#2328,#635,.T.);
#3508=EDGE_CURVE('',#2339,#2340,#639,.T.);
#3510=EDGE_CURVE('',#2340,#2342,#644,.T.);
#3512=EDGE_CURVE('',#2344,#2342,#648,.T.);
#3514=EDGE_CURVE('',#2443,#2344,#652,.T.);
#3518=EDGE_CURVE('',#2387,#2388,#524,.T.);
#3520=EDGE_CURVE('',#2388,#2390,#528,.T.);
#3522=EDGE_CURVE('',#2390,#2392,#532,.T.);
#3524=EDGE_CURVE('',#2392,#2387,#536,.T.);
#3528=EDGE_CURVE('',#3071,#3072,#656,.T.);
#3530=EDGE_CURVE('',#3072,#3074,#660,.T.);
#3532=EDGE_CURVE('',#3074,#3076,#664,.T.);
#3534=EDGE_CURVE('',#3080,#3076,#668,.T.);
#3536=EDGE_CURVE('',#3078,#3080,#672,.T.);
#3538=EDGE_CURVE('',#3078,#3071,#676,.T.);
#3543=EDGE_CURVE('',#2592,#2594,#684,.T.);
#3545=EDGE_CURVE('',#2594,#2596,#688,.T.);
#3547=EDGE_CURVE('',#2596,#2591,#692,.T.);
#3551=EDGE_CURVE('',#2599,#2600,#696,.T.);
#3553=EDGE_CURVE('',#2600,#2602,#700,.T.);
#3555=EDGE_CURVE('',#2602,#2604,#704,.T.);
#3557=EDGE_CURVE('',#2604,#2599,#708,.T.);
#3561=EDGE_CURVE('',#2607,#2608,#712,.T.);
#3563=EDGE_CURVE('',#2608,#2610,#716,.T.);
#3565=EDGE_CURVE('',#2610,#2612,#720,.T.);
#3567=EDGE_CURVE('',#2612,#2607,#724,.T.);
#3571=EDGE_CURVE('',#2615,#2616,#728,.T.);
#3573=EDGE_CURVE('',#2616,#2618,#732,.T.);
#3575=EDGE_CURVE('',#2618,#2620,#736,.T.);
#3577=EDGE_CURVE('',#2620,#2615,#740,.T.);
#3588=EDGE_CURVE('',#2387,#2379,#744,.T.);
#3590=EDGE_CURVE('',#2379,#2380,#760,.T.);
#3592=EDGE_CURVE('',#2388,#2380,#756,.T.);
#3603=EDGE_CURVE('',#2392,#2384,#748,.T.);
#3605=EDGE_CURVE('',#2384,#2379,#764,.T.);
#3617=EDGE_CURVE('',#2390,#2382,#752,.T.);
#3619=EDGE_CURVE('',#2382,#2384,#768,.T.);
#3632=EDGE_CURVE('',#2380,#2382,#772,.T.);
#3656=EDGE_CURVE('',#2451,#2443,#784,.T.);
#3658=EDGE_CURVE('',#2451,#2452,#856,.T.);
#3660=EDGE_CURVE('',#2444,#2452,#1016,.T.);
#3670=EDGE_CURVE('',#2422,#2414,#776,.T.);
#3672=EDGE_CURVE('',#2368,#2422,#928,.T.);
#3674=EDGE_CURVE('',#2368,#2336,#780,.T.);
#3687=EDGE_CURVE('',#2376,#2344,#788,.T.);
#3689=EDGE_CURVE('',#2451,#2376,#860,.T.);
#3699=EDGE_CURVE('',#2456,#2448,#792,.T.);
#3701=EDGE_CURVE('',#2424,#2456,#944,.T.);
#3703=EDGE_CURVE('',#2424,#2416,#796,.T.);
#3715=EDGE_CURVE('',#2412,#2420,#800,.T.);
#3717=EDGE_CURVE('',#2422,#2420,#932,.T.);
#3728=EDGE_CURVE('',#2400,#2408,#828,.T.);
#3731=EDGE_CURVE('',#2407,#2419,#804,.T.);
#3733=EDGE_CURVE('',#2419,#2420,#936,.T.);
#3737=EDGE_CURVE('',#2398,#2411,#808,.T.);
#3739=EDGE_CURVE('',#2398,#2400,#840,.T.);
#3743=EDGE_CURVE('',#2435,#2436,#812,.T.);
#3745=EDGE_CURVE('',#2436,#2438,#816,.T.);
#3747=EDGE_CURVE('',#2438,#2440,#820,.T.);
#3749=EDGE_CURVE('',#2440,#2435,#824,.T.);
#3761=EDGE_CURVE('',#2400,#2395,#836,.T.);
#3763=EDGE_CURVE('',#2395,#2403,#848,.T.);
#3773=EDGE_CURVE('',#2395,#2396,#832,.T.);
#3777=EDGE_CURVE('',#2396,#2398,#844,.T.);
#3790=EDGE_CURVE('',#2396,#2404,#852,.T.);
#3814=EDGE_CURVE('',#2424,#2419,#940,.T.);
#3827=EDGE_CURVE('',#2376,#2374,#864,.T.);
#3829=EDGE_CURVE('',#2372,#2374,#869,.T.);
#3831=EDGE_CURVE('',#2371,#2372,#873,.T.);
#3833=EDGE_CURVE('',#2371,#2360,#877,.T.);
#3835=EDGE_CURVE('',#2360,#2358,#881,.T.);
#3837=EDGE_CURVE('',#2356,#2358,#886,.T.);
#3839=EDGE_CURVE('',#2355,#2356,#890,.T.);
#3841=EDGE_CURVE('',#2355,#2352,#894,.T.);
#3843=EDGE_CURVE('',#2352,#2350,#898,.T.);
#3845=EDGE_CURVE('',#2348,#2350,#903,.T.);
#3847=EDGE_CURVE('',#2347,#2348,#907,.T.);
#3849=EDGE_CURVE('',#2347,#2366,#911,.T.);
#3851=EDGE_CURVE('',#2366,#2364,#915,.T.);
#3853=EDGE_CURVE('',#2363,#2364,#920,.T.);
#3855=EDGE_CURVE('',#2368,#2363,#924,.T.);
#3862=EDGE_CURVE('',#2454,#2456,#948,.T.);
#3864=EDGE_CURVE('',#2452,#2454,#952,.T.);
#3875=EDGE_CURVE('',#2342,#2374,#956,.T.);
#3888=EDGE_CURVE('',#2340,#2372,#960,.T.);
#3901=EDGE_CURVE('',#2371,#2339,#968,.T.);
#3913=EDGE_CURVE('',#2360,#2328,#964,.T.);
#3927=EDGE_CURVE('',#2326,#2358,#972,.T.);
#3940=EDGE_CURVE('',#2324,#2356,#976,.T.);
#3953=EDGE_CURVE('',#2355,#2323,#984,.T.);
#3965=EDGE_CURVE('',#2352,#2320,#980,.T.);
#3979=EDGE_CURVE('',#2318,#2350,#988,.T.);
#3992=EDGE_CURVE('',#2316,#2348,#992,.T.);
#4005=EDGE_CURVE('',#2347,#2315,#996,.T.);
#4019=EDGE_CURVE('',#2366,#2334,#1000,.T.);
#4031=EDGE_CURVE('',#2332,#2364,#1004,.T.);
#4044=EDGE_CURVE('',#2331,#2363,#1008,.T.);
#4069=EDGE_CURVE('',#2446,#2454,#1012,.T.);
#4094=EDGE_CURVE('',#2427,#2435,#1020,.T.);
#4096=EDGE_CURVE('',#2427,#2428,#1036,.T.);
#4098=EDGE_CURVE('',#2428,#2436,#1032,.T.);
#4109=EDGE_CURVE('',#2432,#2440,#1024,.T.);
#4111=EDGE_CURVE('',#2432,#2427,#1040,.T.);
#4123=EDGE_CURVE('',#2430,#2438,#1028,.T.);
#4125=EDGE_CURVE('',#2430,#2432,#1044,.T.);
#4138=EDGE_CURVE('',#2428,#2430,#1048,.T.);
#4162=EDGE_CURVE('',#3071,#2459,#1052,.T.);
#4164=EDGE_CURVE('',#2459,#2460,#1196,.T.);
#4166=EDGE_CURVE('',#3072,#2460,#1112,.T.);
#4177=EDGE_CURVE('',#3078,#2543,#1056,.T.);
#4179=EDGE_CURVE('',#2543,#2544,#1060,.T.);
#4181=EDGE_CURVE('',#2546,#2544,#1064,.T.);
#4183=EDGE_CURVE('',#2556,#2546,#1068,.T.);
#4185=EDGE_CURVE('',#2556,#2529,#1072,.T.);
#4187=EDGE_CURVE('',#2529,#2459,#1200,.T.);
#4198=EDGE_CURVE('',#2530,#2554,#1084,.T.);
#4200=EDGE_CURVE('',#2529,#2530,#1180,.T.);
#4203=EDGE_CURVE('',#2556,#2554,#1076,.T.);
#4213=EDGE_CURVE('',#2548,#3080,#1100,.T.);
#4215=EDGE_CURVE('',#2543,#2548,#1080,.T.);
#4228=EDGE_CURVE('',#3076,#2532,#1108,.T.);
#4230=EDGE_CURVE('',#2532,#2530,#1184,.T.);
#4233=EDGE_CURVE('',#2554,#2552,#1088,.T.);
#4235=EDGE_CURVE('',#2552,#2550,#1092,.T.);
#4237=EDGE_CURVE('',#2548,#2550,#1096,.T.);
#4249=EDGE_CURVE('',#3074,#2462,#1104,.T.);
#4251=EDGE_CURVE('',#2462,#2532,#1188,.T.);
#4264=EDGE_CURVE('',#2460,#2462,#1192,.T.);
#4283=EDGE_CURVE('',#2489,#2490,#1116,.T.);
#4285=EDGE_CURVE('',#2490,#2492,#1120,.T.);
#4287=EDGE_CURVE('',#2492,#2494,#1124,.T.);
#4289=EDGE_CURVE('',#2494,#2496,#1128,.T.);
#4291=EDGE_CURVE('',#2496,#2498,#1132,.T.);
#4293=EDGE_CURVE('',#2498,#2500,#1136,.T.);
#4295=EDGE_CURVE('',#2500,#2502,#1140,.T.);
#4297=EDGE_CURVE('',#2502,#2504,#1144,.T.);
#4299=EDGE_CURVE('',#2504,#2506,#1148,.T.);
#4301=EDGE_CURVE('',#2506,#2508,#1152,.T.);
#4303=EDGE_CURVE('',#2508,#2510,#1156,.T.);
#4305=EDGE_CURVE('',#2510,#2489,#1160,.T.);
#4309=EDGE_CURVE('',#2521,#2522,#1164,.T.);
#4311=EDGE_CURVE('',#2522,#2524,#1168,.T.);
#4313=EDGE_CURVE('',#2524,#2526,#1172,.T.);
#4315=EDGE_CURVE('',#2526,#2521,#1176,.T.);
#4326=EDGE_CURVE('',#2489,#2465,#1204,.T.);
#4328=EDGE_CURVE('',#2465,#2466,#1252,.T.);
#4330=EDGE_CURVE('',#2490,#2466,#1248,.T.);
#4341=EDGE_CURVE('',#2510,#2486,#1208,.T.);
#4343=EDGE_CURVE('',#2486,#2465,#1256,.T.);
#4355=EDGE_CURVE('',#2508,#2484,#1212,.T.);
#4357=EDGE_CURVE('',#2484,#2486,#1260,.T.);
#4369=EDGE_CURVE('',#2506,#2482,#1216,.T.);
#4371=EDGE_CURVE('',#2482,#2484,#1264,.T.);
#4383=EDGE_CURVE('',#2504,#2480,#1220,.T.);
#4385=EDGE_CURVE('',#2480,#2482,#1268,.T.);
#4397=EDGE_CURVE('',#2502,#2478,#1224,.T.);
#4399=EDGE_CURVE('',#2478,#2480,#1272,.T.);
#4411=EDGE_CURVE('',#2500,#2476,#1228,.T.);
#4413=EDGE_CURVE('',#2476,#2478,#1276,.T.);
#4425=EDGE_CURVE('',#2498,#2474,#1232,.T.);
#4427=EDGE_CURVE('',#2474,#2476,#1280,.T.);
#4439=EDGE_CURVE('',#2496,#2472,#1236,.T.);
#4441=EDGE_CURVE('',#2472,#2474,#1284,.T.);
#4453=EDGE_CURVE('',#2494,#2470,#1240,.T.);
#4455=EDGE_CURVE('',#2470,#2472,#1288,.T.);
#4467=EDGE_CURVE('',#2492,#2468,#1244,.T.);
#4469=EDGE_CURVE('',#2468,#2470,#1292,.T.);
#4482=EDGE_CURVE('',#2466,#2468,#1296,.T.);
#4514=EDGE_CURVE('',#2521,#2513,#1300,.T.);
#4516=EDGE_CURVE('',#2513,#2514,#1316,.T.);
#4518=EDGE_CURVE('',#2522,#2514,#1312,.T.);
#4529=EDGE_CURVE('',#2526,#2518,#1304,.T.);
#4531=EDGE_CURVE('',#2518,#2513,#1320,.T.);
#4543=EDGE_CURVE('',#2524,#2516,#1308,.T.);
#4545=EDGE_CURVE('',#2516,#2518,#1324,.T.);
#4558=EDGE_CURVE('',#2514,#2516,#1328,.T.);
#4582=EDGE_CURVE('',#2546,#2535,#1332,.T.);
#4584=EDGE_CURVE('',#2535,#2536,#1336,.T.);
#4586=EDGE_CURVE('',#2536,#2552,#1340,.T.);
#4599=EDGE_CURVE('',#2544,#2539,#1352,.T.);
#4601=EDGE_CURVE('',#2535,#2539,#1360,.T.);
#4615=EDGE_CURVE('',#2540,#2550,#1344,.T.);
#4617=EDGE_CURVE('',#2539,#2540,#1348,.T.);
#4630=EDGE_CURVE('',#2536,#2540,#1356,.T.);
#4656=EDGE_CURVE('',#2562,#2594,#1368,.T.);
#4669=EDGE_CURVE('',#2564,#2596,#1372,.T.);
#4692=EDGE_CURVE('',#2567,#2599,#1376,.T.);
#4695=EDGE_CURVE('',#2568,#2600,#1388,.T.);
#4706=EDGE_CURVE('',#2572,#2604,#1380,.T.);
#4719=EDGE_CURVE('',#2570,#2602,#1384,.T.);
#4744=EDGE_CURVE('',#2575,#2607,#1392,.T.);
#4747=EDGE_CURVE('',#2576,#2608,#1404,.T.);
#4758=EDGE_CURVE('',#2580,#2612,#1396,.T.);
#4771=EDGE_CURVE('',#2578,#2610,#1400,.T.);
#4796=EDGE_CURVE('',#2583,#2615,#1408,.T.);
#4799=EDGE_CURVE('',#2584,#2616,#1420,.T.);
#4810=EDGE_CURVE('',#2588,#2620,#1412,.T.);
#4823=EDGE_CURVE('',#2586,#2618,#1416,.T.);
#4848=EDGE_CURVE('',#2623,#2751,#1424,.T.);
#4850=EDGE_CURVE('',#2623,#2624,#1440,.T.);
#4852=EDGE_CURVE('',#2624,#2752,#1436,.T.);
#4863=EDGE_CURVE('',#2628,#2756,#1428,.T.);
#4865=EDGE_CURVE('',#2628,#2623,#1444,.T.);
#4877=EDGE_CURVE('',#2626,#2754,#1432,.T.);
#4879=EDGE_CURVE('',#2626,#2628,#1448,.T.);
#4892=EDGE_CURVE('',#2624,#2626,#1452,.T.);
#4915=EDGE_CURVE('',#2631,#2632,#1456,.T.);
#4917=EDGE_CURVE('',#2636,#2631,#1460,.T.);
#4919=EDGE_CURVE('',#2634,#2636,#1464,.T.);
#4921=EDGE_CURVE('',#2632,#2634,#1468,.T.);
#4931=EDGE_CURVE('',#2639,#2640,#1472,.T.);
#4933=EDGE_CURVE('',#2644,#2639,#1476,.T.);
#4935=EDGE_CURVE('',#2642,#2644,#1480,.T.);
#4937=EDGE_CURVE('',#2640,#2642,#1484,.T.);
#4947=EDGE_CURVE('',#2647,#2648,#1488,.T.);
#4949=EDGE_CURVE('',#2652,#2647,#1492,.T.);
#4951=EDGE_CURVE('',#2650,#2652,#1496,.T.);
#4953=EDGE_CURVE('',#2648,#2650,#1500,.T.);
#4963=EDGE_CURVE('',#2655,#2656,#1504,.T.);
#4965=EDGE_CURVE('',#2660,#2655,#1508,.T.);
#4967=EDGE_CURVE('',#2658,#2660,#1512,.T.);
#4969=EDGE_CURVE('',#2656,#2658,#1516,.T.);
#4979=EDGE_CURVE('',#2663,#2664,#1520,.T.);
#4981=EDGE_CURVE('',#2668,#2663,#1524,.T.);
#4983=EDGE_CURVE('',#2666,#2668,#1528,.T.);
#4985=EDGE_CURVE('',#2664,#2666,#1532,.T.);
#4995=EDGE_CURVE('',#2671,#2672,#1536,.T.);
#4997=EDGE_CURVE('',#2676,#2671,#1540,.T.);
#4999=EDGE_CURVE('',#2674,#2676,#1544,.T.);
#5001=EDGE_CURVE('',#2672,#2674,#1548,.T.);
#5011=EDGE_CURVE('',#2679,#2680,#1552,.T.);
#5013=EDGE_CURVE('',#2684,#2679,#1556,.T.);
#5015=EDGE_CURVE('',#2682,#2684,#1560,.T.);
#5017=EDGE_CURVE('',#2680,#2682,#1564,.T.);
#5027=EDGE_CURVE('',#2687,#2688,#1568,.T.);
#5029=EDGE_CURVE('',#2692,#2687,#1572,.T.);
#5031=EDGE_CURVE('',#2690,#2692,#1576,.T.);
#5033=EDGE_CURVE('',#2688,#2690,#1580,.T.);
#5043=EDGE_CURVE('',#2695,#2696,#1584,.T.);
#5045=EDGE_CURVE('',#2700,#2695,#1588,.T.);
#5047=EDGE_CURVE('',#2698,#2700,#1592,.T.);
#5049=EDGE_CURVE('',#2696,#2698,#1596,.T.);
#5059=EDGE_CURVE('',#2703,#2704,#1600,.T.);
#5061=EDGE_CURVE('',#2708,#2703,#1604,.T.);
#5063=EDGE_CURVE('',#2706,#2708,#1608,.T.);
#5065=EDGE_CURVE('',#2704,#2706,#1612,.T.);
#5075=EDGE_CURVE('',#2711,#2712,#1616,.T.);
#5077=EDGE_CURVE('',#2716,#2711,#1620,.T.);
#5079=EDGE_CURVE('',#2714,#2716,#1624,.T.);
#5081=EDGE_CURVE('',#2712,#2714,#1628,.T.);
#5091=EDGE_CURVE('',#2719,#2720,#1632,.T.);
#5093=EDGE_CURVE('',#2724,#2719,#1636,.T.);
#5096=EDGE_CURVE('',#2720,#2722,#1644,.T.);
#5106=EDGE_CURVE('',#2727,#2728,#1648,.T.);
#5108=EDGE_CURVE('',#2732,#2727,#1652,.T.);
#5110=EDGE_CURVE('',#2730,#2732,#1656,.T.);
#5112=EDGE_CURVE('',#2728,#2730,#1660,.T.);
#5122=EDGE_CURVE('',#2735,#2736,#1664,.T.);
#5124=EDGE_CURVE('',#2740,#2735,#1668,.T.);
#5126=EDGE_CURVE('',#2738,#2740,#1672,.T.);
#5128=EDGE_CURVE('',#2736,#2738,#1676,.T.);
#5138=EDGE_CURVE('',#2743,#2744,#1680,.T.);
#5140=EDGE_CURVE('',#2748,#2743,#1684,.T.);
#5142=EDGE_CURVE('',#2746,#2748,#1688,.T.);
#5144=EDGE_CURVE('',#2744,#2746,#1692,.T.);
#5155=EDGE_CURVE('',#2631,#2759,#1696,.T.);
#5158=EDGE_CURVE('',#2632,#2760,#1708,.T.);
#5169=EDGE_CURVE('',#2636,#2764,#1700,.T.);
#5182=EDGE_CURVE('',#2634,#2762,#1704,.T.);
#5207=EDGE_CURVE('',#2639,#2767,#1712,.T.);
#5210=EDGE_CURVE('',#2640,#2768,#1724,.T.);
#5221=EDGE_CURVE('',#2644,#2772,#1716,.T.);
#5234=EDGE_CURVE('',#2642,#2770,#1720,.T.);
#5259=EDGE_CURVE('',#2647,#2775,#1728,.T.);
#5262=EDGE_CURVE('',#2648,#2776,#1740,.T.);
#5273=EDGE_CURVE('',#2652,#2780,#1732,.T.);
#5286=EDGE_CURVE('',#2650,#2778,#1736,.T.);
#5311=EDGE_CURVE('',#2655,#2783,#1744,.T.);
#5314=EDGE_CURVE('',#2656,#2784,#1756,.T.);
#5325=EDGE_CURVE('',#2660,#2788,#1748,.T.);
#5338=EDGE_CURVE('',#2658,#2786,#1752,.T.);
#5363=EDGE_CURVE('',#2663,#2791,#1760,.T.);
#5366=EDGE_CURVE('',#2664,#2792,#1772,.T.);
#5377=EDGE_CURVE('',#2668,#2796,#1764,.T.);
#5390=EDGE_CURVE('',#2666,#2794,#1768,.T.);
#5415=EDGE_CURVE('',#2671,#2799,#1776,.T.);
#5418=EDGE_CURVE('',#2672,#2800,#1788,.T.);
#5429=EDGE_CURVE('',#2676,#2804,#1780,.T.);
#5442=EDGE_CURVE('',#2674,#2802,#1784,.T.);
#5467=EDGE_CURVE('',#2679,#2807,#1792,.T.);
#5470=EDGE_CURVE('',#2680,#2808,#1804,.T.);
#5481=EDGE_CURVE('',#2684,#2812,#1796,.T.);
#5494=EDGE_CURVE('',#2682,#2810,#1800,.T.);
#5519=EDGE_CURVE('',#2687,#2815,#1808,.T.);
#5522=EDGE_CURVE('',#2688,#2816,#1820,.T.);
#5533=EDGE_CURVE('',#2692,#2820,#1812,.T.);
#5546=EDGE_CURVE('',#2690,#2818,#1816,.T.);
#5571=EDGE_CURVE('',#2695,#2823,#1824,.T.);
#5574=EDGE_CURVE('',#2696,#2824,#1836,.T.);
#5585=EDGE_CURVE('',#2700,#2828,#1828,.T.);
#5598=EDGE_CURVE('',#2698,#2826,#1832,.T.);
#5623=EDGE_CURVE('',#2703,#2831,#1840,.T.);
#5626=EDGE_CURVE('',#2704,#2832,#1852,.T.);
#5637=EDGE_CURVE('',#2708,#2836,#1844,.T.);
#5650=EDGE_CURVE('',#2706,#2834,#1848,.T.);
#5675=EDGE_CURVE('',#2711,#2839,#1856,.T.);
#5678=EDGE_CURVE('',#2712,#2840,#1868,.T.);
#5689=EDGE_CURVE('',#2716,#2844,#1860,.T.);
#5702=EDGE_CURVE('',#2714,#2842,#1864,.T.);
#5727=EDGE_CURVE('',#2719,#2847,#1872,.T.);
#5730=EDGE_CURVE('',#2720,#2848,#1880,.T.);
#5765=EDGE_CURVE('',#2727,#2855,#1884,.T.);
#5768=EDGE_CURVE('',#2728,#2856,#1896,.T.);
#5779=EDGE_CURVE('',#2732,#2860,#1888,.T.);
#5792=EDGE_CURVE('',#2730,#2858,#1892,.T.);
#5817=EDGE_CURVE('',#2735,#2863,#1900,.T.);
#5820=EDGE_CURVE('',#2736,#2864,#1912,.T.);
#5831=EDGE_CURVE('',#2740,#2868,#1904,.T.);
#5844=EDGE_CURVE('',#2738,#2866,#1908,.T.);
#5869=EDGE_CURVE('',#2743,#2871,#1916,.T.);
#5872=EDGE_CURVE('',#2744,#2872,#1928,.T.);
#5883=EDGE_CURVE('',#2748,#2876,#1920,.T.);
#5896=EDGE_CURVE('',#2746,#2874,#1924,.T.);
#5921=EDGE_CURVE('',#2879,#2975,#1932,.T.);
#5923=EDGE_CURVE('',#2879,#2880,#1948,.T.);
#5925=EDGE_CURVE('',#2880,#2976,#1944,.T.);
#5936=EDGE_CURVE('',#2884,#2980,#1936,.T.);
#5938=EDGE_CURVE('',#2884,#2879,#1952,.T.);
#5950=EDGE_CURVE('',#2882,#2978,#1940,.T.);
#5952=EDGE_CURVE('',#2882,#2884,#1956,.T.);
#5965=EDGE_CURVE('',#2880,#2882,#1960,.T.);
#5988=EDGE_CURVE('',#2887,#2888,#1964,.T.);
#5990=EDGE_CURVE('',#2892,#2887,#1968,.T.);
#5992=EDGE_CURVE('',#2890,#2892,#1972,.T.);
#5994=EDGE_CURVE('',#2888,#2890,#1976,.T.);
#6004=EDGE_CURVE('',#2895,#2896,#1980,.T.);
#6006=EDGE_CURVE('',#2900,#2895,#1984,.T.);
#6008=EDGE_CURVE('',#2898,#2900,#1988,.T.);
#6010=EDGE_CURVE('',#2896,#2898,#1992,.T.);
#6020=EDGE_CURVE('',#2903,#2904,#1996,.T.);
#6022=EDGE_CURVE('',#2908,#2903,#2000,.T.);
#6024=EDGE_CURVE('',#2906,#2908,#2004,.T.);
#6026=EDGE_CURVE('',#2904,#2906,#2008,.T.);
#6036=EDGE_CURVE('',#2911,#2912,#2012,.T.);
#6038=EDGE_CURVE('',#2916,#2911,#2016,.T.);
#6040=EDGE_CURVE('',#2914,#2916,#2020,.T.);
#6042=EDGE_CURVE('',#2912,#2914,#2024,.T.);
#6052=EDGE_CURVE('',#2919,#2920,#2028,.T.);
#6054=EDGE_CURVE('',#2924,#2919,#2032,.T.);
#6056=EDGE_CURVE('',#2922,#2924,#2036,.T.);
#6058=EDGE_CURVE('',#2920,#2922,#2040,.T.);
#6068=EDGE_CURVE('',#2927,#2928,#2044,.T.);
#6070=EDGE_CURVE('',#2932,#2927,#2048,.T.);
#6072=EDGE_CURVE('',#2930,#2932,#2052,.T.);
#6074=EDGE_CURVE('',#2928,#2930,#2056,.T.);
#6084=EDGE_CURVE('',#2935,#2936,#2060,.T.);
#6086=EDGE_CURVE('',#2940,#2935,#2064,.T.);
#6088=EDGE_CURVE('',#2938,#2940,#2068,.T.);
#6090=EDGE_CURVE('',#2936,#2938,#2072,.T.);
#6100=EDGE_CURVE('',#2943,#2944,#2076,.T.);
#6102=EDGE_CURVE('',#2948,#2943,#2080,.T.);
#6104=EDGE_CURVE('',#2946,#2948,#2084,.T.);
#6106=EDGE_CURVE('',#2944,#2946,#2088,.T.);
#6116=EDGE_CURVE('',#2951,#2952,#2092,.T.);
#6118=EDGE_CURVE('',#2956,#2951,#2096,.T.);
#6120=EDGE_CURVE('',#2954,#2956,#2100,.T.);
#6122=EDGE_CURVE('',#2952,#2954,#2104,.T.);
#6132=EDGE_CURVE('',#2959,#2960,#2108,.T.);
#6134=EDGE_CURVE('',#2964,#2959,#2112,.T.);
#6136=EDGE_CURVE('',#2962,#2964,#2116,.T.);
#6138=EDGE_CURVE('',#2960,#2962,#2120,.T.);
#6148=EDGE_CURVE('',#2967,#2968,#2124,.T.);
#6150=EDGE_CURVE('',#2972,#2967,#2128,.T.);
#6152=EDGE_CURVE('',#2970,#2972,#2132,.T.);
#6154=EDGE_CURVE('',#2968,#2970,#2136,.T.);
#6165=EDGE_CURVE('',#2887,#2983,#2140,.T.);
#6168=EDGE_CURVE('',#2888,#2984,#2152,.T.);
#6179=EDGE_CURVE('',#2892,#2988,#2144,.T.);
#6192=EDGE_CURVE('',#2890,#2986,#2148,.T.);
#6217=EDGE_CURVE('',#2895,#2991,#2156,.T.);
#6220=EDGE_CURVE('',#2896,#2992,#2168,.T.);
#6231=EDGE_CURVE('',#2900,#2996,#2160,.T.);
#6244=EDGE_CURVE('',#2898,#2994,#2164,.T.);
#6269=EDGE_CURVE('',#2903,#2999,#2172,.T.);
#6272=EDGE_CURVE('',#2904,#3000,#2184,.T.);
#6283=EDGE_CURVE('',#2908,#3004,#2176,.T.);
#6296=EDGE_CURVE('',#2906,#3002,#2180,.T.);
#6321=EDGE_CURVE('',#2911,#3007,#2188,.T.);
#6324=EDGE_CURVE('',#2912,#3008,#2200,.T.);
#6335=EDGE_CURVE('',#2916,#3012,#2192,.T.);
#6348=EDGE_CURVE('',#2914,#3010,#2196,.T.);
#6373=EDGE_CURVE('',#2919,#3015,#2204,.T.);
#6376=EDGE_CURVE('',#2920,#3016,#2216,.T.);
#6387=EDGE_CURVE('',#2924,#3020,#2208,.T.);
#6400=EDGE_CURVE('',#2922,#3018,#2212,.T.);
#6425=EDGE_CURVE('',#2927,#3023,#2220,.T.);
#6428=EDGE_CURVE('',#2928,#3024,#2232,.T.);
#6439=EDGE_CURVE('',#2932,#3028,#2224,.T.);
#6452=EDGE_CURVE('',#2930,#3026,#2228,.T.);
#6477=EDGE_CURVE('',#2935,#3031,#2236,.T.);
#6480=EDGE_CURVE('',#2936,#3032,#2248,.T.);
#6491=EDGE_CURVE('',#2940,#3036,#2240,.T.);
#6504=EDGE_CURVE('',#2938,#3034,#2244,.T.);
#6529=EDGE_CURVE('',#2943,#3039,#2252,.T.);
#6532=EDGE_CURVE('',#2944,#3040,#2264,.T.);
#6543=EDGE_CURVE('',#2948,#3044,#2256,.T.);
#6556=EDGE_CURVE('',#2946,#3042,#2260,.T.);
#6581=EDGE_CURVE('',#2951,#3047,#2268,.T.);
#6584=EDGE_CURVE('',#2952,#3048,#2280,.T.);
#6595=EDGE_CURVE('',#2956,#3052,#2272,.T.);
#6608=EDGE_CURVE('',#2954,#3050,#2276,.T.);
#6633=EDGE_CURVE('',#2959,#3055,#2284,.T.);
#6636=EDGE_CURVE('',#2960,#3056,#2296,.T.);
#6647=EDGE_CURVE('',#2964,#3060,#2288,.T.);
#6660=EDGE_CURVE('',#2962,#3058,#2292,.T.);
#6685=EDGE_CURVE('',#2967,#3063,#2300,.T.);
#6688=EDGE_CURVE('',#2968,#3064,#2312,.T.);
#6699=EDGE_CURVE('',#2972,#3068,#2304,.T.);
#6712=EDGE_CURVE('',#2970,#3066,#2308,.T.);
#6866=EDGE_CURVE('',#6860,#6855,#6768,.T.);
#6868=EDGE_CURVE('',#6860,#6852,#6736,.T.);
#6870=EDGE_CURVE('',#6852,#6847,#6812,.T.);
#6872=EDGE_CURVE('',#6855,#6847,#6804,.T.);
#6882=EDGE_CURVE('',#6831,#6832,#6740,.T.);
#6884=EDGE_CURVE('',#6836,#6831,#6744,.T.);
#6886=EDGE_CURVE('',#6834,#6836,#6748,.T.);
#6888=EDGE_CURVE('',#6832,#6834,#6752,.T.);
#6892=EDGE_CURVE('',#6855,#6856,#6756,.T.);
#6894=EDGE_CURVE('',#6856,#6858,#6760,.T.);
#6896=EDGE_CURVE('',#6858,#6860,#6764,.T.);
#6908=EDGE_CURVE('',#6832,#6840,#6776,.T.);
#6910=EDGE_CURVE('',#6839,#6840,#6788,.T.);
#6912=EDGE_CURVE('',#6831,#6839,#6772,.T.);
#6923=EDGE_CURVE('',#6834,#6842,#6780,.T.);
#6925=EDGE_CURVE('',#6840,#6842,#6792,.T.);
#6937=EDGE_CURVE('',#6836,#6844,#6784,.T.);
#6939=EDGE_CURVE('',#6842,#6844,#6796,.T.);
#6952=EDGE_CURVE('',#6844,#6839,#6800,.T.);
#6977=EDGE_CURVE('',#6847,#6848,#6808,.T.);
#6979=EDGE_CURVE('',#6856,#6848,#6828,.T.);
#6991=EDGE_CURVE('',#6850,#6852,#6816,.T.);
#6993=EDGE_CURVE('',#6848,#6850,#6820,.T.);
#7004=EDGE_CURVE('',#6858,#6850,#6824,.T.);
#7094=EDGE_CURVE('',#7075,#7076,#7028,.T.);
#7096=EDGE_CURVE('',#7080,#7075,#7032,.T.);
#7098=EDGE_CURVE('',#7078,#7080,#7036,.T.);
#7100=EDGE_CURVE('',#7076,#7078,#7040,.T.);
#7111=EDGE_CURVE('',#7076,#7084,#7048,.T.);
#7113=EDGE_CURVE('',#7083,#7084,#7060,.T.);
#7115=EDGE_CURVE('',#7075,#7083,#7044,.T.);
#7126=EDGE_CURVE('',#7078,#7086,#7052,.T.);
#7128=EDGE_CURVE('',#7084,#7086,#7064,.T.);
#7140=EDGE_CURVE('',#7080,#7088,#7056,.T.);
#7142=EDGE_CURVE('',#7086,#7088,#7068,.T.);
#7155=EDGE_CURVE('',#7088,#7083,#7072,.T.);
#7183=ADVANCED_BREP_SHAPE_REPRESENTATION('',(#6732,#7024,#7174),#7182);
#7190=PRODUCT_DEFINITION('design','',#7189,#7186);
#7191=PRODUCT_DEFINITION_SHAPE('','SHAPE FOR L61-1.',#7190);
#7192=SHAPE_DEFINITION_REPRESENTATION(#7191,#7183);
ENDSEC;
END-ISO-10303-21;
